-0.0738305	0.414493	-0.0174434
-6.41977e-36	0	-0.0728788
-0.00107288	-0.257491	-0.0728538
-0.00302259	-0.46793	-0.0383718
-0.00495821	-0.464548	0.0242601
-0.00552708	-0.13653	0.0864199
-0.00380457	0.413404	0.104666
0.000494311	1.03173	0.0493134
0.00638577	1.41395	-0.0887671
0.0115727	1.24486	-0.277953
0.0133754	0.432642	-0.444452
0.00994944	-0.822219	-0.50221
0.00159051	-2.00614	-0.392025
-0.00848867	-2.419	-0.123443
-0.0147754	-1.50881	0.200304
-0.0120085	0.664046	0.40215
0.00118383	3.16616	0.313165
0.0225337	5.12398	-0.110623
0.0437006	5.08005	-0.79627
0.0526602	2.15029	-1.47583
0.0425751	-2.42041	-1.76312
0.0147786	-6.67118	-1.43867
-0.0238872	-9.27979	-0.545499
-0.0591216	-8.45624	0.696475
-0.0726587	-3.24892	1.82786
-0.0635023	2.19753	2.26206
-0.0348539	6.87562	1.96729
0.00987251	10.7343	1.04659
0.0655081	13.3525	-0.390183
0.112693	11.3244	-2.17687
0.128549	3.80531	-3.69161
0.115682	-3.08794	-4.19968
0.0784888	-8.92643	-3.78516
0.0219514	-13.569	-2.58946
-0.0484635	-16.8996	-0.772879
-0.109007	-14.5305	1.48883
-0.139813	-7.39342	3.43282
-0.142942	-0.750896	4.42113
-0.122073	5.0086	4.52024
-0.0808621	9.8906	3.84859
-0.0230465	13.8757	2.52386
0.0476835	16.9752	0.666247
0.125233	18.612	-1.60555
0.183262	13.9268	-4.09567
0.21112	6.68596	-5.95805
0.207721	-0.815777	-6.8509
0.177253	-7.31234	-6.73961
0.124621	-12.6317	-5.75899
0.0550258	-16.7028	-4.06685
-0.0263257	-19.5244	-1.83045
-0.094728	-16.4165	0.782831
-0.130985	-8.70176	2.97942
-0.137639	-1.59698	4.14295
-0.118565	4.57795	4.35537
-0.0775083	9.85352	3.7414
-0.0183435	14.1995	2.42166
0.0550721	17.6197	0.520752
0.138374	19.9925	-1.83725
0.221987	20.0671	-4.51204
0.269472	11.3963	-7.19598
0.282056	3.02013	-8.71877
0.264776	-4.14704	-9.12021
0.222869	-10.0578	-8.56243
0.161388	-14.7553	-7.21385
0.0851804	-18.2899	-5.23708
0.00137384	-20.1136	-2.78793
-0.0535161	-13.1736	-0.0955042
-0.0782649	-5.93969	1.66739
-0.0752798	0.716414	2.46171
-0.0481841	6.50297	2.36508
-0.000776288	11.3779	1.49413
0.0630041	15.3073	-0.0288984
0.138484	18.1153	-2.07728
0.221199	19.8515	-4.50079
0.287687	15.9571	-7.15589
0.324361	8.80166	-9.28901
0.32854	1.00313	-10.4639
0.304377	-5.79926	-10.5949
0.256993	-11.3721	-9.81559
0.191374	-15.7484	-8.29074
0.112394	-18.9553	-6.18074
0.0298194	-19.8179	-3.64226
-0.0253095	-13.2309	-0.989128
-0.0504952	-6.04455	0.781721
-0.0479126	0.619819	1.59035
-0.0210574	6.44526	1.50691
0.0261064	11.3193	0.643954
0.0892134	15.1457	-0.870975
0.163303	17.7815	-2.89747
0.24436	19.4537	-5.27605
0.319363	18.0006	-7.87768
0.357203	9.08165	-10.284
0.36026	0.733678	-11.4961
0.333965	-6.3107	-11.5907
0.283585	-12.0912	-10.7426
0.21418	-16.6573	-9.12129
0.13065	-20.0471	-6.8894
0.0405993	-21.6122	-4.2046
-0.0198329	-14.5037	-1.31118
-0.0508485	-7.44375	0.630088
-0.0544037	-0.853259	1.626
-0.0337668	4.95288	1.73968
0.00740276	9.88069	1.07635
0.0651959	13.8704	-0.246196
0.135026	16.7593	-2.10223
0.212728	18.6484	-4.34427
0.276552	15.3178	-6.83841
0.310335	8.10779	-8.88609
0.311731	0.334992	-9.9683
0.284803	-6.46273	-10.01
0.234532	-12.0649	-9.14209
0.165767	-16.5037	-7.52475
0.0831254	-19.8339	-5.31391
-0.0048358	-21.1107	-2.65812
-0.0662852	-14.7478	0.167693
-0.0969083	-7.34956	2.14117
-0.0992648	-0.565539	3.12401
-0.0772827	5.27571	3.19872
-0.0348952	10.173	2.49174
0.0239098	14.1132	1.12964
0.0950303	17.0689	-0.759317
0.173393	18.807	-3.04321
0.245817	17.3818	-5.55898
0.280998	8.44348	-7.88325
0.280998	0	-9.01069
0.251025	-7.19347	-9.00789
0.19643	-13.103	-8.04248
0.122405	-17.7658	-6.28657
0.0340038	-21.2163	-3.90722
-0.0616275	-22.9515	-1.06688
-0.127109	-15.7156	2.00478
-0.160297	-7.965	4.1072
-0.164468	-1.00118	5.17178
-0.143476	5.03819	5.30415
-0.101232	10.1385	4.6283
-0.041675	14.2938	3.27015
0.0313356	17.5225	1.35637
0.113871	19.8084	-0.988882
0.181526	16.2372	-3.6393
0.217145	8.54862	-5.811
0.219614	0.592602	-6.95315
0.193103	-6.36261	-7.03029
0.142724	-12.091	-6.17668
0.0734016	-16.6374	-4.55677
-0.0100361	-20.025	-2.32897
-0.0984307	-21.2147	0.351472
-0.157445	-14.1636	3.19027
-0.184854	-6.57794	5.08462
-0.184248	0.145411	5.96329
-0.167311	4.06483	5.94198
-0.133907	8.0169	5.39618
-0.0846162	11.8298	4.3217
-0.0232873	14.7189	2.73731
0.0463783	16.7197	0.766799
0.101023	13.1147	-1.47084
0.118194	4.12094	-3.22538
0.10547	-3.05363	-3.77583
0.0636423	-10.0387	-3.36603
-0.00195545	-15.7434	-2.02162
-0.0861471	-20.206	0.0857651
-0.182931	-23.2281	2.78967
-0.282049	-23.7885	5.89714
-0.347489	-15.7054	9.07863
-0.379346	-7.6457	11.1775
-0.381403	-0.49372	12.1971
-0.358283	5.54872	12.2594
-0.323599	8.32417	11.5131
-0.292212	7.53294	10.3956
-0.247379	10.7598	9.38431
-0.191146	13.4959	7.94154
-0.128556	15.0218	6.13307
-0.0864247	10.1114	4.12098
-0.0788984	1.80633	2.76661
-0.102838	-5.74547	2.52403
-0.153142	-12.0729	3.2921
-0.22457	-17.1427	4.90664
-0.308491	-20.1412	7.19912
-0.381831	-17.6017	9.89214
-0.43863	-13.6317	12.2445
-0.454409	-3.78699	14.0648
-0.445497	2.13904	14.5672
-0.415574	7.18136	14.2765
-0.36827	11.353	13.311
-0.307249	14.6451	11.7877
-0.236042	17.0895	9.82422
-0.168145	16.2953	7.53429
-0.128542	9.50473	5.35135
-0.122148	1.53468	4.07778
-0.144488	-5.36173	3.87114
-0.190377	-11.0134	4.58744
-0.254146	-15.3044	6.0598
-0.330313	-18.2801	8.10592
-0.404433	-17.7888	10.5496
-0.447453	-10.3249	12.9268
-0.459537	-2.90008	14.3044
-0.444888	3.51568	14.6881
-0.407427	8.99075	14.2131
-0.351079	13.5234	13.0055
-0.279661	17.1404	11.1918
-0.196767	19.8945	8.89462
-0.111363	20.4971	6.22961
-0.0604705	12.2142	3.4848
-0.0373601	5.54648	1.84924
-0.0429529	-1.34226	1.10645
-0.0640741	-5.06908	1.28572
-0.100974	-8.85607	1.96366
-0.152422	-12.3475	3.14816
-0.208175	-13.3807	4.7995
-0.246477	-9.19246	6.5886
-0.252943	-1.55179	7.81667
-0.238346	3.50325	8.0219
-0.202189	8.67772	7.55061
-0.145616	13.5776	6.38703
-0.0780211	16.2227	4.56812
0.00274378	19.3836	2.3958
0.0896098	20.8478	-0.198816
0.165913	18.3129	-2.98857
0.214532	11.6684	-5.43823
0.229945	3.69932	-6.99798
0.216597	-3.20374	-7.49084
0.179923	-8.80177	-7.0598
0.125624	-13.0316	-5.87977
0.0591836	-15.9457	-4.13407
-0.0103096	-16.6784	-1.99896
-0.049462	-9.39658	0.23353
-0.0577311	-1.98457	1.49089
-0.0384604	4.62495	1.756
0.00428919	10.2599	1.13656
0.0659602	14.801	-0.23676
0.141521	18.1345	-2.21733
0.226436	20.3796	-4.64337
0.316746	21.6744	-7.36909
0.387842	17.0631	-10.2672
0.424024	8.68368	-12.5474
0.429403	1.29085	-13.7055
0.409291	-4.82682	-13.874
0.368833	-9.71003	-13.2238
0.312737	-13.4628	-11.9203
0.245708	-16.0871	-10.115
0.185743	-14.3916	-7.95912
0.155202	-7.32974	-6.03079
0.151159	-0.970293	-5.04806
0.170022	4.5271	-4.91665
0.208167	9.15479	-5.52093
0.261862	12.8869	-6.74429
0.327298	15.7047	-8.46669
0.400806	17.6418	-10.5656
0.474976	17.8009	-12.9231
0.529247	13.0249	-15.3012
0.552193	5.50705	-17.0394
0.545313	-1.65105	-17.7711
0.512717	-7.82315	-17.5446
0.459206	-12.8425	-16.4923
0.389268	-16.7851	-14.7686
0.307657	-19.5867	-12.5178
0.233211	-17.8669	-9.89287
0.186969	-11.0983	-7.49888
0.167325	-4.71441	-6.0114
0.170804	0.834966	-5.37866
0.193994	5.5655	-5.48872
0.233355	9.44658	-6.23178
0.285379	12.4858	-7.49397
0.346695	14.7158	-9.16247
0.364372	4.2425	-11.1289
0.371284	1.65894	-11.6931
0.354702	-3.97967	-11.9115
0.31551	-9.40618	-11.3752
0.258269	-13.7377	-10.113
0.191193	-16.0982	-8.27149
0.129816	-14.7305	-6.11469
0.092869	-8.86732	-4.14158
0.0790482	-3.31701	-2.95368
0.0850647	1.44395	-2.50889
0.107727	5.43885	-2.70134
0.14384	8.66718	-3.42832
0.189657	10.9962	-4.58708
0.223711	8.17293	-6.05714
0.226551	0.681507	-7.14895
0.201485	-6.01574	-7.23793
0.153015	-11.6329	-6.43066
0.0857783	-16.1367	-4.87197
0.00442877	-19.5239	-2.71107
-0.0787681	-19.9672	-0.0975747
-0.135567	-13.6318	2.57443
-0.162508	-6.46586	4.39781
-0.163051	-0.130322	5.26169
-0.141068	5.27588	5.2775
-0.100426	9.75417	4.56985
-0.0449721	13.3089	3.26314
0.021577	15.9718	1.48115
0.0882918	16.0115	-0.656621
0.131993	10.4884	-2.79905
0.141629	2.31255	-4.20172
0.119572	-5.2937	-4.50987
0.0700102	-11.8948	-3.80008
-0.00200763	-17.2843	-2.20716
-0.0910639	-21.3735	0.106475
-0.190917	-23.9649	2.9666
-0.269823	-18.9372	6.17261
-0.316783	-11.2706	8.70484
-0.335326	-4.45021	10.2103
-0.329505	1.39708	10.8027
-0.303216	6.30924	10.6124
-0.260436	10.2673	9.76479
-0.205082	13.2849	8.3878
-0.140947	15.3924	6.60744
-0.0801038	14.6024	4.54561
-0.0563403	5.70324	2.59012
-0.0670751	-2.57635	1.82612
-0.106712	-9.51293	2.17031
-0.169589	-15.0905	3.44264
-0.250349	-19.3824	5.46095
-0.344099	-22.5	8.05297
-0.444018	-23.9806	11.0614
-0.513418	-16.656	14.267
-0.549907	-8.75732	16.4914
-0.556556	-1.5956	17.6582
-0.537193	4.64713	17.8662
-0.495909	9.90817	17.2388
-0.436877	14.1676	15.9075
-0.364176	17.4482	14.0067
-0.282981	19.4868	11.6675
-0.219852	15.1509	9.05617
-0.186476	8.01034	7.02589
-0.183222	0.781089	5.95178
-0.205437	-5.33178	5.84541
-0.247875	-10.185	6.55708
-0.305557	-13.8437	7.91798
-0.373496	-16.3055	9.76806
-0.444274	-16.9866	11.947
-0.481231	-8.86977	14.2164
-0.484008	-0.666373	15.3989
-0.456849	6.51818	15.4833
-0.404135	12.6512	14.6062
-0.330449	17.6848	12.9087
-0.240699	21.54	10.5382
-0.139871	24.1987	7.65247
-0.0321633	25.8498	4.41186
0.0555008	21.0394	0.951321
0.10567	12.0407	-1.86443
0.120278	3.50587	-3.4751
0.105098	-3.6433	-3.94317
0.0658631	-9.41627	-3.45441
0.00793487	-13.9028	-2.19327
-0.0632436	-17.0828	-0.332139
-0.128164	-15.5809	1.95396
-0.160269	-7.70519	4.03836
-0.162451	-0.52356	5.0682
-0.138975	5.63419	5.13669
-0.0940548	10.7808	4.38114
-0.0318724	14.9238	2.93711
0.0434871	18.0863	0.939127
0.127868	20.2513	-1.48144
0.214416	20.7716	-4.19097
0.275856	14.7456	-6.96928
0.300547	5.92585	-8.94034
0.29256	-1.91684	-9.73055
0.257993	-8.29603	-9.47102
0.202887	-13.2254	-8.35791
0.132546	-16.8819	-6.58551
0.0521405	-19.2973	-4.32436
-0.0211302	-17.585	-1.74068
-0.0622111	-9.85941	0.613048
-0.0720834	-2.36936	1.93223
-0.0544993	4.22019	2.24869
-0.0136488	9.80412	1.68326
0.0461128	14.3428	0.370763
0.120047	17.7442	-1.54868
0.203258	19.9706	-3.92269
0.292224	21.3518	-6.5939
0.357631	15.6977	-9.4491
0.39018	7.81181	-11.5468
0.393735	0.853251	-12.5886
0.373549	-4.84474	-12.6988
0.334631	-9.34021	-12.0466
0.281564	-12.7362	-10.7929
0.21895	-15.0273	-9.08526
0.162635	-13.5155	-7.0715
0.136927	-6.16982	-5.26069
0.139081	0.516775	-4.43342
0.165341	6.30252	-4.50119
0.211766	11.142	-5.34319
0.274316	15.012	-6.83253
0.348898	17.8995	-8.83929
0.431437	19.8095	-11.2318
0.517518	20.6594	-13.8792
0.582166	15.5154	-16.6395
0.612632	7.31179	-18.7106
0.611473	-0.278212	-19.6832
0.583417	-6.73327	-19.6399
0.533469	-11.9876	-18.7327
0.466379	-16.1017	-17.1227
0.386922	-19.0694	-14.9627
0.313858	-17.5355	-12.4062
0.268363	-10.9188	-10.0558
0.248975	-4.65302	-8.59154
0.25209	0.747694	-7.96622
0.274031	5.26561	-8.0638
0.311075	8.89073	-8.76592
0.359549	11.6338	-9.95294
0.41595	13.5362	-11.5067
0.476976	14.6463	-13.3145
0.521033	10.5735	-15.2703
0.5296	2.05624	-16.6805
0.506222	-5.6109	-16.9504
0.503527	-0.64663	-16.1943
0.481703	-5.23791	-16.1028
0.444348	-8.96515	-15.3968
0.394923	-11.8619	-14.1923
0.337214	-13.8503	-12.6006
0.294261	-10.3086	-10.7433
0.279356	-3.57718	-9.36045
0.289535	2.44282	-8.87885
0.32148	7.66687	-9.20298
0.371745	12.0635	-10.2261
0.436617	15.5694	-11.8372
0.512313	18.167	-13.917
0.595094	19.8675	-16.3438
0.668788	17.6866	-18.9973
0.712731	10.5461	-21.3582
0.722622	2.37406	-22.7628
0.702766	-4.76545	-23.0734
0.658468	-10.6315	-22.4286
0.594828	-15.2737	-20.9989
0.516926	-18.6965	-18.9485
0.435979	-19.4273	-16.4407
0.382229	-12.9	-13.8358
0.3563	-6.22289	-12.1053
0.354783	-0.36417	-11.2688
0.373891	4.58608	-11.2166
0.409861	8.63282	-11.8268
0.458939	11.7787	-12.9783
0.517492	14.0525	-14.5505
0.582015	15.4856	-16.4265
0.636159	12.9944	-18.4936
0.65472	4.45469	-20.2268
0.641018	-3.28843	-20.8166
0.600386	-9.75158	-20.3701
0.538112	-14.9459	-19.0588
0.459085	-18.9664	-17.0529
0.368005	-21.8591	-14.5095
0.277594	-21.6988	-11.5799
0.215927	-14.7999	-8.67257
0.181548	-8.25096	-6.68938
0.171014	-2.52824	-5.58318
0.180554	2.28956	-5.24312
0.206375	6.19707	-5.54788
0.24464	9.18372	-6.37544
0.291681	11.2898	-7.60241
0.343807	12.5101	-9.11083
0.380059	8.70056	-10.7821
0.385715	1.35739	-11.943
0.35935	-6.3277	-12.121
0.305102	-13.0195	-11.2704
0.228042	-18.4944	-9.5247
0.13287	-22.8411	-7.04685
0.0242205	-26.076	-3.9881
-0.0870945	-26.7156	-0.497431
-0.169547	-19.7886	3.07775
-0.221532	-12.4764	5.72487
-0.246025	-5.87829	7.39266
-0.24647	-0.106863	8.17698
-0.226641	4.75904	8.18874
-0.190299	8.72199	7.54934
-0.141049	11.82	6.37984
-0.0823547	14.0867	4.79612
-0.0391824	10.3613	2.90957
-0.0300643	2.18834	1.52212
-0.0518957	-5.23952	1.22881
-0.099673	-11.4666	1.92957
-0.167971	-16.3915	3.4634
-0.251724	-20.1008	5.65581
-0.346075	-22.6441	8.34389
-0.440355	-22.6273	11.3715
-0.500159	-14.3529	14.3959
-0.526274	-6.26764	16.3121
-0.523014	0.782394	17.1458
-0.494815	6.76793	17.0357
-0.446244	11.657	16.1248
-0.38191	15.4402	14.5598
-0.306369	18.1297	12.4891
-0.225685	19.3643	10.0592
-0.167778	13.8975	7.46473
-0.145398	5.3713	5.60267
-0.156161	-2.58304	4.88215
-0.194978	-9.31624	5.22629
-0.256099	-14.6689	6.47135
-0.334145	-18.7311	8.4323
-0.423659	-21.4833	10.9362
-0.508193	-20.2882	13.8077
-0.559122	-12.2231	16.5183
-0.578801	-4.72291	18.1489
-0.571641	1.71834	18.7752
-0.541788	7.16478	18.5394
-0.493362	11.6223	17.5749
-0.430363	15.1198	16.0142
-0.356705	17.6779	13.9859
-0.276538	19.24	11.6159
-0.220309	13.495	9.03764
-0.201406	4.53687	7.22896
-0.215374	-3.35239	6.6196
-0.25612	-9.77906	7.06615
-0.317334	-14.6914	8.37257
-0.393459	-18.2699	10.3359
-0.479099	-20.5537	12.7776
-0.558432	-19.0399	15.5241
-0.601621	-10.3654	18.0671
-0.612096	-2.51387	19.4486
-0.594424	4.24121	19.7789
-0.552989	9.94431	19.2052
-0.492349	14.5538	17.8685
-0.416935	18.0993	15.9154
-0.330976	20.6301	13.4884
-0.245142	20.6001	10.7236
-0.186058	14.1802	7.96358
-0.161896	5.7989	6.06353
-0.165473	-0.858547	5.28565
-0.194245	-6.9052	5.39889
-0.242906	-11.6786	6.32126
-0.306416	-15.2426	7.8821
-0.379616	-17.5679	9.91938
-0.444967	-15.6843	12.2672
-0.477773	-7.8735	14.3622
-0.478291	-0.124169	15.4114
-0.450836	6.58915	15.4232
-0.39978	12.2534	14.5367
-0.348425	12.3251	12.8924
-0.291824	13.5843	11.2391
-0.225062	16.023	9.41776
-0.151355	17.6896	7.27067
-0.0814628	16.7742	4.90123
-0.0362339	10.8549	2.65502
-0.0219599	3.42575	1.2016
-0.0350743	-3.14745	0.742802
-0.0712013	-8.67049	1.16376
-0.125346	-12.9946	2.32366
-0.192026	-16.0033	4.06186
-0.254836	-15.0744	6.20213
-0.289396	-8.29435	8.21743
-0.29515	-1.38096	9.32481
-0.275915	4.61642	9.50671
-0.235423	9.71809	8.886
-0.177515	13.8979	7.58278
-0.105971	17.1705	5.72063
-0.024432	19.5694	3.42113
0.0543819	18.9153	0.801326
0.104962	12.1391	-1.73014
0.120593	3.75162	-3.35403
0.105542	-3.61222	-3.85503
0.0650169	-9.72613	-3.37045
0.00411901	-14.6155	-2.06787
-0.0720372	-18.2775	-0.111411
-0.153947	-19.6583	2.33448
-0.206952	-12.7214	4.96439
-0.229319	-5.36798	6.6652
-0.224363	1.18941	7.38146
-0.195731	6.87164	7.22
-0.147231	11.6402	6.29821
-0.0826305	15.504	4.73858
-0.00538223	18.5396	2.6624
0.0775435	19.9022	0.180635
0.146159	16.4678	-2.48269
0.18158	8.50093	-4.68561
0.185943	1.04729	-5.82173
0.164141	-5.23257	-5.96007
0.121312	-10.279	-5.258
0.0622233	-14.1813	-3.88086
-0.00841206	-16.9525	-1.98194
-0.0748463	-15.9442	0.287228
-0.109982	-8.43256	2.42076
-0.11397	-0.957175	3.54844
-0.0905649	5.61726	3.67543
-0.0436632	11.2564	2.92259
0.0226732	15.9207	1.41537
0.104372	19.6076	-0.715551
0.196309	22.065	-3.33919
0.290984	22.7219	-6.29085
0.36937	18.8126	-9.32949
0.412288	10.3003	-11.8441
0.422595	2.47366	-13.2188
0.405514	-4.09933	-13.5457
0.36622	-9.43075	-12.9929
0.309539	-13.6034	-11.7269
0.240453	-16.5805	-9.90283
0.176589	-15.3275	-7.68097
0.141932	-8.31758	-5.62749
0.134275	-1.83773	-4.5127
0.150021	3.77905	-4.26538
0.185475	8.50892	-4.76976
0.236859	12.3323	-5.90692
0.30044	15.2595	-7.55537
0.372721	17.3473	-9.59502
0.449198	18.3547	-11.9134
0.506625	13.7824	-14.3659
0.529513	5.49303	-16.2058
0.520551	-2.15073	-16.9358
0.484725	-8.59826	-16.6427
0.427266	-13.7903	-15.487
0.352974	-17.8299	-13.6368
0.266273	-20.8082	-11.2466
0.183862	-19.7787	-8.45854
0.127979	-13.412	-5.80916
0.0978703	-7.226	-4.01259
0.0903432	-1.8065	-3.04437
0.101953	2.78625	-2.80168
0.129596	6.63454	-3.17367
0.170185	9.74114	-4.0605
0.220505	12.0769	-5.36278
0.276838	13.52	-6.97723
0.320703	10.5274	-8.78429
0.332053	2.72409	-10.1903
0.313206	-4.52322	-10.5517
0.268573	-10.7119	-9.94311
0.202824	-15.7798	-8.50658
0.120319	-19.8013	-6.39232
0.0254114	-22.7779	-3.74057
-0.0709121	-23.1177	-0.691316
-0.137903	-16.0779	2.40246
-0.174901	-8.87934	4.55323
-0.184644	-2.33847	5.74003
-0.170296	3.44349	6.05117
-0.135359	8.38491	5.58849
-0.0835156	12.4425	4.4647
-0.0183987	15.628	2.79828
0.0555465	17.7468	0.706091
0.113042	13.7988	-1.66898
0.137561	5.8847	-3.515
0.130653	-1.65809	-4.30138
0.0967405	-8.13889	-4.07817
0.0408392	-13.4163	-2.98777
-0.0323747	-17.5713	-1.1915
-0.118421	-20.6512	1.16023
-0.203809	-20.493	3.92338
-0.25733	-12.8452	6.66449
-0.279167	-5.24073	8.38134
-0.273236	1.42335	9.08004
-0.243611	7.11001	8.88675
-0.194464	11.7954	7.93253
-0.129938	15.4863	6.35163
-0.0539989	18.2253	4.27731
0.0286081	19.8257	1.83711
0.0935763	15.5924	-0.816499
0.119998	6.34126	-2.90279
0.110544	-2.26901	-3.75046
0.0705261	-9.60428	-3.44567
0.00571414	-15.5549	-2.15937
-0.0783542	-20.1764	-0.077173
-0.175496	-23.314	2.62282
-0.268865	-22.4086	5.74184
-0.32951	-14.5548	8.73872
-0.359152	-7.11419	10.6837
-0.361766	-0.627419	11.6324
-0.341548	4.85247	11.7127
-0.302569	9.35498	11.0597
-0.248829	12.8976	9.80444
-0.184151	15.5228	8.07546
-0.11259	17.1746	5.99572
-0.061396	12.2865	3.69558
-0.0450754	3.91694	2.05028
-0.0609372	-3.80683	1.52548
-0.10384	-10.2967	2.03443
-0.16797	-15.3911	3.41169
-0.247866	-19.1751	5.47023
-0.338195	-21.679	8.0345
-0.426293	-21.1434	10.9331
-0.480346	-12.9728	13.759
-0.501276	-5.0231	15.4907
-0.493107	1.96051	16.1581
-0.460034	7.93762	15.8907
-0.406283	12.9002	14.8236
-0.336048	16.8564	13.0927
-0.253342	19.8493	10.833
-0.163112	21.6553	8.1734
-0.121961	9.8763	5.27298
-0.109598	2.96715	3.94972
-0.122467	-3.08867	3.55143
-0.156186	-8.09246	3.96365
-0.206263	-12.0187	5.04533
-0.267929	-14.7999	6.65208
-0.326175	-13.9788	8.6305
-0.355907	-7.13584	10.4984
-0.355652	0.061259	11.4501
-0.32963	6.24534	11.4383
-0.281835	11.4708	10.599
-0.216237	15.7435	9.06073
-0.136752	19.0763	6.95115
-0.0471057	21.5151	4.39623
0.0432298	21.6805	1.51575
0.104748	14.7644	-1.38596
0.130045	6.07135	-3.36128
0.123097	-1.66771	-4.17269
0.0892563	-8.12166	-3.94822
0.0338002	-13.3095	-2.86017
-0.0380717	-17.2492	-1.07823
-0.119595	-19.5657	1.23036
-0.175783	-13.4851	3.84822
-0.201273	-6.11745	5.65158
-0.199632	0.393671	6.46845
-0.17458	6.01247	6.41376
-0.129999	10.6995	5.60719
-0.0698301	14.4406	4.17366
0.0020894	17.2607	2.23995
0.0820798	19.1977	-0.0705368
0.150408	16.3988	-2.63951
0.182797	7.77343	-4.83315
0.181149	-0.395683	-5.87188
0.150873	-7.26626	-5.8171
0.0978153	-12.7338	-4.84294
0.0272624	-16.9327	-3.13742
-0.0559202	-19.9638	-0.870544
-0.139545	-20.07	1.80125
-0.192655	-12.7464	4.48642
-0.214532	-5.2504	6.19071
-0.208547	1.43633	6.89139
-0.178162	7.29231	6.69704
-0.127192	12.2328	5.71912
-0.0596161	16.2183	4.08037
0.0207929	19.2982	1.9088
0.110038	21.4187	-0.674238
0.180733	16.9668	-3.54024
0.218736	9.12069	-5.80961
0.226503	1.86411	-7.02832
0.208795	-4.24996	-7.27558
0.170531	-9.18323	-6.7046
0.116328	-13.0088	-5.47364
0.0507308	-15.7433	-3.73112
-0.0134485	-15.403	-1.62323
-0.0239904	-2.53005	0.43848
-0.00919049	3.55198	0.776912
0.0276057	8.83109	0.30135
0.0823872	13.1476	-0.880504
0.15065	16.383	-2.63961
0.228312	18.6388	-4.83114
0.303994	18.1638	-7.32385
0.353591	11.9032	-9.75222
0.371398	4.27376	-11.3421
0.362193	-2.20917	-11.9104
0.330279	-7.65945	-11.6111
0.280013	-12.0637	-10.5825
0.216167	-15.3232	-8.9649
0.154921	-14.6991	-6.91159
0.121637	-7.98803	-4.94244
0.113614	-1.92555	-3.87196
0.127456	3.32212	-3.61308
0.159716	7.74226	-4.05652
0.206908	11.3262	-5.09132
0.265596	14.085	-6.60538
0.332484	16.0532	-8.48816
0.392509	14.406	-10.6337
0.432263	9.5409	-12.5582
0.443159	2.61516	-13.8311
0.42397	-4.60533	-14.1767
0.378541	-10.9031	-13.556
0.311659	-16.0516	-12.0928
0.2279	-20.1022	-9.94104
0.132669	-22.8554	-7.24791
0.0509626	-19.6095	-4.18719
-0.0039332	-13.175	-1.56177
-0.0325759	-6.87425	0.201764
-0.0371359	-1.09438	1.1216
-0.0205102	3.99017	1.2677
0.0137874	8.23142	0.73335
0.0619536	11.5599	-0.368392
0.119801	13.8834	-1.9152
0.181349	14.7716	-3.77245
0.216199	8.36395	-5.74799
0.217224	0.245997	-6.86545
0.188936	-6.78905	-6.89624
0.13665	-12.5487	-5.9856
0.0653257	-17.1179	-4.3045
-0.0201687	-20.5186	-2.01248
-0.114455	-22.6288	0.733912
-0.186671	-17.3318	3.76183
-0.225836	-9.39954	6.07997
-0.235032	-2.20704	7.3359
-0.218038	4.07854	7.62897
-0.178908	9.39131	7.08081
-0.12194	13.6722	5.82188
-0.0514576	16.9158	3.99049
0.00881217	14.4647	1.72561
0.0598946	12.2598	-0.210577
0.0908261	7.42357	-1.85109
0.0925798	0.420876	-2.84393
0.0682265	-5.84479	-2.89937
0.0217043	-11.1653	-2.11633
-0.0381648	-14.3686	-0.621547
-0.0999229	-14.8219	1.30142
-0.151278	-12.3251	3.28446
-0.183367	-7.70147	4.93277
-0.189431	-1.45535	5.96183
-0.171582	4.28389	6.15473
-0.133613	9.11234	5.57956
-0.0793153	13.0315	4.35843
-0.0124183	16.0553	2.61321
0.0634426	18.2066	0.463911
0.131052	16.2262	-1.97261
0.161129	7.21853	-4.14336
0.156069	-1.21449	-5.10804
0.120718	-8.48405	-4.94393
0.0607618	-14.3896	-3.80708
-0.017918	-18.8831	-1.88031
-0.108909	-21.8378	0.647182
-0.19039	-19.5555	3.56928
-0.244284	-12.9346	6.18505
-0.268874	-5.90147	7.91401
-0.267929	0.22669	8.70128
-0.245051	5.49078	8.66824
-0.203996	9.85321	7.93078
-0.148523	13.3135	6.60978
-0.0822713	15.9005	4.82613
-0.0177366	15.4883	2.69686
0.0175655	8.47249	0.623404
0.0210774	0.842858	-0.510564
-0.00356311	-5.91372	-0.623197
-0.0513818	-11.4765	0.16836
-0.11701	-15.7507	1.70407
-0.195451	-18.826	3.81127
-0.278425	-19.9137	6.32934
-0.342349	-15.3418	8.9922
-0.37561	-7.98257	11.0424
-0.379933	-1.03751	12.1072
-0.359033	5.01599	12.2423
-0.316566	10.1921	11.5672
-0.25614	14.5024	10.1997
-0.181335	17.953	8.2559
-0.0957277	20.5458	5.85089
-0.0140667	19.5986	3.09967
0.0432611	13.7587	0.476053
0.0691314	6.20887	-1.36526
0.0662589	-0.689407	-2.19569
0.0394737	-6.42845	-2.10276
-0.00629506	-10.9845	-1.24186
-0.066073	-14.3467	0.228452
-0.134172	-16.3439	2.14823
-0.182412	-11.5775	4.33467
-0.19761	-3.64754	5.88261
-0.183641	3.35259	6.36889
-0.144518	9.38948	5.91827
-0.0841588	14.4863	4.65995
-0.00654476	18.6274	2.71997
0.0844598	21.8411	0.226446
0.184212	23.9404	-2.69636
0.276346	22.1123	-5.89918
0.333081	13.6164	-8.85637
0.355531	5.38783	-10.6757
0.348355	-1.7222	-11.3934
0.316501	-7.64496	-11.1594
0.264704	-12.4313	-10.1329
0.197347	-16.1656	-8.46624
0.12594	-17.1378	-6.30036
0.0781432	-11.4711	-4.00505
0.0581477	-4.79892	-2.46876
0.0623739	1.01431	-1.82581
0.0871503	5.94632	-1.96098
0.128724	9.9777	-2.7561
0.183347	13.1095	-4.09044
0.247394	15.3713	-5.84345
0.317424	16.8072	-7.8986
0.379396	14.8732	-10.1453
0.41207	7.84171	-12.1324
0.410334	-0.416488	-13.178
0.37854	-7.6307	-13.1182
0.322282	-13.5018	-12.093
0.246821	-18.1106	-10.2824
0.157348	-21.4735	-7.8557
0.0606129	-23.2165	-4.97972
-0.010523	-17.0726	-1.87138
-0.0525394	-10.0839	0.413825
-0.0671404	-3.50422	1.76311
-0.0572873	2.36473	2.23149
-0.026617	7.36086	1.91435
0.0210475	11.4395	0.928739
0.0817818	14.5762	-0.602361
0.151085	16.6327	-2.55274
0.211888	14.5928	-4.7777
0.240817	6.94301	-6.729
0.239399	-0.340261	-7.65601
0.212023	-6.57044	-7.6081
0.163474	-11.6517	-6.72649
0.0982794	-15.6467	-5.1652
0.0207161	-18.6152	-3.06978
-0.0622696	-19.9166	-0.577776
-0.116886	-13.1079	2.0876
-0.139959	-5.53764	3.84102
-0.13483	1.23099	4.58086
-0.105107	7.1335	4.41471
-0.0547045	12.0966	3.45875
0.000561445	13.2638	1.83892
0.0582891	13.8546	0.063408
0.124821	15.9677	-1.79061
0.191182	15.9266	-3.92683
0.241203	12.0051	-6.05687
0.259246	4.33026	-7.66149
0.247858	-2.73322	-8.23858
0.210894	-8.8713	-7.87027
0.152943	-13.9081	-6.68068
0.0816869	-17.1016	-4.81745
0.0117433	-16.7865	-2.52746
-0.0372057	-11.7477	-0.280336
-0.0596996	-5.39853	1.29181
-0.0581459	0.372893	2.01383
-0.0358955	5.34009	1.96331
0.00339009	9.42854	1.24809
0.0558689	12.5949	-0.0140045
0.117207	14.7211	-1.69943
0.179883	15.0424	-3.66886
0.216173	8.7094	-5.68066
0.216558	0.0925748	-6.84437
0.185054	-7.56111	-6.85463
0.126764	-13.9896	-5.84069
0.0469423	-19.1571	-3.96681
-0.0491389	-23.0595	-1.40201
-0.154856	-25.372	1.6842
-0.237972	-19.9479	5.07891
-0.289213	-12.2979	7.74672
-0.311605	-5.37411	9.39
-0.308774	0.679433	10.1062
-0.284353	5.86108	10.0122
-0.242094	10.1422	9.22474
-0.185732	13.527	7.86466
-0.118902	16.039	6.05206
-0.0635856	13.276	3.90387
-0.0408593	5.45431	2.12608
-0.048388	-1.80689	1.39554
-0.0815388	-7.9562	1.6369
-0.135109	-12.8568	2.70107
-0.204151	-16.5702	4.4207
-0.284444	-19.2704	6.63671
-0.366809	-19.7677	9.21337
-0.420489	-12.8832	11.8558
-0.440912	-4.90148	13.5761
-0.431651	2.22276	14.2278
-0.396495	8.43736	13.9259
-0.339407	13.7012	12.7925
-0.264379	18.0067	10.9551
-0.175283	21.383	8.54206
-0.0764846	23.7117	5.67797
0.0050672	19.5724	2.50315
0.055632	12.1356	-0.116775
0.0742709	4.47332	-1.7407
0.0636493	-2.54918	-2.33877
0.0283329	-8.47593	-1.99692
-0.0267947	-13.2306	-0.862065
-0.0962583	-16.6713	0.908701
-0.166417	-16.8381	3.13934
-0.204979	-9.25476	5.3916
-0.213607	-2.07091	6.62838
-0.196207	4.17607	6.90345
-0.156757	9.46796	6.34247
-0.0993035	13.7889	5.07351
-0.0277991	17.161	3.22673
0.0539259	19.614	0.929269
0.141915	21.1174	-1.69573
0.210881	16.5517	-4.5211
0.241427	7.33111	-6.73461
0.23731	-0.987959	-7.71355
0.204258	-7.93259	-7.57895
0.147963	-13.5107	-6.51507
0.0736859	-17.8265	-4.70507
-0.0136867	-20.9694	-2.31809
-0.096651	-19.9114	0.488721
-0.148824	-12.5215	3.15308
-0.170625	-5.23219	4.8277
-0.165753	1.16915	5.52637
-0.137746	6.72164	5.3682
-0.0901642	11.4197	4.46705
-0.0267746	15.2135	2.93749
0.04876	18.1283	0.900736
0.131709	19.9078	-1.52544
0.19459	15.0914	-4.18899
0.225039	7.30768	-6.20719
0.225529	0.117751	-7.18317
0.200955	-5.89773	-7.19669
0.156299	-10.7176	-6.40523
0.0961228	-14.4422	-4.96903
0.0248875	-17.0965	-3.03486
-0.0447452	-16.7118	-0.746095
-0.0843046	-9.49424	1.49048
-0.0933418	-2.16893	2.76052
-0.0752865	4.33326	3.04991
-0.0340523	9.89621	2.46909
0.0262522	14.4731	1.14403
0.101539	18.0688	-0.793088
0.18689	20.4842	-3.21077
0.27823	21.9217	-5.95094
0.351397	17.56	-8.88261
0.390959	9.49485	-11.2297
0.399425	2.03195	-12.4968
0.381384	-4.32996	-12.7648
0.341371	-9.60313	-12.1814
0.283673	-13.8473	-10.8926
0.212563	-17.0666	-9.03616
0.143	-16.6951	-6.74954
0.100806	-10.1266	-4.51333
0.0856221	-3.64404	-3.1568
0.0939995	2.01057	-2.66819
0.122264	6.78348	-2.93641
0.1666	10.6405	-3.84325
0.223199	13.5839	-5.26595
0.288382	15.6439	-7.0821
0.358617	16.8564	-9.17333
0.412995	13.0506	-11.4262
0.428732	3.77695	-13.169
0.417203	-2.767	-13.6704
0.377846	-9.4455	-13.2958
0.315712	-14.9122	-12.0277
0.235585	-19.2305	-10.0285
0.142408	-22.3626	-7.45197
0.0590789	-19.999	-4.45713
0.00330648	-13.3854	-1.77952
-0.0250981	-6.81709	0.0122335
-0.0281065	-0.722021	0.92448
-0.00866039	4.66707	1.02081
0.0296646	9.198	0.395955
0.0771109	11.3871	-0.835029
0.121601	10.6777	-2.35857
0.172966	12.3275	-3.78672
0.210509	9.01042	-5.43518
0.217367	1.64585	-6.63925
0.196733	-4.95215	-6.85743
0.152768	-10.5516	-6.19262
0.0901237	-15.0346	-4.7787
0.0145116	-18.1469	-2.7653
-0.0602106	-17.9333	-0.33606
-0.110302	-12.0219	2.06385
-0.130291	-4.79752	3.67194
-0.123516	1.62604	4.3128
-0.0934914	7.20595	4.09387
-0.0439182	11.8976	3.1283
0.0213445	15.663	1.53522
0.0980176	18.4016	-0.561255
0.170708	17.4457	-3.02354
0.21921	11.6404	-5.35716
0.234044	3.56011	-6.9132
0.218379	-3.75957	-7.38746
0.176672	-10.0096	-6.88207
0.113957	-15.0518	-5.54047
0.0352974	-18.8782	-3.52455
-0.0523883	-21.0446	-0.997204
-0.118107	-15.7725	1.81925
-0.15351	-8.49675	3.92932
-0.161757	-1.97935	5.06512
-0.146635	3.62943	5.32842
-0.111938	8.32719	4.84108
-0.0615515	12.0928	3.72524
0.00080348	14.9652	2.10585
0.0715264	16.9735	0.102581
0.133733	14.9297	-2.16881
0.159221	6.11696	-4.166
0.150557	-2.07931	-4.98327
0.112936	-9.02892	-4.70348
0.0519708	-14.6318	-3.49378
-0.0271908	-18.9988	-1.5347
-0.119974	-22.2679	1.00816
-0.214914	-22.7857	3.98769
-0.280061	-15.6354	7.03558
-0.313668	-8.06568	9.12569
-0.318999	-1.27923	10.2022
-0.299785	4.61117	10.3702
-0.259867	9.58036	9.74992
-0.203063	13.6331	8.46487
-0.132916	16.8353	6.63788
-0.0544624	18.8288	4.38295
0.0054891	14.3884	1.86195
0.0342967	6.91382	-0.0640513
0.0329926	-0.312994	-0.989228
0.0054923	-6.60006	-0.947039
-0.0431564	-11.6757	-0.0635374
-0.107559	-15.4566	1.4989
-0.182235	-17.9222	3.56681
-0.253836	-17.1843	5.96401
-0.292528	-9.28614	8.26173
-0.29868	-1.47638	9.50181
-0.276066	5.42729	9.69643
-0.228763	11.3528	8.96714
-0.161066	16.2472	7.44515
-0.077575	20.0379	5.26867
0.0169056	22.6753	2.58559
0.117907	24.2403	-0.449585
0.197744	19.161	-3.69323
0.240089	10.1628	-6.25617
0.247863	1.86586	-7.61419
0.226436	-5.14258	-7.86151
0.181298	-10.8331	-7.1709
0.117746	-15.2526	-5.71901
0.0409129	-18.4399	-3.67616
-0.0298961	-16.9942	-1.20743
-0.071316	-9.94078	1.06707
-0.0838105	-2.99869	2.39699
-0.0710213	3.06942	2.79753
-0.0368187	8.20863	2.38592
0.0148444	12.3991	1.28671
0.0798681	15.6057	-0.372921
0.153481	17.6671	-2.46113
0.230862	18.5715	-4.82454
0.286834	13.4331	-7.30825
0.307332	4.91962	-9.10357
0.295468	-2.84729	-9.75908
0.256574	-9.33462	-9.37503
0.196241	-14.4799	-8.12298
0.119602	-18.3934	-6.18279
0.0314615	-21.1538	-3.7195
-0.0508914	-19.7647	-0.887587
-0.103601	-12.6502	1.75756
-0.126072	-5.3931	3.44985
-0.121727	1.04286	4.17047
-0.0941959	6.60738	4.02962
-0.0472318	11.2714	3.14418
0.0154307	15.039	1.63488
0.0900995	17.9205	-0.378117
0.171522	19.5415	-2.77609
0.230866	14.2424	-5.39023
0.258121	6.54137	-7.29445
0.256611	-0.362408	-8.16753
0.231201	-6.09846	-8.1165
0.186595	-10.7053	-7.2979
0.127099	-14.2791	-5.86306
0.0569932	-16.8254	-3.95044
-0.00825851	-15.6604	-1.69766
-0.043686	-8.50261	0.398508
-0.0496455	-1.43027	1.53619
-0.0292804	4.88762	1.72711
0.0136939	10.3138	1.07252
0.0637165	12.0054	-0.307998
0.122113	14.0151	-1.91445
0.189903	16.2696	-3.78933
0.265038	18.0325	-5.96532
0.337695	17.4376	-8.37654
0.39326	13.3356	-10.7074
0.416831	5.65693	-12.4886
0.41087	-1.43057	-13.2418
0.379447	-7.54145	-13.0462
0.326985	-12.5909	-12.033
0.258944	-16.3298	-10.3443
0.1898	-16.5946	-8.1559
0.138544	-12.3014	-5.93271
0.112998	-6.13127	-4.28473
0.11034	-0.637812	-3.46292
0.127193	4.04462	-3.3765
0.160088	7.89495	-3.9167
0.205488	10.8959	-4.97197
0.25993	13.0661	-6.4285
0.320058	14.4308	-8.17498
0.364057	10.5598	-10.1035
0.373985	2.38257	-11.5135
0.351352	-5.43193	-11.8287
0.300595	-12.1815	-11.0982
0.226955	-17.6738	-9.46463
0.135546	-21.938	-7.09662
0.0313794	-25.0001	-4.15872
-0.0671726	-23.6525	-0.811965
-0.136174	-16.5604	2.35342
-0.176717	-9.73021	4.56876
-0.191583	-3.56798	5.86942
-0.183885	1.84765	6.34505
-0.157062	6.43739	6.09583
-0.114692	10.1689	5.23249
-0.0599538	13.1371	3.87009
-0.0010726	14.1315	2.11089
0.0321318	7.96906	0.219186
0.0339052	0.42561	-0.84729
0.0074706	-6.3443	-0.903984
-0.0423669	-11.961	-0.0547213
-0.110272	-16.2972	1.54589
-0.191073	-19.3923	3.72627
-0.280244	-21.401	6.32015
-0.353506	-17.5828	9.18202
-0.393458	-9.58869	11.5321
-0.401894	-2.02445	12.8116
-0.382439	4.66923	13.0785
-0.339004	10.4243	12.4497
-0.27562	15.2121	11.0508
-0.196285	19.0405	9.01173
-0.104823	21.9509	6.46096
-0.0206651	20.1978	3.52153
0.041791	14.9894	0.817595
0.0716822	7.17389	-1.18852
0.0704026	-0.30709	-2.14815
0.0424417	-6.71063	-2.10639
-0.00750898	-11.9882	-1.20773
-0.0748783	-16.1686	0.396874
-0.153071	-18.7662	2.56041
-0.210538	-13.792	5.07087
-0.236661	-6.26974	6.91491
-0.235118	0.370413	7.75177
-0.209842	6.06631	7.69979
-0.164849	10.7983	6.88561
-0.104193	14.5573	5.43846
-0.0318128	17.3713	3.48874
0.0485575	19.2889	1.16305
0.125768	18.5306	-1.41851
0.166992	9.89359	-3.89781
0.171334	1.04203	-5.22054
0.144184	-6.51596	-5.35836
0.0913969	-12.6688	-4.48475
0.0185601	-17.4808	-2.78803
-0.0692211	-21.0675	-0.447913
-0.162708	-22.4369	2.37144
-0.226365	-15.2777	5.37317
-0.257937	-7.57721	7.41592
-0.260956	-0.724628	8.42758
-0.23931	5.19501	8.52193
-0.196893	10.1803	7.8241
-0.137637	14.2214	6.45936
-0.0654003	17.3368	4.55428
0.0158104	19.4906	2.23288
0.080856	15.6109	-0.376004
0.115128	8.22528	-2.46492
0.118581	0.828626	-3.56484
0.095803	-5.46663	-3.67462
0.0518503	-10.5486	-2.94195
-0.00846132	-14.4748	-1.52944
-0.0805405	-17.299	0.408027
-0.152031	-17.1577	2.72282
-0.19398	-10.0677	5.01799
-0.20434	-2.48631	6.36367
-0.186603	4.25675	6.69441
-0.144569	10.0881	6.12269
-0.0821788	14.9738	4.77083
-0.00337847	18.9121	2.76558
0.0880596	21.9451	0.23394
0.187652	23.9023	-2.70279
0.270051	19.7756	-5.90051
0.319114	11.7753	-8.54501
0.336923	4.27419	-10.1181
0.327939	-2.1563	-10.6869
0.296824	-7.46758	-10.395
0.248114	-11.6904	-9.39252
0.186245	-14.8485	-7.82521
0.125485	-14.5824	-5.83579
0.092207	-7.98681	-3.88259
0.0856443	-1.57505	-2.81261
0.102254	3.9863	-2.60097
0.13832	8.656	-3.1336
0.190129	12.4341	-4.29096
0.241739	12.3864	-5.95353
0.29426	12.6051	-7.6092
0.353037	14.1065	-9.29362
0.410834	13.8713	-11.1784
0.45035	9.48381	-13.0312
0.458087	1.85692	-14.2963
0.436742	-5.12287	-14.5403
0.390544	-11.0875	-13.8503
0.324099	-15.9468	-12.3622
0.243553	-19.3312	-10.2244
0.166597	-18.4693	-7.6344
0.108866	-13.8555	-5.16049
0.0769549	-7.65854	-3.30477
0.0685858	-2.00859	-2.27889
0.0808276	2.93804	-2.0094
0.110572	7.13876	-2.40194
0.154578	10.5614	-3.35649
0.20957	13.1981	-4.76876
0.270549	14.635	-6.53342
0.309782	9.41586	-8.48982
0.317076	1.75047	-9.74719
0.296086	-5.03765	-9.97841
0.251445	-10.7137	-9.30118
0.187917	-15.2467	-7.86461
0.110346	-18.6171	-5.82188
0.0242049	-20.6738	-3.32877
-0.0457824	-16.797	-0.561202
-0.0846161	-9.32008	1.68671
-0.0939836	-2.24819	2.93338
-0.0773078	4.00218	3.23331
-0.0381644	9.39442	2.69674
0.0196946	13.8862	1.43876
0.0923087	17.4274	-0.419912
0.174718	19.7782	-2.75188
0.247695	17.5145	-5.3977
0.293376	10.9636	-7.73978
0.307128	3.30028	-9.20451
0.29248	-3.51553	-9.64329
0.254166	-9.19532	-9.16986
0.196757	-13.7782	-7.93651
0.124408	-17.3637	-6.09027
0.0468239	-18.6201	-3.7648
-0.0114521	-13.9863	-1.27192
-0.0414401	-7.19711	0.600083
-0.0448	-0.806385	1.563
-0.0246855	4.82748	1.67042
0.0152105	9.57505	1.02389
0.0708442	13.3521	-0.257742
0.137561	16.0121	-2.04442
0.211183	17.6692	-4.18649
0.278291	16.106	-6.54966
0.31544	8.91571	-8.70289
0.317938	0.599483	-9.89327
0.289849	-6.74127	-9.97042
0.236472	-12.8105	-9.06522
0.162963	-17.6422	-7.34814
0.0742165	-21.2992	-4.98501
-0.0243961	-23.667	-2.13324
-0.0997693	-18.0896	1.03449
-0.145022	-10.8606	3.45488
-0.162944	-4.30137	4.90715
-0.157	1.42657	5.48123
-0.130721	6.30699	5.28862
-0.0876394	10.3396	4.44299
-0.0311284	13.5626	3.05798
0.035687	16.0357	1.2421
0.0828324	11.3149	-0.904159
0.10003	4.12749	-2.41802
0.0884297	-2.78415	-2.96961
0.0520861	-8.72247	-2.59612
-0.00426187	-13.5235	-1.42809
-0.0761567	-17.2548	0.382045
-0.154738	-18.8594	2.69092
-0.222184	-16.1872	5.21382
-0.258264	-8.65921	7.37834
-0.263907	-1.35414	8.5348
-0.242691	5.09189	8.71336
-0.198252	10.6653	8.02926
-0.1344	15.3245	6.59956
-0.0549273	19.0734	4.5468
0.0354581	21.6925	1.99303
0.120975	20.524	-0.910445
0.179646	14.0812	-3.65665
0.206219	6.37752	-5.53983
0.204283	-0.464693	-6.39153
0.178592	-6.16588	-6.32737
0.133854	-10.7371	-5.5003
0.0747998	-14.1729	-4.06177
0.0158519	-14.1475	-2.16391
-0.0168138	-7.83977	-0.270047
-0.0214049	-1.10185	0.779139
-0.000897924	4.92167	0.926344
0.0407498	9.99544	0.267444
0.0988887	13.9533	-1.07021
0.16863	16.7379	-2.93709
0.2461	18.5928	-5.17602
0.327491	19.5339	-7.66246
0.387544	14.4126	-10.2741
0.411578	5.76829	-12.1996
0.402789	-2.10934	-12.9677
0.366387	-8.7366	-12.6814
0.307878	-14.042	-11.5083
0.232331	-18.1313	-9.62566
0.144688	-21.0343	-7.19638
0.0671213	-18.616	-4.37937
0.0172516	-11.9687	-1.88685
-0.00682083	-5.77739	-0.284629
-0.00744742	-0.150382	0.488577
0.0124341	4.77156	0.508548
0.0493276	8.85444	-0.130134
0.099294	11.9919	-1.31498
0.158365	14.1771	-2.91932
0.219429	14.6554	-4.81557
0.257129	9.04787	-6.77523
0.263594	1.55154	-7.9839
0.242338	-5.1013	-8.18904
0.198165	-10.6016	-7.50386
0.13565	-15.0036	-6.08284
0.058929	-18.4131	-4.0732
-0.0278306	-20.8223	-1.60794
-0.10264	-17.9544	1.17896
-0.146131	-10.4376	3.58121
-0.15958	-3.22776	4.97684
-0.146332	3.17933	5.40722
-0.110013	8.71677	4.98009
-0.0544147	13.3435	3.81208
0.0166812	17.063	2.02529
0.0996342	19.9087	-0.258684
0.181436	19.6324	-2.92275
0.240695	14.2221	-5.54903
0.267417	6.41337	-7.45048
0.264677	-0.657675	-8.3064
0.237053	-6.62971	-8.21581
0.189096	-11.5098	-7.32608
0.124877	-15.4126	-5.7836
0.0486233	-18.3009	-3.71932
-0.0150382	-15.2788	-1.26918
-0.0500273	-8.39737	0.775786
-0.0571781	-1.71621	1.89926
-0.0397886	4.17349	2.12833
-0.00164584	9.15426	1.56918
0.0531955	13.1619	0.343681
0.120269	16.0977	-1.41773
0.194736	17.872	-3.57146
0.267206	17.3927	-5.96196
0.313357	11.0762	-8.28757
0.322923	2.29588	-9.76719
0.299603	-5.59674	-10.0714
0.248864	-12.1774	-9.31932
0.176135	-17.4549	-7.68688
0.0867766	-21.4461	-5.34871
-0.0133918	-24.0404	-2.47717
-0.0959697	-19.8187	0.740637
-0.147208	-12.2971	3.39251
-0.169137	-5.26311	5.03702
-0.165372	0.903549	5.73975
-0.13963	6.17814	5.61706
-0.0957456	10.5323	4.78856
-0.0375489	13.9672	3.37766
0.0313083	16.5257	1.50754
0.0960595	15.5403	-0.704375
0.132103	8.65043	-2.78373
0.134558	0.58911	-3.94046
0.107719	-6.44129	-4.01807
0.0568927	-12.1983	-3.15486
-0.0126181	-16.6826	-1.52153
-0.0958636	-19.9789	0.711372
-0.185304	-21.4656	3.38469
-0.250732	-15.7027	6.25612
-0.282179	-7.54733	8.35548
-0.283001	-0.197433	9.36285
-0.257209	6.19016	9.38636
-0.208793	11.6199	8.55508
-0.141826	16.072	6.99747
-0.060286	19.5696	4.84456
0.0320359	22.1572	2.22428
0.115223	19.965	-0.741451
0.160252	10.8069	-3.4129
0.177407	4.1171	-4.858
0.165601	-2.83335	-5.40743
0.129534	-8.65607	-5.0266
0.0740644	-13.3127	-3.86671
0.00396634	-16.8235	-2.08403
-0.0681885	-17.3172	0.167912
-0.113113	-10.782	2.48521
-0.127892	-3.54678	3.92725
-0.116267	2.78994	4.40065
-0.0821293	8.19301	4.02594
-0.0353671	11.2229	2.92831
0.0179546	12.7972	1.42557
0.0804277	14.9936	-0.287375
0.149471	16.5705	-2.2937
0.219403	16.7835	-4.51042
0.27134	12.4649	-6.75496
0.289342	4.32053	-8.42089
0.276449	-3.09427	-8.99644
0.237781	-9.28027	-8.57958
0.178457	-14.2379	-7.33505
0.10375	-17.9296	-5.42748
0.0262631	-18.5968	-3.02649
-0.0330293	-14.2302	-0.536956
-0.0644871	-7.54986	1.36747
-0.0699674	-1.31529	2.37735
-0.0527587	4.13009	2.55261
-0.0162258	8.7679	1.99914
0.0363395	12.6157	0.825208
0.101283	15.5865	-0.86326
0.171099	16.7558	-2.94875
0.224369	12.7847	-5.19006
0.249921	6.13258	-6.89928
0.246354	-0.856042	-7.71779
0.217529	-6.91796	-7.60084
0.168176	-11.8448	-6.67273
0.102783	-15.6942	-5.08561
0.0261293	-18.397	-2.98387
-0.0467516	-17.4914	-0.521088
-0.0901705	-10.4205	1.81974
-0.103052	-3.09168	3.21363
-0.0886504	3.4565	3.62635
-0.0504949	9.15731	3.16268
0.00768777	13.9638	1.93627
0.0821588	17.873	0.0670535
0.168499	20.7218	-2.32471
0.260916	22.1798	-5.09694
0.330783	16.7683	-8.06342
0.369015	9.17559	-10.3048
0.378504	2.27733	-11.5295
0.363767	-3.53683	-11.8307
0.329035	-8.33575	-11.3537
0.278261	-12.1857	-10.2347
0.216114	-14.9153	-8.60084
0.163518	-12.623	-6.60223
0.139423	-5.78281	-4.911
0.142131	0.64988	-4.13563
0.168181	6.25208	-4.22131
0.213641	10.9103	-5.05665
0.274299	14.5581	-6.51507
0.346203	17.2569	-8.46118
0.425719	19.0839	-10.7678
0.503965	18.7791	-13.3183
0.559755	13.3895	-15.8271
0.583282	5.64644	-17.614
0.574752	-2.0472	-18.3641
0.538694	-8.6539	-18.0844
0.480424	-13.9847	-16.9208
0.404848	-18.1383	-15.0441
0.316873	-21.114	-12.6122
0.238331	-18.8501	-9.78284
0.186788	-12.3702	-7.25732
0.161103	-6.16437	-5.5997
0.158011	-0.742183	-4.77306
0.173964	3.82887	-4.67227
0.205684	7.61263	-5.18319
0.249967	10.6281	-6.20029
0.29459	10.7093	-7.6206
0.347427	12.681	-9.05134
0.389913	10.1966	-10.7455
0.402625	3.05093	-12.1066
0.387772	-3.56479	-12.5111
0.350024	-9.05949	-12.0302
0.293965	-13.4542	-10.8142
0.223664	-16.8721	-9.0104
0.147804	-18.2066	-6.74981
0.0842843	-15.2447	-4.31135
0.0486192	-8.55963	-2.27
0.0385795	-2.40953	-1.12386
0.0510978	3.0044	-0.801078
0.0831396	7.69004	-1.20288
0.131079	11.5055	-2.23158
0.19146	14.4914	-3.77053
0.260363	16.5367	-5.70857
0.317397	13.6881	-7.91972
0.353184	8.5889	-9.74897
0.35999	1.63356	-10.8953
0.340859	-4.5916	-11.1105
0.299669	-9.88541	-10.4926
0.240532	-14.1929	-9.16653
0.16747	-17.5349	-7.26441
0.0899112	-18.6142	-4.91568
0.0307216	-14.2055	-2.42324
-0.000592098	-7.51529	-0.521538
-0.00610224	-1.32244	0.484302
0.0116681	4.26488	0.661114
0.049452	9.06814	0.0901842
0.103288	12.9207	-1.12333
0.168833	15.7308	-2.85201
0.242576	17.6984	-4.95619
0.306911	15.4404	-7.32302
0.337099	7.24505	-9.38696
0.334393	-0.649457	-10.3536
0.302904	-7.55734	-10.2634
0.247382	-13.3252	-9.24895
0.172524	-17.966	-7.46292
0.0829759	-21.4915	-5.05643
-0.00872765	-22.0088	-2.1789
-0.072579	-15.3243	0.766952
-0.106993	-8.25937	2.81738
-0.114633	-1.83352	3.92176
-0.0991884	3.70665	4.16589
-0.0644422	8.33908	3.66858
-0.0142703	12.0412	2.55151
0.0475139	14.8282	0.939375
0.115113	16.2238	-1.0452
0.161667	11.1728	-3.21593
0.174938	3.18505	-4.71006
0.155458	-4.67502	-5.13482
0.107964	-11.3985	-4.50762
0.0382582	-16.7295	-2.9809
-0.0483823	-20.7937	-0.741265
-0.146768	-23.6126	2.04154
-0.238385	-21.9882	5.20068
-0.29821	-14.358	8.14148
-0.325613	-6.57653	10.0603
-0.324068	0.370681	10.9372
-0.297336	6.41577	10.8842
-0.249392	11.5064	10.0223
-0.1842	15.6462	8.47941
-0.105646	18.8529	6.38303
-0.0175577	21.1412	3.85818
0.0507052	16.3831	1.02789
0.086559	8.60491	-1.16479
0.0916488	1.22154	-2.31592
0.0711568	-4.91808	-2.47867
0.0301478	-9.84215	-1.81978
-0.0266775	-13.6381	-0.50216
-0.0944174	-16.2576	1.32301
-0.159648	-15.6554	3.49816
-0.192256	-7.82584	5.59204
-0.193557	-0.312258	6.63754
-0.167308	6.2997	6.67726
-0.117518	11.9497	5.83217
-0.0483185	16.6079	4.23127
0.0362286	20.2913	2.00751
0.13215	23.0211	-0.708461
0.230414	23.5833	-3.78889
0.306474	18.2543	-6.9436
0.34761	9.8728	-9.3842
0.355214	1.82486	-10.7025
0.334115	-5.06377	-10.9433
0.28963	-10.6764	-10.2623
0.226825	-15.0732	-8.83043
0.150586	-18.2973	-6.81062
0.0809035	-16.7238	-4.35999
0.0383566	-10.2112	-2.1207
0.0229989	-3.68586	-0.753594
0.031619	2.06882	-0.260129
0.0609237	7.03314	-0.536901
0.107001	11.0585	-1.4779
0.165748	14.0994	-2.95727
0.233696	16.3074	-4.84312
0.307572	17.7304	-7.02384
0.365955	14.0119	-9.39431
0.390004	5.77161	-11.2664
0.382768	-1.73654	-12.0353
0.349512	-7.98137	-11.7992
0.295581	-12.9436	-10.7275
0.22573	-16.7643	-8.99205
0.144354	-19.5303	-6.74589
0.0647348	-19.1085	-4.1303
0.0137403	-12.2387	-1.57196
-0.00911714	-5.48578	0.0662848
-0.00620907	0.697936	0.800358
0.019471	6.16322	0.706707
0.0432411	5.70481	-0.11827
0.0838715	9.7513	-0.881647
0.138707	13.1604	-2.18628
0.204317	15.7464	-3.94671
0.268457	15.3938	-6.05264
0.316824	11.6081	-8.11073
0.339929	5.54516	-9.66159
0.33722	-0.650127	-10.4006
0.312277	-5.98635	-10.3104
0.269141	-10.3527	-9.50613
0.211981	-13.7185	-8.1178
0.145915	-15.8558	-6.2795
0.0910181	-13.1752	-4.15575
0.0637395	-6.54686	-2.39139
0.0619933	-0.419088	-1.51457
0.0824748	4.91555	-1.45802
0.121849	9.44979	-2.11536
0.176556	13.1297	-3.37926
0.242898	15.922	-5.13521
0.317638	17.9376	-7.26428
0.392579	17.9858	-9.6624
0.439534	11.2693	-12.0662
0.454754	3.65293	-13.5705
0.442322	-2.98372	-14.0551
0.406675	-8.5553	-13.6515
0.352156	-13.0846	-12.5024
0.282969	-16.6049	-10.7476
0.207187	-18.1877	-8.5222
0.152461	-13.1342	-6.08572
0.125173	-6.54921	-4.32624
0.122553	-0.628857	-3.4485
0.141104	4.45238	-3.36328
0.17725	8.67511	-3.95805
0.227531	12.0673	-5.11771
0.288394	14.6073	-6.73094
0.355841	16.1873	-8.68358
0.409702	12.9264	-10.847
0.437361	6.63824	-12.5735
0.431548	-1.39519	-13.4579
0.395454	-8.66243	-13.267
0.333855	-14.7838	-12.1037
0.251695	-19.7185	-10.1216
0.153795	-23.4958	-7.47977
0.0512842	-24.6027	-4.33328
-0.0291361	-19.3009	-1.03966
-0.0807091	-12.3775	1.54347
-0.104656	-5.7472	3.19932
-0.104293	0.0871642	3.9674
-0.0832111	5.05957	3.9545
-0.0451039	9.14571	3.2762
0.00637868	12.3558	2.05131
0.0676109	14.6957	0.397235
0.124806	13.7269	-1.56945
0.146017	5.09062	-3.40588
0.133629	-2.97306	-4.08604
0.0926999	-9.8231	-3.68693
0.0284908	-15.4102	-2.37128
-0.0537191	-19.7304	-0.308388
-0.148259	-22.6896	2.33198
-0.247883	-23.9099	5.36753
-0.317418	-16.6882	8.56543
-0.353535	-8.66804	10.7959
-0.359692	-1.47773	11.9525
-0.339776	4.77985	12.1466
-0.297772	10.0809	11.5031
-0.237683	14.4213	10.1506
-0.163411	17.8252	8.21756
-0.0795512	20.1264	5.82966
-0.0118108	16.2577	3.13456
0.0267597	9.25693	0.958008
0.034297	1.80894	-0.281041
0.0139581	-4.88133	-0.52303
-0.0295345	-10.4382	0.130338
-0.0912547	-14.8128	1.52712
-0.166409	-18.037	3.50886
-0.246903	-19.3186	5.92144
-0.301429	-13.0864	8.50477
-0.324623	-5.56654	10.2533
-0.320132	1.07788	10.995
-0.291772	6.80637	10.8474
-0.243508	11.5834	9.93317
-0.179361	15.3954	8.38001
-0.103266	18.2627	6.31722
-0.0189944	20.2252	3.87137
0.0586083	18.6246	1.16366
0.0996074	9.83978	-1.32902
0.104684	1.2184	-2.64535
0.0821723	-5.40281	-2.80758
0.0397128	-10.1903	-2.08372
-0.0227377	-14.9881	-0.719432
-0.0998937	-18.5174	1.28647
-0.183567	-20.0815	3.76403
-0.237856	-13.0294	6.45013
-0.260519	-5.43918	8.19168
-0.2553	1.25249	8.91699
-0.226071	7.01499	8.74661
-0.19688	7.00596	7.80515
-0.154732	10.1155	6.8652
-0.0964196	13.9949	5.50943
-0.0254446	17.034	3.63493
0.0502304	18.162	1.35434
0.107896	13.8398	-1.07649
0.133638	6.17803	-2.92818
0.129256	-1.05174	-3.75401
0.0994257	-7.15923	-3.61211
0.049308	-12.0283	-2.65295
-0.0164251	-15.7759	-1.04254
-0.0926582	-18.2959	1.06889
-0.153344	-14.5646	3.51688
-0.182669	-7.03815	5.46478
-0.182731	-0.01468	6.40491
-0.15734	6.09384	6.40488
-0.110271	11.2964	5.58742
-0.0454042	15.5681	4.07401
0.0334885	18.9343	1.98945
0.122703	21.4115	-0.544922
0.209838	20.9123	-3.41001
0.264659	13.1572	-6.2074
0.286236	5.1785	-7.96614
0.278885	-1.76441	-8.65665
0.247572	-7.51494	-8.41786
0.19718	-12.0941	-7.40961
0.132418	-15.543	-5.7889
0.0587695	-17.6756	-3.70716
0.0105624	-11.5697	-1.34071
-0.00850299	-4.57568	0.20794
-0.000776603	1.85433	0.82018
0.0307134	7.5576	0.571775
0.0820793	12.3278	-0.439753
0.14872	15.9939	-2.08931
0.226431	18.6505	-4.22893
0.311779	20.4836	-6.72339
0.385693	17.7395	-9.46238
0.430193	10.68	-11.8333
0.442388	2.92665	-13.2588
0.42598	-3.93793	-13.6463
0.385738	-9.658	-13.1151
0.326597	-14.1938	-11.8186
0.253144	-17.6286	-9.91559
0.175098	-18.731	-7.55348
0.119848	-13.2602	-5.04459
0.0927749	-6.49744	-3.26858
0.0907141	-0.494605	-2.39809
0.110056	4.64214	-2.33117
0.147177	8.9089	-2.95165
0.19724	12.0152	-4.14291
0.255054	13.8753	-5.74948
0.321614	15.9743	-7.60447
0.392323	16.9703	-9.73976
0.435848	10.4459	-12.0077
0.445797	2.38775	-13.4018
0.426045	-4.74039	-13.7172
0.381567	-10.6747	-13.0786
0.317211	-15.4454	-11.646
0.237501	-19.1305	-9.57555
0.148614	-21.3327	-7.01257
0.0799891	-16.4701	-4.15569
0.0385637	-9.94209	-1.95041
0.021521	-4.09025	-0.619373
0.0260126	1.07799	-0.071837
0.0491558	5.55435	-0.216078
0.0876737	9.2443	-0.959291
0.13795	12.0663	-2.19605
0.196746	14.1111	-3.81007
0.247738	12.238	-5.69721
0.27302	6.06765	-7.33312
0.26796	-1.21431	-8.14281
0.235995	-7.67157	-7.97778
0.181847	-12.9955	-6.94872
0.110003	-17.2427	-5.20753
0.0246511	-20.4844	-2.89854
-0.0683703	-22.3251	-0.156451
-0.13943	-17.0543	2.8311
-0.178364	-9.34412	5.11239
-0.188096	-2.33579	6.36121
-0.172074	3.84528	6.6718
-0.133912	9.1589	6.15515
-0.0773734	13.5693	4.9276
-0.00627695	17.0632	3.11025
0.0754226	19.6079	0.825914
0.150211	17.9491	-1.79824
0.19092	9.77025	-4.19961
0.197911	1.67771	-5.50575
0.175475	-5.38459	-5.72855
0.12859	-11.2523	-5.00622
0.0621194	-15.953	-3.49891
-0.0191216	-19.4978	-1.36303
-0.108019	-21.3353	1.24655
-0.166555	-14.0487	4.1012
-0.194134	-6.61894	5.97989
-0.194629	-0.11891	6.86377
-0.172159	5.39281	6.87754
-0.130739	9.94076	6.15374
-0.0743879	13.5244	4.82157
-0.0069701	16.1803	3.01026
0.0671278	17.7835	0.844103
0.126614	14.2768	-1.53592
0.149367	5.4606	-3.44594
0.13695	-2.98011	-4.1756
0.0944146	-10.2084	-3.77552
0.0275467	-16.0483	-2.40828
-0.057924	-20.513	-0.259985
-0.156044	-23.5488	2.4851
-0.253465	-23.381	5.63558
-0.320048	-15.9799	8.76262
-0.354831	-8.34791	10.8983
-0.361307	-1.55437	12.012
-0.343369	4.30523	12.2163
-0.30493	9.22529	11.6363
-0.249904	13.2063	10.3982
-0.182013	16.2937	8.62772
-0.104771	18.5381	6.44465
-0.0420786	15.0462	3.9619
-0.0129787	6.98396	1.94721
-0.0143353	-0.325572	1.01201
-0.0411512	-6.43583	1.05526
-0.0881007	-11.2679	1.91616
-0.150096	-14.8788	3.4234
-0.222445	-17.3639	5.41338
-0.296834	-17.8534	7.7353
-0.338948	-10.1072	10.122
-0.348215	-2.22418	11.4714
-0.328604	4.70676	11.7654
-0.284454	10.5959	11.1319
-0.220065	15.4533	9.71054
-0.139542	19.3255	7.63958
-0.0468029	22.2575	5.0511
0.0525316	23.8403	2.07107
0.13333	19.3917	-1.11984
0.180575	11.3387	-3.71445
0.192951	2.97027	-5.23062
0.177633	-3.67634	-5.62648
0.139486	-9.15519	-5.13278
0.0831825	-13.5129	-3.90606
0.0135283	-16.717	-2.09659
-0.0538379	-16.1679	0.1411
-0.0912745	-8.98478	2.30461
-0.0989141	-1.83352	3.50621
-0.0806526	4.38277	3.75048
-0.0404455	9.6497	3.16281
0.017643	13.9412	1.87052
0.0763214	14.0828	0.00433878
0.131452	13.2313	-1.88021
0.192415	14.6311	-3.65022
0.251992	14.2984	-5.607
0.28616	8.2003	-7.51865
0.287474	0.315421	-8.61367
0.259965	-6.60206	-8.6532
0.208611	-12.3251	-7.76705
0.138204	-16.8976	-6.11532
0.057945	-19.2622	-3.85222
-0.0146152	-17.4145	-1.2734
-0.0609358	-11.1169	1.05736
-0.0796764	-4.49774	2.54467
-0.0738962	1.38723	3.14576
-0.0471034	6.43028	2.95914
-0.0028776	10.6142	2.09772
0.0551663	13.9305	0.676694
0.123007	16.2817	-1.18768
0.17981	13.6327	-3.3661
0.2093	7.07757	-5.18937
0.207911	-0.333313	-6.13487
0.179287	-6.8697	-6.08836
0.128428	-12.2061	-5.16719
0.0604066	-16.3252	-3.5322
-0.0198185	-19.254	-1.34649
-0.101366	-19.5713	1.23046
-0.154885	-12.8447	3.84907
-0.176848	-5.27097	5.56671
-0.170602	1.4989	6.27033
-0.139719	7.41205	6.0678
-0.087942	12.4264	5.07404
-0.0191721	16.5048	3.40958
0.0625658	19.6171	1.19988
0.152467	21.5762	-1.42563
0.221089	16.4695	-4.31247
0.254708	8.06839	-6.51505
0.25638	0.40145	-7.59273
0.231242	-6.0332	-7.6441
0.184302	-11.2656	-6.83438
0.120323	-15.355	-5.32472
0.0446586	-18.1594	-3.26829
-0.0219413	-15.984	-0.837221
-0.0590092	-8.89629	1.30198
-0.0671773	-1.96034	2.49205
-0.0500974	4.09916	2.7536
-0.0119471	9.15608	2.2042
0.0429507	13.1755	0.97826
0.110279	16.1588	-0.785169
0.185045	17.9437	-2.94727
0.259605	17.8944	-5.34756
0.31014	12.1285	-7.74049
0.32559	3.70794	-9.36111
0.308441	-4.11569	-9.8544
0.263783	-10.718	-9.30059
0.197065	-16.0123	-7.86344
0.113554	-20.0426	-5.71827
0.0187934	-22.7425	-3.03443
-0.0669988	-20.5901	0.00986729
-0.122487	-13.3172	2.76519
-0.148464	-6.2345	4.54641
-0.148464	0	5.37928
-0.126146	5.35645	5.3776
-0.0852546	9.81384	4.65913
-0.0295103	13.3786	3.34441
0.0374633	16.0737	1.55306
0.110887	17.6217	-0.598376
0.155731	10.7626	-2.9563
0.167437	2.80942	-4.39562
0.150326	-4.1066	-4.77021
0.109465	-9.80682	-4.2192
0.0497121	-14.3406	-2.90557
-0.0245634	-17.8261	-0.985634
-0.108775	-20.2108	1.40012
-0.181082	-17.3537	4.10426
-0.219847	-9.30361	6.42521
-0.227681	-1.88017	7.6682
-0.208171	4.68241	7.91741
-0.165141	10.3273	7.28836
-0.102536	15.0251	5.90411
-0.0242806	18.7814	3.89164
0.0657281	21.6021	1.37713
0.151977	20.6996	-1.51405
0.216854	15.5705	-4.28357
0.248906	7.69249	-6.36587
0.249727	0.196998	-7.39329
0.223718	-6.24207	-7.41736
0.175724	-11.5186	-6.57976
0.110325	-15.6958	-5.03633
0.0322045	-18.7488	-2.93438
-0.0333808	-15.7405	-0.424539
-0.0703819	-8.88027	1.68195
-0.0789669	-2.0604	2.86976
-0.0627848	3.88371	3.14458
-0.0257744	8.8825	2.62389
0.028053	12.9186	1.43443
0.094487	15.9442	-0.294765
0.168683	17.8071	-2.4283
0.244738	18.2531	-4.81047
0.294893	12.0372	-7.25157
0.308041	3.15554	-8.86012
0.288296	-4.73885	-9.27965
0.241243	-11.2927	-8.64262
0.172363	-16.5312	-7.12877
0.0869202	-20.5062	-4.91439
-0.00954592	-23.1519	-2.16876
-0.0932456	-20.0879	0.930047
-0.14482	-12.3778	3.61788
-0.167061	-5.33773	5.27313
-0.163587	0.833695	5.98577
-0.13774	6.20334	5.87234
-0.0931511	10.7012	5.04039
-0.0335418	14.3063	3.6068
0.0374848	17.0464	1.69124
0.108153	16.9604	-0.590408
0.152995	10.7621	-2.85983
0.167161	3.3999	-4.29912
0.154561	-3.02406	-4.75276
0.119822	-8.33729	-4.34661
0.0675914	-12.5354	-3.22959
0.00262692	-15.5915	-1.55112
-0.0682934	-17.0209	0.535778
-0.113263	-10.7928	2.81331
-0.126974	-3.29064	4.2567
-0.112806	3.40033	4.69572
-0.0743244	9.23565	4.23923
-0.0153639	14.1505	3.002
0.0600672	18.1035	1.10747
0.147647	21.0191	-1.31545
0.242341	22.7267	-4.12778
0.320375	18.7282	-7.16774
0.363538	10.3591	-9.6717
0.374266	2.57471	-11.0549
0.357231	-4.0885	-11.396
0.317244	-9.59679	-10.8454
0.258938	-13.9935	-9.5578
0.186818	-17.3088	-7.68225
0.118434	-16.4121	-5.36364
0.0775267	-9.8177	-3.16574
0.0631069	-3.46075	-1.85098
0.0718689	2.10288	-1.3873
0.100317	6.8276	-1.66828
0.144842	10.6859	-2.58142
0.201811	13.6725	-4.0106
0.267683	15.8093	-5.83899
0.338514	16.9995	-7.95275
0.391973	12.8302	-10.2251
0.411354	4.65145	-11.9389
0.398147	-3.16986	-12.5576
0.356836	-9.9146	-12.1295
0.292752	-15.3802	-10.799
0.211156	-19.583	-8.73753
0.11718	-22.5542	-6.11426
0.0232903	-22.5336	-3.09421
-0.0407452	-15.3685	-0.0778484
-0.0749772	-8.21568	1.97875
-0.0814919	-1.56353	3.07754
-0.0638495	4.23418	3.28581
-0.025752	9.14339	2.71817
0.0290671	13.1566	1.49377
0.0968324	16.2637	-0.267295
0.172982	18.2759	-2.44359
0.23043	13.7876	-4.88849
0.254795	5.8475	-6.73201
0.249218	-1.33835	-7.51242
0.218464	-7.381	-7.331
0.167262	-12.2886	-6.34102
0.10012	-16.1141	-4.69462
0.0215168	-18.8647	-2.5368
-0.0561534	-18.6408	-0.0115842
-0.102208	-11.0532	2.4829
-0.116917	-3.53013	3.96123
-0.103745	3.16118	4.43239
-0.0663448	8.97615	4.00798
-0.00856139	13.868	2.80556
0.0656159	17.8026	0.948884
0.151559	20.6264	-1.43372
0.242117	21.7338	-4.19347
0.312256	16.8333	-7.10055
0.348334	8.65881	-9.35096
0.350633	0.551835	-10.5068
0.324259	-6.32975	-10.5773
0.274198	-12.0148	-9.72703
0.205231	-16.5521	-8.11622
0.122593	-19.8332	-5.89874
0.0439414	-18.8763	-3.24287
-0.00554058	-11.8757	-0.715882
-0.0277258	-5.32445	0.873513
-0.0250978	0.630715	1.58574
-0.00105666	5.76988	1.50084
0.0406232	10.0032	0.728256
0.0958482	13.254	-0.610582
0.163896	16.3314	-2.38402
0.235336	17.1457	-4.56873
0.28778	12.5865	-6.86172
0.304602	4.03735	-8.5439
0.289542	-3.61448	-9.08152
0.247587	-10.0691	-8.59503
0.183941	-15.275	-7.24493
0.10379	-19.2364	-5.19861
0.0122001	-21.9815	-2.62283
-0.0666451	-18.9229	0.319504
-0.115102	-11.6296	2.85162
-0.134905	-4.75273	4.40698
-0.129618	1.26887	5.04161
-0.102619	6.47977	4.87024
-0.0573596	10.8622	4.0016
0.00262432	14.3961	2.54679
0.0738971	17.1055	0.619526
0.140754	16.0456	-1.66969
0.177729	8.8741	-3.81637
0.183904	1.48185	-5.00271
0.163449	-4.90914	-5.19946
0.12105	-10.1757	-4.54092
0.0611312	-14.3805	-3.17782
-0.0122569	-17.6131	-1.25247
-0.0933095	-19.4526	1.10487
-0.15005	-13.6177	3.70763
-0.175105	-6.01326	5.52877
-0.171575	0.847281	6.33172
-0.142817	6.90179	6.21637
-0.0924299	12.093	5.29085
-0.0241606	16.3846	3.67093
0.0582759	19.7848	1.47723
0.150914	22.2331	-1.1708
0.233444	19.8072	-4.14564
0.285361	12.46	-6.79492
0.304594	4.61597	-8.46019
0.294333	-2.46253	-9.07526
0.259158	-8.44208	-8.74292
0.20373	-13.3028	-7.61051
0.132819	-17.0186	-5.82799
0.053592	-19.0144	-3.54879
0.00173008	-12.4469	-1.00322
-0.0221694	-5.73587	0.662696
-0.0202638	0.457328	1.43005
0.00415011	5.85935	1.3684
0.0472777	10.3506	0.583878
0.10492	13.8342	-0.801412
0.172389	16.1925	-2.65244
0.245982	17.6622	-4.81848
0.311113	15.6316	-7.18051
0.340108	6.95877	-9.27008
0.334335	-1.38556	-10.1984
0.298623	-8.57085	-10.0098
0.238413	-14.4504	-8.8598
0.158895	-19.0845	-6.92333
0.0650707	-22.5177	-4.36734
-0.0341818	-23.8206	-1.3527
-0.104819	-16.9529	1.83533
-0.144031	-9.41077	4.10337
-0.154713	-2.56372	5.36142
-0.140627	3.38049	5.70282
-0.105571	8.41341	5.24867
-0.0533686	12.5287	4.12116
-0.00954075	10.5187	2.44331
0.0430851	12.6302	1.03495
0.0954219	12.5608	-0.655531
0.122392	6.47281	-2.3362
0.12061	-0.427709	-3.20166
0.0935472	-6.49504	-3.14344
0.0454823	-11.5356	-2.27332
-0.0190704	-15.4927	-0.728952
-0.0924591	-17.6133	1.34447
-0.156309	-15.3239	3.70102
-0.189808	-8.03974	5.75048
-0.19424	-1.06383	6.82454
-0.173074	5.07979	6.96478
-0.129953	10.3492	6.28284
-0.068909	14.6505	4.89596
0.00631723	18.0543	2.93394
0.0919614	20.5546	0.517025
0.167653	18.1659	-2.23372
0.210412	10.2621	-4.66397
0.219848	2.2648	-6.03578
0.199955	-4.77433	-6.33699
0.15565	-10.6334	-5.69613
0.0918479	-15.3124	-4.27144
0.0136881	-18.7583	-2.22103
-0.0645515	-18.7775	0.289855
-0.11274	-11.5652	2.80253
-0.131949	-4.6101	4.34929
-0.125681	1.5042	4.96484
-0.0974627	6.77241	4.762
-0.0511228	11.1216	3.85425
0.00953832	14.5587	2.36477
0.0807466	17.09	0.415815
0.157713	18.4721	-1.87127
0.208914	12.288	-4.34259
0.223873	3.59034	-5.98561
0.206277	-4.22318	-6.46421
0.161499	-10.7466	-5.89707
0.0948508	-15.9956	-4.45715
0.0112725	-20.0588	-2.31527
-0.0841319	-22.897	0.369669
-0.169479	-20.4833	3.43359
-0.222669	-12.7658	6.17354
-0.246014	-5.60267	7.87991
-0.243136	0.690828	8.62719
-0.217347	6.18913	8.53206
-0.172144	10.8487	7.70118
-0.111215	14.6231	6.24702
-0.0381899	17.526	4.28824
0.0393607	18.6122	1.94161
0.0901294	12.1845	-0.549649
0.10824	4.34653	-2.17999
0.0971485	-2.66196	-2.76097
0.0617695	-8.49096	-2.4039
0.00697677	-13.1503	-1.26691
-0.0627589	-16.7366	0.493216
-0.141691	-18.9436	2.73271
-0.209633	-16.3062	5.26686
-0.24344	-8.11362	7.44728
-0.24595	-0.602431	8.5307
-0.2208	6.03603	8.60866
-0.17168	11.7887	7.79825
-0.102453	16.6146	6.21828
-0.0170272	20.5022	3.99301
0.0806718	23.4478	1.2482
0.181639	24.2321	-1.88993
0.256634	17.9989	-5.13204
0.296387	9.54082	-7.53903
0.303409	1.68505	-8.81343
0.282793	-4.94764	-9.03619
0.239572	-10.3731	-8.3713
0.178491	-14.6595	-6.9806
0.104747	-17.6984	-5.01672
0.0427756	-14.8732	-2.64681
0.0100205	-7.86124	-0.655687
0.00402302	-1.43939	0.396487
0.0217048	4.24364	0.588973
0.0593924	9.04502	0.020906
0.112836	12.8265	-1.1895
0.177488	15.5165	-2.90555
0.24977	17.3476	-4.98103
0.325515	18.179	-7.30091
0.377918	12.5768	-9.73133
0.393701	3.7879	-11.4113
0.376657	-4.09052	-11.9147
0.33231	-10.6433	-11.3636
0.266128	-15.8838	-9.93579
0.183046	-19.9395	-7.80716
0.0881946	-22.7644	-5.13647
-3.30782e-05	-21.1746	-2.08859
-0.0584887	-14.0293	0.7456
-0.0876958	-7.0097	2.62274
-0.0904305	-0.65634	3.55995
-0.070378	4.8126	3.64666
-0.0312676	9.38649	3.00151
0.0231983	13.0718	1.74449
0.089305	15.8656	-0.0053116
0.161171	17.2478	-2.12842
0.208276	11.3053	-4.43584
0.223205	3.58283	-5.94733
0.209468	-3.29683	-6.42493
0.171852	-9.02787	-5.98177
0.115029	-13.6374	-4.77183
0.043263	-17.2239	-2.94542
-0.039147	-19.7784	-0.639632
-0.116798	-18.6362	2.00727
-0.162082	-10.8681	4.5005
-0.176485	-3.45686	5.95344
-0.163347	3.15319	6.41417
-0.126252	8.90269	5.99022
-0.0689575	13.7508	4.79701
0.00477432	17.6956	2.95541
0.0911923	20.7403	0.586486
0.143297	12.5051	-2.18913
0.174994	7.60732	-3.86188
0.174286	-0.169897	-4.87868
0.143466	-7.39679	-4.85444
0.0867219	-13.6187	-3.86311
0.00854583	-18.7623	-2.03949
-0.0867406	-22.8687	0.471863
-0.193173	-25.5438	3.53196
-0.287889	-22.7318	6.94907
-0.350485	-15.0229	9.98884
-0.383188	-7.8489	11.9961
-0.389562	-1.52968	13.0427
-0.373448	3.86747	13.2433
-0.338717	8.33545	12.7216
-0.289221	11.879	11.6022
-0.228794	14.5023	10.009
-0.179706	11.7812	8.06521
-0.166232	3.23385	6.48616
-0.183189	-4.06986	6.05139
-0.227063	-10.5297	6.59413
-0.293211	-15.8754	8.00114
-0.376982	-20.1052	10.1231
-0.471496	-22.6832	12.8103
-0.557293	-20.5914	15.8418
-0.613257	-13.4313	18.5924
-0.639587	-6.31916	20.3839
-0.639909	-0.0772663	21.2232
-0.61801	5.25573	21.2269
-0.577721	9.66945	20.517
-0.522849	13.1692	19.2167
-0.457102	15.7794	17.4484
-0.398152	14.148	15.3314
-0.372087	6.25562	13.4334
-0.378467	-1.5313	12.5921
-0.412851	-8.2522	12.7931
-0.469821	-13.6729	13.8934
-0.544057	-17.8166	15.7188
-0.630011	-20.6289	18.0981
-0.718824	-21.3151	20.8529
-0.775528	-13.609	23.6988
-0.798414	-5.49256	25.5126
-0.791639	1.62603	26.2396
-0.759357	7.7476	26.0139
-0.705782	12.8581	24.969
-0.635098	16.9641	23.2406
-0.551363	20.0963	20.9633
-0.461262	21.6243	18.2675
-0.394406	16.0454	15.3681
-0.36339	7.44399	13.2162
-0.364776	-0.332824	12.2159
-0.393174	-6.81538	12.2566
-0.443099	-11.982	13.1648
-0.509392	-15.9103	14.7642
-0.587049	-18.6378	16.8887
-0.656035	-16.5565	19.3775
-0.692296	-8.70268	21.587
-0.697376	-1.21927	22.7449
-0.675352	5.2859	22.901
-0.630316	10.8086	22.1865
-0.566378	15.3452	20.7332
-0.48763	18.8995	18.6733
-0.397896	21.5361	16.1384
-0.304481	22.4195	13.2514
-0.238507	15.8337	10.2472
-0.207555	7.42854	8.12515
-0.207546	0.00207874	7.12855
-0.232784	-6.05708	7.12605
-0.277717	-10.7837	7.93438
-0.337001	-14.2283	9.37497
-0.405048	-16.3314	11.2761
-0.4506	-10.9324	13.458
-0.465109	-3.48216	14.9167
-0.451942	3.16015	15.3781
-0.414786	8.91728	14.9504
-0.357541	13.7388	13.7525
-0.284083	17.6299	11.9097
-0.198146	20.6249	9.54678
-0.113724	20.2613	6.78382
-0.0611843	12.6096	4.07038
-0.0391493	5.28841	2.38172
-0.0427167	-0.856187	1.67329
-0.0779349	-8.45237	1.78734
-0.133258	-13.2776	2.91786
-0.198738	-15.7151	4.69373
-0.261658	-15.1009	6.79523
-0.295629	-8.1529	8.8139
-0.299265	-0.872643	9.90216
-0.276507	5.46193	10.0159
-0.231398	10.8262	9.28183
-0.168087	15.1945	7.83021
-0.0908747	18.531	5.79446
-0.00391503	20.8703	3.31288
0.0736815	18.6232	0.519018
0.128669	13.1969	-1.97326
0.149988	5.11659	-3.73864
0.140812	-2.2021	-4.42218
0.106098	-8.33148	-4.12613
0.0511552	-13.1863	-3.00995
-0.0188715	-16.8064	-1.24446
-0.0974632	-18.862	1.00493
-0.152229	-13.1438	3.52869
-0.175042	-5.47505	5.28647
-0.169585	1.30962	6.01749
-0.139765	7.1568	5.84037
-0.0896568	12.026	4.88084
-0.0234219	15.8964	3.27002
0.0505105	17.7438	1.14178
0.112797	14.9488	-1.23302
0.175737	15.1056	-3.23306
0.211015	8.46673	-5.25346
0.214683	0.880285	-6.38483
0.190785	-5.73541	-6.50065
0.144399	-11.1327	-5.73113
0.0809355	-15.2312	-4.23959
0.0107319	-16.8489	-2.20007
-0.0457423	-13.5538	0.0552957
-0.0734091	-6.64001	1.86902
-0.0744576	-0.251661	2.75699
-0.0523935	5.2954	2.78981
-0.0108256	9.97628	2.08032
0.046535	13.7665	0.744657
0.115722	16.6049	-1.09779
0.189248	17.6462	-3.31949
0.242705	12.8297	-5.67984
0.264582	5.25052	-7.39492
0.2566	-1.91554	-8.09524
0.222822	-8.10677	-7.8364
0.168126	-13.1272	-6.74913
0.0975482	-16.9386	-4.99038
0.0165595	-19.4373	-2.72215
-0.0531608	-16.7329	-0.120246
-0.0912184	-9.13383	2.11895
-0.0994309	-1.97101	3.34056
-0.0814268	4.32097	3.60327
-0.0408948	9.72768	3.02393
0.0183851	14.2272	1.72124
0.0924003	17.7637	-0.183154
0.176059	20.0781	-2.5602
0.259797	20.0971	-5.24622
0.310861	12.2553	-7.93394
0.32783	4.07267	-9.57146
0.31496	-3.08877	-10.1135
0.27713	-9.07921	-9.69702
0.219154	-13.9141	-8.47905
0.14575	-17.6171	-6.61445
0.0635854	-19.7195	-4.25492
0.00489409	-14.0859	-1.61477
-0.025348	-7.2581	0.270677
-0.0293457	-0.959458	1.24185
-0.0102087	4.59289	1.36986
0.0283206	9.24702	0.754815
0.0821065	12.9086	-0.482844
0.146505	15.4556	-2.21011
0.217443	17.025	-4.27767
0.278122	14.563	-6.5546
0.310148	7.68642	-8.50135
0.308487	-0.398817	-9.5273
0.2772	-7.5087	-9.47097
0.221748	-13.3085	-8.46323
0.147357	-17.854	-6.67969
0.0590361	-21.197	-4.28843
-0.0359969	-22.8079	-1.45057
-0.106803	-16.9934	1.60199
-0.145853	-9.37206	3.87551
-0.156399	-2.53108	5.12845
-0.142173	3.41435	5.46556
-0.106941	8.45562	5.00696
-0.0545384	12.5766	3.87388
0.0112602	15.7917	2.18969
0.0869212	18.1586	0.0757979
0.15379	16.0486	-2.35418
0.186061	7.74512	-4.50104
0.186369	0.073801	-5.53609
0.159638	-6.41537	-5.54425
0.110615	-11.7656	-4.68404
0.0437923	-16.0374	-3.10813
-0.0362649	-19.2138	-0.961075
-0.122195	-20.6231	1.61037
-0.176723	-13.0869	4.36961
-0.199566	-5.48233	6.11951
-0.194198	1.28842	6.85124
-0.164329	7.16866	6.67669
-0.113846	12.1157	5.71532
-0.0466689	16.1226	4.09223
0.0332659	19.1844	1.93346
0.120472	20.9294	-0.634357
0.188539	16.3362	-3.43489
0.222553	8.16346	-5.6199
0.223193	0.153482	-6.71058
0.194855	-6.80108	-6.72904
0.142688	-12.5202	-5.81684
0.071638	-17.0519	-4.13961
-0.0132948	-20.3839	-1.85648
-0.0972923	-20.1594	0.871825
-0.150772	-12.8351	3.56924
