-0.293487	0.000638119	-0.198554
-9.52675e-20	-8.461e-18	-0.198559
-7.94616e-05	-0.0190708	-0.198559
-0.000330853	-0.0603339	-0.198375
-0.00117927	-0.20362	-0.197794
-0.00326282	-0.500053	-0.195833
-0.00695608	-0.886381	-0.191019
-0.0123383	-1.29173	-0.182485
-0.0188515	-1.56317	-0.170049
-0.0252917	-1.54564	-0.155001
-0.0303073	-1.20374	-0.14012
-0.0329304	-0.629544	-0.128532
-0.0331954	-0.0635991	-0.122471
-0.0325455	0.15597	-0.121858
-0.0335303	-0.236358	-0.12336
-0.0385229	-1.19823	-0.121084
-0.0480915	-2.29645	-0.109548
-0.061011	-3.10069	-0.0874402
-0.0731612	-2.91604	-0.0575897
-0.078791	-1.35116	-0.0295169
-0.074578	1.01112	-0.0165091
-0.0611778	3.21603	-0.026243
-0.0421903	4.557	-0.0572035
-0.0248469	4.16242	-0.101074
-0.0178941	1.66869	-0.141145
-0.0218814	-0.956957	-0.157209
-0.0353201	-3.2253	-0.147996
-0.0564504	-5.07125	-0.116946
-0.0824252	-6.23396	-0.0681248
-0.103355	-5.02318	-0.00811034
-0.107925	-1.09677	0.0402479
-0.0973665	2.53404	0.0508066
-0.0738476	5.64454	0.0264116
-0.0400189	8.11888	-0.0279282
0.000811093	9.79921	-0.106088
0.0363006	8.51747	-0.200425
0.0561033	4.75265	-0.282422
0.0609051	1.15244	-0.328175
0.0526956	-1.97027	-0.33927
0.0332757	-4.66078	-0.320301
0.00443025	-6.92292	-0.275432
-0.0318791	-8.71425	-0.208784
-0.0719952	-9.62784	-0.124892
-0.10277	-7.38599	-0.0322047
-0.117606	-3.56054	0.0389003
-0.115485	0.508938	0.0731777
-0.0984894	4.07898	0.0682782
-0.0690611	7.06278	0.02901
-0.0300431	9.36433	-0.0389832
0.0150807	10.8297	-0.129133
0.0530054	9.10191	-0.233391
0.073633	4.95062	-0.321014
0.0781858	1.09268	-0.368673
0.0688236	-2.24692	-0.379192
0.0473586	-5.15161	-0.35756
0.0155798	-7.62692	-0.307965
-0.0246545	-9.65622	-0.234541
-0.0706168	-11.031	-0.14158
-0.116442	-10.9979	-0.035385
-0.143346	-6.45703	0.0704922
-0.151423	-1.93845	0.132654
-0.143191	1.97555	0.151316
-0.121255	5.26474	0.132297
-0.088163	7.94206	0.0816134
-0.0466041	9.97413	0.00515538
-0.00064824	11.0294	-0.0908653
0.0309392	7.58098	-0.197045
0.0467308	3.78998	-0.270027
0.047644	0.219186	-0.306512
0.035467	-2.92249	-0.308622
0.0120069	-5.63041	-0.280487
-0.0208144	-7.87713	-0.226283
-0.0601904	-9.45023	-0.150449
-0.103022	-10.2796	-0.0594717
-0.137846	-8.35786	0.0394898
-0.156929	-4.57973	0.119951
-0.158579	-0.395983	0.16404
-0.144846	3.29589	0.167852
-0.118187	6.39797	0.136123
-0.0811053	8.89971	0.0745294
-0.0363979	10.7298	-0.0111479
0.0106481	11.291	-0.114443
0.0436583	7.92246	-0.223141
0.0605679	4.05829	-0.299411
0.0622548	0.404857	-0.338479
0.0506014	-2.79682	-0.342376
0.0275188	-5.53982	-0.315451
-0.00487991	-7.77569	-0.262119
-0.0438301	-9.34806	-0.187262
-0.086336	-10.2014	-0.097268
-0.125036	-9.28796	0.000941082
-0.143434	-4.41546	0.0903563
-0.142831	0.144594	0.132864
-0.126194	3.99296	0.131472
-0.0961302	7.21526	0.0930317
-0.055199	9.82349	0.0235706
-0.00615755	11.7699	-0.0709999
0.0460413	12.5277	-0.184309
0.082208	8.68001	-0.304913
0.101474	4.62387	-0.388475
0.105191	0.892015	-0.432988
0.0952184	-2.3934	-0.441575
0.0733949	-5.23765	-0.418533
0.0416352	-7.62233	-0.36811
0.00228463	-9.44413	-0.294729
-0.0422998	-10.7003	-0.20381
-0.0812911	-9.3579	-0.100799
-0.105232	-5.74589	-0.0107102
-0.111915	-1.60377	0.0446056
-0.10329	2.06997	0.0600451
-0.0817334	5.17353	0.0401177
-0.049666	7.69619	-0.00968771
-0.00973852	9.58258	-0.0837787
0.0328192	10.2139	-0.17603
0.061199	6.81115	-0.274358
0.0726585	2.75028	-0.339929
0.0688441	-0.915456	-0.366405
0.0519595	-4.05233	-0.357592
0.0239779	-6.71557	-0.318579
-0.0131434	-8.90911	-0.253928
-0.0570217	-10.5308	-0.16816
-0.104196	-11.3218	-0.0667799
-0.147384	-10.3652	0.0422149
-0.170304	-5.50071	0.142001
-0.174094	-0.909647	0.194956
-0.161557	3.00892	0.203713
-0.13542	6.27293	0.174746
-0.0984503	8.87263	0.114357
-0.0536648	10.7485	0.0289401
-0.0055508	11.5474	-0.0745355
0.0268305	7.77152	-0.185702
0.0419474	3.62805	-0.260518
0.0414151	-0.127747	-0.295444
0.0272784	-3.39282	-0.294214
0.00154253	-6.1766	-0.261551
-0.0337404	-8.4679	-0.202089
-0.0762544	-10.2034	-0.120568
-0.123267	-11.283	-0.0223402
-0.162754	-9.47682	0.0862814
-0.185774	-5.52485	0.177515
-0.191353	-1.339	0.230702
-0.181289	2.41532	0.243593
-0.157987	5.59264	0.22034
-0.123894	8.1823	0.1665
-0.0817745	10.1086	0.0877292
-0.0364414	10.8799	-0.00958613
-0.00460791	7.64004	-0.114327
0.0122821	4.05359	-0.187877
0.015719	0.824863	-0.226901
-0.0121239	-6.68229	-0.234841
-0.0505122	-9.2132	-0.170511
-0.0963959	-11.0121	-0.0818151
-0.147298	-12.2165	0.0241982
-0.20079	-12.8382	0.141806
-0.246699	-11.0181	0.2654
-0.273693	-6.47844	0.371471
-0.310048	-8.72526	0.433838
-0.331279	-5.09551	0.517836
-0.34013	-2.12413	0.56689
-0.339432	0.167558	0.587339
-0.332886	1.57103	0.585725
-0.32613	1.62139	0.5706
-0.333182	-1.69261	0.554991
-0.352285	-4.58468	0.571285
-0.380774	-6.83718	0.615422
-0.415964	-8.44563	0.681243
-0.467298	-12.3203	0.762548
-0.510086	-10.2691	0.881155
-0.556743	-11.1977	0.980015
-0.606788	-12.0108	1.08781
-0.657553	-12.1835	1.20344
-0.698158	-9.74521	1.32073
-0.722923	-5.94347	1.41455
-0.733263	-2.48171	1.47176
-0.731604	0.398104	1.49565
-0.720546	2.65385	1.49182
-0.707575	3.11322	1.46627
-0.714238	-1.59923	1.4363
-0.729124	-3.57256	1.45169
-0.729586	-0.110829	1.48608
-0.732725	-0.753474	1.48715
-0.737628	-1.17681	1.4944
-0.743776	-1.47546	1.50573
-0.750657	-1.6514	1.51993
-0.757759	-1.70451	1.53583
-0.78164	-5.73141	1.55224
-0.793964	-2.9577	1.60741
-0.792854	0.266379	1.63588
-0.7797	3.15693	1.63332
-0.756402	5.59156	1.60293
-0.725306	7.46302	1.54909
-0.688799	8.76159	1.47725
-0.65137	8.98294	1.3929
-0.621493	7.17059	1.30642
-0.598564	5.50304	1.23739
-0.580953	4.22652	1.18441
-0.567794	3.15817	1.14372
-0.558591	2.20875	1.11331
-0.55301	1.3394	1.09205
-0.550785	0.533981	1.07915
-0.549697	0.26103	1.07401
-0.536533	3.15957	1.0715
-0.525523	2.64223	1.04108
-0.501958	5.65577	1.01564
-0.477213	5.9387	0.961193
-0.447663	7.09198	0.904021
-0.410806	8.8456	0.835746
-0.372739	9.13627	0.750589
-0.343176	7.09515	0.662633
-0.323792	4.65216	0.594328
-0.308913	3.57082	0.549541
-0.302265	1.59559	0.515165
-0.301967	0.0713916	0.499804
-0.30726	-1.27028	0.499116
-0.317221	-2.39065	0.511345
-0.329042	-2.83693	0.534359
-0.340335	-2.71043	0.56167
-0.338451	0.452216	0.587763
-0.320019	4.42369	0.583409
-0.286719	7.99211	0.540822
-0.240921	10.9915	0.463881
-0.185431	13.3175	0.358066
-0.123123	14.954	0.229858
-0.0582953	15.5586	0.0858964
-0.00727128	12.2458	-0.0638859
0.028902	8.68159	-0.181775
0.0507716	5.24871	-0.265353
0.0593849	2.06718	-0.315881
0.0565589	-0.67824	-0.335782
0.0444122	-2.9152	-0.329252
0.0250836	-4.63887	-0.301187
0.000833418	-5.82004	-0.256528
-0.0145238	-3.68574	-0.200498
-0.0140702	0.108866	-0.165015
0.000418916	3.47739	-0.166063
0.0264707	6.25244	-0.19954
0.061591	8.42885	-0.259731
0.103218	9.99042	-0.340876
0.148785	10.9361	-0.437053
0.1894	9.74769	-0.542334
0.213547	5.79525	-0.636174
0.222465	2.14041	-0.691964
0.21784	-1.11002	-0.712569
0.201416	-3.94192	-0.701882
0.175095	-6.317	-0.663932
0.141096	-8.15978	-0.603118
0.101782	-9.43515	-0.524563
0.060195	-9.981	-0.43373
0.0260682	-8.19043	-0.337643
0.00628252	-4.74856	-0.258793
0.000424662	-1.40589	-0.213078
0.00716733	1.61824	-0.199544
0.0247282	4.21462	-0.215122
0.0511952	6.35206	-0.255696
0.0838875	7.84617	-0.316847
0.113049	6.99874	-0.392381
0.127469	3.4608	-0.459757
0.127426	-0.0104106	-0.493074
0.11447	-3.10924	-0.492973
0.0902227	-5.81946	-0.46304
0.0564089	-8.11531	-0.407015
0.0148287	-9.97924	-0.328889
-0.0326464	-11.394	-0.232818
-0.0409951	-2.00367	-0.123128
-0.0438393	-0.682621	-0.103838
-0.0353911	2.02756	-0.0972665
-0.0159838	4.65776	-0.116786
0.0118512	6.68039	-0.161626
0.0429289	7.45865	-0.225937
0.0687479	6.19658	-0.297741
0.0797358	2.63707	-0.357395
0.0765114	-0.773854	-0.382782
0.0608806	-3.75137	-0.375331
0.0346436	-6.2969	-0.339217
-0.000336686	-8.39526	-0.278596
-0.0418288	-9.95811	-0.197774
-0.0789756	-8.91524	-0.101908
-0.101421	-5.38688	-0.0160804
-0.110193	-2.10521	0.0357792
-0.107429	0.663202	0.0560461
-0.0955029	2.86234	0.0496615
-0.0769556	4.45135	0.0221059
-0.0576382	4.63616	-0.0207471
-0.0504725	1.71978	-0.0653792
-0.0565068	-1.44822	-0.0819353
-0.0736738	-4.12008	-0.067993
-0.0998547	-6.28343	-0.0283289
-0.133006	-7.95626	0.0321618
-0.171282	-9.1864	0.108757
-0.213025	-10.0182	0.197194
-0.25318	-9.63731	0.293639
-0.281563	-6.81195	0.386417
-0.292461	-2.61543	0.451995
-0.286736	1.37403	0.477174
-0.26592	4.9958	0.463946
-0.23226	8.07848	0.415851
-0.188682	10.4587	0.338079
-0.138935	11.9394	0.237394
-0.0979782	9.82955	0.122453
-0.0699726	6.72133	0.0278245
-0.0526834	4.1494	-0.0368816
-0.0443834	1.99201	-0.0768277
-0.0438403	0.130339	-0.0960045
-0.0498579	-1.44421	-0.097259
-0.0611351	-2.70653	-0.0833554
-0.0761703	-3.60845	-0.0572995
-0.0898082	-3.2731	-0.0225607
-0.0859341	0.929773	0.00894951
-0.0652038	4.97528	-1.26742e-06
-0.0302417	8.3909	-0.0478981
0.0157022	11.0265	-0.128677
0.0690187	12.796	-0.234829
0.125867	13.6436	-0.358015
0.181821	13.4289	-0.489362
0.220202	9.21146	-0.61864
0.24124	5.0492	-0.707318
0.24697	1.37516	-0.755926
0.239364	-1.82549	-0.769164
0.220142	-4.61316	-0.751589
0.190813	-7.03901	-0.707178
0.152882	-9.10342	-0.639412
0.108607	-10.6261	-0.551773
0.0700908	-9.24379	-0.449475
0.042418	-6.64148	-0.360484
0.0261612	-3.90162	-0.296546
0.0194529	-1.60999	-0.258985
0.0201516	0.167679	-0.243485
0.025956	1.39305	-0.245099
0.0342754	1.99666	-0.25851
0.0415252	1.73995	-0.277731
0.0326881	-2.1209	-0.294481
0.00906807	-5.66881	-0.274063
-0.02691	-8.63473	-0.219489
-0.073156	-11.099	-0.136362
-0.12762	-13.0713	-0.0295117
-0.187706	-14.4208	0.0963257
-0.250856	-15.1558	0.235155
-0.315057	-15.4084	0.381059
-0.369049	-12.958	0.529395
-0.404073	-8.40573	0.654142
-0.419977	-3.81702	0.735063
-0.419011	0.231869	0.771809
-0.403622	3.69337	0.769576
-0.37624	6.57155	0.734019
-0.339634	8.7855	0.670755
-0.302579	8.89335	0.586176
-0.276482	6.26326	0.50056
-0.259854	3.99068	0.440263
-0.251059	2.11082	0.401845
-0.248884	0.521978	0.381523
-0.252254	-0.808947	0.376498
-0.260008	-1.8608	0.384286
-0.270613	-2.54528	0.402199
-0.280927	-2.47545	0.426703
-0.279167	0.422616	0.450533
-0.25885	4.87601	0.446465
-0.221881	8.87242	0.399523
-0.171254	12.1506	0.314108
-0.109831	14.7414	0.197134
-0.0401616	16.7207	0.0552188
0.0349689	18.0313	-0.105751
0.1063	17.1193	-0.279338
0.159672	12.8095	-0.444146
0.195524	8.60445	-0.567462
0.215619	4.82276	-0.650296
0.221715	1.46293	-0.696724
0.215605	-1.46632	-0.710807
0.19923	-3.93008	-0.69669
0.174813	-5.85998	-0.658854
0.144411	-7.29647	-0.60244
0.122522	-5.25342	-0.532196
0.114526	-1.91908	-0.481621
0.118623	0.983266	-0.463145
0.132441	3.31634	-0.47261
0.153834	5.13429	-0.504536
0.180799	6.47172	-0.553963
0.211086	7.2689	-0.616266
0.237797	6.4105	-0.686243
0.247383	2.30067	-0.747956
0.240979	-1.53696	-0.770103
0.220342	-4.9529	-0.755306
0.187384	-7.90974	-0.707624
0.144231	-10.3568	-0.631476
0.0933437	-12.213	-0.53177
0.0376505	-13.3664	-0.414196
-0.0198538	-13.801	-0.285517
-0.067841	-11.5169	-0.152655
-0.097988	-7.23529	-0.0417812
-0.110978	-3.11751	0.027873
-0.108745	0.535944	0.0578853
-0.0933576	3.69286	0.0527259
-0.0668061	6.37237	0.0171749
-0.0314128	8.49438	-0.0441717
0.00370413	8.42806	-0.125947
0.0266311	5.50248	-0.207083
0.0367209	2.42155	-0.260055
0.0349359	-0.428404	-0.283367
0.0226463	-2.94951	-0.279243
0.00152007	-5.07029	-0.250847
-0.0264787	-6.71969	-0.202035
-0.05916	-7.84353	-0.137345
-0.0941655	-8.40131	-0.0618348
-0.122217	-6.73239	0.0190447
-0.132393	-2.44211	0.0838574
-0.126576	1.39586	0.107368
-0.142653	-3.85845	0.0939297
-0.157263	-3.5062	0.131075
-0.170982	-3.2927	0.164829
-0.184453	-3.23291	0.196528
-0.198103	-3.27619	0.227651
-0.214097	-3.83842	0.259191
-0.239709	-6.14704	0.296143
-0.273525	-8.11563	0.35532
-0.314195	-9.76096	0.433449
-0.360367	-11.0812	0.527418
-0.410342	-11.9939	0.634096
-0.462126	-12.4283	0.749561
-0.513506	-12.3313	0.869207
-0.558652	-10.835	0.98792
-0.587874	-7.01315	1.09223
-0.599024	-2.67606	1.15974
-0.594433	1.10191	1.1855
-0.576367	4.33588	1.17489
-0.546803	7.09535	1.13315
-0.507861	9.3461	1.06484
-0.464173	10.485	0.974869
-0.429247	8.38231	0.873929
-0.404582	5.91946	0.793232
-0.389253	3.67897	0.736245
-0.381934	1.75659	0.700827
-0.381167	0.184113	0.683916
-0.385339	-1.00136	0.682143
-0.39269	-1.76422	0.691782
-0.401288	-2.06341	0.708766
-0.404611	-0.797445	0.72863
-0.39093	3.28335	0.736306
-0.36229	6.87348	0.704697
-0.321302	9.83719	0.638526
-0.270114	12.2851	0.543823
-0.210651	14.2711	0.425554
-0.145012	15.7535	0.288165
-0.0783519	15.9984	0.136507
-0.0250761	12.7862	-0.0175091
0.0149565	9.60784	-0.140601
0.0423578	6.57632	-0.233096
0.0581528	3.7908	-0.296405
0.0637652	1.34697	-0.332899
0.0610928	-0.641383	-0.345866
0.0520631	-2.16713	-0.339691
0.0386939	-3.20859	-0.318827
0.029879	-2.11559	-0.287938
0.0339459	0.976067	-0.26757
0.0518007	4.28516	-0.276967
0.0811564	7.04536	-0.318219
0.119359	9.1686	-0.386045
0.163816	10.6698	-0.47431
0.211544	11.4547	-0.577028
0.255868	10.6377	-0.687301
0.280306	5.86522	-0.789709
0.284587	1.02742	-0.846172
0.271048	-3.24948	-0.856062
0.242165	-6.93176	-0.824779
0.200327	-10.0413	-0.758046
0.147831	-12.599	-0.661378
0.08679	-14.6498	-0.540087
0.0193077	-16.1958	-0.399052
-0.0424497	-14.8218	-0.243136
-0.0892537	-11.233	-0.100446
-0.121924	-7.84076	0.0076936
-0.142643	-4.97273	0.0831766
-0.154588	-2.86681	0.131049
-0.160855	-1.50409	0.158648
-0.164464	-0.866194	0.173128
-0.170322	-1.40569	0.181467
-0.191444	-5.06933	0.194999
-0.224887	-8.02646	0.243801
-0.267148	-10.1426	0.321072
-0.315635	-11.6368	0.418715
-0.368297	-12.6388	0.530742
-0.423308	-13.2027	0.652416
-0.478773	-13.3116	0.779517
-0.532536	-12.9031	0.907667
-0.57464	-10.1051	1.03188
-0.600793	-6.27653	1.12916
-0.61211	-2.71621	1.18959
-0.610764	0.323007	1.21574
-0.59946	2.71304	1.21263
-0.580889	4.45694	1.18651
-0.557834	5.53328	1.1436
-0.536609	5.0941	1.09033
-0.524318	2.94979	1.04129
-0.518265	1.45277	1.01289
-0.516319	0.467035	0.998902
-0.51733	-0.242657	0.994405
-0.520725	-0.814786	0.99674
-0.526157	-1.30384	1.00458
-0.533101	-1.66652	1.01713
-0.540756	-1.83725	1.03318
-0.539545	0.290665	1.05086
-0.524164	3.69143	1.04806
-0.495908	6.78149	1.01253
-0.457288	9.2687	0.94724
-0.411472	10.9958	0.858009
-0.361342	12.0312	0.752152
-0.309644	12.4076	0.636327
-0.262134	11.4026	0.51688
-0.228187	8.14717	0.407107
-0.204951	5.57658	0.328674
-0.190175	3.54629	0.274988
-0.182438	1.85705	0.240848
-0.180542	0.455025	0.22297
-0.183396	-0.685117	0.21859
-0.189778	-1.53154	0.225185
-0.195277	-1.31995	0.239929
-0.189409	1.40834	0.252636
-0.168596	4.99525	0.239078
-0.139953	6.87435	0.190989
-0.1023	9.03657	0.12481
-0.0558851	11.1396	0.0378147
-0.00338501	12.6	-0.0694263
0.0517799	13.2396	-0.190726
0.101693	11.9791	-0.318183
0.135181	8.03709	-0.433505
0.153396	4.37167	-0.510878
0.158601	1.2493	-0.552963
0.152467	-1.47212	-0.56499
0.136904	-3.73535	-0.550817
0.118684	-4.37265	-0.514856
0.0947013	-5.75588	-0.47276
0.066607	-6.74265	-0.417347
0.0414785	-6.03082	-0.352436
0.0278766	-3.26446	-0.294376
0.0288561	0.235065	-0.262949
0.042678	3.31726	-0.265212
0.0668948	5.81203	-0.297147
0.0985218	7.59048	-0.353099
0.134151	8.55107	-0.426171
0.16372	7.09647	-0.508492
0.177083	3.20708	-0.576809
0.17511	-0.473379	-0.607683
0.160313	-3.55132	-0.603125
0.134786	-6.12644	-0.568936
0.100451	-8.24057	-0.509956
0.0591856	-9.90358	-0.430623
0.0129111	-11.1059	-0.335281
-0.0332435	-11.0771	-0.228364
-0.0653134	-7.69679	-0.121725
-0.0787772	-3.23131	-0.0476279
-0.075604	0.761585	-0.0165199
-0.0585751	4.08692	-0.0238515
-0.0307732	6.67246	-0.0631961
0.00428937	8.41501	-0.127432
0.0411578	8.84841	-0.208443
0.0622939	5.07267	-0.293626
0.0669994	1.12932	-0.34246
0.0576434	-2.24543	-0.353331
0.0364523	-5.08587	-0.331714
0.00542714	-7.44604	-0.282752
-0.0336019	-9.36696	-0.211069
-0.0785822	-10.7953	-0.120893
-0.1251	-11.1643	-0.0169666
-0.16301	-9.09838	0.0905117
-0.184153	-5.07426	0.178102
-0.189824	-1.36124	0.226952
-0.182678	1.71517	0.240056
-0.165444	4.1361	0.223544
-0.140716	5.9348	0.183726
-0.111233	7.07581	0.126592
-0.0843196	6.45928	0.058473
-0.0721217	2.92751	-0.00371032
-0.0736088	-0.356901	-0.0318933
-0.0866263	-3.12422	-0.0284572
-0.10914	-5.40328	0.00161974
-0.13902	-7.17128	0.0536372
-0.174397	-8.49045	0.122675
-0.212652	-9.18116	0.204413
-0.250687	-9.1285	0.292799
-0.280407	-7.13257	0.380679
-0.290779	-2.48932	0.449344
-0.283369	1.77837	0.473309
-0.261057	5.35477	0.456188
-0.226483	8.2978	0.404637
-0.182105	10.6507	0.324754
-0.130643	12.3508	0.22222
-0.0806273	12.0039	0.103319
-0.0438344	8.83028	-0.0122424
-0.0192396	5.90277	-0.0972512
-0.00568845	3.25227	-0.154077
-0.00182121	0.928138	-0.185386
-0.00601026	-1.00537	-0.194321
-0.0163542	-2.48254	-0.184642
-0.0307585	-3.45704	-0.160742
-0.0461206	-3.68691	-0.127461
-0.0507514	-1.11138	-0.0919669
-0.036641	3.38649	-0.0812675
-0.00579112	7.40398	-0.113869
0.0385916	10.6518	-0.185147
0.093172	13.0993	-0.287691
0.154667	14.7588	-0.413798
0.22043	15.7831	-0.55588
0.282516	14.9006	-0.707823
0.327873	10.8858	-0.85127
0.356598	6.89394	-0.956066
0.370416	3.31644	-1.02243
0.371256	0.201508	-1.05436
0.360945	-2.47454	-1.0563
0.341315	-4.71127	-1.03247
0.314308	-6.48162	-0.987118
0.282109	-7.72787	-0.924719
0.252744	-7.04751	-0.850322
0.23872	-3.36574	-0.782474
0.238342	-0.0909032	-0.750072
0.248944	2.54471	-0.749196
0.267893	4.54773	-0.773693
0.292633	5.9376	-0.817473
0.32033	6.64718	-0.874633
0.344524	5.80654	-0.938624
0.349619	1.22287	-0.994523
0.336778	-3.08197	-1.00629
0.308381	-6.8152	-0.976623
0.266536	-10.0427	-0.911012
0.213388	-12.7555	-0.81433
0.151057	-14.9596	-0.691532
0.0816579	-16.6557	-0.547515
0.00793945	-17.6924	-0.387171
-0.0577651	-15.7691	-0.216845
-0.107205	-11.8655	-0.0650359
-0.140458	-7.98079	0.0491934
-0.159681	-4.61359	0.126024
-0.167798	-1.94805	0.170439
-0.167608	0.045555	0.189193
-0.161815	1.39053	0.188755
-0.15653	1.26839	0.175368
-0.165892	-2.24699	0.163157
-0.187927	-5.28828	0.184789
-0.219566	-7.59349	0.235699
-0.258338	-9.30534	0.308801
-0.302189	-10.5241	0.398384
-0.349277	-11.3011	0.499699
-0.397821	-11.6507	0.608494
-0.445714	-11.4943	0.720655
-0.483615	-9.0962	0.83131
-0.500909	-4.1505	0.918878
-0.498772	0.512883	0.958834
-0.479838	4.54398	0.953896
-0.447315	7.80552	0.91015
-0.404526	10.2695	0.835006
-0.355415	11.7867	0.736141
-0.308698	11.2121	0.62267
-0.275238	8.03023	0.514731
-0.252716	5.40529	0.437424
-0.23844	3.42625	0.385387
-0.230332	1.94595	0.352402
-0.226828	0.840909	0.333668
-0.226575	0.0607554	0.325573
-0.228253	-0.402782	0.324988
-0.230239	-0.476492	0.328865
-0.221192	2.17113	0.333452
-0.195133	6.25426	0.31255
-0.153559	9.97768	0.252341
-0.0991943	13.0476	0.156285
-0.0353078	15.3328	0.0306764
0.0346636	16.7931	-0.116932
0.106317	17.1969	-0.278599
0.172241	15.8216	-0.444153
0.218427	11.0848	-0.596467
0.246959	6.84753	-0.703179
0.260572	3.26729	-0.769099
0.261436	0.207364	-0.800553
0.251261	-2.44211	-0.802548
0.23161	-4.71633	-0.779037
0.20409	-6.60463	-0.733632
0.170921	-7.96071	-0.670049
0.1488	-5.30905	-0.59341
0.139421	-2.25099	-0.542299
0.140695	0.305822	-0.520628
0.149981	2.22878	-0.523572
0.164467	3.47666	-0.545028
0.181129	3.99866	-0.578497
0.191195	2.416	-0.616991
0.184541	-1.59695	-0.640249
0.162497	-5.29074	-0.624875
0.128468	-8.16678	-0.57394
0.0850106	-10.4298	-0.495318
0.0343206	-12.1656	-0.39491
-0.0215144	-13.4004	-0.277791
-0.0804168	-14.1366	-0.148785
-0.136924	-13.5617	-0.012692
-0.175515	-9.26194	0.117867
-0.192591	-4.0981	0.207031
-0.190808	0.427864	0.246484
-0.173471	4.161	0.242364
-0.143846	7.10994	0.202306
-0.105321	9.24598	0.133859
-0.0618335	10.437	0.0448482
-0.0301957	7.59307	-0.0556283
-0.0127496	4.18707	-0.128726
-0.00736005	1.29349	-0.169035
-0.012028	-1.12031	-0.181487
-0.0248104	-3.06778	-0.170702
-0.0437051	-4.53473	-0.141168
-0.0665857	-5.49135	-0.0975119
-0.0911485	-5.89506	-0.0446465
-0.107764	-3.9878	0.0121053
-0.104068	0.887085	0.050496
-0.0816986	5.3687	0.0419561
-0.044285	8.97926	-0.00972818
0.00433109	11.6679	-0.0961713
0.0601919	13.4066	-0.208497
0.119246	14.1729	-0.337562
0.174062	13.1558	-0.474004
0.210034	8.63334	-0.600654
0.228023	4.31729	-0.683767
0.23052	0.599441	-0.725328
0.219632	-2.61325	-0.731098
0.197392	-5.33757	-0.70594
0.165872	-7.56474	-0.654554
0.127074	-9.31148	-0.581728
0.0832305	-10.5225	-0.492086
0.0473676	-8.6071	-0.390785
0.0268848	-4.91587	-0.307924
0.0201013	-1.62803	-0.260599
0.024361	1.02231	-0.244925
0.0369888	3.03068	-0.254767
0.0552641	4.38606	-0.283943
0.0762972	5.04797	-0.326167
0.0942451	4.30749	-0.374763
0.111375	4.11106	-0.416231
0.114254	0.690992	-0.455807
0.104685	-2.29658	-0.462459
0.0845562	-4.8308	-0.440349
0.055986	-6.85685	-0.393843
0.0212219	-8.34338	-0.327831
-0.0135289	-8.3402	-0.247509
-0.0365963	-5.53617	-0.167218
-0.0436021	-1.6814	-0.113921
-0.036846	1.62148	-0.0977338
-0.0181911	4.47716	-0.113344
0.0100831	6.78583	-0.156445
0.0450281	8.38679	-0.221772
0.0768345	7.63354	-0.302511
0.0929788	3.87463	-0.375998
0.0952298	0.540233	-0.413299
0.085659	-2.29699	-0.418499
0.066252	-4.65768	-0.396385
0.0389608	-6.54988	-0.351546
0.00576032	-7.96812	-0.28849
-0.0313319	-8.90213	-0.21178
-0.0634348	-7.7047	-0.126079
-0.0852461	-5.23469	-0.0519057
-0.0913104	-1.45545	-0.00151117
-0.080639	2.56114	0.0125006
-0.0553158	6.07757	-0.0121554
-0.0180148	8.95225	-0.0706639
0.0281792	11.0866	-0.156847
0.07934	12.2786	-0.263577
0.122279	10.3054	-0.381782
0.14896	6.40343	-0.480992
0.159988	2.64662	-0.542637
0.157052	-0.704538	-0.568115
0.142059	-3.59826	-0.561332
0.117003	-6.01355	-0.526691
0.0839109	-7.94209	-0.468798
0.0449823	-9.34284	-0.392339
0.00339237	-9.98159	-0.302395
-0.0267961	-7.24522	-0.206302
-0.0410324	-3.41671	-0.136552
-0.0416766	-0.154621	-0.103659
-0.0317931	2.37205	-0.10217
-0.0142512	4.21005	-0.125005
0.00791028	5.31876	-0.165535
0.0311314	5.57306	-0.216739
0.0401161	2.15633	-0.27039
0.0308317	-2.22824	-0.291149
0.0060363	-5.9509	-0.269697
-0.0315172	-9.01285	-0.212407
-0.0789418	-11.3819	-0.12564
-0.133167	-13.0139	-0.0160666
-0.188908	-13.378	0.109219
-0.240637	-12.4149	0.238008
-0.285937	-10.8721	0.357527
-0.32014	-8.20861	0.462192
-0.338896	-4.50145	0.541216
-0.343857	-1.19056	0.584551
-0.337177	1.60308	0.596012
-0.323923	3.18092	0.580578
-0.310879	3.13063	0.549955
-0.302193	2.08451	0.519816
-0.300703	0.357638	0.499749
-0.308129	-1.78223	0.496305
-0.322736	-3.50558	0.513462
-0.342549	-4.75521	0.54721
-0.365856	-5.59368	0.592988
-0.391034	-6.04262	0.646838
-0.416387	-6.08477	0.70501
-0.435095	-4.48985	0.763587
-0.432493	0.62435	0.80681
-0.410209	5.34825	0.800799
-0.371093	9.3878	0.749311
-0.318385	12.6499	0.658934
-0.255523	15.087	0.537153
-0.186367	16.5974	0.391911
-0.12105	15.676	0.232128
-0.067768	12.7877	0.0812146
-0.0271831	9.74036	-0.0418924
0.00265892	7.1621	-0.135663
0.0228633	4.84906	-0.204612
0.0345441	2.80339	-0.251293
0.0389207	1.05037	-0.278281
0.0374077	-0.36311	-0.288392
0.0366196	-0.189146	-0.284896
0.0483488	2.81502	-0.283075
0.0738254	6.11437	-0.310175
0.111103	8.9466	-0.369037
0.15748	11.1305	-0.455166
0.209946	12.5919	-0.562318
0.265507	13.3345	-0.683539
0.318985	12.8348	-0.81191
0.35877	9.54838	-0.93547
0.380583	5.23509	-1.02739
0.386535	1.42849	-1.07779
0.379071	-1.79137	-1.09154
0.360037	-4.56813	-1.07429
0.33087	-7.00019	-1.03031
0.292973	-9.09513	-0.962922
0.248041	-10.7837	-0.875362
0.202194	-11.0034	-0.771546
0.167031	-8.43892	-0.665616
0.146241	-4.98977	-0.584374
0.138147	-1.94239	-0.536337
0.140105	0.469735	-0.517637
0.149379	2.22597	-0.522158
0.163092	3.29097	-0.543587
0.178001	3.5781	-0.575268
0.18098	0.714974	-0.609714
0.165501	-3.71481	-0.616596
0.134603	-7.41553	-0.580833
0.0909284	-10.482	-0.509443
0.0366975	-13.0154	-0.408533
-0.0259396	-15.0329	-0.283233
-0.0947874	-16.5235	-0.138511
-0.165938	-17.076	0.0205602
-0.229087	-15.1559	0.184951
-0.271563	-10.1941	0.330857
-0.294295	-5.45577	0.428995
-0.299941	-1.35506	0.481518
-0.291041	2.13596	0.494562
-0.269911	5.0712	0.473999
-0.23886	7.45236	0.425178
-0.203697	8.43903	0.353434
-0.177463	6.29619	0.272192
-0.16209	3.68939	0.211578
-0.155577	1.56312	0.176061
-0.15609	-0.12297	0.161012
-0.161919	-1.39892	0.162196
-0.171385	-2.27191	0.175664
-0.182771	-2.73267	0.197535
-0.194297	-2.76619	0.223843
-0.201656	-1.76613	0.250473
-0.19294	2.09184	0.267475
-0.165617	6.55756	0.247337
-0.122387	10.375	0.184207
-0.0663185	13.4566	0.0843272
-0.00028782	15.8474	-0.0452189
0.0720842	17.3693	-0.197781
0.145217	17.5517	-0.364995
0.202028	13.6349	-0.533965
0.240553	9.24585	-0.665226
0.262197	5.19471	-0.754235
0.268952	1.62112	-0.804244
0.262897	-1.45321	-0.819849
0.246117	-4.02715	-0.805859
0.22069	-6.10264	-0.767088
0.18898	-7.61027	-0.708337
0.160616	-6.80726	-0.635073
0.146483	-3.39194	-0.569538
0.145614	-0.208761	-0.536884
0.15553	2.37987	-0.534873
0.173621	4.34182	-0.557784
0.19736	5.69748	-0.599582
0.224186	6.4383	-0.65443
0.250386	6.28784	-0.716411
0.258842	2.02952	-0.776943
0.249168	-2.32169	-0.796481
0.224022	-6.03502	-0.774129
0.18582	-9.16857	-0.716029
0.13688	-11.7456	-0.627762
0.0814474	-13.3038	-0.514687
0.0242243	-13.7335	-0.38661
-0.0359825	-14.4496	-0.254397
-0.0965424	-14.5344	-0.11529
-0.14776	-12.2923	0.0246321
-0.179755	-7.67869	0.14297
-0.194075	-3.43691	0.216893
-0.193007	0.256346	0.24998
-0.179408	3.26389	0.247512
-0.158191	5.09212	0.21609
-0.138087	4.82478	0.167068
-0.126576	2.76282	0.12062
-0.125585	0.237644	0.0940227
-0.133175	-1.82143	0.091735
-0.147237	-3.37493	0.10927
-0.165779	-4.45014	0.14176
-0.186838	-5.05409	0.184602
-0.208161	-5.11762	0.233257
-0.225486	-4.15786	0.282525
-0.226398	-0.219011	0.322552
-0.207056	4.64223	0.32466
-0.170244	8.83474	0.279969
-0.119155	12.2613	0.194917
-0.057074	14.8995	0.0768778
0.0124762	16.692	-0.0665595
0.0846977	17.3331	-0.227253
0.142782	13.9403	-0.394119
0.181191	9.21807	-0.528322
0.202658	5.15203	-0.617064
0.209887	1.73496	-0.666661
0.20518	-1.12968	-0.683363
0.190615	-3.49551	-0.672487
0.168148	-5.3922	-0.638835
0.139703	-6.82666	-0.586924
0.115137	-5.89591	-0.521203
0.105214	-2.38155	-0.464442
0.108409	0.766726	-0.441515
0.121947	3.24917	-0.448895
0.14266	4.97114	-0.480174
0.167405	5.93873	-0.528031
0.193311	6.21747	-0.585202
0.21488	5.17669	-0.645057
0.218465	0.860213	-0.694892
0.204201	-3.42336	-0.703173
0.175263	-6.94489	-0.670215
0.13417	-9.86249	-0.603356
0.0829688	-12.2882	-0.50841
0.0234645	-14.281	-0.39011
-0.0425811	-15.8509	-0.252626
-0.112696	-16.8276	-0.100029
-0.173359	-14.559	0.0619701
-0.217522	-10.5991	0.20213
-0.244609	-6.50099	0.304167
-0.255392	-2.58782	0.366752
-0.251955	0.824923	0.391665
-0.237048	3.5776	0.383723
-0.213974	5.53771	0.349281
-0.189145	5.95896	0.29597
-0.177239	2.85738	0.238603
-0.176098	0.273834	0.211095
-0.183088	-1.67747	0.208458
-0.196127	-3.1293	0.224607
-0.213463	-4.16078	0.254733
-0.233538	-4.81799	0.294789
-0.2547	-5.07885	0.341171
-0.275001	-4.87226	0.390065
-0.283715	-2.09122	0.43697
-0.270701	3.12331	0.457102
-0.238398	7.75277	0.427034
-0.190188	11.5702	0.352398
-0.129362	14.5984	0.241011
-0.0590932	16.8645	0.100473
0.0173806	18.3537	-0.0618812
0.0895576	17.3225	-0.238572
0.143159	12.8643	-0.405335
0.178892	8.57604	-0.529179
0.199239	4.88307	-0.61174
0.206105	1.64799	-0.658748
0.201182	-1.18162	-0.674613
0.186438	-3.53838	-0.663236
0.164006	-5.38389	-0.629172
0.136949	-6.49367	-0.57734
0.118851	-4.34355	-0.514825
0.116144	-0.649694	-0.473009
0.127019	2.61006	-0.466754
0.148509	5.15768	-0.491881
0.177721	7.01083	-0.541533
0.211946	8.21411	-0.609025
0.248383	8.74469	-0.688102
0.281359	7.91443	-0.772286
0.295807	3.46749	-0.848477
0.29287	-0.704972	-0.881858
0.275104	-4.26377	-0.87507
0.244966	-7.23317	-0.834022
0.204812	-9.63697	-0.764387
0.156872	-11.5056	-0.671612
0.103772	-12.7439	-0.560847
0.04802	-13.3805	-0.43816
0.000794373	-11.3342	-0.309346
-0.0293978	-7.24611	-0.200231
-0.0438273	-3.46308	-0.130473
-0.0446334	-0.193482	-0.0971335
-0.0338572	2.58629	-0.0952706
-0.0135724	4.86835	-0.120169
0.0137637	6.56066	-0.167036
0.0398508	6.2609	-0.230195
0.0521858	2.9604	-0.290468
0.0509049	-0.3074	-0.318968
0.0380895	-3.0757	-0.316008
0.0157304	-5.36619	-0.286398
-0.014223	-7.1888	-0.234737
-0.0494104	-8.44498	-0.16553
-0.0872095	-9.07177	-0.08423
-0.124846	-9.03274	0.00310407
-0.152853	-6.72161	0.0900623
-0.165519	-3.03983	0.154771
-0.164547	0.233206	0.184036
-0.147626	4.0611	0.18179
-0.117659	7.19206	0.142694
-0.0774712	9.64499	0.0734564
-0.0302449	11.3343	-0.0193957
0.0118069	10.0924	-0.128511
0.0385418	6.41638	-0.22567
0.0493467	2.59317	-0.28744
0.0452964	-0.97207	-0.312404
0.0284425	-4.04493	-0.303046
0.00102757	-6.57958	-0.264105
-0.0268265	-6.68497	-0.200763
-0.0543285	-6.60049	-0.136406
-0.0832474	-6.94053	-0.0728633
-0.10519	-5.26617	-0.00604669
-0.110441	-1.2602	0.0446508
-0.101242	2.20772	0.0567828
-0.0802782	5.03127	0.0355292
-0.0505761	7.12848	-0.0129066
-0.0159606	8.30773	-0.0815323
0.0143577	7.27638	-0.161511
0.0301885	3.7994	-0.23156
0.0298795	-0.0741579	-0.268136
0.0159689	-3.33855	-0.267422
-0.0090408	-6.00232	-0.235281
-0.0426175	-8.0584	-0.177497
-0.0820276	-9.45844	-0.0999183
-0.123902	-10.0498	-0.00886181
-0.159721	-8.59667	0.0878874
-0.180132	-4.89858	0.170647
-0.180683	-0.132355	0.217806
-0.163715	4.07236	0.21908
-0.132057	7.59808	0.179876
-0.0888356	10.373	0.106729
-0.0372644	12.3771	0.00686789
0.0188781	13.4742	-0.112286
0.0637219	10.7625	-0.242002
0.0923737	6.87643	-0.345612
0.106942	3.4964	-0.411811
0.109778	0.680505	-0.44547
0.102883	-1.65479	-0.452021
0.0881461	-3.53674	-0.43609
0.0674318	-4.97143	-0.402041
0.042743	-5.92531	-0.35418
0.022006	-4.97688	-0.297137
0.0201121	-0.454547	-0.249224
0.0352811	3.64058	-0.244848
0.0640397	6.90206	-0.279895
0.102322	9.18771	-0.346341
0.146537	10.6116	-0.434791
0.193326	11.2294	-0.536948
0.235553	10.1345	-0.645052
0.257329	5.22617	-0.742616
0.259451	0.509415	-0.792928
0.245143	-3.43409	-0.797831
0.217345	-6.6715	-0.76477
0.178695	-9.27594	-0.700543
0.131537	-11.3178	-0.611243
0.077963	-12.8578	-0.502285
0.0208341	-13.711	-0.378502
-0.0269069	-11.4578	-0.246507
-0.0591802	-7.74559	-0.136202
-0.0764145	-4.13624	-0.061635
-0.080695	-1.02733	-0.0218153
-0.0749346	1.38251	-0.0119251
-0.0624917	2.98628	-0.0252344
-0.0469439	3.73149	-0.0539831
-0.0344768	2.9921	-0.0899059
-0.0387419	-1.02363	-0.118711
-0.0577245	-4.55583	-0.108856
-0.0882763	-7.33243	-0.0649967
-0.127516	-9.41744	0.00559272
-0.172687	-10.8412	0.0962545
-0.221243	-11.6534	0.200622
-0.270126	-11.732	0.312809
-0.316972	-11.2429	0.425753
-0.34981	-7.88122	0.533988
-0.360588	-2.58657	0.60986
-0.3513	2.22904	0.634761
-0.325152	6.2754	0.613301
-0.285304	9.56366	0.552888
-0.234957	12.0832	0.460818
-0.17727	13.8449	0.344493
-0.122586	13.1243	0.211208
-0.0808809	10.0092	0.084861
-0.051269	7.10685	-0.0114971
-0.0316614	4.70583	-0.0799146
-0.0206472	2.6434	-0.125217
-0.0167789	0.928376	-0.150665
-0.0183688	-0.381558	-0.159602
-0.0231215	-1.14065	-0.155929
-0.0285494	-1.30269	-0.144947
-0.0227502	1.39181	-0.132406
0.00219467	5.98676	-0.145805
0.0438794	10.0043	-0.203439
0.0985403	13.1186	-0.29975
0.162221	15.2833	-0.426042
0.231636	16.6596	-0.573174
0.30343	17.2306	-0.733555
0.368172	15.5382	-0.899433
0.412145	10.5535	-1.04902
0.436293	5.79541	-1.15062
0.443328	1.68831	-1.20641
0.435796	-1.8076	-1.22266
0.416138	-4.71783	-1.20526
0.386768	-7.04888	-1.15984
0.350162	-8.7854	-1.09198
0.309513	-9.75569	-1.0074
0.279559	-7.18915	-0.913478
0.265481	-3.37859	-0.844268
0.264772	-0.170277	-0.811741
0.274243	2.27307	-0.810101
0.291006	4.02318	-0.831983
0.312408	5.13643	-0.870713
0.335698	5.58965	-0.92016
0.353435	4.25693	-0.973971
0.352425	-0.242591	-1.01495
0.334288	-4.35266	-1.01261
0.301688	-7.8242	-0.970711
0.25711	-10.6987	-0.895386
0.2073	-11.9544	-0.792389
0.152862	-13.065	-0.677303
0.0947525	-13.9463	-0.551526
0.035167	-14.3005	-0.417264
-0.0238639	-14.1674	-0.279593
-0.0736509	-11.9489	-0.143203
-0.104108	-7.30969	-0.0281706
-0.116327	-2.93255	0.0421999
-0.112761	0.855872	0.0704316
-0.0961427	3.98835	0.0621923
-0.0698977	6.29878	0.0237966
-0.0431658	6.41566	-0.0368416
-0.023517	4.71572	-0.0986049
-0.0153688	1.95555	-0.144003
-0.017168	-0.431798	-0.162829
-0.0270269	-2.36614	-0.158671
-0.0429106	-3.81209	-0.135892
-0.0626396	-4.73496	-0.0991932
-0.0839206	-5.10744	-0.0536095
-0.104385	-4.91149	-0.0044401
-0.112872	-2.03694	0.0428429
-0.101298	2.77791	0.0624526
-0.0714115	7.1727	0.0357098
-0.0262975	10.8274	-0.0333416
0.0304683	13.6238	-0.137576
0.0947604	15.4301	-0.268732
0.162016	16.1413	-0.417277
0.223027	14.6426	-0.572669
0.264034	9.84185	-0.713632
0.286813	5.46684	-0.808379
0.29368	1.64808	-0.861007
0.286986	-1.60654	-0.876872
0.269169	-4.27619	-0.861405
0.242589	-6.37907	-0.820237
0.209269	-7.99684	-0.758825
0.173088	-8.68348	-0.681839
0.149536	-5.6524	-0.598242
0.141065	-2.03299	-0.543826
0.145145	0.979141	-0.524254
0.158544	3.21581	-0.533679
0.17782	4.62618	-0.564637
0.19955	5.21519	-0.609173
0.220472	5.0213	-0.659379
0.228165	1.84633	-0.707718
0.216317	-2.8436	-0.725492
0.188009	-6.79396	-0.698116
0.146382	-9.99046	-0.632709
0.0940253	-12.5655	-0.536531
0.0331588	-14.608	-0.415562
-0.0341432	-16.1525	-0.274931
-0.105745	-17.1845	-0.11943
-0.171208	-15.711	0.0460052
-0.223423	-12.5316	0.197254
-0.257365	-8.14601	0.317896
-0.273749	-3.93219	0.396317
-0.275171	-0.341365	0.434172
-0.264267	2.61687	0.437458
-0.243718	4.93195	0.412266
-0.21765	6.25627	0.364785
-0.200211	4.1854	0.304556
-0.194807	1.29677	0.264263
-0.19828	-0.833456	0.251779
-0.208022	-2.33807	0.259803
-0.221936	-3.33926	0.282311
-0.238194	-3.90188	0.314458
-0.255062	-4.04833	0.352021
-0.270782	-3.77286	0.390994
-0.281169	-2.4929	0.427315
-0.270106	2.65524	0.451314
-0.237803	7.7526	0.425752
-0.187852	11.9883	0.351118
-0.123977	15.3299	0.235707
-0.0498013	17.8022	0.0881254
0.0311255	19.4224	-0.083256
0.11198	19.405	-0.270235
0.173351	14.7291	-0.457046
0.215199	10.0436	-0.598843
0.2404	6.04822	-0.695531
0.25156	2.67848	-0.753757
0.250988	-0.137267	-0.779542
0.240892	-2.42303	-0.778219
0.223592	-4.15209	-0.754892
0.201736	-5.24555	-0.714919
0.188053	-3.28372	-0.664419
0.1896	0.371174	-0.632806
0.205676	3.8583	-0.636379
0.233283	6.62551	-0.673522
0.269234	8.62831	-0.737305
0.310401	9.88003	-0.820369
0.353659	10.382	-0.915483
0.393204	9.49072	-1.01543
0.413968	4.98341	-1.10679
0.416297	0.558993	-1.15477
0.402967	-3.19911	-1.16015
0.376439	-6.36691	-1.12935
0.338906	-9.00782	-1.06805
0.292483	-11.1415	-0.981335
0.239351	-12.7518	-0.874075
0.182212	-13.7133	-0.751313
0.133512	-11.6879	-0.619294
0.102656	-7.40548	-0.506774
0.0879961	-3.51836	-0.435481
0.0866862	-0.314381	-0.401609
0.0959607	2.22589	-0.398582
0.113167	4.12957	-0.42001
0.135679	5.40292	-0.459765
0.15594	4.86258	-0.511778
0.161189	1.25983	-0.55859
0.152463	-2.09444	-0.570717
0.132022	-4.90573	-0.550553
0.102034	-7.19713	-0.503325
0.0646073	-8.98242	-0.434038
0.0204915	-10.5878	-0.347564
-0.0247711	-10.863	-0.245635
-0.0699774	-10.8495	-0.141056
-0.1133	-10.3975	-0.036608
-0.144856	-7.57343	0.0634886
-0.156625	-2.82458	0.136398
-0.150914	1.37073	0.16359
-0.130547	4.88795	0.150394
-0.0984204	7.71049	0.103338
-0.0584978	9.58144	0.0291092
-0.0208042	9.04645	-0.0631311
0.00746762	6.78524	-0.150221
0.0220746	3.50567	-0.215542
0.0238584	0.428117	-0.249291
0.0144718	-2.25277	-0.253412
-0.00403089	-4.44065	-0.231724
-0.0292998	-6.06453	-0.188974
-0.0587234	-7.06166	-0.13059
-0.0884347	-7.13072	-0.0626072
-0.104607	-3.88141	0.00604034
-0.102496	0.506795	0.0434068
-0.0850507	4.18678	0.038528
-0.0554398	7.10662	-0.00177795
-0.0167025	9.29694	-0.0701932
0.0275101	10.611	-0.159695
0.0731669	10.9576	-0.261847
0.108448	8.46756	-0.367335
0.125028	3.97901	-0.448852
0.125193	0.0396536	-0.487157
0.111621	-3.25719	-0.487538
0.086706	-5.97967	-0.456181
0.0527361	-8.15277	-0.398614
0.0121006	-9.75252	-0.320127
-0.0321294	-10.6152	-0.226239
-0.0709062	-9.30643	-0.124046
-0.0941661	-5.58238	-0.0344532
-0.0993857	-1.2527	0.0192885
-0.0889263	2.51024	0.0313484
-0.0658107	5.54776	0.00718241
-0.0328428	7.91229	-0.0462257
0.00701294	9.56538	-0.122397
0.0473934	9.6913	-0.214482
0.076551	6.99783	-0.30778
0.0902077	3.27761	-0.375148
0.0903249	0.0281268	-0.406701
0.0792211	-2.6649	-0.406971
0.0591839	-4.80894	-0.381316
0.0324823	-6.40837	-0.335019
0.00170468	-7.38663	-0.273326
-0.0305127	-7.73216	-0.202214
-0.0574348	-6.46132	-0.127776
-0.0662969	-2.12689	-0.0655732
-0.0548155	2.75553	-0.0450974
-0.0259663	6.9238	-0.0716247
0.0165292	10.1989	-0.13828
0.0688328	12.5529	-0.236464
0.126847	13.9235	-0.35731
0.186511	14.3194	-0.491351
0.230176	10.4795	-0.629203
0.254904	5.93463	-0.730088
0.263333	2.02307	-0.78722
0.258168	-1.23965	-0.806695
0.241909	-3.90216	-0.79476
0.216826	-6.01992	-0.757194
0.185014	-7.63494	-0.699239
0.148482	-8.76765	-0.625737
0.127554	-5.02276	-0.54133
0.121558	-1.43887	-0.492975
0.129133	1.81803	-0.479123
0.147404	4.38494	-0.496624
0.17317	6.18374	-0.538837
0.203315	7.23499	-0.598367
0.232045	6.89498	-0.668018
0.249287	4.1381	-0.734395
0.247283	-0.480976	-0.774232
0.228384	-4.53555	-0.7696
0.195721	-7.83929	-0.725936
0.151891	-10.5191	-0.650466
0.0992275	-12.6392	-0.549198
0.039952	-14.2261	-0.427519
-0.0179853	-13.905	-0.290564
-0.0717858	-12.9121	-0.156701
-0.110125	-9.20132	-0.0323961
-0.129764	-4.71348	0.0561851
-0.132975	-0.770582	0.101562
-0.122753	2.45324	0.10898
-0.101999	4.98091	0.085363
-0.0736051	6.8146	0.037412
-0.0459529	6.63653	-0.028192
-0.0301811	3.78523	-0.0920816
-0.0265128	0.8804	-0.128522
-0.0327705	-1.50186	-0.136997
-0.0464235	-3.27671	-0.122538
-0.0647179	-4.39067	-0.0909933
-0.0847958	-4.81869	-0.0487242
-0.104151	-4.64526	-0.00233452
-0.120232	-3.85948	0.0423854
-0.1216	-0.328182	0.0795407
-0.100771	4.99895	0.0827002
-0.0606538	9.62805	0.0345754
-0.00486845	13.3885	-0.0581136
0.0626635	16.2077	-0.187004
0.137726	18.0149	-0.343035
0.216203	18.8346	-0.516464
0.286895	16.9661	-0.697783
0.339048	12.5166	-0.861115
0.373708	8.31861	-0.981611
0.392402	4.48642	-1.06169
0.397135	1.13597	-1.10488
0.390173	-1.67088	-1.11582
0.373967	-3.88953	-1.09973
0.351045	-5.50117	-1.06229
0.32529	-6.18117	-1.00932
0.310572	-3.53234	-0.949817
0.311421	0.203737	-0.91581
0.325299	3.33076	-0.917771
0.348981	5.68352	-0.949835
0.379478	7.31941	-1.00455
0.413974	8.27892	-1.07501
0.44953	8.53354	-1.15471
0.474884	6.08505	-1.23686
0.480383	1.31958	-1.29544
0.468307	-2.8982	-1.30814
0.441523	-6.42811	-1.28024
0.402626	-9.33528	-1.21836
0.353984	-11.674	-1.12849
0.297904	-13.4591	-1.0161
0.236713	-14.6859	-0.886526
0.17727	-14.2664	-0.745145
0.130576	-11.2064	-0.607801
0.101944	-6.87168	-0.499916
0.088789	-3.15729	-0.433762
0.0879227	-0.20791	-0.403366
0.0964147	2.03807	-0.401364
0.111662	3.65946	-0.420984
0.130945	4.62772	-0.456213
0.141934	2.63749	-0.500764
0.136908	-1.20623	-0.526154
0.117622	-4.62864	-0.514541
0.0866372	-7.43639	-0.469981
0.0464634	-9.64171	-0.39839
-0.000418472	-11.2517	-0.305569
-0.0513361	-12.2202	-0.197249
-0.102611	-12.306	-0.0796046
-0.14933	-11.2125	0.0388648
-0.178394	-6.97532	0.146808
-0.184732	-1.52133	0.213959
-0.171507	3.17402	0.228605
-0.142492	6.96367	0.198048
-0.101325	9.87999	0.131009
-0.0520077	11.8362	0.0358947
0.0011382	12.755	-0.0780526
0.0430757	10.065	-0.200845
0.0666243	5.65167	-0.29774
0.0735551	1.66338	-0.352148
0.0668078	-1.61935	-0.368161
0.0490303	-4.2666	-0.352571
0.0226818	-6.32363	-0.311496
-0.00980838	-7.79765	-0.250618
-0.0458175	-8.64218	-0.17555
-0.0771787	-7.52669	-0.0923515
-0.0917829	-3.505	-0.0198919
-0.0873871	1.05498	0.0138509
-0.0670952	4.87006	0.00369476
-0.0344456	7.83591	-0.0431891
0.0066906	9.87268	-0.118625
0.0522019	10.9227	-0.213669
0.0968549	10.7167	-0.318822
0.125874	6.96446	-0.421991
0.135869	2.39884	-0.489037
0.130073	-1.39087	-0.51213
0.111413	-4.47844	-0.49874
0.0822577	-6.99734	-0.455625
0.0447462	-9.00277	-0.388261
0.000986256	-10.5024	-0.301591
-0.0467994	-11.4686	-0.200485
-0.0890369	-10.137	-0.0900766
-0.110664	-5.19044	0.00751231
-0.118946	-1.98777	0.0574807
-0.110461	2.03636	0.0766171
-0.0880797	5.37157	0.0570132
-0.0549321	7.95544	0.00530118
-0.0141932	9.77732	-0.0712856
0.0268098	9.84072	-0.165412
0.0534321	6.38937	-0.260148
0.0647647	2.71981	-0.321658
0.063383	-0.331592	-0.347841
0.0517468	-2.79271	-0.344648
0.0326184	-4.5908	-0.317762
0.0105061	-5.30696	-0.273566
-0.0140026	-5.88209	-0.222476
-0.0384886	-5.87664	-0.165849
-0.061508	-5.52467	-0.109274
-0.0735159	-2.88189	-0.0560879
-0.0648408	2.08202	-0.0283438
-0.0379163	6.46188	-0.0483872
0.00347263	9.93335	-0.110595
0.055396	12.4616	-0.206223
0.113487	13.9418	-0.326191
0.168462	13.1941	-0.460408
0.210737	10.1459	-0.587427
0.235959	6.0533	-0.6851
0.246285	2.47838	-0.743375
0.244227	-0.494002	-0.767233
0.232007	-2.93275	-0.762477
0.211595	-4.89892	-0.734242
0.185236	-6.32626	-0.68708
0.157698	-6.60914	-0.626176
0.139479	-4.37254	-0.562549
0.13581	-0.880594	-0.520454
0.146817	2.64185	-0.511976
0.169598	5.46727	-0.537408
0.200971	7.52954	-0.590041
0.237905	8.86418	-0.662527
0.277043	9.39308	-0.747862
0.311769	8.33432	-0.838288
0.327593	3.79788	-0.918521
0.325306	-0.548987	-0.955083
0.307561	-4.25869	-0.949796
0.276774	-7.38888	-0.908797
0.235261	-9.96314	-0.837663
0.185283	-11.9947	-0.741747
0.129428	-13.4053	-0.626274
0.0709031	-14.046	-0.49722
0.0239021	-11.2803	-0.361999
-0.00695116	-7.40478	-0.253404
-0.0238897	-4.06526	-0.182118
-0.0293925	-1.32066	-0.142981
-0.025672	0.892935	-0.130267
-0.014865	2.59366	-0.138863
0.000176884	3.61006	-0.163832
0.00851631	2.00146	-0.198586
0.00184963	-1.6	-0.217853
-0.0180185	-4.76835	-0.20245
-0.0482311	-7.25103	-0.156545
-0.0854861	-8.94119	-0.0867389
-0.126087	-9.74434	-0.000661876
-0.166661	-9.73772	0.0931469
-0.204704	-9.13021	0.186892
-0.235686	-7.4356	0.274788
-0.250633	-3.58742	0.346371
-0.244777	1.40542	0.380906
-0.219302	6.11394	0.367376
-0.177478	10.0379	0.308517
-0.122534	13.1864	0.211883
-0.0573745	15.6384	0.0849368
0.0149188	17.3504	-0.0656138
0.0835959	16.4825	-0.232645
0.136895	12.7917	-0.391322
0.174968	9.13745	-0.514467
0.199738	5.94497	-0.602433
0.213285	3.25117	-0.659664
0.217534	1.01983	-0.690963
0.218776	0.298072	-0.70078
0.223201	1.06199	-0.703648
0.222482	-0.172615	-0.713871
0.224706	0.533806	-0.712209
0.241642	4.06463	-0.717347
0.271279	7.11284	-0.756476
0.31045	9.40112	-0.824951
0.356249	10.9917	-0.915454
0.406085	11.9607	-1.02127
0.454075	11.5176	-1.13641
0.490472	8.73523	-1.24729
0.508747	4.38591	-1.33139
0.51095	0.528768	-1.37361
0.499429	-2.76487	-1.3787
0.476442	-5.51697	-1.35208
0.444346	-7.70315	-1.29896
0.40544	-9.33726	-1.2248
0.362454	-10.3167	-1.13491
0.326093	-8.72659	-1.03559
0.299894	-6.28793	-0.951582
0.287865	-2.88686	-0.891047
0.287607	-0.0620439	-0.863255
0.296534	2.1427	-0.862656
0.312054	3.72478	-0.883283
0.331555	4.68013	-0.919141
0.350987	4.66363	-0.964195
0.35793	1.66635	-1.00909
0.347346	-2.54017	-1.02513
0.321413	-6.22386	-1.00068
0.282444	-9.35246	-0.940758
0.232906	-11.8891	-0.850721
0.175468	-13.7851	-0.736264
0.112977	-14.998	-0.603554
0.0481118	-15.5676	-0.459168
-0.0106899	-14.1124	-0.309298
-0.0490584	-9.20843	-0.173438
-0.0679062	-4.52348	-0.084788
-0.0698436	-0.464967	-0.0412402
-0.0578751	2.87242	-0.0367638
-0.0351886	5.44476	-0.0644164
-0.00529365	7.17479	-0.116833
0.0232995	6.86236	-0.185904
0.0358981	3.02366	-0.251968
0.0327065	-0.76599	-0.281076
0.0163532	-3.9248	-0.273702
-0.0101364	-6.35749	-0.235917
-0.0437853	-8.07574	-0.174713
-0.0815862	-9.07222	-0.096968
-0.120492	-9.33737	-0.00962963
-0.156619	-8.67057	0.0802612
-0.177343	-4.9736	0.163733
-0.176853	0.117507	0.211614
-0.156548	4.87328	0.210482
-0.119973	8.77786	0.163567
-0.0712473	11.6942	0.0790628
-0.0141788	13.6964	-0.0335173
0.0471767	14.7253	-0.165373
0.102763	13.3408	-0.307133
0.139264	8.76024	-0.435564
0.158011	4.49907	-0.519898
0.16206	0.971925	-0.56321
0.154034	-1.92632	-0.572566
0.136196	-4.28105	-0.554021
0.110557	-6.15346	-0.512807
0.0791381	-7.54049	-0.453567
0.044007	-8.43146	-0.380974
0.0190817	-5.98207	-0.299804
0.0102373	-2.12266	-0.242214
0.0159943	1.38167	-0.221779
0.033038	4.0905	-0.23508
0.057941	5.97673	-0.274459
0.0872626	7.03717	-0.331996
0.117713	7.30798	-0.399743
0.142284	5.89727	-0.470096
0.147113	1.15876	-0.526868
0.134585	-3.00674	-0.538023
0.107797	-6.42904	-0.509077
0.0694465	-9.20411	-0.447184
0.022068	-11.3708	-0.358575
-0.0317687	-12.9208	-0.249108
-0.0890186	-13.74	-0.124719
-0.143721	-13.1286	0.00755557
-0.182555	-9.32018	0.133944
-0.198576	-3.84499	0.22367
-0.193499	1.21845	0.260685
-0.170784	5.45153	0.248955
-0.133881	8.85686	0.196473
-0.086078	11.4726	0.111208
-0.0306573	13.301	0.000761345
0.0225404	12.7675	-0.127287
0.06157	9.36709	-0.250199
0.08602	5.868	-0.340375
0.0978162	2.8311	-0.396866
0.0990796	0.30322	-0.42412
0.0920873	-1.67817	-0.427039
0.0792116	-3.09017	-0.410883
0.0626517	-3.97438	-0.381133
0.044639	-4.32305	-0.342871
0.034898	-2.33783	-0.301253
0.0439226	2.1659	-0.278746
0.0688686	5.98703	-0.299597
0.105855	8.87673	-0.357234
0.151497	10.954	-0.442689
0.202838	12.322	-0.548143
0.256985	12.9951	-0.666766
0.30689	11.9773	-0.791869
0.338512	7.58921	-0.907174
0.352741	3.41502	-0.980234
0.351726	-0.243718	-1.01311
0.337772	-3.34888	-1.01076
0.363955	6.28399	-0.978521
0.375342	2.73292	-1.03902
0.376229	0.212672	-1.06532
0.368897	-1.7596	-1.06737
0.358667	-2.45505	-1.05043
0.352624	-1.4504	-1.02679
0.356562	0.945096	-1.01283
0.37096	3.45544	-1.02193
0.3939	5.50558	-1.05519
0.423292	7.05422	-1.10819
0.456853	8.05455	-1.1761
0.491398	8.29084	-1.25364
0.514824	5.62221	-1.33346
0.519924	1.22411	-1.38758
0.508216	-2.80991	-1.39936
0.481711	-6.36135	-1.37231
0.442349	-9.44687	-1.31107
0.392415	-11.9842	-1.22012
0.334617	-13.8715	-1.10475
0.271415	-15.1684	-0.971208
0.208645	-15.065	-0.825181
0.161694	-11.2681	-0.68015
0.13061	-7.4602	-0.571671
0.112561	-4.33182	-0.499851
0.104894	-1.84	-0.458148
0.105212	0.0763593	-0.440434
0.111106	1.4145	-0.441169
0.119004	1.89555	-0.454785
0.114419	-1.10033	-0.473033
0.0936388	-4.98734	-0.46244
0.058936	-8.32868	-0.414426
0.0130069	-11.023	-0.334246
-0.0414815	-13.0772	-0.228127
-0.101676	-14.4466	-0.102233
-0.164187	-15.0027	0.0368452
-0.225791	-14.7848	0.181276
-0.278112	-12.5571	0.32361
-0.314293	-8.68343	0.444496
-0.330583	-3.90955	0.528091
-0.329077	0.361368	0.565728
-0.312449	3.99076	0.562249
-0.283421	6.96665	0.52383
-0.244918	9.24065	0.456761
-0.203814	9.86499	0.367801
-0.171629	7.72439	0.272831
-0.1517	4.783	0.198468
-0.142971	2.09499	0.152422
-0.143351	-0.0913472	0.132254
-0.150941	-1.82155	0.133133
-0.164023	-3.1396	0.15067
-0.180982	-4.07025	0.180894
-0.200163	-4.60325	0.220079
-0.215501	-3.68118	0.264394
-0.212781	0.652811	0.299833
-0.193533	4.61954	0.293548
-0.160539	7.9185	0.249075
-0.116682	10.5257	0.172844
-0.0651504	12.3676	0.0715134
-0.00951107	13.3534	-0.0475488
0.0458289	13.2816	-0.176102
0.0842083	9.21106	-0.303963
0.104226	4.80416	-0.392638
0.108639	1.05917	-0.438887
0.0998143	-2.1179	-0.449083
0.079737	-4.81855	-0.428693
0.0501413	-7.10296	-0.382305
0.0127205	-8.98101	-0.313924
-0.0302776	-10.3195	-0.227464
-0.0664343	-8.67761	-0.128117
-0.0888252	-5.37381	-0.0445777
-0.0959608	-1.71255	0.00715616
-0.0892513	1.61028	0.023643
-0.0711478	4.34485	0.00814091
-0.0441758	6.47328	-0.0336868
-0.0111464	7.92704	-0.0960048
0.0229686	8.18761	-0.172318
0.0428215	4.76469	-0.25114
0.0469017	0.979256	-0.297009
0.0378019	-2.18397	-0.306436
0.0178958	-4.77747	-0.285411
-0.010775	-6.88099	-0.239417
-0.0460123	-8.45693	-0.173174
-0.0854902	-9.47471	-0.0917588
-0.126693	-9.88863	-0.000545635
-0.162393	-8.56808	0.0946522
-0.177769	-3.69015	0.177137
-0.173423	1.04288	0.212662
-0.153253	4.84092	0.202622
-0.121055	7.72759	0.156019
-0.0781069	10.3075	0.0816253
-0.0275701	12.1288	-0.0176045
0.0257273	12.7914	-0.134368
0.0636261	9.09572	-0.257511
0.0851648	5.16927	-0.345075
0.092647	1.79573	-0.394839
0.0882528	-1.0546	-0.412126
0.0796525	-2.06408	-0.401972
0.0642076	-3.70677	-0.382101
0.0406352	-5.65737	-0.346415
0.0108241	-7.15465	-0.291952
-0.0217407	-7.81556	-0.223073
-0.0457104	-5.75273	-0.147833
-0.0535499	-1.88147	-0.092451
-0.0462246	1.75806	-0.0743379
-0.0265588	4.71981	-0.0912625
0.00223406	6.91028	-0.1367
0.0369965	8.34299	-0.203225
0.0740077	8.88267	-0.283542
0.0999805	6.23347	-0.369055
0.108533	2.0527	-0.429064
0.101781	-1.62066	-0.448825
0.0821857	-4.70279	-0.433222
0.0518228	-7.28709	-0.387948
0.0126055	-9.41214	-0.317795
-0.0336057	-11.0907	-0.227184
-0.0843925	-12.1888	-0.120414
-0.132763	-11.6089	-0.00307149
-0.16414	-7.53038	0.108687
-0.178295	-3.39727	0.181182
-0.177697	0.143582	0.213888
-0.164963	3.05599	0.212505
-0.142672	5.34992	0.183085
-0.113344	7.03865	0.131582
-0.0798874	8.02963	0.0638207
-0.0581672	5.21286	-0.0134803
-0.0497124	2.02915	-0.0636643
-0.0532971	-0.860325	-0.0831987
-0.0674198	-3.38945	-0.0749161
-0.0901436	-5.45371	-0.0422857
-0.119032	-6.93334	0.0102172
-0.151661	-7.83081	0.0769646
-0.185978	-8.23618	0.152352
-0.21386	-6.6916	0.231641
-0.22557	-2.81036	0.296061
-0.219689	1.41127	0.323116
-0.198173	5.1639	0.30953
-0.163332	8.36179	0.259817
-0.117795	10.9291	0.179318
-0.0641886	12.8655	0.0741039
-0.0076798	13.5621	-0.0497516
0.0375397	10.8527	-0.180314
0.0674927	7.18874	-0.284792
0.0832811	3.7892	-0.353997
0.0869523	0.881101	-0.390475
0.0805284	-1.54175	-0.398957
0.0686016	-2.86244	-0.384114
0.0532125	-3.69338	-0.356557
0.0330181	-4.84665	-0.321001
0.0108057	-5.33098	-0.274342
0.0024244	-2.01151	-0.22302
0.0115306	2.18548	-0.203655
0.0355474	5.76404	-0.224694
0.0713191	8.58521	-0.280184
0.115669	10.6439	-0.362833
0.165809	12.0337	-0.465301
0.217665	12.4453	-0.581149
0.255703	9.12927	-0.700959
0.276806	5.06459	-0.788846
0.283033	1.49456	-0.837602
0.276459	-1.57782	-0.851989
0.25899	-4.19257	-0.836798
0.232398	-6.38201	-0.796436
0.198538	-8.12641	-0.734995
0.159389	-9.39579	-0.656761
0.122582	-8.83365	-0.566308
0.0973924	-6.0455	-0.481265
0.0860913	-2.71225	-0.423065
0.0864043	0.0750978	-0.396954
0.0955368	2.1918	-0.397676
0.110834	3.67133	-0.418776
0.1296	4.50379	-0.454119
0.148409	4.51432	-0.497477
0.152949	1.08947	-0.540935
0.139258	-3.2857	-0.551423
0.110154	-6.98501	-0.519791
0.0682107	-10.0665	-0.452546
0.0156727	-12.6091	-0.355635
-0.0454027	-14.6581	-0.234247
-0.112533	-16.1113	-0.0931336
-0.182348	-16.7556	0.0619698
-0.245603	-15.1811	0.223276
-0.290089	-10.6767	0.369424
-0.316399	-6.31449	0.472208
-0.327036	-2.55294	0.532997
-0.324748	0.54926	0.557574
-0.312237	3.00253	0.552286
-0.292299	4.78524	0.52338
-0.268917	5.61156	0.477312
-0.258753	2.43938	0.42329
-0.260436	-0.403959	0.399805
-0.270899	-2.51115	0.403694
-0.287613	-4.01115	0.427869
-0.308596	-5.03598	0.466484
-0.332069	-5.63358	0.514965
-0.356337	-5.82438	0.569199
-0.379501	-5.55937	0.62527
-0.393289	-3.30902	0.678789
-0.386478	1.63457	0.710644
-0.360405	6.25748	0.694908
-0.318045	10.1665	0.634667
-0.262777	13.2642	0.536794
-0.198343	15.4643	0.409098
-0.128826	16.684	0.260224
-0.0616459	16.1232	0.0996071
-0.0103087	12.3209	-0.0556112
0.0259305	8.6974	-0.174224
0.0488465	5.49985	-0.257954
0.0600893	2.69827	-0.3109
0.0613032	0.291338	-0.336876
0.0541613	-1.71406	-0.33968
0.0402345	-3.34241	-0.323179
0.0211603	-4.5778	-0.291001
0.00875388	-2.97755	-0.24693
0.0118345	0.739359	-0.218265
0.0287908	4.0695	-0.225382
0.056633	6.68214	-0.264559
0.0919333	8.47205	-0.328887
0.131452	9.48439	-0.410447
0.172231	9.787	-0.501753
0.209961	9.05523	-0.595972
0.228528	4.4562	-0.683145
0.229227	0.16768	-0.726044
0.215035	-3.40601	-0.727658
0.188542	-6.35835	-0.694867
0.151872	-8.80076	-0.633655
0.106888	-10.7962	-0.548929
0.0555234	-12.3275	-0.444994
0.000504962	-13.2044	-0.326316
-0.0461807	-11.2046	-0.199197
-0.0760308	-7.16402	-0.0913304
-0.0856861	-2.31727	-0.0223622
-0.0802125	1.31367	-5.36954e-05
-0.0619495	4.38313	-0.0127002
-0.0333924	6.85369	-0.0548964
0.00237845	8.58501	-0.120877
0.0364045	8.16626	-0.203524
0.0553716	4.55209	-0.28214
0.0595076	0.992644	-0.325963
0.0510859	-2.0212	-0.335518
0.0321526	-4.544	-0.31606
0.00470116	-6.58835	-0.272314
-0.0274435	-7.71471	-0.208888
-0.054705	-6.54277	-0.134618
-0.0817881	-6.49995	-0.071631
-0.106619	-5.95937	-0.00905582
-0.116485	-2.36797	0.0483151
-0.107211	2.2259	0.0711115
-0.0815646	6.15508	0.0496829
-0.0427056	9.32616	-0.00957188
0.00626127	11.752	-0.0993545
0.0583762	12.5076	-0.212491
0.102665	10.6293	-0.332901
0.130139	6.5939	-0.435228
0.141055	2.61974	-0.498707
0.137784	-0.785109	-0.523927
0.122704	-3.6192	-0.516368
0.0981011	-5.90462	-0.481525
0.0662539	-7.64333	-0.424681
0.0296695	-8.78024	-0.351098
-0.000550176	-7.25273	-0.266571
-0.017194	-3.99453	-0.196748
-0.0182313	-0.248951	-0.158293
-0.00590661	2.95794	-0.155896
0.0165201	5.3824	-0.184371
0.0455307	6.96255	-0.236187
0.0774725	7.66604	-0.303215
0.106918	7.06692	-0.377016
0.11955	3.0316	-0.445049
0.114482	-1.21618	-0.474233
0.0945772	-4.77721	-0.462524
0.0623445	-7.73585	-0.416534
0.0200215	-10.1575	-0.34206
-0.0301627	-12.0442	-0.244273
-0.0853748	-13.2509	-0.128324
-0.141723	-13.5236	-0.000757075
-0.184868	-10.3548	0.129435
-0.207795	-5.50247	0.22912
-0.21271	-1.17957	0.282092
-0.20277	2.38547	0.293448
-0.180927	5.24245	0.270483
-0.150073	7.405	0.220014
-0.113529	8.77051	0.148726
-0.08231	7.49254	0.064292
-0.0646128	4.24733	-0.00783849
-0.0590507	1.33489	-0.0487274
-0.0633883	-1.04102	-0.0615782
-0.0751823	-2.83056	-0.0515561
-0.0919341	-4.02043	-0.0243061
-0.111241	-4.63364	0.0143987
-0.130347	-4.58541	0.0590069
-0.145758	-3.69876	0.103151
-0.146302	-0.130592	0.138759
-0.126248	4.81315	0.140016
-0.0876746	9.25754	0.0936797
-0.0338846	12.9096	0.00455754
0.0317973	15.7637	-0.119723
0.10502	17.5735	-0.271479
0.180435	18.0995	-0.440659
0.247628	16.1264	-0.614902
0.294367	11.2172	-0.77015
0.322047	6.64333	-0.878137
0.333264	2.6921	-0.942091
0.330472	-0.67012	-0.968007
0.316019	-3.46865	-0.961555
0.292215	-5.71297	-0.928161
0.261451	-7.38357	-0.873161
0.226717	-8.33595	-0.802079
0.206145	-4.93739	-0.721828
0.201773	-1.04922	-0.674295
0.210545	2.10519	-0.664193
0.229128	4.45998	-0.684459
0.254415	6.06895	-0.727395
0.283496	6.97947	-0.785819
0.31325	7.14096	-0.85301
0.332753	4.68062	-0.921755
0.331858	-0.214795	-0.966814
0.313491	-4.40807	-0.964745
0.280556	-7.90448	-0.922308
0.235581	-10.7939	-0.84621
0.18087	-13.1306	-0.742296
0.11866	-14.9304	-0.615887
0.0513899	-16.1449	-0.472152
-0.0132577	-15.5154	-0.316725
-0.0666975	-12.8256	-0.167358
-0.102032	-8.48028	-0.043886
-0.119263	-4.13539	0.0377537
-0.120715	-0.348473	0.0775652
-0.109238	2.75452	0.08092
-0.0876165	5.18905	0.0544023
-0.0588572	6.90223	0.00444751
-0.034876	5.7555	-0.062
-0.0237946	2.65953	-0.117408
-0.0250267	-0.295716	-0.143011
-0.0363882	-2.72676	-0.140164
-0.0556747	-4.62875	-0.113913
-0.080652	-5.99455	-0.0693519
-0.108857	-6.76911	-0.0116422
-0.137269	-6.81894	0.0535241
-0.163057	-6.18917	0.11917
-0.173336	-2.46687	0.178753
-0.162143	2.68615	0.202502
-0.132477	7.12005	0.176642
-0.08787	10.7056	0.108098
-0.0316679	13.4885	0.00503488
0.0326207	15.4293	-0.124819
0.10022	16.2237	-0.273356
0.156838	13.5883	-0.429541
0.193218	8.73131	-0.560355
0.211913	4.48666	-0.64441
0.215499	0.86074	-0.687603
0.205964	-2.28833	-0.695888
0.185399	-4.93569	-0.673858
0.156034	-7.04751	-0.626341
0.120199	-8.60054	-0.558494
0.0847316	-8.51209	-0.475696
0.0776703	-1.6947	-0.39375
0.0842379	1.57623	-0.377434
0.102174	4.30457	-0.392608
0.12888	6.40945	-0.434048
0.161708	7.87871	-0.495751
0.197774	8.65604	-0.571599
0.233373	8.54363	-0.654929
0.253152	4.74689	-0.737178
0.254522	0.328823	-0.782876
0.23985	-3.52124	-0.78604
0.211289	-6.85466	-0.75214
0.170922	-9.68795	-0.68615
0.120939	-11.9961	-0.592883
0.0638691	-13.6967	-0.477397
0.00268883	-14.6833	-0.345538
-0.0503182	-12.7217	-0.204182
-0.0851496	-8.35954	-0.0817101
-0.102443	-4.15035	-0.0012327
-0.104234	-0.429937	0.0387228
-0.0929993	2.69637	0.0428619
-0.0711745	5.23795	0.0169041
-0.0412942	7.17127	-0.0335215
-0.0130397	6.78108	-0.102559
0.00199438	3.60818	-0.16784
0.00407279	0.498819	-0.202576
-0.0051314	-2.20901	-0.207377
-0.0236866	-4.45324	-0.186111
-0.0494736	-6.18889	-0.143239
-0.0801749	-7.36831	-0.0836587
-0.113298	-7.94953	-0.0127239
-0.146096	-7.87163	0.0638062
-0.168898	-5.47241	0.139586
-0.172304	-0.817391	0.192269
-0.157506	3.55142	0.200138
-0.127031	7.31399	0.165949
-0.0837778	10.3809	0.095537
-0.0309304	12.6834	-0.00439935
0.0281907	14.1891	-0.126502
0.0857892	13.8236	-0.2631
0.125421	9.51162	-0.396179
0.147127	5.20935	-0.487747
0.152614	1.31687	-0.537897
0.144128	-2.03642	-0.550573
0.123825	-4.87272	-0.530968
0.0938593	-7.19186	-0.484058
0.0563396	-9.00473	-0.414821
0.0137554	-10.2202	-0.328132
-0.0200998	-8.12523	-0.229742
-0.0384813	-4.41158	-0.15152
-0.0427994	-1.03633	-0.10905
-0.035434	1.76769	-0.0990727
-0.0188508	3.97996	-0.11609
0.0042832	5.55217	-0.154405
0.0309576	6.40186	-0.207855
0.0549813	5.76567	-0.269485
0.0607648	1.38804	-0.324991
0.0494284	-2.72073	-0.338353
0.0234902	-6.22515	-0.31216
-0.0148346	-9.19796	-0.25223
-0.0631992	-11.6075	-0.163681
-0.118827	-13.3506	-0.0519359
-0.178046	-14.2128	0.07659
-0.236556	-14.0423	0.213416
-0.282964	-11.1379	0.348601
-0.306008	-5.53045	0.455826
-0.313572	-1.81552	0.509067
-0.304642	2.14338	0.526545
-0.281714	5.50252	0.50591
-0.24729	8.26186	0.452937
-0.204442	10.2836	0.3734
-0.162588	10.0448	0.2744
-0.133088	7.08005	0.177699
-0.114651	4.42501	0.109539
-0.105772	2.13092	0.0669396
-0.104703	0.256519	0.0464253
-0.109731	-1.20673	0.0439559
-0.118982	-2.22026	0.0555732
-0.12875	-2.34435	0.0769477
-0.142113	-3.20716	0.0995168
-0.144065	-0.468271	0.130392
-0.126489	4.21812	0.1349
-0.091579	8.37842	0.0942925
-0.0420009	11.8987	0.0136336
0.0195202	14.765	-0.100915
0.0893573	16.7609	-0.243058
0.16319	17.7197	-0.404415
0.228086	15.5752	-0.575002
0.274056	11.0328	-0.724944
0.302137	6.73925	-0.831155
0.314435	2.95167	-0.896033
0.312858	-0.378454	-0.924448
0.299243	-3.26774	-0.920804
0.275512	-5.69533	-0.889344
0.243703	-7.63415	-0.834514
0.211999	-7.60894	-0.761019
0.193462	-4.44903	-0.687767
0.188475	-1.19682	-0.644936
0.194695	1.49283	-0.633413
0.209558	3.56701	-0.647784
0.230584	5.04635	-0.682123
0.25527	5.9247	-0.730703
0.280024	5.94082	-0.787739
0.289128	2.1851	-0.844931
0.279853	-2.22617	-0.865966
0.254692	-6.03862	-0.844533
0.21588	-9.31477	-0.786399
0.165424	-12.1094	-0.696725
0.105248	-14.4424	-0.580147
0.0373226	-16.302	-0.441109
-0.0359861	-17.5941	-0.28417
-0.104763	-16.5064	-0.114791
-0.157705	-12.7061	0.044116
-0.19284	-8.43231	0.166437
-0.211457	-4.46807	0.247615
-0.215688	-1.01555	0.290629
-0.207815	1.88957	0.300406
-0.190362	4.18856	0.282215
-0.167126	5.57663	0.241891
-0.154682	2.98674	0.188205
-0.152915	0.423994	0.159452
-0.160477	-1.81475	0.15537
-0.175634	-3.63776	0.172841
-0.196619	-5.03652	0.207861
-0.221527	-5.97775	0.256348
-0.248089	-6.375	0.313895
-0.274428	-6.32136	0.375267
-0.294772	-4.88246	0.436123
-0.295111	-0.0813876	0.483126
-0.276383	4.4948	0.483909
-0.241177	8.44923	0.440637
-0.192253	11.742	0.359297
-0.132344	14.3781	0.246257
-0.0644587	16.2924	0.107839
0.00578248	16.8579	-0.0490082
0.0607998	13.2042	-0.211299
0.0979256	8.91018	-0.338415
0.118228	4.87246	-0.424192
0.123847	1.34856	-0.471099
0.116774	-1.69743	-0.484081
0.098921	-4.2847	-0.467739
0.0844294	-3.47799	-0.42649
0.0635279	-5.01636	-0.393007
0.0407821	-5.45899	-0.344714
0.0286201	-2.91887	-0.29216
0.0288302	0.050413	-0.26406
0.0396589	2.59889	-0.264544
0.0586788	4.56478	-0.289564
0.0829751	5.83111	-0.333508
0.107671	5.92713	-0.389644
0.122646	3.59399	-0.446704
0.120109	-0.608887	-0.481302
0.102028	-4.33949	-0.47544
0.0710192	-7.44215	-0.433663
0.02945	-9.97661	-0.362017
-0.0202522	-11.9285	-0.265972
-0.0758581	-13.3454	-0.151136
-0.134351	-14.0384	-0.0226594
-0.185145	-12.1904	0.112488
-0.216924	-7.62713	0.229845
-0.229721	-3.07132	0.303271
-0.225775	0.947067	0.332838
-0.207724	4.33222	0.323721
-0.178276	7.06756	0.282014
-0.140495	9.06743	0.213975
-0.100769	9.5344	0.126683
-0.0738316	6.46489	0.0348954
-0.0585778	3.66092	-0.0273419
-0.0530367	1.32986	-0.0625853
-0.0556812	-0.634663	-0.0753876
-0.0648844	-2.20878	-0.0692775
-0.0790708	-3.40474	-0.0480134
-0.0964295	-4.16608	-0.0152359
-0.114417	-4.31693	0.0248711
-0.11828	-0.927126	0.0664302
-0.102552	3.77463	0.0753557
-0.0693567	7.96689	0.0390175
-0.0216333	11.4536	-0.0376795
0.0374512	14.1803	-0.147943
0.10402	15.9765	-0.284456
0.173376	16.6454	-0.438262
0.232339	14.1512	-0.598506
0.270439	9.14408	-0.734738
0.289743	4.63282	-0.822767
0.292789	0.731052	-0.867367
0.28161	-2.68295	-0.874403
0.258126	-5.63619	-0.848574
0.224378	-8.09945	-0.794313
0.182473	-10.0572	-0.716339
0.136745	-10.9748	-0.619518
0.103091	-8.07678	-0.513863
0.0844099	-4.48353	-0.436107
0.0785815	-1.39881	-0.392943
0.0828086	1.0145	-0.379477
0.0943335	2.76599	-0.389243
0.110439	3.86524	-0.41587
0.1277	4.14272	-0.45308
0.13717	2.27274	-0.492962
0.127436	-2.33622	-0.514841
0.101431	-6.24108	-0.492349
0.0619165	-9.48348	-0.432266
0.0111415	-12.186	-0.340968
-0.0489121	-14.4129	-0.223653
-0.115793	-16.0514	-0.0849003
-0.186357	-16.9353	0.0696269
-0.255443	-16.5808	0.232662
-0.309224	-12.9074	0.392286
-0.342808	-8.06	0.516545
-0.357235	-3.46264	0.594138
-0.355138	0.503355	0.627472
-0.339062	3.85809	0.622626
-0.311524	6.60927	0.585484
-0.275492	8.64771	0.521856
-0.242889	7.82468	0.438604
-0.220829	5.29426	0.363276
-0.207794	3.12856	0.312308
-0.202224	1.33681	0.282189
-0.202501	-0.0666212	0.26932
-0.206893	-1.05407	0.269961
-0.213452	-1.57403	0.280108
-0.220634	-1.72362	0.295261
-0.226601	-1.43216	0.311854
-0.219728	1.64949	0.325642
-0.192777	6.46817	0.309762
-0.148145	10.7118	0.247493
-0.0888738	14.225	0.14437
-0.0178359	17.0491	0.00742606
0.0622084	19.2106	-0.156705
0.146854	20.315	-0.341645
0.225063	18.7702	-0.537217
0.28373	14.0801	-0.717917
0.323025	9.4307	-0.853465
0.344814	5.22932	-0.944253
0.351282	1.55242	-0.994595
0.344567	-1.61161	-1.00954
0.326807	-4.26246	-0.994023
0.300204	-6.38483	-0.952987
0.268408	-7.63087	-0.891519
0.247231	-5.0825	-0.818056
0.240697	-1.56823	-0.769126
0.246639	1.42621	-0.754028
0.262299	3.75831	-0.767757
0.285036	5.45691	-0.803938
0.3123	6.54323	-0.85647
0.341296	6.95921	-0.919461
0.364654	5.60583	-0.986456
0.36805	0.815134	-1.04042
0.353589	-3.47066	-1.04827
0.323921	-7.12028	-1.01486
0.281372	-10.2118	-0.946307
0.228072	-12.7921	-0.847998
0.166077	-14.8787	-0.724847
0.0975984	-16.435	-0.58161
0.059671	-9.10257	-0.42339
0.0298681	-7.1527	-0.335759
0.0148954	-3.59345	-0.266899
0.0136436	-0.300414	-0.232305
0.024203	2.53424	-0.229412
0.0442609	4.8139	-0.253809
0.0710668	6.43341	-0.300152
0.100587	7.08489	-0.362086
0.120679	4.82209	-0.430292
0.122891	0.530834	-0.476713
0.109716	-3.16211	-0.481823
0.0838643	-6.20429	-0.451381
0.0476588	-8.68933	-0.391652
0.00305199	-10.7056	-0.307999
-0.0482106	-12.303	-0.204936
-0.103727	-13.3239	-0.0864946
-0.155915	-12.5252	0.0417743
-0.190198	-8.22792	0.162354
-0.209169	-4.55301	0.241564
-0.21496	-1.38984	0.285396
-0.210389	1.09692	0.298776
-0.198491	2.85566	0.288216
-0.1835	3.59779	0.260724
-0.174704	2.11106	0.226088
-0.177307	-0.624753	0.205765
-0.188765	-2.74984	0.211779
-0.206516	-4.2603	0.238252
-0.228714	-5.32755	0.279266
-0.253985	-6.06506	0.330554
-0.281234	-6.53961	0.388942
-0.309462	-6.7749	0.451898
-0.333086	-5.6698	0.51712
-0.34343	-2.48254	0.571703
-0.340948	0.595876	0.595602
-0.327686	3.18279	0.589865
-0.306333	5.1246	0.559224
-0.279836	6.35942	0.509889
-0.251247	6.86138	0.448667
-0.224162	6.50038	0.382612
-0.208377	3.78836	0.320033
-0.202375	1.44052	0.283562
-0.203415	-0.249736	0.269694
-0.209837	-1.54116	0.272098
-0.220626	-2.58938	0.286935
-0.2351	-3.47383	0.311862
-0.252621	-4.20501	0.345305
-0.271102	-4.43551	0.385786
-0.279973	-2.12898	0.428487
-0.274965	1.20188	0.448982
-0.256687	4.38691	0.437411
-0.226991	7.12696	0.395178
-0.188333	9.27788	0.326567
-0.14345	10.772	0.237249
-0.0951429	11.5936	0.133546
-0.0521589	10.3162	0.0219349
-0.0211867	7.43334	-0.0773784
-0.000466713	4.97279	-0.148939
0.0115071	2.87371	-0.196812
0.0156475	0.993708	-0.224476
0.0126276	-0.724781	-0.234042
0.0032358	-2.25403	-0.227065
-0.0116235	-3.56624	-0.205365
-0.0293082	-4.24432	-0.171032
-0.0360636	-1.62129	-0.130172
-0.0277225	2.00186	-0.114564
-0.00558403	5.31322	-0.133835
0.0276274	7.97075	-0.184985
0.0686426	9.84363	-0.261719
0.113653	10.8024	-0.356483
0.158942	10.8694	-0.460478
0.173561	3.50864	-0.565117
0.174763	0.288335	-0.598894
0.161672	-3.1418	-0.601669
0.13629	-6.09154	-0.571422
0.100389	-8.61627	-0.512778
0.0556035	-10.7486	-0.429829
0.00358997	-12.4832	-0.326352
-0.0497497	-12.8015	-0.206175
-0.0896463	-9.57518	-0.0829351
-0.115324	-6.16275	0.00924527
-0.128464	-3.15338	0.0685741
-0.126975	0.357321	0.0989318
-0.112648	3.4383	0.0954919
-0.0958044	4.04255	0.0623915
-0.0803763	3.70276	0.0234739
-0.0744031	1.43356	-0.0121724
-0.0801515	-1.37962	-0.0259731
-0.0954943	-3.68227	-0.0126913
-0.118579	-5.54044	0.022758
-0.147791	-7.01065	0.0760959
-0.181284	-8.03851	0.143587
-0.217058	-8.58574	0.220974
-0.247014	-7.18931	0.303629
-0.265346	-4.39974	0.37284
-0.266444	-0.263618	0.415196
-0.251633	3.55467	0.417734
-0.22322	6.81928	0.383513
-0.183801	9.46047	0.317863
-0.136149	11.4363	0.226787
-0.0837987	12.5642	0.11669
-0.0415877	10.1306	-0.00426553
-0.0127573	6.91929	-0.101793
0.00403031	4.02903	-0.168405
0.00998157	1.4283	-0.207192
0.00627778	-0.88891	-0.220942
-0.00572306	-2.8802	-0.212384
-0.0293901	-5.6801	-0.184656
-0.0505581	-5.0803	-0.129973
-0.0706851	-4.83049	-0.081065
-0.076761	-1.45822	-0.0345617
-0.0658562	2.61715	-0.0205233
-0.0400165	6.20153	-0.0457184
-0.00235399	9.039	-0.10542
0.0432644	10.9484	-0.192438
0.0893433	11.0589	-0.297838
0.124294	8.38826	-0.404302
0.141774	4.19522	-0.485055
0.143569	0.430647	-0.525442
0.131837	-2.81555	-0.529587
0.108657	-5.56328	-0.502481
0.0761485	-7.80203	-0.448923
0.0365604	-9.50114	-0.373812
-0.00580786	-10.1684	-0.282345
-0.039172	-8.00739	-0.184453
-0.0567141	-4.21011	-0.107366
-0.059017	-0.552706	-0.0668349
-0.0480821	2.62439	-0.0615138
-0.0265735	5.16206	-0.0867785
0.00235038	6.94173	-0.136473
0.0350408	7.84571	-0.203301
0.0615314	6.35774	-0.278831
0.0700386	2.04172	-0.340037
0.0623124	-1.85427	-0.359692
0.0407508	-5.17479	-0.34184
0.0074927	-7.98194	-0.292022
-0.0355043	-10.3193	-0.21518
-0.0855357	-12.0075	-0.115836
-0.138835	-12.7919	-0.000239152
-0.189883	-12.2515	0.122908
-0.223035	-7.95633	0.240853
-0.237694	-3.51838	0.317449
-0.236195	0.359874	0.35132
-0.220975	3.65271	0.347855
-0.194419	6.37343	0.312691
-0.159072	8.4834	0.251333
-0.11882	9.66045	0.169664
-0.0887859	7.2082	0.0766628
-0.0705428	4.37835	0.00726965
-0.0626706	1.88933	-0.0348805
-0.0637185	-0.251497	-0.0530688
-0.0721072	-2.01329	-0.0506475
-0.085998	-3.3338	-0.0312654
-0.103115	-4.10805	0.000829243
-0.121297	-4.36367	0.0403775
-0.133806	-3.00223	0.0823866
-0.130909	0.695233	0.111289
-0.109895	5.04341	0.104596
-0.0731057	8.82946	0.0560433
-0.0234892	11.908	-0.0289577
0.0359406	14.2631	-0.143595
0.101222	15.6676	-0.280906
0.166658	15.7045	-0.431737
0.215546	11.7333	-0.582924
0.244386	6.92148	-0.69588
0.255576	2.68567	-0.762512
0.251471	-0.985307	-0.788366
0.234227	-4.1384	-0.77888
0.205947	-6.78724	-0.739038
0.168802	-8.91491	-0.673697
0.12496	-10.5221	-0.587872
0.0851085	-9.56429	-0.486575
0.0615517	-5.65361	-0.394499
0.0525534	-2.15961	-0.340072
0.0552189	0.639721	-0.319281
0.0669039	2.80442	-0.325439
0.0850445	4.35374	-0.352436
0.106787	5.21818	-0.394349
0.128054	5.10418	-0.444584
0.130737	0.643836	-0.493722
0.116049	-3.52514	-0.499919
0.0868376	-7.01071	-0.465982
0.045593	-9.89871	-0.398489
-0.00549487	-12.2611	-0.303194
-0.0644022	-14.1378	-0.185156
-0.128245	-15.3223	-0.0490522
-0.193352	-15.6257	0.0984559
-0.247284	-12.9437	0.248884
-0.282037	-8.34067	0.373493
-0.298185	-3.87547	0.453788
-0.298076	0.0262132	0.491097
-0.284382	3.28652	0.490845
-0.25979	5.90216	0.459205
-0.227238	7.81246	0.402385
-0.194483	7.86118	0.327174
-0.174071	4.89876	0.251494
