0.268304	0.0452031	0.161349
8.01601e-21	1.92384e-18	0.160964
0.000980586	0.235341	0.160964
0.00272574	0.418837	0.158963
0.00430797	0.379735	0.155403
0.00436089	0.0127004	0.152174
0.00200118	-0.566331	0.152066
-0.00281953	-1.15697	0.15688
-0.00867764	-1.40595	0.166715
-0.0127557	-0.978738	0.178666
-0.0120078	0.179505	0.186986
-0.00448723	1.80493	0.18546
0.00890302	3.21366	0.170117
0.0236896	3.54878	0.142798
0.0327806	2.18184	0.112631
0.0295348	-0.778997	0.0940832
0.012415	-4.10876	0.100705
-0.0157067	-6.74921	0.135632
-0.0443084	-6.8644	0.193005
-0.0582517	-3.34639	0.251357
-0.048676	2.29817	0.279804
-0.0171688	7.56173	0.260267
0.0286873	11.0055	0.195987
0.0724787	10.5099	0.102432
0.0912222	4.49844	0.0130901
0.0840261	-1.72707	-0.02515
0.0549137	-6.98697	-0.0104687
0.00780588	-11.3059	0.0489255
-0.0523456	-14.4364	0.145034
-0.103948	-12.3845	0.267753
-0.119595	-3.75538	0.37303
-0.102416	4.12294	0.404953
-0.0580285	10.6531	0.369905
0.00739827	15.7024	0.279346
0.0873168	19.1804	0.145863
0.152061	15.5385	-0.0171845
0.182003	7.18604	-0.149273
0.181137	-0.207735	-0.21036
0.154092	-6.49075	-0.208594
0.105229	-11.7272	-0.153418
0.0387386	-15.9576	-0.0537279
-0.041391	-19.2311	0.0819233
-0.128444	-20.8926	0.245401
-0.187153	-14.0903	0.423004
-0.208778	-5.18985	0.542781
-0.194213	3.49547	0.586898
-0.149038	10.8421	0.557183
-0.0796558	16.6516	0.465017
0.00742623	20.8997	0.323466
0.106128	23.6884	0.145803
0.185893	19.1437	-0.0555655
0.227974	10.0994	-0.2183
0.236903	2.14291	-0.304153
0.217624	-4.62679	-0.322369
0.17464	-10.3163	-0.283038
0.112313	-14.9585	-0.195342
0.0347871	-18.6062	-0.0681841
-0.0537313	-21.2444	0.0899823
-0.143968	-21.6568	0.270575
-0.191926	-11.51	0.454673
-0.199456	-1.80712	0.552516
-0.172757	6.40763	0.567877
-0.118478	13.027	0.513407
-0.043173	18.0733	0.402668
0.0470328	21.6494	0.249032
0.143445	23.1388	0.064996
0.202936	14.278	-0.131701
0.227063	5.79032	-0.253074
0.220283	-1.62703	-0.302296
0.187257	-7.92645	-0.288465
0.132481	-13.1463	-0.221085
0.0603056	-17.322	-0.109332
-0.0248004	-20.4254	0.0379173
-0.118664	-22.5273	0.211548
-0.188771	-16.8256	0.403046
-0.221204	-7.78402	0.546075
-0.215413	1.38981	0.612245
-0.176832	9.25959	0.60043
-0.112078	15.5408	0.521716
-0.027616	20.2709	0.389607
0.0705001	23.5479	0.21729
0.169759	23.8222	0.0171156
0.232832	15.1375	-0.18539
0.260437	6.6252	-0.31407
0.256798	-0.873471	-0.370389
0.226411	-7.29295	-0.362964
0.173765	-12.6348	-0.300969
0.103349	-16.8998	-0.193563
0.0197195	-20.0712	-0.0499023
-0.0731731	-22.2942	0.120717
-0.160512	-20.9613	0.310234
-0.204314	-10.5125	0.48842
-0.207879	-0.855494	0.577783
-0.177655	7.25362	0.585055
-0.12036	13.7509	0.523393
-0.0425575	18.6725	0.4065
0.0495808	22.1132	0.24777
0.147003	23.3813	0.0597919
0.206618	14.3075	-0.138967
0.231079	5.87064	-0.260591
0.224681	-1.53551	-0.310496
0.191958	-7.85339	-0.297443
0.137377	-13.0996	-0.230683
0.0652875	-17.3014	-0.119326
-0.019891	-20.4428	0.0277476
-0.114135	-22.6187	0.201526
-0.187156	-17.5249	0.393801
-0.221872	-8.33187	0.542775
-0.218037	0.920442	0.613602
-0.181094	8.86638	0.605777
-0.117633	15.2306	0.530405
-0.0341165	20.0439	0.400934
0.063476	23.4222	0.230546
0.164686	24.2904	0.0314402
0.230075	15.6934	-0.175045
0.259264	7.00542	-0.308451
0.256713	-0.612383	-0.368002
0.227159	-7.09285	-0.362796
0.175112	-12.4914	-0.302502
0.104916	-16.847	-0.196315
0.0208024	-20.1872	-0.0531037
-0.0727323	-22.4483	0.118502
-0.161063	-21.1993	0.309329
-0.20604	-10.7946	0.489538
-0.210627	-1.10085	0.5813
-0.181106	7.08508	0.590657
-0.124209	13.6553	0.530428
-0.0465433	18.6398	0.414348
0.0456884	22.1356	0.255896
0.144215	23.6463	0.0677273
0.205437	14.6934	-0.133283
0.230445	6.00184	-0.258188
0.224168	-1.50648	-0.309208
0.191398	-7.86482	-0.296402
0.13668	-13.1323	-0.229545
0.0643428	-17.3608	-0.11791
-0.0215343	-20.6105	0.0296692
-0.117033	-22.9197	0.204873
-0.190278	-17.5787	0.399707
-0.224113	-8.12055	0.549138
-0.21935	1.14326	0.618168
-0.181549	9.0723	0.608449
-0.117338	15.4106	0.531328
-0.0331616	20.2023	0.400326
0.0649662	23.5507	0.228592
0.166242	24.3062	0.028394
0.230296	15.3729	-0.178226
0.258209	6.69904	-0.308908
0.254771	-0.82504	-0.365854
0.220264	-8.28171	-0.358841
0.164892	-13.2892	-0.28844
0.0922796	-17.427	-0.175472
0.00648728	-20.5901	-0.0273295
-0.0886548	-22.8341	0.147701
-0.167814	-18.9983	0.341808
-0.203866	-8.65244	0.503306
-0.202591	0.305927	0.576858
-0.168164	8.26253	0.574257
-0.107344	14.5969	0.504019
-0.0266684	19.3621	0.379935
0.0674252	22.5825	0.215342
0.162703	22.8667	0.0233747
0.219477	13.6257	-0.171008
0.240535	5.05413	-0.286837
0.230902	-2.31198	-0.3298
0.195404	-8.51952	-0.310147
0.141125	-13.0271	-0.237724
0.0999112	-9.89122	-0.126985
0.0441634	-13.3795	-0.0429022
-0.0247782	-16.546	0.0708329
-0.101991	-18.5309	0.211486
-0.153485	-12.3588	0.369012
-0.166353	-3.08835	0.47407
-0.144984	5.12855	0.500323
-0.0954878	11.8792	0.456726
-0.024112	17.1302	0.355744
0.0628669	20.8749	0.210124
0.147698	20.3595	0.0326719
0.204478	13.6271	-0.140398
0.205286	0.194085	-0.256239
0.179111	-6.28205	-0.257888
0.130263	-11.7237	-0.204486
0.062874	-16.1733	-0.104827
-0.0190806	-19.6691	0.0326575
-0.11183	-22.2598	0.199859
-0.187817	-18.2369	0.389083
-0.22847	-9.75674	0.544109
-0.231375	-0.697255	0.627048
-0.20189	7.07643	0.632974
-0.146164	13.3741	0.572819
-0.0706751	18.1174	0.459129
0.0184579	21.3919	0.305118
0.109091	21.7519	0.123271
0.167428	14.0011	-0.0616363
0.191368	5.74546	-0.180655
0.185942	-1.30223	-0.229496
0.155683	-7.26218	-0.218426
0.104946	-12.1767	-0.156692
0.0378921	-16.093	-0.053181
-0.0415629	-19.0692	0.0836213
-0.124491	-19.9027	0.245723
-0.168456	-10.5517	0.41491
-0.173576	-1.22886	0.504606
-0.14593	6.63502	0.515052
-0.0955558	12.0899	0.458649
-0.0260981	16.6698	0.355876
0.0592317	20.4792	0.21417
0.147436	21.169	0.0400822
0.207139	14.3287	-0.139869
0.231676	5.88893	-0.261674
0.227561	-0.987511	-0.311734
0.1984	-6.99877	-0.30334
0.147492	-12.218	-0.243845
0.0806534	-16.0412	-0.139983
-0.000308092	-19.4307	-0.00362154
-0.0908472	-21.7294	0.161554
-0.167324	-18.3545	0.346269
-0.208842	-9.96439	0.502295
-0.212118	-0.786238	0.586999
-0.182249	7.16862	0.593682
-0.125468	13.6275	0.532743
-0.0483054	18.519	0.416899
0.0429451	21.9001	0.259474
0.13863	22.9644	0.0733067
0.198018	14.2532	-0.121908
0.222326	5.83389	-0.24307
0.216151	-1.48197	-0.292662
0.184009	-7.71405	-0.280064
0.130474	-12.8485	-0.214489
0.0601858	-16.8692	-0.105267
-0.0226132	-19.8717	0.0381328
-0.113953	-21.9214	0.207057
-0.180743	-16.0298	0.393405
-0.206164	-6.10092	0.529669
-0.194861	2.71268	0.581531
-0.153083	10.0266	0.55847
-0.0873584	15.774	0.473237
-0.00389329	20.0316	0.339146
0.0913567	22.86	0.168862
0.174566	19.9702	-0.0254643
0.220323	10.9817	-0.195225
0.233345	3.12539	-0.288577
0.218417	-3.5828	-0.315145
0.179952	-9.23161	-0.284689
0.12216	-13.8699	-0.206213
0.049077	-17.54	-0.0883091
-0.0355339	-20.3066	0.0607937
-0.124289	-21.3012	0.233414
-0.184803	-14.5234	0.41449
-0.206567	-5.22348	0.537949
-0.192299	3.42455	0.582351
-0.147548	10.7402	0.55324
-0.0787446	16.5127	0.46194
0.00797079	20.8117	0.321569
0.106584	23.6672	0.144655
0.190285	20.0882	-0.0565335
0.237441	11.3176	-0.227298
0.25176	3.43656	-0.323505
0.237939	-3.31699	-0.352718
0.200262	-9.04257	-0.324521
0.142873	-13.7735	-0.247653
0.0697151	-17.5578	-0.130568
-0.0154944	-20.4503	0.0186856
-0.0634676	-11.5136	0.192528
-0.0965283	-7.93457	0.290401
-0.0992898	-0.662757	0.35785
-0.0740924	6.04737	0.363484
-0.0264577	11.4323	0.312077
0.0353505	14.834	0.214893
0.0945749	14.2139	0.0887937
0.124425	7.16414	-0.0320346
0.126301	0.450184	-0.092935
0.104487	-5.2355	-0.0967619
0.0629271	-9.97429	-0.0522564
0.00542949	-13.7994	0.0325321
-0.0639203	-16.6439	0.149837
-0.120372	-13.5485	0.291322
-0.138854	-4.43569	0.406494
-0.123753	3.62442	0.4442
-0.0808545	10.2956	0.41339
-0.0162127	15.514	0.32587
0.0642367	19.3078	0.193989
0.143812	19.0982	0.0298581
0.189969	11.0777	-0.13249
0.202804	3.08035	-0.226658
0.187112	-3.76606	-0.252844
0.147463	-9.51589	-0.220829
0.0881552	-14.2338	-0.139937
0.0132513	-17.9769	-0.0189398
-0.0734516	-20.8087	0.133877
-0.157415	-20.1513	0.310766
-0.209382	-12.4719	0.482066
-0.222138	-3.06164	0.588086
-0.199418	5.45293	0.614112
-0.146962	12.5894	0.567757
-0.0712712	18.1658	0.460738
0.0211442	22.1797	0.306315
0.123857	24.6512	0.117771
0.199458	18.1442	-0.0917816
0.237986	9.24665	-0.24602
0.244215	1.49512	-0.324623
0.222974	-5.09793	-0.337333
0.178665	-10.6342	-0.293996
0.115516	-15.1556	-0.203598
0.0375472	-18.7126	-0.0747646
-0.0514407	-21.3571	0.0843061
-0.140227	-21.3086	0.265857
-0.187391	-11.3194	0.446995
-0.195131	-1.85769	0.543218
-0.169579	6.13261	0.559009
-0.117265	12.5552	0.506877
-0.0446245	17.4338	0.400148
0.0423991	20.8857	0.251948
0.135605	22.3694	0.0744048
0.192578	13.6736	-0.115752
0.213396	4.99621	-0.231987
0.203023	-2.48946	-0.274458
0.166329	-8.80669	-0.253296
0.107926	-14.0166	-0.178433
0.0321608	-18.1836	-0.0592813
-0.0568905	-21.3723	0.0952926
-0.152732	-23.002	0.276973
-0.219243	-15.9627	0.472506
-0.247841	-6.86335	0.608199
-0.239575	1.98378	0.666542
-0.199964	9.50658	0.649678
-0.135438	15.4862	0.568865
-0.0522312	19.9697	0.437221
0.0436889	23.0208	0.267463
0.144424	24.1763	0.0717697
0.207352	15.1028	-0.133747
0.233916	6.37549	-0.262131
0.229316	-1.10394	-0.316327
0.198368	-7.42771	-0.306943
0.145659	-12.65	-0.243802
0.0756207	-16.8092	-0.136267
-0.00751499	-19.9526	0.00662338
-0.099926	-22.1786	0.176234
-0.17087	-17.0266	0.364769
-0.200285	-7.05944	0.509507
-0.191655	2.07119	0.569517
-0.151449	9.64937	0.55191
-0.0863566	15.6221	0.469883
-0.00271382	20.0743	0.337083
0.0934272	23.0738	0.166437
0.178338	20.3785	-0.0297079
0.225032	11.2065	-0.20294
0.237854	3.07731	-0.298204
0.221768	-3.86049	-0.324363
0.181356	-9.69891	-0.291546
0.120947	-14.4982	-0.209098
0.0446149	-18.3198	-0.0858533
-0.0437258	-21.2018	0.0698778
-0.137784	-22.574	0.250108
-0.200834	-15.132	0.442003
-0.223013	-5.3229	0.570635
-0.208435	3.49868	0.615883
-0.163363	10.8173	0.586141
-0.0944298	16.5439	0.494186
-0.00784675	20.7799	0.35355
0.0904271	23.5857	0.176906
0.178723	21.1909	-0.0235902
0.229073	12.0842	-0.203728
0.24484	3.78391	-0.306453
0.230785	-3.37313	-0.338618
0.191486	-9.4317	-0.309944
0.131392	-14.4227	-0.229768
0.0549049	-18.3568	-0.107164
-0.0336651	-21.2568	0.0488815
-0.13071	-23.2909	0.22958
-0.196658	-15.8274	0.427568
-0.222053	-6.09474	0.562112
-0.21116	2.61414	0.613921
-0.170104	9.85362	0.591699
-0.105276	15.5587	0.507935
-0.0227642	19.8028	0.375675
0.0715599	22.6378	0.207337
0.159454	21.0946	0.0148993
0.209425	11.9929	-0.16442
0.225812	3.93289	-0.266369
0.213388	-2.98167	-0.299801
0.176666	-8.81327	-0.274455
0.119968	-13.6076	-0.199535
0.0474302	-17.409	-0.083861
-0.0369784	-20.2581	0.064128
-0.128359	-21.9314	0.236336
-0.190691	-14.9596	0.422769
-0.212383	-5.20607	0.549936
-0.197066	3.67614	0.594191
-0.150818	11.0996	0.562941
-0.0802551	16.935	0.468586
0.00832396	21.259	0.324626
0.108938	24.1474	0.143909
0.194848	20.6184	-0.0613615
0.244234	11.8527	-0.236633
0.260562	3.91878	-0.337389
0.248521	-2.88982	-0.370701
0.212474	-8.65134	-0.346136
0.156583	-13.4138	-0.272593
0.084803	-17.2273	-0.158566
0.000846669	-20.1495	-0.0121217
-0.0917917	-22.2332	0.159164
-0.166601	-17.9542	0.348162
-0.199726	-7.94999	0.500785
-0.195101	1.10998	0.568365
-0.173568	5.16783	0.558929
-0.128483	10.8204	0.514999
-0.0645388	15.3467	0.423017
0.013766	18.7932	0.292559
0.101937	21.1611	0.132803
0.170569	16.4717	-0.047082
0.204718	8.19562	-0.187103
0.208896	1.00275	-0.256772
0.187521	-5.12994	-0.265296
0.144659	-10.2869	-0.221687
0.084244	-14.4996	-0.134241
0.0100288	-17.8116	-0.0109843
-0.074438	-20.272	0.140427
-0.149628	-18.0455	0.312754
-0.188728	-9.38403	0.466154
-0.189537	-0.194258	0.545924
-0.157244	7.7505	0.547575
-0.0983129	14.1434	0.48169
-0.019137	19.0022	0.361461
0.0741545	22.39	0.199928
0.166632	22.1946	0.00959705
0.223386	13.621	-0.179073
0.246418	5.52766	-0.294861
0.240361	-1.45374	-0.34185
0.209597	-7.38325	-0.329492
0.158271	-12.3182	-0.266729
0.0903456	-16.3022	-0.162015
0.00956858	-19.3865	-0.0234353
-0.0805049	-21.6176	0.141364
-0.159738	-19.0159	0.325129
-0.197027	-8.94937	0.486778
-0.195929	0.2634	0.562853
-0.16247	8.03028	0.560614
-0.103218	14.2205	0.49235
-0.0245033	18.8915	0.371465
0.0677143	22.1322	0.210874
0.158116	21.6964	0.0227335
0.211846	12.8953	-0.161701
0.232397	4.93227	-0.271321
0.224353	-1.93056	-0.313249
0.192043	-7.75461	-0.296837
0.139565	-12.5946	-0.230917
0.0708669	-16.4876	-0.123855
-0.0103441	-19.4906	0.016302
-0.100382	-21.6092	0.181986
-0.170891	-16.922	0.36568
-0.203675	-7.86824	0.509528
-0.198722	1.18879	0.576414
-0.161297	8.98189	0.566308
-0.0978852	15.2189	0.489955
-0.0147769	19.946	0.360583
0.0820259	23.2327	0.191027
0.176721	22.7268	-0.0064675
0.234102	13.7715	-0.199661
0.256035	5.26395	-0.316729
0.247126	-2.13821	-0.361477
0.211873	-8.46077	-0.3433
0.154737	-13.7127	-0.271377
0.0799973	-17.9375	-0.15481
-0.00832665	-21.1977	-0.00232835
-0.106416	-23.5414	0.177868
-0.183908	-18.5981	0.377986
-0.219611	-8.56872	0.536083
-0.217457	0.516909	0.608923
-0.183534	8.14163	0.604528
-0.124471	14.175	0.535318
-0.046554	18.7002	0.41482
0.0443936	21.8274	0.255855
0.137854	22.4304	0.070306
0.193708	13.4051	-0.120369
0.214253	4.93069	-0.234322
0.204622	-2.31146	-0.276237
0.169542	-8.41928	-0.256587
0.113553	-13.4372	-0.185017
0.041011	-17.4101	-0.0707914
-0.0439641	-20.394	0.0772071
-0.135123	-21.8782	0.250571
-0.196563	-14.7454	0.436551
-0.218255	-5.20614	0.561898
-0.203447	3.55389	0.606153
-0.158007	10.9057	0.575942
-0.088449	16.6939	0.483236
-0.000920755	21.0068	0.341325
0.0986687	23.9015	0.162752
0.188744	21.6181	-0.0404278
0.240888	12.5146	-0.224197
0.258709	4.27704	-0.33058
0.247054	-2.79724	-0.366938
0.210284	-8.82475	-0.343159
0.152601	-13.8439	-0.268142
0.0780114	-17.9016	-0.150459
-0.00967688	-21.0452	0.00171723
-0.106498	-23.237	0.180616
-0.178751	-17.3407	0.378147
-0.20977	-7.44473	0.525556
-0.203973	1.39128	0.588841
-0.167563	8.73861	0.577013
-0.107144	14.5005	0.502728
-0.0288946	18.7798	0.379463
0.0612728	21.6402	0.219821
0.147873	20.7841	0.0358636
0.19521	11.3608	-0.140816
0.207916	3.04936	-0.237391
0.191082	-4.03999	-0.263313
0.149312	-10.0248	-0.22897
0.0870593	-14.9407	-0.143752
0.0085417	-18.8442	-0.0167452
-0.0822556	-21.7913	0.143444
-0.16987	-21.0274	0.328686
-0.223371	-12.8402	0.507434
-0.237079	-3.28994	0.616585
-0.229826	1.74071	0.644551
-0.195206	8.30868	0.629753
-0.136258	14.1476	0.559123
-0.0592135	18.4907	0.438858
0.0298829	21.3831	0.281673
0.116263	20.7312	0.0999008
0.167494	12.2954	-0.0763298
0.184009	3.96371	-0.18085
0.171023	-3.11666	-0.214544
0.133327	-9.04707	-0.18805
0.0817609	-12.3759	-0.111143
0.0333203	-11.6258	-0.00593951
-0.0270216	-14.4821	0.0928877
-0.0962827	-16.6227	0.215995
-0.151861	-13.3388	0.3573
-0.175144	-5.58778	0.470689
-0.162822	2.95723	0.518189
-0.1198	10.3252	0.49305
-0.0519759	16.2778	0.405277
0.034332	20.7139	0.266904
0.132083	23.4602	0.090821
0.21265	19.3362	-0.108607
0.257406	10.7414	-0.272979
0.268381	2.63405	-0.364289
0.250576	-4.27324	-0.38668
0.208558	-10.0844	-0.350354
0.146741	-14.8361	-0.264629
0.0693302	-18.5785	-0.138512
-0.0197299	-21.3744	0.0194189
-0.109576	-21.5632	0.201117
-0.167385	-13.8741	0.384419
-0.184893	-4.202	0.502358
-0.167543	4.16401	0.538078
-0.121907	10.9528	0.50268
-0.0545295	16.1705	0.409573
0.0282617	19.8699	0.272112
0.117076	21.3153	0.103203
0.171772	13.1271	-0.0779927
0.191369	4.70338	-0.189582
0.180941	-2.50287	-0.229565
0.1452	-8.57767	-0.208288
0.0886505	-13.572	-0.135372
0.0155643	-17.5407	-0.0200006
-0.0700915	-20.5574	0.129108
-0.1567	-20.7861	0.30386
-0.216723	-14.4055	0.480557
-0.23629	-4.69607	0.603014
-0.218831	4.19032	0.642934
-0.170527	11.5928	0.607312
-0.0980818	17.387	0.508765
-0.00784563	21.6567	0.360963
0.0942398	24.5005	0.176865
0.187645	22.4172	-0.0314073
0.243205	13.3345	-0.22197
0.263855	4.95589	-0.335323
0.254566	-2.22928	-0.377452
0.219985	-8.2996	-0.358501
0.164588	-13.2953	-0.287948
0.0926296	-17.2699	-0.174929
0.00861779	-20.1628	-0.0281218
-0.0808731	-21.4778	0.143277
-0.153651	-17.4667	0.325853
-0.184926	-7.50601	0.474333
-0.178795	1.4714	0.538139
-0.141534	8.94276	0.52563
-0.0797365	14.8313	0.44961
0.000320699	19.2137	0.323533
0.0926018	22.1475	0.160202
0.173455	19.4049	-0.0280678
0.217222	10.504	-0.193023
0.228042	2.5969	-0.282315
0.210704	-4.16128	-0.30439
0.169683	-9.84508	-0.269016
0.109281	-14.4964	-0.185326
0.0335971	-18.1641	-0.0620961
-0.0535252	-20.9094	0.0923121
-0.145992	-22.1919	0.270057
-0.209423	-15.2237	0.458703
-0.231408	-5.27629	0.588115
-0.215688	3.77287	0.632967
-0.168587	11.3042	0.600894
-0.0969878	17.1838	0.5048
-0.00742833	21.4943	0.358725
0.0941046	24.3679	0.176008
0.185424	21.9168	-0.031137
0.239885	13.0704	-0.217445
0.260622	4.97684	-0.328554
0.252365	-1.98169	-0.37086
0.219619	-7.85903	-0.354014
0.166605	-12.7232	-0.287207
0.0973199	-16.6284	-0.17905
0.0155244	-19.6309	-0.0376963
-0.0747393	-21.6633	0.12918
-0.152007	-18.5442	0.313334
-0.188037	-8.64708	0.470973
-0.186296	0.41778	0.544479
-0.152738	8.05393	0.540927
-0.09392	14.1163	0.472463
-0.0161343	18.6686	0.352464
0.0746354	21.7847	0.193767
0.162738	21.1446	0.008581
0.213021	12.0678	-0.171164
0.228603	3.73985	-0.273749
0.214318	-3.4284	-0.30554
0.174712	-9.50556	-0.276396
0.114195	-14.524	-0.195592
0.0370164	-18.5229	-0.0721274
-0.052816	-21.5598	0.0853306
-0.149439	-23.1895	0.268604
-0.217224	-16.2684	0.465731
-0.243846	-6.38937	0.604024
-0.232395	2.74832	0.658338
-0.18892	10.4339	0.634975
-0.120203	16.4921	0.546278
-0.0327497	20.9889	0.406083
0.0673974	24.0353	0.227662
0.166559	23.7988	0.0233444
0.227089	14.5271	-0.178963
0.25179	5.92823	-0.302454
0.24576	-1.44721	-0.352848
0.213747	-7.68314	-0.340545
0.160297	-12.8278	-0.275233
0.0897421	-16.9332	-0.166187
0.00616059	-20.0596	-0.0222422
-0.0859126	-22.0976	0.148278
-0.160101	-17.8053	0.336124
-0.191593	-7.55799	0.487481
-0.184398	1.72685	0.551729
-0.144975	9.46146	0.537049
-0.0801906	15.5482	0.456619
0.00341202	20.0646	0.324447
0.0993975	23.0365	0.153883
0.185132	20.5764	-0.0419438
0.232627	11.3986	-0.216858
0.245603	3.11426	-0.313754
0.229077	-3.96626	-0.340228
0.187797	-9.90708	-0.306511
0.126244	-14.7729	-0.222294
0.0486946	-18.6118	-0.096714
-0.0408329	-21.4866	0.0614992
-0.137871	-23.289	0.244151
-0.206025	-16.3571	0.442124
-0.233391	-6.56784	0.581171
-0.22337	2.40513	0.637002
-0.181914	9.94932	0.616556
-0.115748	15.8798	0.531979
-0.031309	20.2655	0.396989
0.0652621	23.177	0.224717
0.160757	22.9188	0.0276953
0.217268	13.5625	-0.167131
0.2381	4.99981	-0.282422
0.228336	-2.34341	-0.324924
0.192727	-8.54615	-0.305003
0.135781	-13.667	-0.232355
0.061781	-17.76	-0.116176
-0.0252496	-20.8873	0.0347975
-0.120662	-22.899	0.212355
-0.15264	-7.6746	0.407013
-0.149072	0.856163	0.472252
-0.11484	8.21565	0.464974
-0.0558855	14.1492	0.395134
0.0217516	18.6329	0.274856
0.111787	21.6085	0.116462
0.188625	18.4412	-0.0672254
0.230486	10.0466	-0.223989
0.238629	1.95437	-0.309392
0.218173	-4.90949	-0.326006
0.173859	-10.6355	-0.284271
0.110187	-15.2812	-0.193862
0.0314154	-18.9051	-0.0639608
-0.0584853	-21.5762	0.0967464
-0.149284	-21.7916	0.280159
-0.202937	-12.8768	0.465403
-0.215476	-3.00944	0.574865
-0.192263	5.57112	0.600447
-0.140108	12.5172	0.553088
-0.0657883	17.8368	0.446682
0.0242702	21.614	0.295056
0.122928	23.678	0.111321
0.190233	16.1531	-0.0899592
0.221209	7.43425	-0.227272
0.220923	-0.0687604	-0.290469
0.194069	-6.44496	-0.289884
0.145169	-11.736	-0.235097
0.0785652	-15.9848	-0.135333
-0.00164453	-19.2503	0.000549741
-0.0916127	-21.5924	0.164191
-0.166564	-17.9882	0.347742
-0.199938	-8.0099	0.500654
-0.19461	1.27868	0.568744
-0.156735	9.0901	0.557874
-0.0932477	15.2369	0.480601
-0.0107636	19.7962	0.351075
0.0846272	22.8938	0.182793
0.175692	21.8555	-0.0118208
0.229015	12.7974	-0.197609
0.246842	4.27853	-0.306396
0.234247	-3.02268	-0.342766
0.195954	-9.19042	-0.317071
0.136521	-14.264	-0.238946
0.0603215	-18.2878	-0.117692
-0.0285845	-21.3374	0.0377675
-0.12605	-23.3916	0.219151
-0.195273	-16.6136	0.417996
-0.223429	-6.75732	0.559224
-0.214187	2.21802	0.616665
-0.173739	9.70743	0.59781
-0.108754	15.5964	0.515289
-0.0256014	19.9567	0.382708
0.0697403	22.882	0.213062
0.162471	22.2555	0.0185482
0.196721	8.21982	-0.170639
0.201357	1.11275	-0.240514
0.180659	-4.96752	-0.249973
0.138882	-10.0264	-0.207745
0.0803272	-14.0532	-0.122514
0.0091332	-17.0866	-0.00305098
-0.0648496	-17.7559	0.142197
-0.114857	-12.0017	0.293135
-0.126535	-2.80277	0.395157
-0.105832	4.96861	0.418983
-0.0588464	11.2766	0.376746
0.00830145	16.1155	0.280886
0.0893543	19.4527	0.143892
0.159878	16.9256	-0.02147
0.194005	8.1905	-0.16535
0.19648	0.594082	-0.234975
0.172177	-5.83265	-0.240025
0.125563	-11.1874	-0.190443
0.0608491	-15.5313	-0.095342
-0.0180009	-18.924	0.0366856
-0.107288	-21.4289	0.197553
-0.181694	-17.8574	0.379714
-0.22584	-10.5952	0.531514
-0.233975	-1.95222	0.62158
-0.207023	6.46847	0.638175
-0.15063	13.5342	0.583188
-0.0714033	19.0144	0.468137
0.0243912	22.9907	0.3065
0.130227	25.4005	0.111063
0.21204	19.6352	-0.10486
0.25838	11.1218	-0.271773
0.272322	3.34609	-0.366316
0.258055	-3.4241	-0.39476
0.219722	-9.2001	-0.365653
0.161537	-13.9644	-0.287445
0.0876382	-17.7356	-0.168738
0.00214407	-20.5186	-0.0179718
-0.0895387	-22.0039	0.156451
-0.154386	-15.5633	0.3435
-0.178377	-5.75785	0.475799
-0.16694	2.74489	0.524744
-0.126576	9.68726	0.50141
-0.0637618	15.0755	0.419061
0.0152531	18.9636	0.290908
0.104285	21.3677	0.129704
0.168111	15.3182	-0.0519373
0.195349	6.53698	-0.182153
0.191032	-1.03588	-0.237723
0.160013	-7.44466	-0.228917
0.106905	-12.746	-0.165632
0.0361234	-16.9876	-0.0572818
-0.0280422	-15.3997	0.0871247
-0.0721095	-10.5762	0.218033
-0.0989297	-6.43683	0.307938
-0.0990254	-0.0229751	0.362655
-0.0676789	7.52316	0.36285
-0.00953095	13.9555	0.298898
0.06995	19.0754	0.180266
0.15561	20.5585	0.0181106
0.22737	17.2222	-0.156651
0.276928	11.894	-0.303053
0.299246	5.35647	-0.40416
0.291408	-1.88115	-0.449694
0.256902	-8.28141	-0.433702
0.200266	-13.5927	-0.363304
0.125824	-17.8661	-0.247756
0.0376769	-21.1553	-0.0958811
-0.0603106	-23.517	0.0839539
-0.153108	-22.2713	0.283865
-0.203061	-11.9889	0.473187
-0.213487	-2.50223	0.575101
-0.19029	5.56743	0.596371
-0.140227	12.0151	0.549043
-0.0701729	16.8129	0.446906
0.012918	19.9418	0.303983
0.0917509	18.9199	0.134463
0.142521	12.1849	-0.0263695
0.159992	4.19305	-0.12995
0.14908	-2.61882	-0.165594
0.114175	-8.37724	-0.143332
0.059518	-13.1177	-0.0721191
-0.0108359	-16.8849	0.0393909
-0.0930132	-19.7225	0.182925
-0.165364	-17.3642	0.350581
-0.200313	-8.38768	0.498189
-0.197205	0.745867	0.56949
-0.161068	8.67284	0.563149
-0.0983381	15.0552	0.489423
-0.015695	19.8343	0.361442
0.0807379	23.1439	0.192836
0.177646	23.2579	-0.00390436
0.244712	16.0959	-0.201613
0.275634	7.42136	-0.33844
0.274303	-0.319472	-0.401527
0.245493	-6.91445	-0.398811
0.19368	-12.4352	-0.340033
0.12309	-16.9416	-0.234325
0.0377425	-20.4834	-0.0903091
-0.0585035	-23.099	0.0838143
-0.151596	-22.3421	0.280173
-0.209344	-13.8596	0.470096
-0.227259	-4.29966	0.587913
-0.209767	4.19808	0.624463
-0.163244	11.1655	0.588775
-0.0943035	16.5458	0.49386
-0.00937496	20.3829	0.353208
0.0852519	22.7104	0.179939
0.160891	18.1533	-0.0131165
0.198525	9.03234	-0.167433
0.203307	1.14746	-0.244214
0.180303	-5.52079	-0.253968
0.134188	-11.0676	-0.207038
0.0694389	-15.5398	-0.112955
-0.00972774	-19	0.0191449
-0.0988949	-21.4001	0.180658
-0.174159	-18.0634	0.362575
-0.207731	-8.0572	0.516127
-0.20223	1.32021	0.584618
-0.163717	9.24314	0.573395
-0.0988701	15.5633	0.494821
-0.0141704	20.3279	0.362522
0.0845455	23.6918	0.189719
0.181376	23.2394	-0.0116783
0.243894	15.0041	-0.20923
0.271443	6.61187	-0.336776
0.268936	-0.601753	-0.392982
0.240912	-6.72569	-0.387866
0.191709	-11.8088	-0.330693
0.125454	-15.9011	-0.230309
0.0460188	-19.0644	-0.0951378
-0.0429859	-21.3611	0.0669234
-0.128724	-20.5771	0.248508
-0.179088	-12.0873	0.423428
-0.189714	-2.55033	0.526178
-0.165785	5.74287	0.547858
-0.113931	12.445	0.499039
-0.0407282	17.5687	0.393247
0.0475219	21.18	0.2439
0.142317	22.7507	0.063854
0.202624	14.4737	-0.129544
0.227783	6.03821	-0.252581
0.222055	-1.37473	-0.30391
0.189822	-7.73594	-0.292224
0.135509	-13.0351	-0.226463
0.0634093	-17.304	-0.115655
-0.0223477	-20.5817	0.0314411
-0.117542	-22.8467	0.2064
-0.194323	-18.4273	0.400613
-0.230234	-8.61872	0.557258
-0.227797	0.584776	0.630523
-0.192739	8.41393	0.625552
-0.131606	14.6721	0.554027
-0.050793	19.3951	0.429303
0.0437318	22.686	0.26443
0.143792	24.0143	0.0715832
0.207639	15.3234	-0.132556
0.235271	6.63172	-0.262816
0.231764	-0.841833	-0.319191
0.201829	-7.18435	-0.312034
0.150023	-12.4334	-0.250962
0.0983698	-12.3968	-0.14527
0.0541624	-10.6098	-0.0398877
-5.77916e-06	-13.0004	0.0503031
-0.0581692	-13.9592	0.160815
-0.0986936	-9.72586	0.279479
-0.102389	-0.886886	0.362155
-0.0738601	6.84693	0.369694
-0.0189701	13.1736	0.31149
0.0560475	18.0042	0.199504
0.138876	19.8789	0.0464553
0.204668	15.7901	-0.122529
0.239706	8.40917	-0.256757
0.242572	0.687875	-0.32824
0.217677	-5.9749	-0.334088
0.169503	-11.5617	-0.283297
0.102397	-16.1055	-0.185014
0.0205547	-19.6421	-0.0481052
-0.0718182	-22.1695	0.118867
-0.163779	-22.0705	0.307323
-0.22095	-13.7211	0.494938
-0.236898	-3.8276	0.611577
-0.216724	4.84168	0.644114
-0.166875	11.9638	0.602955
-0.0940909	17.4682	0.501254
-0.00497895	21.3869	0.352761
0.0932692	23.5796	0.170957
0.168822	18.1326	-0.0294867
0.207068	9.17906	-0.183627
0.212888	1.39691	-0.261656
0.191162	-5.21434	-0.273531
0.146389	-10.7455	-0.229205
0.0829079	-15.2355	-0.13786
0.0048373	-18.7369	-0.0083477
-0.0839233	-21.3026	0.15093
-0.157523	-17.664	0.332017
-0.190677	-7.95696	0.482173
-0.186805	0.929352	0.549813
-0.1518	8.40116	0.541912
-0.0921823	14.3083	0.470496
-0.0142269	18.7093	0.348864
0.0765028	21.7751	0.189821
0.166073	21.4969	0.00471678
0.219862	12.9093	-0.178022
0.2375	4.23313	-0.287761
0.22425	-3.1801	-0.323746
0.18499	-9.42243	-0.296712
0.124369	-14.5491	-0.216615
0.0468034	-18.6156	-0.0929373
-0.0435567	-21.6864	0.065309
-0.141621	-23.5355	0.249659
-0.210763	-16.594	0.449728
-0.240199	-7.06474	0.590788
-0.231554	2.07489	0.650843
-0.190102	9.9485	0.633204
-0.122653	16.1878	0.548634
-0.0358569	20.831	0.411026
0.0637992	23.9175	0.233947
0.163015	23.8117	0.0306312
0.223098	14.42	-0.171786
0.24794	5.96202	-0.294366
0.242591	-1.28365	-0.345047
0.21173	-7.40659	-0.334135
0.159816	-12.4594	-0.271174
0.0910696	-16.4992	-0.16526
0.00946597	-19.5849	-0.0250048
-0.0811383	-21.745	0.141481
-0.154075	-17.5048	0.326329
-0.184295	-7.25273	0.475132
-0.176182	1.94698	0.536785
-0.136279	9.57685	0.520233
-0.0714076	15.569	0.438823
0.0119563	20.0073	0.306474
0.107866	23.0184	0.136397
0.19089	19.9258	-0.0592756
0.236151	10.8625	-0.228659
0.246747	2.54313	-0.320998
0.227728	-4.5645	-0.342617
0.183693	-10.5685	-0.303815
0.119035	-15.5179	-0.213975
0.0380691	-19.4319	-0.082062
-0.055108	-22.3625	0.0831229
-0.154394	-23.8286	0.27322
-0.221902	-16.2018	0.47578
-0.248113	-6.29067	0.613507
-0.236704	2.73806	0.666982
-0.193986	10.2524	0.643706
-0.126748	16.1371	0.556552
-0.0414199	20.4787	0.419375
0.0559634	23.372	0.245291
0.152149	23.0846	0.0466118
0.210042	13.8944	-0.149624
0.232617	5.41794	-0.267736
0.224914	-1.84881	-0.313792
0.191681	-7.97578	-0.298076
0.137465	-13.0118	-0.230276
0.0666277	-17.001	-0.119666
-0.016299	-19.9024	0.0248549
-0.107211	-21.8189	0.19404
-0.173441	-15.8953	0.379515
-0.198586	-6.03473	0.514636
-0.186541	2.89074	0.565935
-0.143527	10.3234	0.541362
-0.0760894	16.1851	0.453605
0.00953087	20.5489	0.31602
0.107529	23.5195	0.14134
0.194548	20.8846	-0.0585931
0.244877	12.0789	-0.236127
0.26155	4.00164	-0.338807
0.249421	-2.91113	-0.372824
0.212958	-8.75099	-0.348077
0.156427	-13.5674	-0.273687
0.0839498	-17.3946	-0.158355
-0.000579338	-20.287	-0.0104876
-0.0935078	-22.3028	0.161966
-0.168285	-17.9465	0.351556
-0.189037	-4.98055	0.504115
-0.173798	3.65756	0.546452
-0.12777	11.0467	0.51536
-0.0576523	16.8282	0.421455
0.0301948	21.0833	0.278403
0.129564	23.8487	0.0991792
0.207112	18.6115	-0.103552
0.248578	9.9518	-0.261764
0.256991	2.01909	-0.346361
0.236663	-4.87865	-0.363525
0.19201	-10.7168	-0.322052
0.127497	-15.4831	-0.230951
0.0570788	-16.9004	-0.0993337
0.00304106	-12.969	0.0443316
-0.058955	-14.8791	0.154578
-0.105086	-11.0714	0.28106
-0.114019	-2.14392	0.375175
-0.0903143	5.68907	0.393399
-0.0397348	12.1391	0.345038
0.0314506	17.0845	0.241846
0.114982	20.0475	0.0966156
0.185537	16.9333	-0.0738029
0.223769	9.17563	-0.217748
0.228585	1.15576	-0.295747
0.205021	-5.65528	-0.305572
0.157763	-11.3419	-0.257498
0.0912923	-15.9529	-0.161083
0.00990528	-19.5329	-0.0254718
-0.0822026	-22.1059	0.140572
-0.166019	-20.1159	0.328487
-0.216044	-12.006	0.499487
-0.226367	-2.47751	0.601546
-0.201751	5.90774	0.622606
-0.148363	12.8131	0.572385
-0.0728689	18.1186	0.463465
0.0182766	21.8749	0.309443
0.117649	23.8495	0.12349
0.189354	17.2091	-0.0792483
0.22477	8.49981	-0.225538
0.228631	0.926607	-0.297793
0.205709	-5.50127	-0.305669
0.160366	-10.8822	-0.258905
0.0967955	-15.257	-0.166398
0.0190026	-18.6703	-0.0367024
-0.0691971	-21.1679	0.122009
-0.148934	-19.1369	0.301951
-0.186173	-8.93724	0.464628
-0.184427	0.419069	0.540601
-0.149971	8.26925	0.537038
-0.0897373	14.4562	0.466743
-0.0103505	19.0528	0.343854
0.0822033	22.2129	0.181891
0.171824	21.5089	-0.00693461
0.223432	12.386	-0.189776
0.238814	3.69175	-0.295065
0.223202	-3.74701	-0.326448
0.181603	-9.98354	-0.294595
0.118786	-15.0762	-0.209728
0.0392548	-19.0875	-0.0815695
-0.0527942	-22.0918	0.0806879
-0.150857	-23.535	0.268484
-0.217731	-16.0497	0.468548
-0.24403	-6.31173	0.604982
-0.23275	2.70708	0.658636
-0.189773	10.3145	0.635623
-0.122008	16.2637	0.547942
-0.0362913	20.572	0.409689
0.0609951	23.3487	0.234812
0.156423	22.9027	0.0363305
0.213134	13.6106	-0.15836
0.234393	5.10203	-0.27406
0.225431	-2.15089	-0.317431
0.191121	-8.23441	-0.299146
0.136136	-13.1964	-0.229148
0.0649629	-17.0814	-0.116969
-0.0181027	-19.9357	0.0282358
-0.108906	-21.7927	0.197704
-0.173301	-15.4549	0.382957
-0.195732	-5.38352	0.514334
-0.180469	3.66328	0.560098
-0.134069	11.1358	0.528957
-0.0633764	16.9663	0.434294
0.0251482	21.2459	0.290068
0.125463	24.0755	0.109462
0.208492	19.927	-0.0951977
0.254346	11.0049	-0.264591
0.266212	2.84783	-0.358141
0.248951	-4.14264	-0.382349
0.207163	-10.029	-0.347134
0.145265	-14.8555	-0.26188
0.0675445	-18.653	-0.135598
-0.0215938	-21.3932	0.0229663
-0.11762	-23.0464	0.204824
-0.186125	-16.4411	0.400734
-0.212921	-6.43112	0.540495
-0.201905	2.64389	0.595164
-0.159472	10.184	0.572689
-0.0925448	16.0625	0.486117
-0.0076394	20.3773	0.349574
0.0891625	23.2325	0.176352
0.176217	20.893	-0.0211412
0.225331	11.7874	-0.198747
0.239294	3.35114	-0.298949
0.223205	-3.86133	-0.327436
0.181878	-9.91863	-0.294611
0.119948	-14.8631	-0.210296
0.0418366	-18.7467	-0.0839485
-0.0482701	-21.6256	0.075412
-0.144366	-23.0629	0.259245
-0.207203	-15.0809	0.455296
-0.228675	-5.15339	0.583495
-0.21342	3.66121	0.627302
-0.168028	10.8942	0.596178
-0.0992327	16.5108	0.503569
-0.0133465	20.6127	0.363215
0.0837051	23.2924	0.187992
0.172702	21.3592	-0.0100104
0.22341	12.1701	-0.191579
0.239442	3.84756	-0.295033
0.225731	-3.29064	-0.32774
0.187079	-9.27649	-0.299767
0.149651	-8.98254	-0.22091
0.108309	-9.92218	-0.144552
0.0555023	-12.6736	-0.0602062
-0.00702328	-15.0061	0.0475285
-0.0709219	-15.3357	0.175091
-0.113849	-10.3025	0.305455
-0.118993	-1.23468	0.393033
-0.0909809	6.72297	0.403529
-0.0359706	13.2025	0.346378
0.0396586	18.151	0.234147
0.127441	21.0678	0.0798505
0.200717	17.5863	-0.0992414
0.244408	10.4859	-0.248737
0.255107	2.5677	-0.337875
0.237436	-4.24105	-0.359702
0.195929	-9.96173	-0.32365
0.134889	-14.6496	-0.238968
0.0584339	-18.3492	-0.114436
-0.0295532	-21.1169	0.0415458
-0.125441	-23.013	0.221055
-0.19635	-17.0182	0.416681
-0.226441	-7.22189	0.561348
-0.218609	1.87974	0.622739
-0.178722	9.57282	0.606759
-0.11362	15.6244	0.525383
-0.0300116	20.0661	0.392564
0.06576	22.9852	0.221987
0.155535	21.5459	0.0265961
0.207062	12.3665	-0.15656
0.224474	4.17887	-0.261684
0.212522	-2.86838	-0.297207
0.175726	-8.83115	-0.272824
0.118508	-13.7322	-0.197753
0.0451096	-17.6157	-0.0810194
-0.0405216	-20.5515	0.0687265
-0.129718	-21.4071	0.243429
-0.183529	-12.9146	0.425405
-0.197486	-3.34973	0.535187
-0.176562	5.02174	0.563662
-0.12729	11.8251	0.520973
-0.0565532	16.9769	0.42045
0.0292241	20.5866	0.276134
0.124235	22.8025	0.101133
0.195088	17.0047	-0.0927054
0.228143	7.93326	-0.237257
0.227861	-0.0675396	-0.304696
0.19933	-6.8476	-0.304122
0.147402	-12.4627	-0.245912
0.0766804	-16.9731	-0.13997
-0.00849411	-20.4419	0.00431392
-0.10407	-22.9381	0.178085
-0.183388	-19.0365	0.373075
-0.229588	-11.0879	0.534898
-0.235974	-1.53283	0.629152
-0.206703	7.02508	0.642182
-0.148345	14.0059	0.582463
-0.0677565	19.3413	0.463403
0.0286717	23.1428	0.298987
0.134137	25.3116	0.102257
0.210721	18.3802	-0.11291
0.249817	9.38318	-0.269155
0.256501	1.60412	-0.348919
0.235677	-4.99768	-0.362555
0.191923	-10.5011	-0.320071
0.129624	-14.9516	-0.230803
0.0529194	-18.4092	-0.103704
-0.0343165	-20.9366	0.0527873
-0.122391	-21.1379	0.230764
-0.171177	-11.7085	0.410451
-0.179222	-1.93094	0.509982
-0.152629	6.38239	0.526396
-0.0982486	13.0513	0.47214
-0.0228224	18.1023	0.361194
0.0674395	21.6629	0.207311
0.160787	22.4034	0.0231612
0.216656	13.4087	-0.167284
0.236033	4.65035	-0.281267
0.224074	-2.87003	-0.320798
0.185726	-9.20366	-0.296401
0.125694	-14.4077	-0.218163
0.0484895	-18.529	-0.095687
-0.0415892	-21.6189	0.0618227
-0.13956	-23.5129	0.245599
-0.209385	-16.758	0.445475
-0.239317	-7.18374	0.58793
-0.231148	1.96055	0.648996
-0.190888	9.66245	0.63233
-0.125366	15.7253	0.550191
-0.0411382	20.2146	0.416515
0.055731	23.2486	0.244676
0.152662	23.2635	0.0470453
0.212199	14.2889	-0.150711
0.23571	5.64261	-0.272177
0.228404	-1.75345	-0.320143
0.195137	-7.98401	-0.305237
0.140545	-13.1021	-0.237367
0.0690202	-17.166	-0.12599
-0.01534	-20.2464	0.0199333
-0.108237	-22.2952	0.192043
-0.17634	-16.3447	0.381568
-0.202925	-6.38038	0.520509
-0.191815	2.66636	0.574747
-0.14936	10.1891	0.55208
-0.0823342	16.0862	0.465465
0.00281048	20.4347	0.32872
0.10009	23.347	0.15501
0.188156	21.136	-0.0434568
0.238904	12.1795	-0.223128
0.25575	4.04302	-0.326662
0.243628	-2.90925	-0.361031
0.207114	-8.76331	-0.3363
0.150593	-13.5651	-0.261805
0.0949425	-13.3561	-0.146492
0.0466573	-11.5884	-0.0329554
-0.0107668	-13.7818	0.0655546
-0.0714624	-14.567	0.18271
-0.110517	-9.3732	0.306539
-0.112793	-0.546029	0.386218
-0.0828021	7.1977	0.390859
-0.0265611	13.4979	0.329673
0.0496037	18.2795	0.214931
0.136162	20.7741	0.0595416
0.203974	16.2749	-0.117053
0.241639	9.03944	-0.255401
0.246762	1.22968	-0.332243
0.223902	-5.48653	-0.342696
0.177571	-11.1193	-0.296056
0.11211	-15.7106	-0.201534
0.0316899	-19.3009	-0.0679824
-0.0597383	-21.9428	0.0960891
-0.154501	-22.7432	0.282618
-0.21539	-14.6132	0.475951
-0.235312	-4.78148	0.600173
-0.219304	3.84198	0.640819
-0.173786	10.9244	0.608159
-0.105516	16.3848	0.515293
-0.0210783	20.2651	0.37601
0.072879	22.5497	0.203742
0.152565	19.1246	0.0120529
0.194753	10.1251	-0.15052
0.203973	2.21279	-0.236591
0.185236	-4.49694	-0.255401
0.143183	-10.0927	-0.217174
0.0822638	-14.6206	-0.131379
0.00674979	-18.1234	-0.00709373
-0.0789069	-20.5576	0.146968
-0.151044	-17.313	0.321722
-0.186733	-8.56526	0.468895
-0.184175	0.613859	0.541705
-0.148688	8.51691	0.536487
-0.0869434	14.8188	0.464086
-0.0054642	19.555	0.338116
0.0898613	22.8781	0.171884
0.18286	22.3196	-0.022597
0.244255	14.735	-0.21233
0.270001	6.17892	-0.337587
0.264434	-1.33603	-0.390113
0.2322	-7.73625	-0.378755
0.177884	-13.0358	-0.312991
0.105923	-17.2706	-0.202178
0.0208204	-20.4246	-0.0553653
-0.0733165	-22.5929	0.118259
-0.160026	-20.8104	0.310314
-0.208491	-11.6315	0.487217
-0.216409	-1.90034	0.586093
-0.189301	6.50605	0.602247
-0.134066	13.2563	0.54694
-0.0575627	18.3608	0.434252
0.0337671	21.9192	0.278171
0.13345	23.9238	0.0918423
0.200268	16.0364	-0.111528
0.230057	7.14925	-0.247849
0.227863	-0.526596	-0.308623
0.19859	-7.02543	-0.304146
0.146889	-12.4083	-0.244425
0.0771693	-16.7326	-0.138945
-0.00644991	-20.0686	0.00329446
-0.100114	-22.4795	0.173892
-0.149762	-11.9155	0.364984
-0.161934	-2.92137	0.466273
-0.139475	5.3902	0.491107
-0.0881305	12.3228	0.445285
-0.0144065	17.6938	0.340533
0.0755552	21.5908	0.190123
0.168268	22.2512	0.00658516
0.237277	16.562	-0.182566
0.269316	7.68952	-0.323355
0.268179	-0.272947	-0.388721
0.238995	-7.00428	-0.386401
0.186547	-12.5873	-0.326859
0.115428	-17.0688	-0.219858
0.0299585	-20.5126	-0.074761
-0.0516094	-19.5763	0.0996107
-0.121973	-16.8872	0.266023
-0.157419	-8.50714	0.409576
-0.155249	0.520734	0.481893
-0.120726	8.28562	0.477465
-0.060365	14.4866	0.407031
0.0194269	19.15	0.283884
0.112561	22.3522	0.121095
0.194682	19.709	-0.0689155
0.241628	11.2671	-0.236456
0.254896	3.18421	-0.332234
0.239171	-3.77394	-0.359302
0.199131	-9.60957	-0.327221
0.13948	-14.3162	-0.245533
0.0648367	-17.9145	-0.123835
-0.0208617	-20.5676	0.028451
-0.113788	-22.3024	0.20329
-0.179442	-15.757	0.392877
-0.203555	-5.7869	0.526822
-0.19025	3.19301	0.576015
-0.145886	10.6476	0.548871
-0.077349	16.4488	0.458359
0.00883314	20.6837	0.318532
0.106448	23.4275	0.142705
0.186892	19.3066	-0.056446
0.230412	10.4447	-0.220566
0.241023	2.54664	-0.309354
0.223071	-4.30841	-0.331002
0.18091	-10.1186	-0.294377
0.118969	-14.8659	-0.208362
0.0416906	-18.5468	-0.081991
-0.046664	-21.2051	0.0756704
-0.137941	-21.9064	0.255929
-0.195203	-13.743	0.442149
-0.211892	-4.00535	0.558974
-0.192835	4.57372	0.593022
-0.1447	11.5523	0.554142
-0.0741984	16.9205	0.455938
0.0124656	20.7994	0.312101
0.109472	23.2815	0.135291
0.187559	18.7411	-0.0626179
0.227552	9.59816	-0.22193
0.233673	1.46918	-0.303522
0.211093	-5.41931	-0.316011
0.164633	-11.1505	-0.269943
0.0988638	-15.7845	-0.175155
0.0181031	-19.3826	-0.0409758
-0.0736249	-22.0147	0.12379
-0.159753	-20.6707	0.310931
-0.211638	-12.4525	0.486646
-0.222728	-2.6615	0.592501
-0.19794	5.94902	0.615125
-0.143932	12.9619	0.564554
-0.0675034	18.3429	0.454368
0.0250964	22.224	0.298439
0.127966	24.6887	0.109519
0.207822	19.1654	-0.100352
0.250528	10.2495	-0.263272
0.259861	2.23988	-0.3504
0.240627	-4.61616	-0.369441
0.197509	-10.3483	-0.3302
0.135081	-14.9826	-0.242232
0.0578762	-18.5292	-0.114869
-0.0296189	-20.9988	0.0426432
-0.119132	-21.4832	0.221148
-0.176196	-13.6953	0.403771
-0.191811	-3.7477	0.52019
-0.170964	5.00323	0.552048
-0.120505	12.1103	0.509516
-0.047324	17.5634	0.406569
0.042069	21.4543	0.257267
0.140376	23.5936	0.0748899
0.209954	16.6989	-0.125673
0.242107	7.71668	-0.267625
0.241298	-0.194193	-0.333223
0.212496	-6.91254	-0.331572
0.160448	-12.4915	-0.27281
0.0897265	-16.9732	-0.166623
0.00467478	-20.4124	-0.0223394
-0.0906433	-22.8763	0.151181
-0.175349	-20.3293	0.345646
-0.221901	-11.1727	0.518459
-0.227962	-1.45463	0.613435
-0.199165	6.9113	0.625799
-0.142366	13.6318	0.567048
-0.0644001	18.7119	0.451167
0.0284823	22.2918	0.292103
0.128861	24.091	0.102606
0.199686	16.9978	-0.102185
0.232685	7.91986	-0.246679
0.233019	0.0800729	-0.314003
0.205835	-6.52417	-0.314684
0.155868	-11.9921	-0.259224
0.0876387	-16.3749	-0.157282
0.00539689	-19.738	-0.018083
-0.0868954	-22.1502	0.149704
-0.164568	-18.6413	0.337996
-0.19876	-8.20628	0.496461
-0.193661	1.22387	0.56622
-0.155659	9.12039	0.555816
-0.0915418	15.3882	0.478285
-0.00792669	20.0676	0.347474
0.0890242	23.2682	0.176884
0.181985	22.3105	-0.0209127
0.2386	13.5878	-0.210568
0.259628	5.04678	-0.326074
0.250146	-2.27587	-0.368975
0.214937	-8.45016	-0.349628
0.176253	-9.28405	-0.277796
0.134802	-9.94824	-0.198874
0.0823232	-12.5949	-0.114307
0.0203558	-14.8722	-0.00724111
-0.0472011	-16.2137	0.119183
-0.0997155	-12.6035	0.257011
-0.114149	-3.46404	0.364149
-0.0941107	4.80919	0.393595
-0.046108	11.5206	0.352713
0.0232536	16.6468	0.254779
0.106553	19.9919	0.113269
0.180696	17.7943	-0.0566767
0.225185	10.6772	-0.207941
0.235281	2.42303	-0.298705
0.215505	-4.74608	-0.319302
0.170669	-10.7607	-0.278957
0.105334	-15.6805	-0.187484
0.0237852	-19.5716	-0.0541879
-0.0697394	-22.4459	0.112185
-0.16399	-22.62	0.302991
-0.228484	-15.4787	0.495277
-0.255019	-6.36828	0.626857
-0.244267	2.58042	0.680991
-0.201986	10.1473	0.659055
-0.134998	16.0771	0.572795
-0.0498683	20.4312	0.436128
0.0471013	23.2727	0.262447
0.141514	22.6591	0.0646122
0.198744	13.7352	-0.128006
0.220715	5.27302	-0.244765
0.212594	-1.94893	-0.28959
0.179188	-8.01744	-0.273022
0.125091	-12.9833	-0.204868
0.054666	-16.9021	-0.0945006
-0.0276572	-19.7576	0.0491791
-0.116244	-21.2608	0.217133
-0.172741	-13.5594	0.397864
-0.188852	-3.86656	0.513128
-0.169383	4.67255	0.545996
-0.120976	11.6176	0.506276
-0.0502834	16.9663	0.407517
0.0364935	20.8264	0.263291
0.132671	23.0825	0.0862514
0.206003	17.5998	-0.109967
0.242151	8.67556	-0.259578
0.245434	0.787763	-0.333326
0.220944	-5.87758	-0.340023
0.173568	-11.3703	-0.290059
0.108025	-15.7301	-0.193403
0.0286148	-19.0585	-0.0596856
-0.0608111	-21.4622	0.102326
-0.148911	-21.1439	0.28477
-0.204738	-13.3986	0.464508
-0.221638	-4.05603	0.578405
-0.201699	4.78545	0.612884
-0.151028	12.161	0.572203
-0.0766081	17.8608	0.468826
0.0150203	21.9908	0.316996
0.117675	24.6371	0.130057
0.201925	20.2201	-0.079376
0.249367	11.3859	-0.251262
0.263529	3.39885	-0.34805
0.249275	-3.42078	-0.376942
0.211237	-9.12911	-0.347863
0.153742	-13.7988	-0.270259
0.0856737	-16.3365	-0.152959
0.0295669	-13.4656	-0.0140873
-0.0378757	-16.1862	0.10038
-0.0970268	-14.1963	0.237975
-0.119472	-5.38684	0.358653
-0.107098	2.96988	0.404445
-0.0660317	9.85578	0.379198
-0.00276143	15.1849	0.295416
0.0766421	19.0569	0.166334
0.155959	19.0359	0.00433649
0.210147	13.0052	-0.157483
0.229061	4.53939	-0.268036
0.217485	-2.77831	-0.306624
0.18024	-8.93865	-0.283006
0.121786	-14.029	-0.207021
0.0465541	-18.0557	-0.0877648
-0.0413781	-21.1037	0.0657215
-0.136975	-22.9433	0.245118
-0.207595	-16.9488	0.440153
-0.24498	-8.97238	0.584229
-0.244437	0.130384	0.6605
-0.211009	8.02275	0.659391
-0.15096	14.4118	0.591192
-0.0708061	19.2369	0.468681
0.0233057	22.5868	0.305153
0.121373	23.5361	0.113149
0.19256	17.0848	-0.0869255
0.227574	8.40331	-0.232159
0.231078	0.840995	-0.303593
0.207652	-5.62218	-0.310742
0.161816	-11.0007	-0.26295
0.0981453	-15.2809	-0.169436
0.0210992	-18.4911	-0.0395369
-0.0654801	-20.779	0.11765
-0.14149	-18.2424	0.294287
-0.175759	-8.22455	0.44936
-0.171556	1.00863	0.519274
-0.135008	8.77162	0.5107
-0.0729346	14.8976	0.436134
0.00807924	19.4433	0.309493
0.101926	22.5232	0.144211
0.188124	20.6875	-0.0472531
0.236799	11.682	-0.223112
0.25032	3.24502	-0.322417
0.233658	-3.99891	-0.350002
0.191798	-10.0464	-0.316008
0.129457	-14.9618	-0.230607
0.0511229	-18.8002	-0.103421
-0.0390086	-21.6316	0.0563944
-0.135014	-23.0412	0.240278
-0.200505	-15.718	0.436145
-0.225653	-6.03538	0.569759
-0.212834	3.0765	0.621063
-0.168237	10.7033	0.59491
-0.098929	16.6339	0.503924
-0.0115349	20.9746	0.362524
0.0876792	23.8114	0.184224
0.178343	21.7593	-0.0181899
0.230887	12.6106	-0.203159
0.247891	4.08084	-0.310359
0.234512	-3.21093	-0.345049
0.195611	-9.33626	-0.317753
0.135851	-14.3424	-0.238388
0.0596577	-18.2863	-0.116468
-0.0288017	-21.2302	0.0389792
-0.125523	-23.2131	0.219451
-0.191913	-15.9337	0.416779
-0.216963	-6.01203	0.552226
-0.204448	3.00375	0.603332
-0.161121	10.3984	0.577798
-0.0939036	16.1321	0.489403
-0.00931295	20.3017	0.352268
0.086445	22.9819	0.179688
0.176053	21.506	-0.0156748
0.225903	11.9639	-0.198491
0.2401	3.4074	-0.300193
0.224022	-3.85872	-0.329158
0.182632	-9.93362	-0.296356
0.12068	-14.8685	-0.211913
0.0427038	-18.7143	-0.0855199
-0.0470005	-21.529	0.0735651
-0.139697	-22.2471	0.256577
-0.200588	-14.6138	0.445693
-0.220361	-4.74559	0.569921
-0.202376	4.31655	0.610262
-0.153111	11.8236	0.573567
-0.0796126	17.6395	0.473058
0.0114848	21.8634	0.323109
0.114105	24.6289	0.137254
0.201442	20.9609	-0.0721095
0.25207	12.1506	-0.250292
0.268645	3.97808	-0.353581
0.256023	-3.02933	-0.387397
0.218751	-8.94529	-0.361645
0.16143	-13.757	-0.285604
0.0885209	-17.4982	-0.16866
0.00396857	-20.2926	-0.0199124
-0.0885622	-22.2074	0.152589
-0.162127	-17.6557	0.341367
-0.193622	-7.55871	0.491453
-0.187169	1.54871	0.555707
-0.149288	9.09146	0.542541
-0.0869012	14.9728	0.465257
-0.00653208	19.2886	0.337977
0.0858085	22.1617	0.174009
0.171649	20.6016	-0.0143815
0.219759	11.5465	-0.18951
0.233568	3.31402	-0.287664
0.217802	-3.78372	-0.315836
0.177063	-9.77729	-0.283671
0.151067	-6.23923	-0.200557
0.104964	-11.0645	-0.147519
0.0426251	-14.9614	-0.0534626
-0.0321293	-17.9411	0.0737201
-0.106784	-17.9171	0.226232
-0.155496	-11.6909	0.37854
-0.16947	-3.35386	0.477921
-0.15	4.67292	0.50643
-0.102458	11.41	0.466707
-0.0329181	16.6896	0.369713
0.0524903	20.498	0.227839
0.145423	22.3039	0.0535908
0.213711	16.389	-0.136009
0.245669	7.66985	-0.275327
0.245749	0.0192283	-0.340526
0.218845	-6.457	-0.34069
0.1694	-11.8666	-0.2858
0.101783	-16.2281	-0.184926
0.0202317	-19.5724	-0.0469753
-0.0714261	-21.9979	0.119404
-0.160068	-21.2741	0.306402
-0.210235	-12.04	0.487246
-0.220052	-2.35611	0.589595
-0.195418	5.91224	0.609623
-0.142971	12.5873	0.559364
-0.0693274	17.6744	0.452363
0.0193151	21.2742	0.302117
0.114122	22.7536	0.121271
0.181202	16.0993	-0.0721508
0.212707	7.56132	-0.209006
0.213567	0.206309	-0.273283
0.188684	-5.97189	-0.275037
0.14255	-11.0722	-0.224271
0.0794304	-15.1487	-0.13015
0.00336831	-18.2549	-0.00137457
-0.0814823	-20.3641	0.153805
-0.149427	-16.3066	0.326915
-0.183154	-8.09449	0.465533
-0.178862	1.02994	0.534341
-0.141638	8.93388	0.525585
-0.0780369	15.2642	0.449641
0.00537804	20.0196	0.319884
0.102541	23.3192	0.149702
0.194873	22.1595	-0.0485276
0.254206	14.2399	-0.2369
0.278467	5.82272	-0.357949
0.271706	-1.62272	-0.407446
0.238529	-7.96244	-0.393652
0.183401	-13.2307	-0.325965
0.110597	-17.4729	-0.213494
0.0241444	-20.7486	-0.0649618
-0.0721422	-23.1088	0.111416
-0.162455	-21.6751	0.307857
-0.209748	-11.3503	0.492111
-0.217173	-1.78187	0.588596
-0.190861	6.31485	0.603743
-0.137439	12.8212	0.550062
-0.0634581	17.7554	0.441072
0.0246254	21.14	0.290138
0.119744	22.8286	0.110432
0.182592	15.0833	-0.0836277
0.208779	6.28493	-0.211847
0.203433	-1.28301	-0.265273
0.171415	-7.68437	-0.254366
0.117327	-12.9812	-0.189044
0.0455539	-17.2254	-0.0786945
-0.0397818	-20.4806	0.067734
-0.133237	-22.4292	0.241834
-0.199391	-15.877	0.432498
-0.227722	-6.79932	0.567464
-0.218707	2.16354	0.625262
-0.177509	9.88743	0.60687
-0.110707	16.0325	0.522819
-0.0248905	20.596	0.386531
0.0738292	23.6927	0.21145
0.174977	24.2754	0.0100443
0.240329	15.6845	-0.196315
0.268657	6.79879	-0.329644
0.2652	-0.829795	-0.387439
0.234824	-7.29029	-0.380385
0.182187	-12.6329	-0.318412
0.111764	-16.9014	-0.211023
0.0277498	-20.1634	-0.0673488
-0.0659372	-22.4849	0.104055
-0.153181	-20.9385	0.295192
-0.197561	-10.6513	0.473184
-0.20147	-0.938218	0.563727
-0.170751	7.37255	0.571702
-0.113072	13.8431	0.50903
-0.0347344	18.801	0.391353
0.0579029	22.2329	0.23153
0.1554	23.3994	0.0425341
0.215343	14.3863	-0.156377
0.238837	5.63859	-0.278671
0.231159	-1.84269	-0.326603
0.19721	-8.14775	-0.310939
0.160268	-8.86612	-0.241677
0.112057	-11.5706	-0.166309
0.0466667	-15.6937	-0.0679497
-0.0318444	-18.8427	0.065458
-0.115372	-20.0467	0.225634
-0.171363	-13.4378	0.396045
-0.188612	-4.13976	0.510276
-0.170472	4.35373	0.545466
-0.12296	11.4029	0.508456
-0.052723	16.8568	0.411523
0.0340351	20.8219	0.268228
0.130824	23.2294	0.091226
0.202942	17.3082	-0.106241
0.238126	8.44414	-0.253373
0.24061	0.596368	-0.325154
0.215445	-6.03965	-0.330223
0.167234	-11.5707	-0.278882
0.100382	-16.0443	-0.180522
0.0190429	-19.5215	-0.0441339
-0.0728591	-22.0565	0.121813
-0.159539	-20.8031	0.309309
-0.205953	-11.1394	0.48615
-0.21278	-1.63848	0.580843
-0.185635	6.51493	0.59477
-0.131081	13.0928	0.539388
-0.0556461	18.1045	0.42809
0.0345103	21.6375	0.274189
0.132988	23.6347	0.0902536
0.198707	15.7725	-0.110659
0.229027	7.27685	-0.244736
0.228433	-0.142526	-0.306595
0.201317	-6.50801	-0.305383
0.152194	-11.7895	-0.25006
0.0856036	-15.9816	-0.149841
0.00571817	-19.1725	-0.0139854
-0.0837781	-21.4791	0.148995
-0.158364	-17.9006	0.331582
-0.195451	-8.90086	0.48375
-0.194161	0.309547	0.559413
-0.159685	8.27418	0.556781
-0.0985529	14.6718	0.486444
-0.0173221	19.4954	0.361723
0.0779872	22.8743	0.195998
0.174186	23.0878	0.00155031
0.236489	14.9527	-0.194713
0.263274	6.42832	-0.321822
0.259394	-0.931141	-0.376467
0.22954	-7.16511	-0.368551
0.178142	-12.3354	-0.307643
0.11973	-14.0189	-0.202783
0.0535921	-15.8731	-0.083612
-0.024307	-18.6958	0.051321
-0.109026	-20.3326	0.210249
-0.160318	-12.3101	0.38309
-0.171649	-2.71925	0.487735
-0.148249	5.61595	0.51085
-0.0967244	12.3659	0.46311
-0.0237255	17.5197	0.357991
0.0645466	21.1853	0.20906
0.158543	22.5591	0.0289694
0.219932	14.7334	-0.162799
0.245974	6.25001	-0.288044
0.241648	-1.03813	-0.341173
0.211464	-7.24423	-0.332348
0.159617	-12.4433	-0.270767
0.0902425	-16.6498	-0.16499
0.00740175	-19.8818	-0.0234543
-0.0852075	-22.2262	0.145555
-0.165107	-19.1758	0.334494
-0.209016	-10.5382	0.497502
-0.214468	-1.30845	0.587083
-0.18648	6.71712	0.598206
-0.131537	13.1864	0.541105
-0.0560672	18.1127	0.429011
0.033975	21.6101	0.27504
0.131725	23.46	0.0913379
0.199536	16.2747	-0.108089
0.230313	7.38646	-0.246436
0.229195	-0.268345	-0.309226
0.201011	-6.76429	-0.306945
0.150331	-12.163	-0.249443
0.0815324	-16.5117	-0.146049
-0.00121793	-19.8601	-0.00568728
-0.0939343	-22.2519	0.163138
-0.172624	-18.8854	0.352295
-0.210127	-9.00072	0.512834
-0.208592	0.368185	0.589346
-0.173823	8.34463	0.586216
-0.112494	14.7189	0.51528
-0.0311084	19.5326	0.390158
0.0642194	22.8787	0.224117
0.164356	24.0329	0.0296312
0.226349	14.8782	-0.174665
0.252413	6.25541	-0.301141
0.247657	-1.14139	-0.354317
0.216888	-7.38457	-0.344614
0.164605	-12.5479	-0.28184
0.0950911	-16.6834	-0.175173
0.0123543	-19.8568	-0.0333521
-0.0793176	-22.0013	0.135445
-0.155837	-18.3647	0.322472
-0.191098	-8.46268	0.478584
-0.187691	0.817621	0.550523
-0.151519	8.68143	0.543572
-0.0893846	14.9122	0.469773
-0.00789959	19.5564	0.343008
0.0865329	22.6638	0.176764
0.177062	21.7269	-0.0158948
0.230208	12.7552	-0.200589
0.247858	4.23601	-0.309017
0.234965	-3.09442	-0.345026
0.19628	-9.28427	-0.318721
0.136332	-14.3877	-0.239798
0.0594415	-18.4536	-0.117492
-0.0303574	-21.5517	0.0393766
-0.129265	-23.7378	0.222582
-0.202913	-17.6754	0.42437
-0.234817	-7.65719	0.574623
-0.228844	1.43374	0.639715
-0.191161	9.04389	0.627526
-0.128542	15.0285	0.550646
-0.04752	19.4453	0.422893
0.0459357	22.4294	0.257593
0.142877	23.266	0.0669274
0.202146	14.2245	-0.130851
0.22523	5.54023	-0.251769
0.217427	-1.87274	-0.298865
0.183661	-8.10401	-0.282945
0.128596	-13.2155	-0.214055
0.0566126	-17.2761	-0.101714
-0.0281929	-20.3533	0.0451449
-0.12034	-22.1153	0.218162
-0.184684	-15.4426	0.406158
-0.208809	-5.78994	0.537431
-0.194209	3.50384	0.586649
-0.148508	10.9683	0.556863
-0.0783081	16.848	0.463624
0.0100898	21.2155	0.320404
0.110692	24.1444	0.140056
0.200782	21.6217	-0.0651889
0.253102	12.5568	-0.248989
0.270539	4.18474	-0.355731
0.258029	-3.00237	-0.391305
0.220228	-9.07225	-0.365782
0.161636	-14.062	-0.288661
0.105733	-13.4169	-0.169124
0.0593577	-11.13	-0.0550711
0.00341101	-13.4272	0.0395417
-0.0570132	-14.5018	0.153682
-0.0935709	-8.77385	0.276958
-0.0935709	0	0.351542
-0.0622265	7.52266	0.351542
-0.00583242	13.5346	0.287593
0.0694794	18.0748	0.172539
0.148694	19.0116	0.0188899
0.2066	13.8974	-0.142722
0.230695	5.7827	-0.26086
0.223053	-1.83408	-0.310017
0.188356	-8.32734	-0.294426
0.131253	-13.7047	-0.223638
0.0561828	-18.0168	-0.107138
-0.0326235	-21.3135	0.0460174
-0.130733	-23.5462	0.227197
-0.206054	-18.077	0.427357
-0.244218	-9.15959	0.581024
-0.243924	0.070738	0.658887
-0.210466	8.02995	0.658285
-0.150466	14.3999	0.590024
-0.0705867	19.171	0.467614
0.0227768	22.4072	0.304646
0.119099	23.1173	0.114168
0.184527	15.7027	-0.0823462
0.214074	7.0913	-0.21583
0.212852	-0.293324	-0.276111
0.185575	-6.54652	-0.273618
0.136755	-11.7167	-0.217968
0.0707257	-15.847	-0.118368
-0.00832671	-18.9726	0.0163437
-0.0959419	-21.0276	0.177624
-0.157446	-14.7611	0.356374
-0.177649	-4.84849	0.481854
-0.161129	3.96472	0.523069
-0.114526	11.1848	0.489366
-0.0445417	16.7961	0.394287
0.0425399	20.8996	0.251507
0.139495	23.2692	0.0738451
0.214634	18.0335	-0.12396
0.253148	9.24323	-0.277258
0.258391	1.25843	-0.355832
0.235179	-5.57095	-0.366529
0.188207	-11.2734	-0.319172
0.122009	-15.8874	-0.22334
0.0409622	-19.4513	-0.088286
-0.0504611	-21.9416	0.0770643
-0.144169	-22.49	0.263583
-0.205486	-14.716	0.454764
-0.226035	-4.93173	0.579861
-0.20942	3.98771	0.621783
-0.161869	11.4121	0.587884
-0.0902505	17.1884	0.490873
-0.00116585	21.3803	0.344758
0.0988948	24.0146	0.16301
0.185664	20.8246	-0.0411316
0.234095	11.6235	-0.218155
0.247766	3.28103	-0.316963
0.231719	-3.85125	-0.344854
0.190678	-9.8499	-0.312116
0.129205	-14.7534	-0.228384
0.0516511	-18.613	-0.102969
-0.0378667	-21.4843	0.0552541
-0.133945	-23.0587	0.237886
-0.192961	-14.164	0.433901
-0.210768	-4.27363	0.554305
-0.192811	4.30981	0.590633
-0.145731	11.2991	0.553996
-0.0762373	16.6785	0.457945
0.00948363	20.573	0.316166
0.10552	23.0486	0.14128
0.184882	19.0469	-0.05465
0.225106	9.65378	-0.216562
0.231274	1.48045	-0.298626
0.208595	-5.44307	-0.311211
0.161908	-11.2049	-0.264941
0.0958159	-15.862	-0.169691
0.0146524	-19.4792	-0.0348525
-0.0775171	-22.1207	0.130735
-0.160893	-20.0103	0.318776
-0.211836	-12.2261	0.488878
-0.222766	-2.62332	0.592809
-0.197579	6.0448	0.615108
-0.142689	13.1737	0.563723
-0.0648909	18.6716	0.451737
0.0295181	22.6581	0.293014
0.134658	25.2335	0.100403
0.216821	19.7191	-0.1141
0.262481	10.9585	-0.281726
0.274546	2.8956	-0.374881
0.257812	-4.01614	-0.399496
0.216899	-9.81905	-0.365356
0.156253	-14.5551	-0.281886
0.080198	-18.2532	-0.158157
-0.00685883	-20.8936	-0.0029921
-0.0996226	-22.2633	0.174619
-0.164293	-15.5208	0.363873
-0.187049	-5.46163	0.49581
-0.17281	3.41748	0.542238
-0.128202	10.706	0.513186
-0.0600305	16.3611	0.422177
0.0253132	20.4825	0.283096
0.121533	23.0928	0.10898
0.196684	18.0361	-0.0873258
0.233494	8.83435	-0.240646
0.236842	0.803651	-0.315744
0.211766	-6.01836	-0.322576
0.162769	-11.7591	-0.271415
0.0942983	-16.4331	-0.171455
0.0106409	-20.0778	-0.0317616
-0.0841549	-22.751	0.138914
-0.172122	-21.1121	0.332313
-0.218707	-11.1804	0.511781
-0.22634	-1.83181	0.606822
-0.200334	6.24145	0.622394
-0.147057	12.7863	0.569336
-0.0730185	17.7693	0.460643
0.0153967	21.2196	0.309591
0.110699	22.8727	0.129208
0.177652	16.0687	-0.0652263
0.208195	7.33025	-0.201822
0.207525	-0.160927	-0.264134
0.180424	-6.50404	-0.262766
0.131473	-11.7483	-0.207477
0.0650455	-15.9426	-0.107608
-0.0146043	-19.116	0.0279157
-0.103006	-21.2163	0.190415
-0.167666	-15.5185	0.370769
-0.190932	-5.5839	0.502687
-0.176871	3.37468	0.550154
-0.131846	10.8062	0.521466
-0.0625294	16.6359	0.429606
0.0247251	20.9411	0.288188
0.123998	23.8255	0.110174
0.207959	20.1505	-0.0923608
0.255045	11.3007	-0.263655
0.268727	3.28375	-0.359719
0.253834	-3.5743	-0.387633
0.214892	-9.34629	-0.357249
0.156237	-14.077	-0.277799
0.0820003	-17.8169	-0.158134
-0.00395144	-20.6284	-0.0066773
-0.0975583	-22.4656	0.168679
-0.169458	-17.256	0.359653
-0.200736	-7.50654	0.506341
-0.194204	1.56757	0.570152
-0.155685	9.24459	0.556826
-0.0919433	15.298	0.47824
-0.00956243	19.7714	0.348195
0.085197	22.7423	0.180124
0.175886	21.7653	-0.013202
0.228233	12.5634	-0.198223
0.245539	4.15348	-0.305021
0.2323	-3.17749	-0.340328
0.193311	-9.35739	-0.313317
0.133178	-14.4319	-0.233773
0.0563312	-18.4432	-0.111091
-0.0330249	-21.4455	0.0456893
-0.130357	-23.3596	0.227991
-0.198585	-16.3748	0.426564
-0.2251	-6.36365	0.565762
-0.214317	2.58794	0.619857
-0.172621	10.0072	0.597857
-0.106671	15.828	0.512788
-0.0228137	20.1256	0.378239
0.072983	22.9912	0.207156
0.16681	22.5185	0.0117136
0.221619	13.1542	-0.17971
0.240995	4.65026	-0.29153
0.230093	-2.61658	-0.33106
0.193692	-8.73615	-0.308817
0.136382	-13.7544	-0.234554
0.062568	-17.7154	-0.117631
-0.0233262	-20.6146	0.0329622
-0.115498	-22.1213	0.208201
-0.179426	-15.3425	0.396248
-0.202056	-5.43142	0.52667
-0.187317	3.53749	0.572841
-0.14157	10.9793	0.542769
-0.0715398	16.8073	0.449437
0.0164031	21.1063	0.306563
0.116039	23.9126	0.127144
0.202221	20.6838	-0.0761304
0.250754	11.6478	-0.251958
0.265747	3.59831	-0.350973
0.251595	-3.3964	-0.381561
0.212732	-9.32706	-0.352689
0.153559	-14.2016	-0.273402
0.0783977	-18.0387	-0.152678
-0.00771952	-20.6681	0.000664369
-0.100401	-22.2436	0.176358
-0.169713	-16.6348	0.365445
-0.197543	-6.67919	0.506853
-0.188438	2.18513	0.56363
-0.148524	9.57952	0.545054
-0.0843907	15.3919	0.463621
-0.00256709	19.6377	0.332779
0.090767	22.4002	0.165844
0.168974	18.7697	-0.0245741
0.209636	9.75877	-0.18413
0.216998	1.76706	-0.267087
0.195997	-5.04046	-0.282108
0.151162	-10.7604	-0.23926
0.0868684	-15.4304	-0.147789
0.0072997	-19.0965	-0.0166202
-0.0835733	-21.8095	0.145714
-0.163822	-19.2598	0.33111
-0.204779	-9.82954	0.494832
-0.20707	-0.549875	0.57839
-0.176319	7.38018	0.583064
-0.119016	13.7529	0.520326
-0.0415553	18.5905	0.403416
0.0502185	22.0257	0.245384
0.148463	23.5786	0.0581489
0.213047	15.5001	-0.142287
0.240799	6.66063	-0.274049
0.236897	-0.936667	-0.330669
0.206112	-7.38842	-0.322707
0.153028	-12.7401	-0.2599
0.0820279	-17.04	-0.151599
-0.00275981	-20.3491	-0.00674758
-0.0973463	-22.7007	0.166234
-0.174899	-18.6128	0.359207
-0.213271	-9.20918	0.517428
-0.2128	0.113162	0.595712
-0.17874	8.17421	0.59475
-0.117704	14.6487	0.525263
-0.0362196	19.5563	0.400738
0.059502	22.9732	0.234495
0.160565	24.2551	0.039206
0.224527	15.3508	-0.16698
0.253786	7.02216	-0.297473
0.252575	-0.290652	-0.357166
0.225215	-6.56623	-0.354695
0.176063	-11.7966	-0.298877
0.109459	-15.9849	-0.198598
0.0297438	-19.1317	-0.0627145
-0.0593928	-21.3928	0.0999183
-0.142033	-19.8336	0.281772
-0.183255	-9.89334	0.450372
-0.185321	-0.495739	0.534472
-0.154039	7.50747	0.538685
-0.0960303	13.9222	0.474866
-0.0177694	18.7826	0.356517
0.0746416	22.1786	0.196851
0.169556	22.7795	0.00831627
0.227311	13.8612	-0.185326
0.249021	5.21037	-0.303156
0.239366	-2.31722	-0.347448
0.203108	-8.70187	-0.32775
0.144808	-13.992	-0.253778
0.06884	-18.2324	-0.134835
0.0146114	-13.0149	0.0201528
-0.0457372	-14.4837	0.130788
-0.102284	-13.5712	0.25391
-0.12632	-5.76879	0.369274
-0.115988	2.47983	0.418313
-0.0762337	9.541	0.397232
-0.0129278	15.1934	0.316127
0.0678697	19.3914	0.186971
0.153911	20.6498	0.0221301
0.217996	15.3805	-0.153408
0.246317	6.79702	-0.284154
0.242729	-0.861174	-0.341933
0.212097	-7.35164	-0.334613
0.158994	-12.7448	-0.272118
0.0878503	-17.0745	-0.163778
0.00281062	-20.4095	-0.0186333
-0.0921563	-22.7921	0.154862
-0.171359	-19.0086	0.348611
-0.210403	-9.37053	0.510197
-0.210864	-0.110734	0.589853
-0.178419	7.78682	0.590794
-0.11967	14.0998	0.5246
-0.0410968	18.8575	0.40474
0.0510648	22.1188	0.244438
0.143195	22.1112	0.0564123
0.198349	13.2369	-0.131549
0.219616	5.10413	-0.244072
0.2118	-1.87588	-0.287461
0.179243	-7.81365	-0.271515
0.126162	-12.7394	-0.205093
0.0565399	-16.7093	-0.0967988
-0.0257917	-19.7596	0.0452423
-0.116304	-21.7229	0.213213
-0.175576	-14.2252	0.397873
-0.193889	-4.3953	0.518797
-0.175777	4.34702	0.55616
-0.127679	11.5434	0.519207
-0.0562305	17.1478	0.421079
0.0322868	21.2441	0.275311
0.131743	23.8695	0.09472
0.210659	18.9397	-0.108188
0.250727	9.61636	-0.26919
0.256386	1.35814	-0.350936
0.232693	-5.68628	-0.362481
0.18427	-11.6216	-0.314143
0.115617	-16.4768	-0.215351
0.0310801	-20.2887	-0.0752868
-0.0652354	-23.1157	0.0971821
-0.162658	-23.3815	0.293682
-0.222271	-14.3071	0.492441
-0.240838	-4.45597	0.614061
-0.22329	4.21153	0.65194
-0.176191	11.3037	0.616138
-0.106211	16.7951	0.520048
-0.0195361	20.802	0.377277
0.0773636	23.2559	0.200445
0.164986	21.0294	0.00275224
0.213135	11.5557	-0.176013
0.226977	3.32212	-0.274245
0.211661	-3.67595	-0.302485
0.17187	-9.54979	-0.271237
0.112102	-14.3442	-0.190056
0.0366562	-18.107	-0.0681203
-0.0503939	-20.892	0.0858026
-0.13904	-21.275	0.2634
-0.192793	-12.9007	0.444252
-0.205621	-3.07878	0.553917
-0.182136	5.6364	0.580088
-0.129067	12.7366	0.532175
-0.0531297	18.2249	0.423903
0.0394698	22.2239	0.268979
0.142447	24.7145	0.0800594
0.221637	19.0056	-0.130032
0.264165	10.2068	-0.291593
0.274314	2.43569	-0.378358
0.256451	-4.28708	-0.399063
0.214851	-9.9839	-0.36262
0.153903	-14.6277	-0.277749
0.0779284	-18.2338	-0.153403
-0.00937466	-20.9527	0.00159769
-0.103921	-22.6912	0.179711
-0.171879	-16.3098	0.372602
-0.198261	-6.3317	0.511246
-0.18739	2.60893	0.56507
-0.145619	10.0251	0.542892
-0.0795875	15.8476	0.457671
0.00444811	20.1685	0.322955
0.100307	23.0062	0.151507
0.184238	20.1433	-0.044062
0.230278	11.0497	-0.215295
0.241981	2.80871	-0.309226
0.223921	-4.33442	-0.333102
0.180734	-10.3649	-0.296256
0.116886	-15.3237	-0.208147
0.0366474	-19.2572	-0.0778844
-0.0558722	-22.2047	0.0858154
-0.152693	-23.237	0.274571
-0.213896	-14.6887	0.472102
-0.234122	-4.85413	0.596967
-0.218045	3.8585	0.63823
-0.172108	11.0247	0.605429
-0.10291	16.6077	0.511711
-0.0166189	20.7098	0.370533
0.0809299	23.4117	0.194485
0.172601	22.0011	-0.00453204
0.224959	12.5658	-0.191557
0.242261	4.15256	-0.298375
0.229553	-3.05	-0.333675
0.191539	-9.12333	-0.307748
0.132723	-14.1158	-0.230193
0.0573838	-18.0814	-0.110199
-0.0304381	-21.0772	0.0435064
-0.116864	-20.7421	0.222678
-0.174454	-13.8217	0.399001
-0.192772	-4.39628	0.516495
-0.175552	4.13284	0.553866
-0.128592	11.2702	0.518734
-0.0582113	16.8915	0.422928
0.029576	21.0689	0.279338
0.128278	23.6886	0.100236
0.206565	18.7888	-0.101134
0.247091	9.72634	-0.260852
0.254124	1.68777	-0.343533
0.232533	-5.18183	-0.35788
0.186923	-10.9463	-0.31383
0.12169	-15.656	-0.220779
0.0409963	-19.3665	-0.0876918
-0.05118	-22.1223	0.0769373
-0.116875	-15.7668	0.264993
-0.139576	-5.44831	0.399021
-0.127605	2.87311	0.445335
-0.0859596	9.99486	0.420911
-0.0207086	15.6602	0.335948
0.0621933	19.8965	0.202824
0.152942	21.7798	0.0336895
0.222015	16.5775	-0.151454
0.255773	8.10179	-0.292376
0.256818	0.250871	-0.361247
0.230021	-6.43124	-0.363379
0.179928	-12.0223	-0.308709
0.110918	-16.5626	-0.20651
0.0271947	-20.0935	-0.0657164
-0.0672114	-22.6574	0.105093
-0.153741	-20.7672	0.297698
-0.200121	-11.131	0.474233
-0.20804	-1.90068	0.568854
-0.18303	6.00248	0.585011
-0.131612	12.3402	0.533985
-0.0601934	17.1405	0.429084
0.0249432	20.4328	0.283377
0.11564	21.7671	0.109684
0.174435	14.1108	-0.0753528
0.197508	5.53771	-0.195305
0.190118	-1.77367	-0.242379
0.157052	-7.93577	-0.227302
0.102836	-13.012	-0.159842
0.0317485	-17.0609	-0.0492308
-0.0521871	-20.1445	0.0957993
-0.139677	-20.9976	0.267042
-0.19532	-13.3544	0.445537
-0.210398	-3.61874	0.559058
-0.189347	5.05229	0.589819
-0.138633	12.1714	0.546871
-0.0649664	17.68	0.443405
0.0253466	21.6751	0.293112
0.126473	24.2702	0.108857
0.210346	20.1296	-0.0974572
0.25608	10.9763	-0.268573
0.267291	2.69047	-0.361879
0.249062	-4.37482	-0.38475
0.206104	-10.3099	-0.347561
0.142893	-15.1708	-0.259919
0.0637008	-19.006	-0.130956
-0.0275167	-21.8922	0.0306086
-0.124307	-23.2297	0.216708
-0.187437	-15.1512	0.414177
-0.209683	-5.33897	0.542973
-0.195882	3.31222	0.588357
-0.152607	10.3861	0.560201
-0.0865437	15.8551	0.471911
-0.00404289	19.8002	0.337131
0.0886824	22.2541	0.168814
0.158117	16.6643	-0.0203614
0.187171	6.97303	-0.16202
0.18594	-0.2956	-0.221296
0.159007	-6.46375	-0.218783
0.110827	-11.5633	-0.163836
0.0456661	-15.6387	-0.0655404
-0.0323547	-18.725	0.0673994
-0.110637	-18.7876	0.226575
-0.151237	-9.74414	0.386283
-0.154794	-0.853563	0.469115
-0.127293	6.6002	0.476371
-0.073052	13.0178	0.420264
-0.00105462	17.2794	0.309603
0.0821109	19.9597	0.162715
0.158726	18.3875	-0.00695686
0.19863	9.57714	-0.163264
0.205645	1.6834	-0.244677
0.184755	-5.01354	-0.258987
0.140571	-10.604	-0.216368
0.0774574	-15.1473	-0.126226
-0.000402537	-18.6864	0.00253707
-0.0891067	-21.289	0.161385
-0.163094	-17.7569	0.342356
-0.205839	-10.259	0.493303
-0.21031	-1.07302	0.580511
-0.180746	7.09545	0.589632
-0.123161	13.8205	0.529315
-0.0439784	19.0037	0.41183
0.0506891	22.7202	0.250284
0.153194	24.6013	0.0571459
0.223729	16.9283	-0.151983
0.257906	8.20242	-0.295885
0.260434	0.6069	-0.365612
0.235918	-5.88394	-0.370771
0.188639	-11.347	-0.320753
0.122741	-15.8154	-0.224295
0.0496847	-17.5336	-0.0898525
-0.00535265	-13.209	0.0591956
-0.0637436	-14.0138	0.171481
-0.0943452	-7.34437	0.290608
-0.0895802	1.1436	0.353041
-0.0546248	8.38928	0.343319
0.00431086	14.1446	0.272004
0.0807466	18.3446	0.151764
0.157294	18.3713	-0.00417797
0.208499	12.2894	-0.160347
0.224985	3.95647	-0.264816
0.211158	-3.31847	-0.298448
0.171747	-9.45851	-0.270239
0.111264	-14.5159	-0.189835
0.0340517	-18.5311	-0.0664395
-0.055641	-21.5262	0.0910879
-0.148092	-22.1883	0.274076
-0.20931	-14.6922	0.462693
-0.231133	-5.23748	0.587587
-0.216864	3.42445	0.632109
-0.172276	10.7011	0.602998
-0.103994	16.3879	0.51203
-0.0185159	20.5147	0.372721
0.0777701	23.1086	0.198332
0.163954	20.6841	0.00189144
0.212086	11.5518	-0.173938
0.22664	3.49299	-0.272137
0.212642	-3.35956	-0.30183
0.174672	-9.11273	-0.273271
0.117114	-13.814	-0.195806
0.044242	-17.4893	-0.0783772
-0.0394299	-20.0813	0.0702945
-0.124873	-20.5064	0.241
-0.17151	-11.1928	0.415318
-0.178421	-1.6586	0.510465
-0.151265	6.51735	0.524564
-0.0965818	13.124	0.469161
-0.0208605	18.1731	0.357597
0.0698135	21.7618	0.203112
0.165844	23.0473	0.0181216
0.228147	14.9527	-0.177797
0.255502	6.5652	-0.304906
0.252276	-0.774109	-0.360715
0.222803	-7.07367	-0.354134
0.171431	-12.3292	-0.294003
0.102461	-16.5528	-0.189195
0.0201994	-19.7428	-0.0484845
-0.0715406	-22.0176	0.119343
-0.152761	-19.4928	0.306509
-0.19791	-10.8357	0.472211
-0.203909	-1.43988	0.564322
-0.175717	6.76618	0.576562
-0.119853	13.4073	0.519044
-0.0428593	18.4785	0.405072
0.0490319	22.0539	0.247991
0.147308	23.5863	0.0605171
0.212186	15.5708	-0.139983
0.240035	6.68357	-0.272346
0.235824	-1.01048	-0.329162
0.204368	-7.54944	-0.320572
0.150256	-12.987	-0.256396
0.0779072	-17.3637	-0.145997
-0.00847357	-20.7314	0.00160664
-0.104959	-23.1565	0.177838
-0.184108	-18.9956	0.374685
-0.220714	-8.78549	0.536161
-0.218464	0.540023	0.610844
-0.183651	8.35513	0.606253
-0.122928	14.5735	0.535228
-0.0427425	19.2445	0.411342
0.0508366	22.459	0.24775
0.149259	23.6213	0.0568323
0.209263	14.4009	-0.143966
0.233162	5.73581	-0.266385
0.226184	-1.67479	-0.315143
0.193169	-7.92341	-0.300906
0.138733	-13.0648	-0.233551
0.0672392	-17.1585	-0.122491
-0.0171609	-20.256	0.0233683
-0.109336	-22.122	0.195559
-0.174836	-15.7201	0.383612
-0.200395	-6.13399	0.517244
-0.188509	2.85262	0.569387
-0.145038	10.433	0.545137
-0.0766553	16.4119	0.456449
0.010282	20.8649	0.316935
0.109777	23.8787	0.139568
0.200476	21.7679	-0.0634185
0.25375	12.7856	-0.248461
