0.457331	-0.284205	-0.0769993
8.01601e-21	1.92384e-18	-0.0565415
0.000980586	0.235341	-0.056536
0.00272574	0.418837	-0.0735009
0.00430797	0.379735	-0.103696
0.00436089	0.0127004	-0.131068
0.00200118	-0.566331	-0.131973
-0.00281953	-1.15697	-0.0911239
-0.00867764	-1.40595	-0.00768916
-0.0127557	-0.978738	0.0936913
-0.0120078	0.179505	0.164258
-0.00448723	1.80493	0.151301
0.00890302	3.21366	0.0211383
0.0236896	3.54878	-0.210593
0.0327806	2.18184	-0.466468
0.0295348	-0.778997	-0.623754
0.012415	-4.10876	-0.567528
-0.0157067	-6.74921	-0.271205
-0.0443084	-6.8644	0.215488
-0.0582517	-3.34639	0.710444
-0.048676	2.29817	0.951682
-0.0171688	7.56173	0.785884
0.0286873	11.0055	0.240558
0.0724787	10.5099	-0.55304
0.0912222	4.49844	-1.31084
0.0840261	-1.72707	-1.63509
0.0549137	-6.98697	-1.51042
0.00780588	-11.3059	-1.00647
-0.0523456	-14.4364	-0.191141
-0.103948	-12.3845	0.849846
-0.119595	-3.75538	1.74279
-0.102416	4.12294	2.01343
-0.0580285	10.6531	1.71596
0.00739827	15.7024	0.947641
0.0873168	19.1804	-0.184706
0.152061	15.5385	-1.56774
0.182003	7.18604	-2.68805
0.181137	-0.207735	-3.20598
0.154092	-6.49075	-3.19072
0.105229	-11.7272	-2.72241
0.0387386	-15.9576	-1.87655
-0.041391	-19.2311	-0.725721
-0.128444	-20.8926	0.66105
-0.187153	-14.0903	2.16751
-0.208778	-5.18985	3.18334
-0.194213	3.49547	3.55728
-0.149038	10.8421	3.30492
-0.0796558	16.6516	2.52284
0.00742623	20.8997	1.32191
0.106128	23.6884	-0.185234
0.185893	19.1437	-1.89333
0.227974	10.0994	-3.27356
0.236903	2.14291	-4.00152
0.217624	-4.62679	-4.15569
0.17464	-10.3163	-3.8217
0.112313	-14.9585	-3.07748
0.0347871	-18.6062	-1.99859
-0.0537313	-21.2444	-0.65677
-0.143968	-21.6568	0.87517
-0.191926	-11.51	2.43671
-0.199456	-1.80712	3.26645
-0.172757	6.40763	3.39647
-0.118478	13.027	2.93414
-0.043173	18.0733	1.99454
0.0470328	21.6494	0.691146
0.143445	23.1388	-0.869998
0.202936	14.278	-2.53841
0.227063	5.79032	-3.56774
0.220283	-1.62703	-3.98495
0.187257	-7.92645	-3.86728
0.132481	-13.1463	-3.29538
0.0603056	-17.322	-2.34715
-0.0248004	-20.4254	-1.0979
-0.118664	-22.5273	0.375025
-0.188771	-16.8256	1.99938
-0.221204	-7.78402	3.21246
-0.215413	1.38981	3.77346
-0.176832	9.25959	3.67292
-0.112078	15.5408	3.00491
-0.027616	20.2709	1.88403
0.0705001	23.5479	0.422184
0.169759	23.8222	-1.27583
0.232832	15.1375	-2.99348
0.260437	6.6252	-4.08475
0.256798	-0.873471	-4.56212
0.226411	-7.29295	-4.49873
0.173765	-12.6348	-3.97246
0.103349	-16.8998	-3.06105
0.0197195	-20.0712	-1.84217
-0.0731731	-22.2942	-0.394726
-0.160512	-20.9613	1.21289
-0.204314	-10.5125	2.72425
-0.207879	-0.855494	3.48204
-0.177655	7.25362	3.54343
-0.12036	13.7509	3.02008
-0.0425575	18.6725	2.02827
0.0495808	22.1132	0.681661
0.147003	23.3813	-0.912926
0.206618	14.3075	-2.59882
0.231079	5.87064	-3.63027
0.224681	-1.53551	-4.05327
0.191958	-7.85339	-3.94219
0.137377	-13.0996	-3.37556
0.0652875	-17.3014	-2.43068
-0.019891	-20.4428	-1.18291
-0.114135	-22.6187	0.29128
-0.187156	-17.5249	1.92223
-0.221872	-8.33187	3.18574
-0.218037	0.920442	3.78625
-0.181094	8.86638	3.71955
-0.117633	15.2306	3.07989
-0.0341165	20.0439	1.98138
0.063476	23.4222	0.535891
0.164686	24.2904	-1.15307
0.230075	15.6934	-2.90449
0.259264	7.00542	-4.03585
0.256713	-0.612383	-4.54064
0.227159	-7.09285	-4.49608
0.175112	-12.4914	-3.98424
0.104916	-16.847	-3.08316
0.0208024	-20.1872	-1.8681
-0.0727323	-22.4483	-0.412285
-0.161063	-21.1993	1.20644
-0.20604	-10.7946	2.73497
-0.210627	-1.10085	3.5131
-0.181106	7.08508	3.59218
-0.124209	13.6553	3.08097
-0.0465433	18.6398	2.09606
0.0456884	22.1356	0.751804
0.144215	23.6463	-0.844405
0.205437	14.6934	-2.54941
0.230445	6.00184	-3.60869
0.224168	-1.50648	-4.04115
0.191398	-7.86482	-3.93217
0.13668	-13.1323	-3.36471
0.0643428	-17.3608	-2.41747
-0.0215343	-20.6105	-1.16541
-0.117033	-22.9197	0.320861
-0.190278	-17.5787	1.97352
-0.224113	-8.12055	3.2409
-0.21935	1.14326	3.82617
-0.181549	9.0723	3.7434
-0.117338	15.4106	3.08889
-0.0331616	20.2023	1.9774
0.0649662	23.5507	0.520491
0.166242	24.3062	-1.17774
0.230296	15.3729	-2.93029
0.258209	6.69904	-4.03854
0.254771	-0.82504	-4.52124
0.220264	-8.28171	-4.46135
0.164892	-13.2892	-3.86379
0.0922796	-17.427	-2.90519
0.00648728	-20.5901	-1.64832
-0.0886548	-22.8341	-0.16347
-0.167814	-18.9983	1.48305
-0.203866	-8.65244	2.85284
-0.202591	0.305927	3.4765
-0.168164	8.26253	3.45414
-0.107344	14.5969	2.85804
-0.0266684	19.3621	1.80525
0.0674252	22.5825	0.408936
0.162703	22.8667	-1.21946
0.219477	13.6257	-2.86822
0.240535	5.05413	-3.85048
0.230902	-2.31198	-4.21458
0.195404	-8.51952	-4.0475
0.141125	-13.0271	-3.43282
0.0999112	-9.89122	-2.49317
0.0441634	-13.3795	-1.77972
-0.0247782	-16.546	-0.814804
-0.101991	-18.5309	0.378358
-0.153485	-12.3588	1.71455
-0.166353	-3.08835	2.60556
-0.144984	5.12855	2.82802
-0.0954878	11.8792	2.45797
-0.024112	17.1302	1.60117
0.0628669	20.8749	0.365815
0.147698	20.3595	-1.13946
0.204478	13.6271	-2.60743
0.205286	0.194085	-3.58982
0.179111	-6.28205	-3.6035
0.130263	-11.7237	-3.1502
0.062874	-16.1733	-2.30456
-0.0190806	-19.6691	-1.13814
-0.11183	-22.2598	0.280248
-0.187817	-18.2369	1.88532
-0.22847	-9.75674	3.20017
-0.231375	-0.697255	3.90343
-0.20189	7.07643	3.95336
-0.146164	13.3741	3.44275
-0.0706751	18.1174	2.47808
0.0184579	21.3919	1.17146
0.109091	21.7519	-0.371163
0.167428	14.0011	-1.9396
0.191368	5.74546	-2.94902
0.185942	-1.30223	-3.36305
0.155683	-7.26218	-3.26885
0.104946	-12.1767	-2.74491
0.0378921	-16.093	-1.86663
-0.0415629	-19.0692	-0.706039
-0.124491	-19.9027	0.669056
-0.168456	-10.5517	2.10413
-0.173576	-1.22886	2.8648
-0.14593	6.63502	2.95316
-0.0955558	12.0899	2.47447
-0.0260981	16.6698	1.60248
0.0592317	20.4792	0.400317
0.147436	21.169	-1.07642
0.207139	14.3287	-2.60277
0.231676	5.88893	-3.63575
0.227561	-0.987511	-4.06007
0.1984	-6.99877	-3.9885
0.147492	-12.218	-3.48349
0.0806534	-16.0412	-2.60218
-0.000308092	-19.4307	-1.44526
-0.0908472	-21.7294	-0.0440276
-0.167324	-18.3545	1.52283
-0.208842	-9.96439	2.84619
-0.212118	-0.786238	3.56445
-0.182249	7.16862	3.62083
-0.125468	13.6275	3.1036
-0.0483054	18.519	2.12068
0.0429451	21.9001	0.78514
0.13863	22.9644	-0.794091
0.198018	14.2532	-2.44993
0.222326	5.83389	-3.47747
0.216151	-1.48197	-3.89784
0.184009	-7.71405	-3.79063
0.130474	-12.8485	-3.23406
0.0601858	-16.8692	-2.3073
-0.0226132	-19.8717	-1.09071
-0.113953	-21.9214	0.342293
-0.180743	-16.0298	1.92296
-0.206164	-6.10092	3.07866
-0.194861	2.71268	3.51832
-0.153083	10.0266	3.3224
-0.0873584	15.774	2.59912
-0.00389329	20.0316	1.46147
0.0913567	22.86	0.0169088
0.174566	19.9702	-1.63147
0.220323	10.9817	-3.07133
0.233345	3.12539	-3.86292
0.218417	-3.5828	-4.08794
0.179952	-9.23161	-3.82924
0.12216	-13.8699	-3.16323
0.049077	-17.54	-2.16283
-0.0355339	-20.3066	-0.897874
-0.124289	-21.3012	0.566465
-0.184803	-14.5234	2.10239
-0.206567	-5.22348	3.14945
-0.192299	3.42455	3.52583
-0.147548	10.7402	3.27859
-0.0787446	16.5127	2.50385
0.00797079	20.8117	1.31294
0.106584	23.6672	-0.187857
0.190285	20.0882	-1.89442
0.237441	11.3176	-3.34276
0.25176	3.43656	-4.15855
0.237939	-3.31699	-4.40599
0.200262	-9.04257	-4.16642
0.142873	-13.7735	-3.51402
0.0697151	-17.5578	-2.52054
-0.0154944	-20.4503	-1.25427
-0.0634676	-11.5136	0.220459
-0.0965283	-7.93457	1.05065
-0.0992898	-0.662757	1.6227
-0.0740924	6.04737	1.67035
-0.0264577	11.4323	1.23415
0.0353505	14.834	0.409681
0.0945749	14.2139	-0.659995
0.124425	7.16414	-1.68486
0.126301	0.450184	-2.2013
0.104487	-5.2355	-2.23357
0.0629271	-9.97429	-1.85586
0.00542949	-13.7994	-1.13647
-0.0639203	-16.6439	-0.141331
-0.120372	-13.5485	1.05884
-0.138854	-4.43569	2.03569
-0.123753	3.62442	2.35536
-0.0808545	10.2956	2.09381
-0.0162127	15.514	1.35124
0.0642367	19.3078	0.232439
0.143812	19.0982	-1.15982
0.189969	11.0777	-2.53684
0.202804	3.08035	-3.3354
0.187112	-3.76606	-3.55723
0.147463	-9.51589	-3.28535
0.0881552	-14.2338	-2.5989
0.0132513	-17.9769	-1.57231
-0.0734516	-20.8087	-0.275896
-0.157415	-20.1513	1.22459
-0.209382	-12.4719	2.67755
-0.222138	-3.06164	3.57663
-0.199418	5.45293	3.79708
-0.146962	12.5894	3.40355
-0.0712712	18.1658	2.49547
0.0211442	22.1797	1.18536
0.123857	24.6512	-0.41407
0.199458	18.1442	-2.19157
0.237986	9.24665	-3.49971
0.244215	1.49512	-4.16615
0.222974	-5.09793	-4.2736
0.178665	-10.6342	-3.90562
0.115516	-15.1556	-3.13847
0.0375472	-18.7126	-2.04537
-0.0514407	-21.3571	-0.695866
-0.140227	-21.3086	0.844203
-0.187391	-11.3194	2.38064
-0.195131	-1.85769	3.19665
-0.169579	6.13261	3.33032
-0.117265	12.5552	2.88782
-0.0446245	17.4338	1.98224
0.0423991	20.8857	0.724964
0.135605	22.3694	-0.781113
0.192578	13.6736	-2.39405
0.213396	4.99621	-3.37981
0.203023	-2.48946	-3.73978
0.166329	-8.80669	-3.55994
0.107926	-14.0166	-2.9246
0.0321608	-18.1836	-1.91364
-0.0568905	-21.3723	-0.602291
-0.152732	-23.002	0.938866
-0.219243	-15.9627	2.5974
-0.247841	-6.86335	3.7482
-0.239575	1.98378	4.24277
-0.199964	9.50658	4.09936
-0.135438	15.4862	3.4135
-0.0522312	19.9697	2.29653
0.0436889	23.0208	0.856364
0.144424	24.1763	-0.803684
0.207352	15.1028	-2.54691
0.233916	6.37549	-3.63571
0.229316	-1.10394	-4.09511
0.198368	-7.42771	-4.01515
0.145659	-12.65	-3.4792
0.0756207	-16.8092	-2.56673
-0.00751499	-19.9526	-1.35444
-0.099926	-22.1786	0.0844131
-0.17087	-17.0266	1.68365
-0.200285	-7.05944	2.91125
-0.191655	2.07119	3.42004
-0.151449	9.64937	3.27039
-0.0863566	15.6221	2.57431
-0.00271382	20.0743	1.44761
0.0934272	23.0738	-2.14979e-05
0.178338	20.3785	-1.66382
0.225032	11.2065	-3.13312
0.237854	3.07731	-3.94092
0.221768	-3.86049	-4.16247
0.181356	-9.69891	-3.88374
0.120947	-14.4982	-3.18403
0.0446149	-18.3198	-2.13833
-0.0437258	-21.2018	-0.817146
-0.137784	-22.574	0.711734
-0.200834	-15.132	2.33943
-0.223013	-5.3229	3.43035
-0.208435	3.49868	3.81387
-0.163363	10.8173	3.56126
-0.0944298	16.5439	2.78094
-0.00784675	20.7799	1.58775
0.0904271	23.5857	0.0892236
0.178723	21.1909	-1.61149
0.229073	12.0842	-3.13937
0.24484	3.78391	-4.01046
0.230785	-3.37313	-4.28296
0.191486	-9.4317	-4.03935
0.131392	-14.4227	-3.3589
0.0549049	-18.3568	-2.31862
-0.0336651	-21.2568	-0.994757
-0.13071	-23.2909	0.538107
-0.196658	-15.8274	2.21751
-0.222053	-6.09474	3.35859
-0.21116	2.61414	3.79777
-0.170104	9.85362	3.60894
-0.105276	15.5587	2.8981
-0.0227642	19.8028	1.77595
0.0715599	22.6378	0.347866
0.159454	21.0946	-1.28452
0.209425	11.9929	-2.80549
0.225812	3.93289	-3.67002
0.213388	-2.98167	-3.95329
0.176666	-8.81327	-3.73794
0.119968	-13.6076	-3.10211
0.0474302	-17.409	-2.12063
-0.0369784	-20.2581	-0.865124
-0.128359	-21.9314	0.595713
-0.190691	-14.9596	2.17708
-0.212383	-5.20607	3.25559
-0.197066	3.67614	3.6307
-0.150818	11.0996	3.36531
-0.0802551	16.935	2.56465
0.00832396	21.259	1.34329
0.108938	24.1474	-0.189763
0.194848	20.6184	-1.93095
0.244234	11.8527	-3.41753
0.260562	3.91878	-4.27189
0.248521	-2.88982	-4.55409
0.212474	-8.65134	-4.34531
0.156583	-13.4138	-3.72111
0.084803	-17.2273	-2.75354
0.000846669	-20.1495	-1.51109
-0.0917917	-22.2332	-0.0580221
-0.166601	-17.9542	1.54516
-0.199726	-7.94999	2.83966
-0.195101	1.10998	3.41267
-0.173568	5.16783	3.33233
-0.128483	10.8204	2.9594
-0.0645388	15.3467	2.17891
0.013766	18.7932	1.07211
0.101937	21.1611	-0.283113
0.170569	16.4717	-1.80896
0.204718	8.19562	-2.99654
0.208896	1.00275	-3.58724
0.187521	-5.12994	-3.65923
0.144659	-10.2869	-3.289
0.084244	-14.4996	-2.54695
0.0100288	-17.8116	-1.5012
-0.074438	-20.272	-0.216714
-0.149628	-18.0455	1.24507
-0.188728	-9.38403	2.54618
-0.189537	-0.194258	3.22262
-0.157244	7.7505	3.23634
-0.0983129	14.1434	2.67719
-0.019137	19.0022	1.65712
0.0741545	22.39	0.286768
0.166632	22.1946	-1.32774
0.223386	13.621	-2.92802
0.246418	5.52766	-3.90994
0.240361	-1.45374	-4.30818
0.209597	-7.38325	-4.20298
0.158271	-12.3182	-3.67023
0.0903456	-16.3022	-2.78167
0.00956858	-19.3865	-1.60591
-0.0805049	-21.6176	-0.207862
-0.159738	-19.0159	1.35095
-0.197027	-8.94937	2.72202
-0.195929	0.2634	3.3671
-0.16247	8.03028	3.34781
-0.103218	14.2205	2.76848
-0.0245033	18.8915	1.74283
0.0677143	22.1322	0.38046
0.158116	21.6964	-1.21547
0.211846	12.8953	-2.77984
0.232397	4.93227	-3.70944
0.224353	-1.93056	-4.06477
0.192043	-7.75461	-3.92521
0.139565	-12.5946	-3.3657
0.0708669	-16.4876	-2.45724
-0.0103441	-19.4906	-1.26814
-0.100382	-21.6092	0.137388
-0.170891	-16.922	1.69556
-0.203675	-7.86824	2.91562
-0.198722	1.18879	3.48272
-0.161297	8.98189	3.39669
-0.0978852	15.2189	2.74874
-0.0147769	19.946	1.6511
0.0820259	23.2327	0.212699
0.176721	22.7268	-1.46257
0.234102	13.7715	-3.10121
0.256035	5.26395	-4.09397
0.247126	-2.13821	-4.47318
0.211873	-8.46077	-4.31861
0.154737	-13.7127	-3.70815
0.0799973	-17.9375	-2.71903
-0.00832665	-21.1977	-1.42537
-0.106416	-23.5414	0.103272
-0.183908	-18.5981	1.80078
-0.219611	-8.56872	3.14168
-0.217457	0.516909	3.75927
-0.183534	8.14163	3.72167
-0.124471	14.175	3.13427
-0.046554	18.7002	2.11188
0.0443936	21.8274	0.763271
0.137854	22.4304	-0.810718
0.193708	13.4051	-2.42805
0.214253	4.93069	-3.39445
0.204622	-2.31146	-3.74969
0.169542	-8.41928	-3.58269
0.113553	-13.4372	-2.97528
0.041011	-17.4101	-2.00609
-0.0439641	-20.394	-0.750517
-0.135123	-21.8782	0.720112
-0.196563	-14.7454	2.29763
-0.218255	-5.20614	3.36069
-0.203447	3.55389	3.7358
-0.158007	10.9057	3.47921
-0.088449	16.6939	2.69252
-0.000920755	21.0068	1.48853
0.0986687	23.9015	-0.0263435
0.188744	21.6181	-1.74982
0.240888	12.5146	-3.30849
0.258709	4.27704	-4.2106
0.247054	-2.79724	-4.51863
0.210284	-8.82475	-4.31654
0.152601	-13.8439	-3.67983
0.0780114	-17.9016	-2.68125
-0.00967688	-21.0452	-1.39018
-0.106498	-23.237	0.127458
-0.178751	-17.3407	1.80301
-0.20977	-7.44473	3.05325
-0.203973	1.39128	3.5898
-0.167563	8.73861	3.48917
-0.107144	14.5005	2.85874
-0.0288946	18.7798	1.81289
0.0612728	21.6402	0.458572
0.147873	20.7841	-1.10189
0.19521	11.3608	-2.60048
0.207916	3.04936	-3.41945
0.191082	-4.03999	-3.63904
0.149312	-10.0248	-3.3474
0.0870593	-14.9407	-2.62425
0.0085417	-18.8442	-1.54668
-0.0822556	-21.7913	-0.187731
-0.16987	-21.0274	1.38361
-0.223371	-12.8402	2.89972
-0.237079	-3.28994	3.82534
-0.229826	1.74071	4.06224
-0.195206	8.30868	3.93636
-0.136258	14.1476	3.3369
-0.0592135	18.4907	2.31646
0.0298829	21.3831	0.98294
0.116263	20.7312	-0.559032
0.167494	12.2954	-2.05386
0.184009	3.96371	-2.94027
0.171023	-3.11666	-3.22583
0.133327	-9.04707	-3.00081
0.0817609	-12.3759	-2.34818
0.0333203	-11.6258	-1.45558
-0.0270216	-14.4821	-0.617151
-0.0962827	-16.6227	0.427168
-0.151861	-13.3388	1.62575
-0.175144	-5.58778	2.58744
-0.162822	2.95723	2.99013
-0.1198	10.3252	2.77663
-0.0519759	16.2778	2.03186
0.034332	20.7139	0.857934
0.132083	23.4602	-0.635768
0.21265	19.3362	-2.32737
0.257406	10.7414	-3.72145
0.268381	2.63405	-4.49566
0.250576	-4.27324	-4.6852
0.208558	-10.0844	-4.37665
0.146741	-14.8361	-3.64911
0.0693302	-18.5785	-2.57899
-0.0197299	-21.3744	-1.23912
-0.109576	-21.5632	0.302245
-0.167385	-13.8741	1.85708
-0.184893	-4.202	2.85735
-0.167543	4.16401	3.16009
-0.121907	10.9528	2.85956
-0.0545295	16.1705	2.06953
0.0282617	19.8699	0.903334
0.117076	21.3153	-0.529514
0.171772	13.1271	-2.06646
0.191369	4.70338	-3.01284
0.180941	-2.50287	-3.35173
0.1452	-8.57767	-3.17096
0.0886505	-13.572	-2.55217
0.0155643	-17.5407	-1.5733
-0.0700915	-20.5574	-0.308349
-0.1567	-20.7861	1.17402
-0.216723	-14.4055	2.67276
-0.23629	-4.69607	3.71127
-0.218831	4.19032	4.04957
-0.170527	11.5928	3.74706
-0.0980818	17.387	2.9108
-0.00784563	21.6567	1.65682
0.0942398	24.5005	0.0950619
0.187645	22.4172	-1.67162
0.243205	13.3345	-3.28792
0.263855	4.95589	-4.24915
0.254566	-2.22928	-4.60614
0.219985	-8.2996	-4.44499
0.164588	-13.2953	-3.84613
0.0926296	-17.2699	-2.88711
0.00861779	-20.1628	-1.64156
-0.0808731	-21.4778	-0.187524
-0.153651	-17.4667	1.3612
-0.184926	-7.50601	2.62056
-0.178795	1.4714	3.16157
-0.141534	8.94276	3.0552
-0.0797365	14.8313	2.41009
0.000320699	19.2137	1.34043
0.0926018	22.1475	-0.0451401
0.173455	19.4049	-1.64213
0.217222	10.504	-3.04123
0.228042	2.5969	-3.79838
0.210704	-4.16128	-3.9853
0.169683	-9.84508	-3.68489
0.109281	-14.4964	-2.97466
0.0335971	-18.1641	-1.92911
-0.0535252	-20.9094	-0.619165
-0.145992	-22.1919	0.888611
-0.209423	-15.2237	2.48874
-0.231408	-5.27629	3.58626
-0.215688	3.77287	3.96641
-0.168587	11.3042	3.69401
-0.0969878	17.1838	2.87857
-0.00742833	21.4943	1.63923
0.0941046	24.3679	0.0891922
0.185424	21.9168	-1.66792
0.239885	13.0704	-3.24814
0.260622	4.97684	-4.19034
0.252365	-1.98169	-4.54884
0.219619	-7.85903	-4.40554
0.166605	-12.7232	-3.83846
0.0973199	-16.6284	-2.92068
0.0155244	-19.6309	-1.72139
-0.0747393	-21.6633	-0.305705
-0.152007	-18.5442	1.25641
-0.188037	-8.64708	2.59348
-0.186296	0.41778	3.21677
-0.152738	8.05393	3.18637
-0.09392	14.1163	2.60534
-0.0161343	18.6686	1.58722
0.0746354	21.7847	0.240939
0.162738	21.1446	-1.32993
0.213021	12.0678	-2.8545
0.228603	3.73985	-3.72442
0.214318	-3.4284	-3.99377
0.174712	-9.50556	-3.74621
0.114195	-14.524	-3.06046
0.0370164	-18.5229	-2.0129
-0.052816	-21.5598	-0.677081
-0.149439	-23.1895	0.8776
-0.217224	-16.2684	2.54966
-0.243846	-6.38937	3.72251
-0.232395	2.74832	4.18291
-0.18892	10.4339	3.98437
-0.120203	16.4921	3.23165
-0.0327497	20.9889	2.04217
0.0673974	24.0353	0.528534
0.166559	23.7988	-1.20464
0.227089	14.5271	-2.92061
0.25179	5.92823	-3.96786
0.24576	-1.44721	-4.39499
0.213747	-7.68314	-4.29025
0.160297	-12.8278	-3.73586
0.0897421	-16.9332	-2.81055
0.00616059	-20.0596	-1.58929
-0.0859126	-22.0976	-0.142702
-0.160101	-17.8053	1.45071
-0.191593	-7.55799	2.73448
-0.184398	1.72685	3.27923
-0.144975	9.46146	3.15442
-0.0801906	15.5482	2.4719
0.00341202	20.0646	1.35054
0.0993975	23.0365	-0.0963869
0.185132	20.5764	-1.75748
0.232627	11.3986	-3.24104
0.245603	3.11426	-4.06268
0.229077	-3.96626	-4.28689
0.187797	-9.90708	-4.00052
0.126244	-14.7729	-3.28579
0.0486946	-18.6118	-2.22027
-0.0408329	-21.4866	-0.878026
-0.137871	-23.289	0.671397
-0.206025	-16.3571	2.35065
-0.233391	-6.56784	3.52992
-0.22337	2.40513	4.0032
-0.181914	9.94932	3.82942
-0.115748	15.8798	3.11166
-0.031309	20.2655	1.96634
0.0652621	23.177	0.504873
0.160757	22.9188	-1.16641
0.217268	13.5625	-2.81893
0.2381	4.99981	-3.79664
0.228336	-2.34341	-4.15683
0.192727	-8.54615	-3.98749
0.135781	-13.667	-3.3709
0.061781	-17.76	-2.38511
-0.0252496	-20.8873	-1.10427
-0.120662	-22.899	0.401965
-0.15264	-7.6746	2.05312
-0.149072	0.856163	2.60634
-0.11484	8.21565	2.54437
-0.0558855	14.1492	1.95174
0.0217516	18.6329	0.931307
0.111787	21.6085	-0.412346
0.188625	18.4412	-1.97044
0.230486	10.0466	-3.30002
0.238629	1.95437	-4.02417
0.218173	-4.90949	-4.16474
0.173859	-10.6355	-3.81036
0.110187	-15.2812	-3.04313
0.0314154	-18.9051	-1.94097
-0.0584853	-21.5762	-0.577599
-0.149284	-21.7916	0.978256
-0.202937	-12.8768	2.54951
-0.215476	-3.00944	3.4778
-0.192263	5.57112	3.6945
-0.140108	12.5172	3.29246
-0.0657883	17.8368	2.38958
0.0242702	21.614	1.10321
0.122928	23.678	-0.455426
0.190233	16.1531	-2.16275
0.221209	7.43425	-3.32732
0.220923	-0.0687604	-3.86309
0.194069	-6.44496	-3.85779
0.145169	-11.736	-3.39273
0.0785652	-15.9848	-2.54618
-0.00164453	-19.2503	-1.39333
-0.0916127	-21.5924	-0.00510886
-0.166564	-17.9882	1.55186
-0.199938	-8.0099	2.84881
-0.19461	1.27868	3.42614
-0.156735	9.0901	3.33364
-0.0932477	15.2369	2.67788
-0.0107636	19.7962	1.57895
0.0846272	22.8938	0.151355
0.175692	21.8555	-1.49947
0.229015	12.7974	-3.07529
0.246842	4.27853	-3.99781
0.234247	-3.02268	-4.30597
0.195954	-9.19042	-4.08764
0.136521	-14.264	-3.42458
0.0603215	-18.2878	-2.39574
-0.0285845	-21.3374	-1.07684
-0.12605	-23.3916	0.461839
-0.195273	-16.6136	2.14851
-0.223429	-6.75732	3.34629
-0.214187	2.21802	3.83325
-0.173739	9.70743	3.67298
-0.108754	15.5964	2.97268
-0.0256014	19.9567	1.8478
0.0697403	22.882	0.408613
0.162471	22.2555	-1.24139
0.196721	8.21982	-2.84606
0.201357	1.11275	-3.43853
0.180659	-4.96752	-3.51846
0.138882	-10.0264	-3.15996
0.0803272	-14.0532	-2.4367
0.0091332	-17.0866	-1.42314
-0.0648496	-17.7559	-0.190949
-0.114857	-12.0017	1.0894
-0.126535	-2.80277	1.95472
-0.105832	4.96861	2.15665
-0.0588464	11.2766	1.79819
0.00830145	16.1155	0.984898
0.0893543	19.4527	-0.177236
0.159878	16.9256	-1.57991
0.194005	8.1905	-2.80023
0.19648	0.594082	-3.39058
0.172177	-5.83265	-3.43312
0.125563	-11.1874	-3.01224
0.0608491	-15.5313	-2.20528
-0.0180009	-18.924	-1.08516
-0.107288	-21.4289	0.279499
-0.181694	-17.8574	1.82466
-0.22584	-10.5952	3.11215
-0.233975	-1.95222	3.87587
-0.207023	6.46847	4.0163
-0.15063	13.5342	3.54952
-0.0714033	19.0144	2.57329
0.0243912	22.9907	1.20199
0.130227	25.4005	-0.455921
0.21204	19.6352	-2.28745
0.25838	11.1218	-3.70309
0.272322	3.34609	-4.50473
0.258055	-3.4241	-4.74561
0.219722	-9.2001	-4.49829
0.161537	-13.9644	-3.8345
0.0876382	-17.7356	-2.82723
0.00214407	-20.5186	-1.54811
-0.0895387	-22.0039	-0.0684255
-0.154386	-15.5633	1.51823
-0.178377	-5.75785	2.64033
-0.16694	2.74489	3.05528
-0.126576	9.68726	2.85708
-0.0637618	15.0755	2.15831
0.0152531	18.9636	1.07106
0.104285	21.3677	-0.296446
0.168111	15.3182	-1.83719
0.195349	6.53698	-2.94159
0.191032	-1.03588	-3.4127
0.160013	-7.44466	-3.33771
0.106905	-12.746	-2.8006
0.0361234	-16.9876	-1.88127
-0.0280422	-15.3997	-0.656175
-0.0721095	-10.5762	0.454319
-0.0989297	-6.43683	1.2169
-0.0990254	-0.0229751	1.68094
-0.0676789	7.52316	1.68245
-0.00953095	13.9555	1.13982
0.06995	19.0754	0.133427
0.15561	20.5585	-1.24207
0.22737	17.2222	-2.72438
0.276928	11.894	-3.96599
0.299246	5.35647	-4.82329
0.291408	-1.88115	-5.20911
0.256902	-8.28141	-5.07301
0.200266	-13.5927	-4.47541
0.125824	-17.8661	-3.49488
0.0376769	-21.1553	-2.20629
-0.0603106	-23.517	-0.680643
-0.153108	-22.2713	1.01517
-0.203061	-11.9889	2.62101
-0.213487	-2.50223	3.48527
-0.19029	5.56743	3.66539
-0.140227	12.0151	3.26362
-0.0701729	16.8129	2.39695
0.012918	19.9418	1.18441
0.0917509	18.9199	-0.253654
0.142521	12.1849	-1.6179
0.159992	4.19305	-2.49638
0.14908	-2.61882	-2.79851
0.114175	-8.37724	-2.60942
0.059518	-13.1177	-2.00513
-0.0108359	-16.8849	-1.05907
-0.0930132	-19.7225	0.158553
-0.165364	-17.3642	1.58068
-0.200313	-8.38768	2.83264
-0.197205	0.745867	3.4372
-0.161068	8.67284	3.38312
-0.0983381	15.0552	2.75745
-0.015695	19.8343	1.67161
0.0807379	23.1439	0.241258
0.177646	23.2579	-1.42761
0.244712	16.0959	-3.10455
0.275634	7.42136	-4.26492
0.274303	-0.319472	-4.79968
0.245493	-6.91445	-4.77622
0.19368	-12.4352	-4.27722
0.12309	-16.9416	-3.38018
0.0377425	-20.4834	-2.15827
-0.0585035	-23.099	-0.68107
-0.151596	-22.3421	0.984604
-0.209344	-13.8596	2.59555
-0.227259	-4.29966	3.59471
-0.209767	4.19808	3.90443
-0.163244	11.1655	3.60138
-0.0943035	16.5458	2.79594
-0.00937496	20.3829	1.60262
0.0852519	22.7104	0.132724
0.160891	18.1533	-1.50488
0.198525	9.03234	-2.81374
0.203307	1.14746	-3.46479
0.180303	-5.52079	-3.54723
0.134188	-11.0676	-3.14883
0.0694389	-15.5398	-2.35049
-0.00972774	-19	-1.22975
-0.0988949	-21.4001	0.140401
-0.174159	-18.0634	1.6835
-0.207731	-8.0572	2.98586
-0.20223	1.32021	3.56659
-0.163717	9.24314	3.47108
-0.0988701	15.5633	2.80427
-0.0141704	20.3279	1.6818
0.0845455	23.6918	0.215855
0.181376	23.2394	-1.49252
0.243894	15.0041	-3.16813
0.271443	6.61187	-4.24976
0.268936	-0.601753	-4.72615
0.240912	-6.72569	-4.68235
0.191709	-11.8088	-4.19697
0.125454	-15.9011	-3.34509
0.0460188	-19.0644	-2.19821
-0.0429859	-21.3611	-0.823326
-0.128724	-20.5771	0.717044
-0.179088	-12.0873	2.20075
-0.189714	-2.55033	3.07214
-0.165785	5.74287	3.25577
-0.113931	12.445	2.84138
-0.0407282	17.5687	1.94375
0.0475219	21.18	0.676744
0.142317	22.7507	-0.850554
0.202624	14.4737	-2.49098
0.227783	6.03821	-3.53443
0.222055	-1.37473	-3.96952
0.189822	-7.73594	-3.87004
0.135509	-13.0351	-3.31188
0.0634093	-17.304	-2.37166
-0.0223477	-20.5817	-1.12371
-0.117542	-22.8467	0.360483
-0.194323	-18.4273	2.00787
-0.230234	-8.61872	3.33644
-0.227797	0.584776	3.95762
-0.192739	8.41393	3.91511
-0.131606	14.6721	3.30806
-0.050793	19.3951	2.2498
0.0437318	22.686	0.851076
0.143792	24.0143	-0.784826
0.207639	15.3234	-2.51637
0.235271	6.63172	-3.62109
0.231764	-0.841833	-4.09897
0.201829	-7.18435	-4.0379
0.150023	-12.4334	-3.51951
0.0983698	-12.3968	-2.62266
0.0541624	-10.6098	-1.72852
-5.77916e-06	-13.0004	-0.963327
-0.0581692	-13.9592	-0.0258181
-0.0986936	-9.72586	0.98075
-0.102389	-0.886886	1.68197
-0.0738601	6.84693	1.74578
-0.0189701	13.1736	1.25191
0.0560475	18.0042	0.301881
0.138876	19.8789	-0.996383
0.204668	15.7901	-2.42971
0.239706	8.40917	-3.56808
0.242572	0.687875	-4.17413
0.217677	-5.9749	-4.22337
0.169503	-11.5617	-3.79216
0.102397	-16.1055	-2.95814
0.0205547	-19.6421	-1.79656
-0.0718182	-22.1695	-0.380054
-0.163779	-22.0705	1.21857
-0.22095	-13.7211	2.80991
-0.236898	-3.8276	3.79906
-0.216724	4.84168	4.07472
-0.166875	11.9638	3.72524
-0.0940909	17.4682	2.86224
-0.00497895	21.3869	1.60239
0.0932692	23.5796	0.0601001
0.168822	18.1326	-1.64017
0.207068	9.17906	-2.94752
0.212888	1.39691	-3.60915
0.191162	-5.21434	-3.70956
0.146389	-10.7455	-3.33324
0.0829079	-15.2355	-2.55812
0.0048373	-18.7369	-1.4593
-0.0839233	-21.3026	-0.108095
-0.157523	-17.664	1.42799
-0.190677	-7.95696	2.70157
-0.186805	0.929352	3.27509
-0.1518	8.40116	3.20779
-0.0921823	14.3083	2.60173
-0.0142269	18.7093	1.56976
0.0765028	21.7751	0.220542
0.166073	21.4969	-1.34963
0.219862	12.9093	-2.8996
0.2375	4.23313	-3.83021
0.22425	-3.1801	-4.13511
0.18499	-9.42243	-3.90544
0.124369	-14.5491	-3.22567
0.0468034	-18.6156	-2.17629
-0.0435567	-21.6864	-0.83377
-0.141621	-23.5355	0.730057
-0.210763	-16.594	2.42708
-0.240199	-7.06474	3.62342
-0.231554	2.07489	4.13252
-0.190102	9.9485	3.98255
-0.122653	16.1878	3.26484
-0.0358569	20.831	2.09729
0.0637992	23.9175	0.595032
0.163015	23.8117	-1.12965
0.223098	14.42	-2.84655
0.24794	5.96202	-3.88609
0.242591	-1.28365	-4.31566
0.21173	-7.40659	-4.22272
0.159816	-12.4594	-3.68828
0.0910696	-16.4992	-2.78954
0.00946597	-19.5849	-1.59958
-0.0811383	-21.745	-0.187223
-0.154075	-17.5048	1.38077
-0.184295	-7.25273	2.64288
-0.176182	1.94698	3.16562
-0.136279	9.57685	3.02495
-0.0714076	15.569	2.33413
0.0119563	20.0073	1.21128
0.107866	23.0184	-0.231508
0.19089	19.9258	-1.89129
0.236151	10.8625	-3.32792
0.246747	2.54313	-4.1109
0.227728	-4.5645	-4.29391
0.183693	-10.5685	-3.9644
0.119035	-15.5179	-3.20199
0.0380691	-19.4319	-2.08275
-0.055108	-22.3625	-0.681385
-0.154394	-23.8286	0.931178
-0.221902	-16.2018	2.64932
-0.248113	-6.29067	3.81736
-0.236704	2.73806	4.27063
-0.193986	10.2524	4.07282
-0.126748	16.1371	3.33319
-0.0414199	20.4787	2.16929
0.0559634	23.372	0.692435
0.152149	23.0846	-0.992922
0.210042	13.8944	-2.65741
0.232617	5.41794	-3.65906
0.224914	-1.84881	-4.04942
0.191681	-7.97578	-3.91575
0.137465	-13.0118	-3.34029
0.0666277	-17.001	-2.40175
-0.016299	-19.9024	-1.17564
-0.107211	-21.8189	0.259581
-0.173441	-15.8953	1.83286
-0.198586	-6.03473	2.97887
-0.186541	2.89074	3.41376
-0.143527	10.3234	3.20502
-0.0760894	16.1851	2.46034
0.00953087	20.5489	1.29306
0.107529	23.5195	-0.188777
0.194548	20.8846	-1.88469
0.244877	12.0789	-3.39046
0.26155	4.00164	-4.26115
0.249421	-2.91113	-4.54932
0.212958	-8.75099	-4.33901
0.156427	-13.5674	-3.70762
0.0839498	-17.3946	-2.72898
-0.000579338	-20.287	-1.47446
-0.0935078	-22.3028	-0.0114866
-0.168285	-17.9465	1.59672
-0.189037	-4.98055	2.89066
-0.173798	3.65756	3.24954
-0.12777	11.0467	2.98552
-0.0576523	16.8282	2.18871
0.0301948	21.0833	0.975078
0.129564	23.8487	-0.545273
0.207112	18.6115	-2.2649
0.248578	9.9518	-3.60673
0.256991	2.01909	-4.32401
0.236663	-4.87865	-4.46923
0.19201	-10.7168	-4.11705
0.127497	-15.4831	-3.34392
0.0570788	-16.9004	-2.22718
0.00304106	-12.969	-1.00834
-0.058955	-14.8791	-0.0730844
-0.105086	-11.0714	0.999814
-0.114019	-2.14392	1.79806
-0.0903143	5.68907	1.95249
-0.0397348	12.1391	1.5421
0.0314506	17.0845	0.666642
0.114982	20.0475	-0.565336
0.185537	16.9333	-2.01086
0.223769	9.17563	-3.2317
0.228585	1.15576	-3.89305
0.205021	-5.65528	-3.97605
0.157763	-11.3419	-3.56791
0.0912923	-15.9529	-2.74976
0.00990528	-19.5329	-1.59919
-0.0822026	-22.1059	-0.190585
-0.166019	-20.1159	1.40343
-0.216044	-12.006	2.85382
-0.226367	-2.47751	3.71929
-0.201751	5.90774	3.89761
-0.148363	12.8131	3.47127
-0.0728689	18.1186	2.54705
0.0182766	21.8749	1.24034
0.117649	23.8495	-0.337116
0.189354	17.2091	-2.05681
0.22477	8.49981	-3.29754
0.228631	0.926607	-3.91015
0.205709	-5.50127	-3.97662
0.160366	-10.8822	-3.57959
0.0967955	-15.257	-2.79459
0.0190026	-18.6703	-1.6942
-0.0691971	-21.1679	-0.347782
-0.148934	-19.1369	1.17861
-0.186173	-8.93724	2.55843
-0.184427	0.419069	3.20265
-0.149971	8.26925	3.17215
-0.0897373	14.4562	2.57559
-0.0103505	19.0528	1.53297
0.0822033	22.2129	0.158982
0.171824	21.5089	-1.44275
0.223432	12.386	-2.99358
0.238814	3.69175	-3.88643
0.223202	-3.74701	-4.1523
0.181603	-9.98354	-3.88174
0.118786	-15.0762	-3.16152
0.0392548	-19.0875	-2.07413
-0.0527942	-22.0918	-0.6976
-0.150857	-23.535	0.895445
-0.217731	-16.0497	2.59242
-0.24403	-6.31173	3.7495
-0.23275	2.70708	4.2043
-0.189773	10.3145	4.00873
-0.122008	16.2637	3.26463
-0.0362913	20.572	2.0916
0.0609951	23.3487	0.608026
0.156423	22.9027	-1.07565
0.213134	13.6106	-2.72701
0.234393	5.10203	-3.7082
0.225431	-2.15089	-4.07577
0.191121	-8.23441	-3.92032
0.136136	-13.1964	-3.32621
0.0649629	-17.0814	-2.37436
-0.0181027	-19.9357	-1.14245
-0.108906	-21.7927	0.295163
-0.173301	-15.4549	1.86655
-0.195732	-5.38352	2.9808
-0.180469	3.66328	3.36874
-0.134069	11.1358	3.10429
-0.0633764	16.9663	2.30105
0.0251482	21.2459	1.07744
0.125463	24.0755	-0.454641
0.208492	19.927	-2.19063
0.254346	11.0049	-3.62732
0.266212	2.84783	-4.42054
0.248951	-4.14264	-4.6255
0.207163	-10.029	-4.32638
0.145265	-14.8555	-3.60283
0.0675445	-18.653	-2.53133
-0.0215938	-21.3932	-1.18608
-0.11762	-23.0464	0.35663
-0.186125	-16.4411	2.01842
-0.212921	-6.43112	3.20377
-0.201905	2.64389	3.66722
-0.159472	10.184	3.47625
-0.0925448	16.0625	2.74161
-0.0076394	20.3773	1.58314
0.0891625	23.2325	0.113645
0.176217	20.893	-1.5616
0.225331	11.7874	-3.06801
0.239294	3.35114	-3.9177
0.223205	-3.86133	-4.159
0.181878	-9.91863	-3.8802
0.119948	-14.8631	-3.16466
0.0418366	-18.7467	-2.09264
-0.0482701	-21.6256	-0.740672
-0.144366	-23.0629	0.818762
-0.207203	-15.0809	2.4817
-0.228675	-5.15339	3.56893
-0.21342	3.66121	3.94022
-0.168028	10.8942	3.67587
-0.0992327	16.5108	2.88999
-0.0133465	20.6127	1.69919
0.0837051	23.2924	0.212711
0.172702	21.3592	-1.46687
0.22341	12.1701	-3.00689
0.239442	3.84756	-3.88418
0.225731	-3.29064	-4.16128
0.187079	-9.27649	-3.92363
0.149651	-8.98254	-3.25439
0.108309	-9.92218	-2.60639
0.0555023	-12.6736	-1.8907
-0.00702328	-15.0061	-0.976672
-0.0709219	-15.3357	0.105469
-0.113849	-10.3025	1.21128
-0.118993	-1.23468	1.95406
-0.0909809	6.72297	2.04291
-0.0359706	13.2025	1.55796
0.0396586	18.151	0.605824
0.127441	21.0678	-0.703052
0.200717	17.5863	-2.22214
0.244408	10.4859	-3.49005
0.255107	2.5677	-4.24585
0.237436	-4.24105	-4.43063
0.195929	-9.96173	-4.12443
0.134889	-14.6496	-3.40575
0.0584339	-18.3492	-2.34911
-0.0295532	-21.1169	-1.02579
-0.125441	-23.013	0.496991
-0.19635	-17.0182	2.15635
-0.226441	-7.22189	3.38331
-0.218609	1.87974	3.90376
-0.178722	9.57282	3.76788
-0.11362	15.6244	3.07728
-0.0300116	20.0661	1.95037
0.06576	22.9852	0.503284
0.155535	21.5459	-1.15416
0.207062	12.3665	-2.70769
0.224474	4.17887	-3.59917
0.212522	-2.86838	-3.90018
0.175726	-8.83115	-3.693
0.118508	-13.7322	-3.05589
0.0451096	-17.6157	-2.06543
-0.0405216	-20.5515	-0.795026
-0.129718	-21.4071	0.686961
-0.183529	-12.9146	2.23052
-0.197486	-3.34973	3.16156
-0.176562	5.02174	3.40282
-0.12729	11.8251	3.04042
-0.0565532	16.9769	2.18747
0.0292241	20.5866	0.963114
0.124235	22.8025	-0.521417
0.195088	17.0047	-2.16561
0.228143	7.93326	-3.39158
0.227861	-0.0675396	-3.96333
0.19933	-6.8476	-3.95811
0.147402	-12.4627	-3.464
0.0766804	-16.9731	-2.56505
-0.00849411	-20.4419	-1.34093
-0.10407	-22.9381	0.1332
-0.183388	-19.0365	1.7872
-0.229588	-11.0879	3.15971
-0.235974	-1.53283	3.95896
-0.206703	7.02508	4.06914
-0.148345	14.0059	3.56222
-0.0677565	19.3413	2.55198
0.0286717	23.1428	1.1571
0.134137	25.3116	-0.511769
0.210721	18.3802	-2.33688
0.249817	9.38318	-3.66202
0.256501	1.60412	-4.3383
0.235677	-4.99768	-4.45359
0.191923	-10.5011	-4.09283
0.129624	-14.9516	-3.33526
0.0529194	-18.4092	-2.25684
-0.0343165	-20.9366	-0.929205
-0.122391	-21.1379	0.580565
-0.171177	-11.7085	2.10472
-0.179222	-1.93094	2.94881
-0.152629	6.38239	3.08779
-0.0982486	13.0513	2.6273
-0.0228224	18.1023	1.68597
0.0674395	21.6629	0.380508
0.160787	22.4034	-1.18158
0.216656	13.4087	-2.79693
0.236033	4.65035	-3.76355
0.224074	-2.87003	-4.09854
0.185726	-9.20366	-3.89123
0.125694	-14.4077	-3.22724
0.0484895	-18.529	-2.18805
-0.0415892	-21.6189	-0.851782
-0.13956	-23.5129	0.707178
-0.209385	-16.758	2.40257
-0.239317	-7.18374	3.61074
-0.231148	1.96055	4.12842
-0.190888	9.66245	3.98669
-0.125366	15.7253	3.28961
-0.0411382	20.2146	2.15541
0.055731	23.2486	0.697596
0.152662	23.2635	-0.978865
0.212199	14.2889	-2.65625
0.23571	5.64261	-3.68635
0.228404	-1.75345	-4.0929
0.195137	-7.98401	-3.96611
0.140545	-13.1021	-3.39005
0.0690202	-17.166	-2.44499
-0.01534	-20.2464	-1.20699
-0.108237	-22.2952	0.253041
-0.17634	-16.3447	1.86067
-0.202925	-6.38038	3.03909
-0.191815	2.66636	3.4989
-0.14936	10.1891	3.30632
-0.0823342	16.0862	2.57132
0.00281048	20.4347	1.41116
0.10009	23.347	-0.0624634
0.188156	21.136	-1.74595
0.238904	12.1795	-3.26986
0.25575	4.04302	-4.14781
0.243628	-2.90925	-4.43898
0.207114	-8.76331	-4.22881
0.150593	-13.5651	-3.59654
0.0949425	-13.3561	-2.61807
0.0466573	-11.5884	-1.65477
-0.0107668	-13.7818	-0.819011
-0.0714624	-14.567	0.174831
-0.110517	-9.3732	1.2252
-0.112793	-0.546029	1.90097
-0.0828021	7.1977	1.94018
-0.0265611	13.4979	1.421
0.0496037	18.2795	0.447581
0.136162	20.7741	-0.870551
0.203974	16.2749	-2.36844
0.241639	9.03944	-3.54177
0.246762	1.22968	-4.19328
0.223902	-5.48653	-4.28158
0.177571	-11.1193	-3.88558
0.11211	-15.7106	-3.08345
0.0316899	-19.3009	-1.95033
-0.0597383	-21.9428	-0.55842
-0.154501	-22.7432	1.02387
-0.21539	-14.6132	2.66373
-0.235312	-4.78148	3.71722
-0.219304	3.84198	4.06167
-0.173786	10.9244	3.78428
-0.105516	16.3848	2.99622
-0.0210783	20.2651	1.81449
0.072879	22.5497	0.353068
0.152565	19.1246	-1.27297
0.194753	10.1251	-2.65188
0.203973	2.21279	-3.38175
0.185236	-4.49694	-3.54101
0.143183	-10.0927	-3.21644
0.0822638	-14.6206	-2.4884
0.00674979	-18.1234	-1.43393
-0.0789069	-20.5576	-0.126974
-0.151044	-17.313	1.3554
-0.186733	-8.56526	2.60368
-0.184175	0.613859	3.22107
-0.148688	8.51691	3.17652
-0.0869434	14.8188	2.56211
-0.0054642	19.555	1.49334
0.0898613	22.8781	0.0831481
0.18286	22.3196	-1.56654
0.244255	14.735	-3.17582
0.270001	6.17892	-4.23804
0.264434	-1.33603	-4.68322
0.2322	-7.73625	-4.58647
0.177884	-13.0358	-4.02823
0.105923	-17.2706	-3.08789
0.0208204	-20.4246	-1.84228
-0.0733165	-22.5929	-0.369352
-0.160026	-20.8104	1.2598
-0.208491	-11.6315	2.76027
-0.216409	-1.90034	3.59875
-0.189301	6.50605	3.73546
-0.134066	13.2563	3.266
-0.0575627	18.3608	2.30984
0.0337671	21.9192	0.985682
0.13345	23.9238	-0.594942
0.200268	16.0364	-2.31998
0.230057	7.14925	-3.47612
0.227863	-0.526596	-3.99133
0.19859	-7.02543	-3.95301
0.146889	-12.4083	-3.44608
0.0771693	-16.7326	-2.55104
-0.00644991	-20.0686	-1.34427
-0.100114	-22.4795	0.102946
-0.149762	-11.9155	1.72388
-0.161934	-2.92137	2.58292
-0.139475	5.3902	2.79335
-0.0881305	12.3228	2.40443
-0.0144065	17.6938	1.51565
0.0755552	21.5908	0.239667
0.168268	22.2512	-1.31721
0.237277	16.562	-2.92157
0.269316	7.68952	-4.11556
0.268179	-0.272947	-4.66967
0.238995	-7.00428	-4.64958
0.186547	-12.5873	-4.14412
0.115428	-17.0688	-3.23611
0.0299585	-20.5126	-2.00504
-0.0516094	-19.5763	-0.525755
-0.121973	-16.8872	0.885889
-0.157419	-8.50714	2.1035
-0.155249	0.520734	2.71675
-0.120726	8.28562	2.67896
-0.060365	14.4866	2.08127
0.0194269	19.15	1.0365
0.112561	22.3522	-0.344458
0.194682	19.709	-1.95619
0.241628	11.2671	-3.37719
0.254896	3.18421	-4.18933
0.239171	-3.77394	-4.41857
0.199131	-9.60957	-4.14605
0.13948	-14.3162	-3.45277
0.0648367	-17.9145	-2.42016
-0.0208617	-20.5676	-1.12818
-0.113788	-22.3024	0.354996
-0.179442	-15.757	1.96314
-0.203555	-5.7869	3.09916
-0.19025	3.19301	3.51617
-0.145886	10.6476	3.28562
-0.077349	16.4488	2.51756
0.00883314	20.6837	1.33126
0.106448	23.4275	-0.160303
0.186892	19.3066	-1.84959
0.230412	10.4447	-3.24158
0.241023	2.54664	-3.99444
0.223071	-4.30841	-4.17772
0.18091	-10.1186	-3.86669
0.118969	-14.8659	-3.13672
0.0416906	-18.5468	-2.0645
-0.046664	-21.2051	-0.726957
-0.137941	-21.9064	0.802154
-0.195203	-13.743	2.3817
-0.211892	-4.00535	3.37247
-0.192835	4.57372	3.66099
-0.1447	11.5523	3.33087
-0.0741984	16.9205	2.49757
0.0124656	20.7994	1.27725
0.109472	23.2815	-0.222649
0.187559	18.7411	-1.9014
0.227552	9.59816	-3.2526
0.233673	1.46918	-3.94442
0.211093	-5.41931	-4.05001
0.164633	-11.1505	-3.65888
0.0988638	-15.7845	-2.85453
0.0181031	-19.3826	-1.7161
-0.0736249	-22.0147	-0.318317
-0.159753	-20.6707	1.26914
-0.211638	-12.4525	2.75954
-0.222728	-2.6615	3.65722
-0.19794	5.94902	3.84881
-0.143932	12.9619	3.4195
-0.0675034	18.3429	2.48455
0.0250964	22.224	1.16167
0.127966	24.6887	-0.440944
0.207822	19.1654	-2.22114
0.250528	10.2495	-3.60292
0.259861	2.23988	-4.34167
0.240627	-4.61616	-4.5028
0.197509	-10.3483	-4.16955
0.135081	-14.9826	-3.42299
0.0578762	-18.5292	-2.34233
-0.0296189	-20.9988	-1.00603
-0.119132	-21.4832	0.508231
-0.176196	-13.6953	2.05729
-0.191811	-3.7477	3.04464
-0.170964	5.00323	3.31461
-0.120505	12.1103	2.95355
-0.047324	17.5634	2.08005
0.042069	21.4543	0.81341
0.140376	23.5936	-0.73368
0.209954	16.6989	-2.43489
0.242107	7.71668	-3.63879
0.241298	-0.194193	-4.19491
0.212496	-6.91254	-4.18054
0.160448	-12.4915	-3.68172
0.0897265	-16.9732	-2.78067
0.00467478	-20.4124	-1.55654
-0.0906433	-22.8763	-0.0845098
-0.175349	-20.3293	1.56505
-0.221901	-11.1727	3.03081
-0.227962	-1.45463	3.83618
-0.199165	6.9113	3.94073
-0.142366	13.6318	3.44203
-0.0644001	18.7119	2.45877
0.0284823	22.2918	1.10929
0.128861	24.091	-0.498209
0.199686	16.9978	-2.23531
0.232685	7.91986	-3.46078
0.233019	0.0800729	-4.03156
0.205835	-6.52417	-4.03698
0.155868	-11.9921	-3.56619
0.0876387	-16.3749	-2.70115
0.00539689	-19.738	-1.52016
-0.0868954	-22.1502	-0.0967652
-0.164568	-18.6413	1.50044
-0.19876	-8.20628	2.84449
-0.193661	1.22387	3.43597
-0.155659	9.12039	3.34742
-0.0915418	15.3882	2.68948
-0.00792669	20.0676	1.57964
0.0890242	23.2682	0.13247
0.181985	22.3105	-1.54536
0.2386	13.5878	-3.15397
0.259628	5.04678	-4.13348
0.250146	-2.27587	-4.49703
0.214937	-8.45016	-4.33252
0.176253	-9.28405	-3.72283
0.134802	-9.94824	-3.05305
0.0823232	-12.5949	-2.33544
0.0203558	-14.8722	-1.42704
-0.0472011	-16.2137	-0.354522
-0.0997155	-12.6035	0.814635
-0.114149	-3.46404	1.72337
-0.0941107	4.80919	1.973
-0.046108	11.5206	1.62605
0.0232536	16.6468	0.795182
0.106553	19.9919	-0.405246
0.180696	17.7943	-1.84678
0.225185	10.6772	-3.12972
0.235281	2.42303	-3.89935
0.215505	-4.74608	-4.07373
0.170669	-10.7607	-3.73115
0.105334	-15.6805	-2.95489
0.0237852	-19.5716	-1.82395
-0.0697394	-22.4459	-0.412531
-0.16399	-22.62	1.20602
-0.228484	-15.4787	2.83699
-0.255019	-6.36828	3.95288
-0.244267	2.58042	4.41173
-0.201986	10.1473	4.22528
-0.134998	16.0771	3.49321
-0.0498683	20.4312	2.33362
0.0471013	23.2727	0.86017
0.141514	22.6591	-0.818042
0.198744	13.7352	-2.45186
0.220715	5.27302	-3.44205
0.212594	-1.94893	-3.82198
0.179188	-8.01744	-3.68111
0.125091	-12.9833	-3.10267
0.054666	-16.9021	-2.1662
-0.0276572	-19.7576	-0.947247
-0.116244	-21.2608	0.477505
-0.172741	-13.5594	2.01052
-0.188852	-3.86656	2.98808
-0.169383	4.67255	3.26663
-0.120976	11.6176	2.92942
-0.0502834	16.9663	2.09144
0.0364935	20.8264	0.867863
0.132671	23.0825	-0.633957
0.206003	17.5998	-2.29832
0.242151	8.67556	-3.5672
0.245434	0.787763	-4.19246
0.220944	-5.87758	-4.2489
0.173568	-11.3703	-3.82471
0.108025	-15.7301	-3.00449
0.0286148	-19.0585	-1.86997
-0.0608111	-21.4622	-0.495538
-0.148911	-21.1439	1.05209
-0.204738	-13.3986	2.57663
-0.221638	-4.05603	3.54255
-0.201699	4.78545	3.83471
-0.151028	12.161	3.4893
-0.0766081	17.8608	2.6121
0.0150203	21.9908	1.32397
0.117675	24.6371	-0.261846
0.201925	20.2201	-2.03835
0.249367	11.3859	-3.49619
0.263529	3.39885	-4.31689
0.249275	-3.42078	-4.5616
0.211237	-9.12911	-4.31453
0.153742	-13.7988	-3.65588
0.0856737	-16.3365	-2.66056
0.0295669	-13.4656	-1.48234
-0.0378757	-16.1862	-0.51124
-0.0970268	-14.1963	0.655955
-0.119472	-5.38684	1.67955
-0.107098	2.96988	2.06784
-0.0660317	9.85578	1.85351
-0.00276143	15.1849	1.14267
0.0766421	19.0569	0.0476249
0.155959	19.0359	-1.32652
0.210147	13.0052	-2.69904
0.229061	4.53939	-3.63657
0.217485	-2.77831	-3.96358
0.18024	-8.93865	-3.7629
0.121786	-14.029	-3.11802
0.0465541	-18.0557	-2.10615
-0.0413781	-21.1037	-0.804018
-0.136975	-22.9433	0.71779
-0.207595	-16.9488	2.37211
-0.24498	-8.97238	3.59404
-0.244437	0.130384	4.2407
-0.211009	8.02275	4.23093
-0.15096	14.4118	3.65206
-0.0708061	19.2369	2.61254
0.0233057	22.5868	1.22519
0.121373	23.5361	-0.4036
0.19256	17.0848	-2.1007
0.227574	8.40331	-3.33246
0.231078	0.840995	-3.93811
0.207652	-5.62218	-3.9984
0.161816	-11.0007	-3.59265
0.0981453	-15.2809	-2.79911
0.0210992	-18.4911	-1.69699
-0.0654801	-20.779	-0.3635
-0.14149	-18.2424	1.13486
-0.175759	-8.22455	2.45017
-0.171556	1.00863	3.04301
-0.135008	8.77162	2.97001
-0.0729346	14.8976	2.33725
0.00807924	19.4433	1.26282
0.101926	22.5232	-0.139303
0.188124	20.6875	-1.76339
0.236799	11.682	-3.25495
0.25032	3.24502	-4.09703
0.233658	-3.99891	-4.33066
0.191798	-10.0464	-4.04193
0.129457	-14.9618	-3.31716
0.0511229	-18.8002	-2.23801
-0.0390086	-21.6316	-0.882178
-0.135014	-23.0412	0.677698
-0.200505	-15.718	2.33909
-0.225653	-6.03538	3.47226
-0.212834	3.0765	3.90716
-0.168237	10.7033	3.68497
-0.098929	16.6339	2.91286
-0.0115349	20.9746	1.71318
0.0876792	23.8114	0.200605
0.178343	21.7593	-1.51639
0.230887	12.6106	-3.08527
0.247891	4.08084	-3.99432
0.234512	-3.21093	-4.28823
0.195611	-9.33626	-4.05632
0.135851	-14.3424	-3.38275
0.0596577	-18.2863	-2.34826
-0.0288017	-21.2302	-1.02947
-0.125523	-23.2131	0.50148
-0.191913	-15.9337	2.17527
-0.216963	-6.01203	3.32402
-0.204448	3.00375	3.75724
-0.161121	10.3984	3.54032
-0.0939036	16.1321	2.7902
-0.00931295	20.3017	1.62671
0.086445	22.9819	0.162659
0.176053	21.506	-1.49452
0.225903	11.9639	-3.04514
0.2401	3.4074	-3.90755
0.224022	-3.85872	-4.15291
0.182632	-9.93362	-3.8743
0.12068	-14.8685	-3.15768
0.0427038	-18.7143	-2.08527
-0.0470005	-21.529	-0.735644
-0.139697	-22.2471	0.816825
-0.200588	-14.6138	2.42094
-0.220361	-4.74559	3.47449
-0.202376	4.31655	3.81638
-0.153111	11.8236	3.50479
-0.0796126	17.6395	2.65192
0.0114848	21.8634	1.37974
0.114105	24.6289	-0.196893
0.201442	20.9609	-1.97281
0.25207	12.1506	-3.48407
0.268645	3.97808	-4.35991
0.256023	-3.02933	-4.64638
0.218751	-8.94529	-4.42754
0.16143	-13.757	-3.78212
0.0885209	-17.4982	-2.78981
0.00396857	-20.2926	-1.52782
-0.0885622	-22.2074	-0.0644368
-0.162127	-17.6557	1.53689
-0.193622	-7.55871	2.80986
-0.187169	1.54871	3.35465
-0.149288	9.09146	3.24269
-0.0869012	14.9728	2.58684
-0.00653208	19.2886	1.50696
0.0858085	22.1617	0.115974
0.171649	20.6016	-1.48206
0.219759	11.5465	-2.96747
0.233568	3.31402	-3.7998
0.217802	-3.78372	-4.03843
0.177063	-9.77729	-3.76524
0.151067	-6.23923	-3.0599
0.104964	-11.0645	-2.60973
0.0426251	-14.9614	-1.81167
-0.0321293	-17.9411	-0.732681
-0.106784	-17.9171	0.561069
-0.155496	-11.6909	1.85298
-0.16947	-3.35386	2.69582
-0.15	4.67292	2.93742
-0.102458	11.41	2.60021
-0.0329181	16.6896	1.77723
0.0524903	20.498	0.573632
0.145423	22.3039	-0.90448
0.213711	16.389	-2.51268
0.245669	7.66985	-3.69423
0.245749	0.0192283	-4.24696
0.218845	-6.457	-4.24798
0.1694	-11.8666	-3.78201
0.101783	-16.2281	-2.92601
0.0202317	-19.5724	-1.75558
-0.0714261	-21.9979	-0.344111
-0.160068	-21.2741	1.24213
-0.210235	-12.04	2.77604
-0.220052	-2.35611	3.64398
-0.195418	5.91224	3.81355
-0.142971	12.5873	3.3869
-0.0693274	17.6744	2.47897
0.0193151	21.2742	1.20429
0.114122	22.7536	-0.329841
0.181202	16.0993	-1.97052
0.212707	7.56132	-3.13122
0.213567	0.206309	-3.67618
0.188684	-5.97189	-3.69073
0.14255	-11.0722	-3.25979
0.0794304	-15.1487	-2.46112
0.00336831	-18.2549	-1.36856
-0.0814823	-20.3641	-0.0521282
-0.149427	-16.3066	1.41628
-0.183154	-8.09449	2.59199
-0.178862	1.02994	3.17544
-0.141638	8.93388	3.10089
-0.0780369	15.2642	2.45642
0.00537804	20.0196	1.35554
0.102541	23.3192	-0.0881386
0.194873	22.1595	-1.76962
0.254206	14.2399	-3.36733
0.278467	5.82272	-4.39384
0.271706	-1.62272	-4.81332
0.238529	-7.96244	-4.69589
0.183401	-13.2307	-4.12133
0.110597	-17.4729	-3.16693
0.0241444	-20.7486	-1.90672
-0.0721422	-23.1088	-0.410424
-0.162455	-21.6751	1.25593
-0.209748	-11.3503	2.81876
-0.217173	-1.78187	3.63695
-0.190861	6.31485	3.76512
-0.137439	12.8212	3.30944
-0.0634581	17.7554	2.38465
0.0246254	21.14	1.10414
0.119744	22.8286	-0.420313
0.182592	15.0833	-2.06639
0.208779	6.28493	-3.15383
0.203433	-1.28301	-3.60674
0.171415	-7.68437	-3.51391
0.117327	-12.9812	-2.9595
0.0455539	-17.2254	-2.0232
-0.0397818	-20.4806	-0.780944
-0.133237	-22.4292	0.695928
-0.199391	-15.877	2.31318
-0.227722	-6.79932	3.45783
-0.218707	2.16354	3.94781
-0.177509	9.88743	3.79146
-0.110707	16.0325	3.07817
-0.0248905	20.596	1.92184
0.0738292	23.6927	0.436539
0.174977	24.2754	-1.27192
0.240329	15.6845	-3.02225
0.268657	6.79879	-4.15296
0.2652	-0.829795	-4.64284
0.234824	-7.29029	-4.5826
0.182187	-12.6329	-4.05651
0.111764	-16.9014	-3.14523
0.0277498	-20.1634	-1.92624
-0.0659372	-22.4849	-0.472135
-0.153181	-20.9385	1.14924
-0.197561	-10.6513	2.65896
-0.20147	-0.938218	3.42676
-0.170751	7.37255	3.49411
-0.113072	13.8431	2.96219
-0.0347344	18.801	1.96374
0.0579029	22.2329	0.607874
0.1554	23.3994	-0.995342
0.215343	14.3863	-2.68252
0.238837	5.63859	-3.71965
0.231159	-1.84269	-4.12591
0.19721	-8.14775	-3.99267
0.160268	-8.86612	-3.40481
0.112057	-11.5706	-2.7652
0.0466667	-15.6937	-1.93063
-0.0318444	-18.8427	-0.798823
-0.115372	-20.0467	0.559945
-0.171363	-13.4378	2.00541
-0.188612	-4.13976	2.9742
-0.170472	4.35373	3.27245
-0.12296	11.4029	2.95823
-0.052723	16.8568	2.13574
0.0340351	20.8219	0.920048
0.130824	23.2294	-0.581451
0.202942	17.3082	-2.25641
0.238126	8.44414	-3.50427
0.24061	0.596368	-4.11285
0.215445	-6.03965	-4.15549
0.167234	-11.5707	-3.71962
0.100382	-16.0443	-2.88496
0.0190429	-19.5215	-1.72779
-0.0728591	-22.0565	-0.31999
-0.159539	-20.8031	1.27048
-0.205953	-11.1394	2.77043
-0.21278	-1.63848	3.57342
-0.185635	6.51493	3.69125
-0.131081	13.0928	3.22116
-0.0556461	18.1045	2.27679
0.0345103	21.6375	0.97112
0.132988	23.6347	-0.589195
0.198707	15.7725	-2.29338
0.229027	7.27685	-3.4305
0.228433	-0.142526	-3.95491
0.201317	-6.50801	-3.94429
0.152194	-11.7895	-3.47467
0.0856036	-15.9816	-2.62425
0.00571817	-19.1725	-1.47163
-0.0837781	-21.4791	-0.0890159
-0.158364	-17.9006	1.4598
-0.195451	-8.90086	2.75043
-0.194161	0.309547	3.39201
-0.159685	8.27418	3.36939
-0.0985529	14.6718	2.77247
-0.0173221	19.4954	1.71428
0.0779872	22.8743	0.308369
0.174186	23.0878	-1.34106
0.236489	14.9527	-3.00575
0.263274	6.42832	-4.08369
0.259394	-0.931141	-4.54686
0.22954	-7.16511	-4.47932
0.178142	-12.3354	-3.96227
0.11973	-14.0189	-3.07245
0.0535921	-15.8731	-2.06131
-0.024307	-18.6958	-0.916561
-0.109026	-20.3326	0.431626
-0.160318	-12.3101	1.89772
-0.171649	-2.71925	2.78521
-0.148249	5.61595	2.98104
-0.0967244	12.3659	2.57583
-0.0237255	17.5197	1.68393
0.0645466	21.1853	0.42048
0.158543	22.5591	-1.10718
0.219932	14.7334	-2.73376
0.245974	6.25001	-3.79591
0.241648	-1.03813	-4.24625
0.211464	-7.24423	-4.17102
0.159617	-12.4433	-3.64829
0.0902425	-16.6498	-2.75071
0.00740175	-19.8818	-1.5499
-0.0852075	-22.2262	-0.116137
-0.165107	-19.1758	1.48655
-0.209016	-10.5382	2.86914
-0.214468	-1.30845	3.62877
-0.18648	6.71712	3.7228
-0.131537	13.1864	3.23812
-0.0560672	18.1127	2.287
0.033975	21.6101	0.980746
0.131725	23.46	-0.577594
0.199536	16.2747	-2.26919
0.230313	7.38646	-3.44252
0.229195	-0.268345	-3.97483
0.201011	-6.76429	-3.95514
0.150331	-12.163	-3.46703
0.0815324	-16.5117	-2.58968
-0.00121793	-19.8601	-1.39884
-0.0939343	-22.2519	0.0333466
-0.172624	-18.8854	1.63787
-0.210127	-9.00072	2.99951
-0.208592	0.368185	3.64827
-0.173823	8.34463	3.6214
-0.112494	14.7189	3.01937
-0.0311084	19.5326	1.95776
0.0642194	22.8787	0.549142
0.164356	24.0329	-1.10063
0.226349	14.8782	-2.83348
0.252413	6.25541	-3.90607
0.247657	-1.14139	-4.35679
0.216888	-7.38457	-4.2741
0.164605	-12.5479	-3.74125
0.0950911	-16.6834	-2.83612
0.0123543	-19.8568	-1.63287
-0.0793176	-22.0013	-0.200901
-0.155837	-18.3647	1.38557
-0.191098	-8.46268	2.70968
-0.187691	0.817621	3.31967
-0.151519	8.68143	3.26042
-0.0893846	14.9122	2.63414
-0.00789959	19.5564	1.55862
0.0865329	22.6638	0.148324
0.177062	21.7269	-1.48592
0.230208	12.7552	-3.05246
0.247858	4.23601	-3.97194
0.234965	-3.09442	-4.27704
0.19628	-9.28427	-4.05353
0.136332	-14.3877	-3.38371
0.0594415	-18.4536	-2.34595
-0.0303574	-21.5517	-1.0151
-0.129265	-23.7378	0.539028
-0.202913	-17.6754	2.25066
-0.234817	-7.65719	3.52499
-0.228844	1.43374	4.07682
-0.191161	9.04389	3.97308
-0.128542	15.0285	3.3206
-0.04752	19.4453	2.23664
0.0459357	22.4294	0.834293
0.142877	23.266	-0.783105
0.202146	14.2245	-2.46069
0.22523	5.54023	-3.48617
0.217427	-1.87274	-3.88536
0.183661	-8.10401	-3.74998
0.128596	-13.2155	-3.16529
0.0566126	-17.2761	-2.21208
-0.0281929	-20.3533	-0.966148
-0.12034	-22.1153	0.501563
-0.184684	-15.4426	2.0962
-0.208809	-5.78994	3.20954
-0.194209	3.50384	3.62676
-0.148508	10.9683	3.37379
-0.0783081	16.848	2.58259
0.0100898	21.2155	1.3675
0.110692	24.1444	-0.162418
0.200782	21.6217	-1.9034
0.253102	12.5568	-3.46232
0.270539	4.18474	-4.36746
0.258029	-3.00237	-4.66883
0.220228	-9.07225	-4.45193
0.161636	-14.062	-3.79736
0.105733	-13.4169	-2.78305
0.0593577	-11.13	-1.81535
0.00341101	-13.4272	-1.01264
-0.0570132	-14.5018	-0.044347
-0.0935709	-8.77385	1.00135
-0.0935709	0	1.63392
-0.0622265	7.52266	1.63378
-0.00583242	13.5346	1.09119
0.0694794	18.0748	0.115152
0.148694	19.0116	-1.18819
0.2066	13.8974	-2.55896
0.230695	5.7827	-3.56085
0.223053	-1.83408	-3.97751
0.188356	-8.32734	-3.84491
0.131253	-13.7047	-3.24411
0.0561828	-18.0168	-2.25562
-0.0326235	-21.3135	-0.956274
-0.130733	-23.5462	0.580673
-0.206054	-18.077	2.27848
-0.244218	-9.15959	3.58177
-0.243924	0.070738	4.24193
-0.210466	8.02995	4.23646
-0.150466	14.3999	3.65707
-0.0705867	19.171	2.6184
0.0227768	22.4072	1.2358
0.119099	23.1173	-0.380039
0.184527	15.7027	-2.04694
0.214074	7.0913	-3.17904
0.212852	-0.293324	-3.6901
0.185575	-6.54652	-3.66862
0.136755	-11.7167	-3.19625
0.0707257	-15.847	-2.35111
-0.00832671	-18.9726	-1.20821
-0.0959419	-21.0276	0.159959
-0.157446	-14.7611	1.6762
-0.177649	-4.84849	2.74044
-0.161129	3.96472	3.08981
-0.114526	11.1848	2.80365
-0.0445417	16.7961	1.9969
0.0425399	20.8996	0.785597
0.139495	23.2692	-0.72149
0.214634	18.0335	-2.39931
0.253148	9.24323	-3.69945
0.258391	1.25843	-4.36564
0.235179	-5.57095	-4.456
0.188207	-11.2734	-4.0539
0.122009	-15.8874	-3.24065
0.0409622	-19.4513	-2.09477
-0.0504611	-21.9416	-0.691994
-0.144169	-22.49	0.89022
-0.205486	-14.716	2.51184
-0.226035	-4.93173	3.57275
-0.20942	3.98771	3.92806
-0.161869	11.4121	3.64017
-0.0902505	17.1884	2.81695
-0.00116585	21.3803	1.57729
0.0988948	24.0146	0.0354663
0.185664	20.8246	-1.69617
0.234095	11.6235	-3.19763
0.247766	3.28103	-4.03549
0.231719	-3.85125	-4.27172
0.190678	-9.8499	-3.99364
0.129205	-14.7534	-3.28304
0.0516511	-18.613	-2.21892
-0.0378667	-21.4843	-0.876589
-0.133945	-23.0587	0.672665
-0.192961	-14.164	2.33532
-0.210768	-4.27363	3.35644
-0.192811	4.30981	3.66431
-0.145731	11.2991	3.35322
-0.0762373	16.6785	2.53817
0.00948363	20.573	1.3353
0.10552	23.0486	-0.148283
0.184882	19.0469	-1.81025
0.225106	9.65378	-3.18351
0.231274	1.48045	-3.87935
0.208595	-5.44307	-3.98576
0.161908	-11.2049	-3.59292
0.0958159	-15.862	-2.78465
0.0146524	-19.4792	-1.64063
-0.0775171	-22.1207	-0.235892
-0.160893	-20.0103	1.3592
-0.211836	-12.2261	2.80197
-0.222766	-2.62332	3.68332
-0.197579	6.0448	3.87216
-0.142689	13.1737	3.43595
-0.0648909	18.6716	2.48573
0.0295181	22.6581	1.13914
0.134658	25.2335	-0.494778
0.216821	19.7191	-2.31426
0.262481	10.9585	-3.73595
0.274546	2.8956	-4.52581
0.257812	-4.01614	-4.73421
0.216899	-9.81905	-4.4442
0.156253	-14.5551	-3.73579
0.080198	-18.2532	-2.68593
-0.00685883	-20.8936	-1.3695
-0.0996226	-22.2633	0.137209
-0.164293	-15.5208	1.74255
-0.187049	-5.46163	2.86156
-0.17281	3.41748	3.25514
-0.128202	10.706	3.00842
-0.0600305	16.3611	2.23618
0.0253132	20.4825	1.05623
0.121533	23.0928	-0.420807
0.196684	18.0361	-2.08593
0.233494	8.83435	-3.38629
0.236842	0.803651	-4.02302
0.211766	-6.01836	-4.08062
0.162769	-11.7591	-3.64629
0.0942983	-16.4331	-2.79805
0.0106409	-20.0778	-1.61286
-0.0841549	-22.751	-0.16496
-0.172122	-21.1121	1.47557
-0.218707	-11.1804	2.99779
-0.22634	-1.83181	3.80371
-0.200334	6.24145	3.93547
-0.147057	12.7863	3.48507
-0.0730185	17.7693	2.56277
0.0153967	21.2196	1.28125
0.110699	22.8727	-0.248961
0.177652	16.0687	-1.89823
0.208195	7.33025	-3.05674
0.207525	-0.160927	-3.58504
0.180424	-6.50404	-3.57312
0.131473	-11.7483	-3.10382
0.0650455	-15.9426	-2.2564
-0.0146043	-19.116	-1.10662
-0.103006	-21.2163	0.271879
-0.167666	-15.5185	1.80171
-0.190932	-5.5839	2.92056
-0.176871	3.37468	3.32294
-0.131846	10.8062	3.07931
-0.0625294	16.6359	2.29984
0.0247251	20.9411	1.10006
0.123998	23.8255	-0.410044
0.207959	20.1505	-2.12801
0.255045	11.3007	-3.58083
0.268727	3.28375	-4.39538
0.253834	-3.5743	-4.63178
0.214892	-9.34629	-4.37364
0.156237	-14.077	-3.69932
0.0820003	-17.8169	-2.68394
-0.00395144	-20.6284	-1.39897
-0.0975583	-22.4656	0.0886167
-0.169458	-17.256	1.70855
-0.200736	-7.50654	2.95269
-0.194204	1.56757	3.49371
-0.155685	9.24459	3.38037
-0.0919433	15.298	2.71347
-0.00956243	19.7714	1.61013
0.085197	22.7423	0.184322
0.175886	21.7653	-1.45558
0.228233	12.5634	-3.0249
0.245539	4.15348	-3.93055
0.2323	-3.17749	-4.2297
0.193311	-9.35739	-4.00021
0.133178	-14.4319	-3.32512
0.0563312	-18.4432	-2.28418
-0.0330249	-21.4455	-0.954089
-0.130357	-23.3596	0.592375
-0.198585	-16.3748	2.27673
-0.2251	-6.36365	3.45727
-0.214317	2.58794	3.91584
-0.172621	10.0072	3.72888
-0.106671	15.828	3.00697
-0.0228137	20.1256	1.86538
0.072983	22.9912	0.41401
0.16681	22.5185	-1.24387
0.221619	13.1542	-2.86751
0.240995	4.65026	-3.81577
0.230093	-2.61658	-4.15076
0.193692	-8.73615	-3.96172
0.136382	-13.7544	-3.33143
0.062568	-17.7154	-2.33934
-0.0233262	-20.6146	-1.06172
-0.115498	-22.1213	0.424836
-0.179426	-15.3425	2.01991
-0.202056	-5.43142	3.12605
-0.187317	3.53749	3.51742
-0.14157	10.9793	3.26203
-0.0715398	16.8073	2.47006
0.0164031	21.1063	1.25791
0.116039	23.9126	-0.26412
0.202221	20.6838	-1.98837
0.250754	11.6478	-3.47966
0.265747	3.59831	-4.31925
0.251595	-3.3964	-4.57834
0.212732	-9.32706	-4.33303
0.153559	-14.2016	-3.6601
0.0783977	-18.0387	-2.63573
-0.00771952	-20.6681	-1.33478
-0.100401	-22.2436	0.15567
-0.169713	-16.6348	1.75959
-0.197543	-6.67919	2.95893
-0.188438	2.18513	3.44029
-0.148524	9.57952	3.28242
-0.0843907	15.3919	2.59138
-0.00256709	19.6377	1.48128
0.090767	22.4002	0.0651296
0.168974	18.7697	-1.5501
0.209636	9.75877	-2.9034
0.216998	1.76706	-3.60683
0.195997	-5.04046	-3.73393
0.151162	-10.7604	-3.37015
0.0868684	-15.4304	-2.59395
0.0072997	-19.0965	-1.48107
-0.0835733	-21.8095	-0.103945
-0.163822	-19.2598	1.4687
-0.204779	-9.82954	2.85734
-0.20707	-0.549875	3.56588
-0.176319	7.38018	3.60521
-0.119016	13.7529	3.07273
-0.0415553	18.5905	2.08078
0.0502185	22.0257	0.740081
0.148463	23.5786	-0.848204
0.213047	15.5001	-2.54833
0.240799	6.66063	-3.66578
0.236897	-0.936667	-4.14574
0.206112	-7.38842	-4.07784
0.153028	-12.7401	-3.54472
0.0820279	-17.04	-2.62575
-0.00275981	-20.3491	-1.39681
-0.0973463	-22.7007	0.0706291
-0.174899	-18.6128	1.70752
-0.213271	-9.20918	3.04949
-0.2128	0.113162	3.71327
-0.17874	8.17421	3.70479
-0.117704	14.6487	3.11504
-0.0362196	19.5563	2.05849
0.059502	22.9732	0.648151
0.160565	24.2551	-1.00845
0.224527	15.3508	-2.75733
0.253786	7.02216	-3.864
0.252575	-0.290652	-4.37001
0.225215	-6.56623	-4.34867
0.176063	-11.7966	-3.87482
0.109459	-15.9849	-3.02385
0.0297438	-19.1317	-1.87096
-0.0593928	-21.3928	-0.491256
-0.142033	-19.8336	1.05137
-0.183255	-9.89334	2.48143
-0.185321	-0.495739	3.19459
-0.154039	7.50747	3.23006
-0.0960303	13.9222	2.68843
-0.0177694	18.7826	1.6843
0.0746416	22.1786	0.329786
0.169556	22.7795	-1.26949
0.227311	13.8612	-2.91195
0.249021	5.21037	-3.91119
0.239366	-2.31722	-4.28656
0.203108	-8.70187	-4.11909
0.144808	-13.992	-3.49126
0.06884	-18.2324	-2.48203
0.0146114	-13.0149	-1.16712
-0.0457372	-14.4837	-0.22855
-0.102284	-13.5712	0.815852
-0.12632	-5.76879	1.79436
-0.115988	2.47983	2.21018
-0.0762337	9.541	2.03117
-0.0129278	15.1934	1.34302
0.0678697	19.3914	0.247339
0.153911	20.6498	-1.15095
0.217996	15.3805	-2.63986
0.246317	6.79702	-3.74867
0.242729	-0.861174	-4.23846
0.212097	-7.35164	-4.17599
0.158994	-12.7448	-3.64552
0.0878503	-17.0745	-2.72621
0.00281062	-20.4095	-1.49477
-0.0921563	-22.7921	-0.0229625
-0.171359	-19.0086	1.62052
-0.210403	-9.37053	2.99104
-0.210864	-0.110734	3.66646
-0.178419	7.78682	3.67413
-0.11967	14.0998	3.11232
-0.0410968	18.8575	2.09534
0.0510648	22.1188	0.735389
0.143195	22.1112	-0.859607
0.198349	13.2369	-2.45391
0.219616	5.10413	-3.40818
0.2118	-1.87588	-3.77593
0.179243	-7.81365	-3.64033
0.126162	-12.7394	-3.07659
0.0565399	-16.7093	-2.15772
-0.0257917	-19.7596	-0.952661
-0.116304	-21.7229	0.472237
-0.175576	-14.2252	2.03858
-0.193889	-4.3953	3.06415
-0.175777	4.34702	3.38081
-0.127679	11.5434	3.06707
-0.0562305	17.1478	2.23443
0.0322868	21.2441	0.997754
0.131743	23.8695	-0.534195
0.210659	18.9397	-2.25532
0.250727	9.61636	-3.62082
0.256386	1.35814	-4.31392
0.232693	-5.68628	-4.41147
0.18427	-11.6216	-4.00106
0.115617	-16.4768	-3.16271
0.0310801	-20.2887	-1.97433
-0.0652354	-23.1157	-0.511188
-0.162658	-23.3815	1.15567
-0.222271	-14.3071	2.84155
-0.240838	-4.45597	3.87295
-0.22329	4.21153	4.19392
-0.176191	11.3037	3.88987
-0.106211	16.7951	3.07445
-0.0195361	20.802	1.86313
0.0773636	23.2559	0.36298
0.164986	21.0294	-1.31398
0.213135	11.5557	-2.83024
0.226977	3.32212	-3.66325
0.211661	-3.67595	-3.90248
0.17187	-9.54979	-3.63707
0.112102	-14.3442	-2.94814
0.0366562	-18.107	-1.91356
-0.0503939	-20.892	-0.607735
-0.13904	-21.275	0.898789
-0.192793	-12.9007	2.4328
-0.205621	-3.07878	3.36282
-0.182136	5.6364	3.58453
-0.129067	12.7366	3.17779
-0.0531297	18.2249	2.2591
0.0394698	22.2239	0.944757
0.142447	24.7145	-0.657835
0.221637	19.0056	-2.43988
0.264165	10.2068	-3.81011
0.274314	2.43569	-4.54576
0.256451	-4.28708	-4.721
0.214851	-9.9839	-4.41145
0.153903	-14.6277	-3.69115
0.0779284	-18.2338	-2.63606
-0.00937466	-20.9527	-1.32103
-0.103921	-22.6912	0.18993
-0.171879	-16.3098	1.82612
-0.198261	-6.3317	3.00201
-0.18739	2.60893	3.45832
-0.145619	10.0251	3.26989
-0.0795875	15.8476	2.54672
0.00444811	20.1685	1.40377
0.100307	23.0062	-0.0506597
0.184238	20.1433	-1.70957
0.230278	11.0497	-3.16191
0.241981	2.80871	-3.9584
0.223921	-4.33442	-4.16059
0.180734	-10.3649	-3.84768
0.116886	-15.3237	-3.09996
0.0366474	-19.2572	-1.99473
-0.0558722	-22.2047	-0.605969
-0.152693	-23.237	0.99521
-0.213896	-14.6887	2.67069
-0.234122	-4.85413	3.72962
-0.218045	3.8585	4.07931
-0.172108	11.0247	3.80073
-0.10291	16.6077	3.00543
-0.0166189	20.7098	1.80763
0.0809299	23.4117	0.314138
0.172601	22.0011	-1.37405
0.224959	12.5658	-2.96037
0.242261	4.15256	-3.8662
0.229553	-3.05	-4.16529
0.191539	-9.12333	-3.945
0.132723	-14.1158	-3.2868
0.0573838	-18.0814	-2.26866
-0.0304381	-21.0772	-0.964651
-0.116864	-20.7421	0.555261
-0.174454	-13.8217	2.05088
-0.192772	-4.39628	3.04735
-0.175552	4.13284	3.36408
-0.128592	11.2702	3.06578
-0.0582113	16.8915	2.25284
0.029576	21.0689	1.03464
0.128278	23.6886	-0.484678
0.206565	18.7888	-2.19276
0.247091	9.72634	-3.54738
0.254124	1.68777	-4.24841
0.232533	-5.18183	-4.36974
0.186923	-10.9463	-3.99571
0.12169	-15.656	-3.20605
0.0409963	-19.3665	-2.07685
-0.05118	-22.1223	-0.680203
-0.116875	-15.7668	0.915041
-0.139576	-5.44831	2.05186
-0.127605	2.87311	2.44455
-0.0859596	9.99486	2.23716
-0.0207086	15.6602	1.51626
0.0621933	19.8965	0.386905
0.152942	21.7798	-1.04781
0.222015	16.5775	-2.61821
0.255773	8.10179	-3.81334
0.256818	0.250871	-4.39721
0.230021	-6.43124	-4.41491
0.179928	-12.0223	-3.95079
0.110918	-16.5626	-3.08354
0.0271947	-20.0935	-1.88899
-0.0672114	-22.6574	-0.439925
-0.153741	-20.7672	1.19389
-0.200121	-11.131	2.69125
-0.20804	-1.90068	3.49364
-0.18303	6.00248	3.63039
-0.131612	12.3402	3.19725
-0.0601934	17.1405	2.30715
0.0249432	20.4328	1.07099
0.11564	21.7671	-0.402464
0.174435	14.1108	-1.972
0.197508	5.53771	-2.98932
0.190118	-1.77367	-3.38837
0.157052	-7.93577	-3.26018
0.102836	-13.012	-2.68767
0.0317485	-17.0609	-1.74917
-0.0521871	-20.1445	-0.518797
-0.139677	-20.9976	0.933822
-0.19532	-13.3544	2.44782
-0.210398	-3.61874	3.41056
-0.189347	5.05229	3.6712
-0.138633	12.1714	3.30657
-0.0649664	17.68	2.42863
0.0253466	21.6751	1.15356
0.126473	24.2702	-0.409481
0.210346	20.1296	-2.15951
0.25608	10.9763	-3.61082
0.267291	2.69047	-4.40197
0.249062	-4.37482	-4.59559
0.206104	-10.3099	-4.27973
0.142893	-15.1708	-3.53593
0.0637008	-19.006	-2.4417
-0.0275167	-21.8922	-1.071
-0.124307	-23.2297	0.50768
-0.187437	-15.1512	2.18267
-0.209683	-5.33897	3.275
-0.195882	3.31222	3.65969
-0.152607	10.3861	3.42053
-0.0865437	15.8551	2.67132
-0.00404289	19.8002	1.52781
0.0886824	22.2541	0.0999354
0.158117	16.6643	-1.50476
0.187171	6.97303	-2.70625
0.18594	-0.2956	-3.20882
0.159007	-6.46375	-3.18723
0.110827	-11.5633	-2.72086
0.0456661	-15.6387	-1.88683
-0.0323547	-18.725	-0.758996
-0.110637	-18.7876	0.591283
-0.151237	-9.74414	1.94596
-0.154794	-0.853563	2.64842
-0.127293	6.6002	2.70973
-0.073052	13.0178	2.23357
-0.00105462	17.2794	1.2947
0.0821109	19.9597	0.0486085
0.158726	18.3875	-1.39064
0.19863	9.57714	-2.7164
0.205645	1.6834	-3.40675
0.184755	-5.01354	-3.52783
0.140571	-10.604	-3.16601
0.0774574	-15.1473	-2.4011
-0.000402537	-18.6864	-1.30866
-0.0891067	-21.289	0.0388876
-0.163094	-17.7569	1.57398
-0.205839	-10.259	2.85425
-0.21031	-1.07302	3.59375
-0.180746	7.09545	3.67081
-0.123161	13.8205	3.15885
-0.0439784	19.0037	2.16201
0.0506891	22.7202	0.791508
0.153194	24.6013	-0.846859
0.223729	16.9283	-2.62072
0.257906	8.20242	-3.84115
0.260434	0.6069	-4.43227
0.235918	-5.88394	-4.47564
0.188639	-11.347	-4.05097
0.122741	-15.8154	-3.23242
0.0496847	-17.5336	-2.09172
-0.00535265	-13.209	-0.827235
-0.0637436	-14.0138	0.125302
-0.0943452	-7.34437	1.13579
-0.0895802	1.1436	1.66528
-0.0546248	8.38928	1.58267
0.00431086	14.1446	0.977601
0.0807466	18.3446	-0.0424142
0.157294	18.3713	-1.36519
0.208499	12.2894	-2.68978
0.224985	3.95647	-3.5757
0.211158	-3.31847	-3.86068
0.171747	-9.45851	-3.62106
0.111264	-14.5159	-2.93871
0.0340517	-18.5311	-1.89175
-0.055641	-21.5262	-0.555354
-0.148092	-22.1883	0.996899
-0.20931	-14.6922	2.59676
-0.231133	-5.23748	3.65595
-0.216864	3.42445	4.03329
-0.172276	10.7011	3.78601
-0.103994	16.3879	3.01405
-0.0185159	20.5147	1.83209
0.0777701	23.1086	0.352672
0.163954	20.6841	-1.31366
0.212086	11.5518	-2.80503
0.22664	3.49299	-3.63775
0.212642	-3.35956	-3.8893
0.174672	-9.11273	-3.64671
0.117114	-13.814	-2.9893
0.044242	-17.4893	-1.99295
-0.0394299	-20.0813	-0.73166
-0.124873	-20.5064	0.716415
-0.17151	-11.1928	2.19501
-0.178421	-1.6586	3.00191
-0.151265	6.51735	3.12124
-0.0965818	13.124	2.65102
-0.0208605	18.1731	1.70445
0.0698135	21.7618	0.393881
0.165844	23.0473	-1.17534
0.228147	14.9527	-2.83712
0.255502	6.5652	-3.91507
0.252276	-0.774109	-4.38813
0.222803	-7.07367	-4.33193
0.171431	-12.3292	-3.82148
0.102461	-16.5528	-2.93212
0.0201994	-19.7428	-1.73828
-0.0715406	-22.0176	-0.314527
-0.152761	-19.4928	1.27314
-0.19791	-10.8357	2.6786
-0.203909	-1.43988	3.4597
-0.175717	6.76618	3.56323
-0.119853	13.4073	3.07502
-0.0428593	18.4785	2.10799
0.0490319	22.0539	0.775367
0.147308	23.5863	-0.814953
0.212186	15.5708	-2.51563
0.240035	6.68357	-3.63818
0.235824	-1.01048	-4.1198
0.204368	-7.54944	-4.04658
0.150256	-12.987	-3.50185
0.0779072	-17.3637	-2.56508
-0.00847357	-20.7314	-1.31281
-0.104959	-23.1565	0.182196
-0.184108	-18.9956	1.85194
-0.220714	-8.78549	3.2215
-0.218464	0.540023	3.85472
-0.183651	8.35513	3.81544
-0.122928	14.5735	3.21264
-0.0427425	19.2445	2.16151
0.0508366	22.459	0.773643
0.149259	23.6213	-0.845886
0.209263	14.4009	-2.54909
0.233162	5.73581	-3.58728
0.226184	-1.67479	-4.00056
0.193169	-7.92341	-3.87945
0.138733	-13.0648	-3.30777
0.0672392	-17.1585	-2.36541
-0.0171609	-20.256	-1.12795
-0.109336	-22.122	0.332761
-0.174836	-15.7201	1.92789
-0.200395	-6.13399	3.06126
-0.188509	2.85262	3.5033
-0.145038	10.433	3.2973
-0.0766553	16.4119	2.54472
0.010282	20.8649	1.36107
0.109777	23.8787	-0.143565
0.200476	21.7679	-1.86539
0.25375	12.7856	-3.43486
