-0.432192	0.0138662	-0.0885403
-1.48882e-19	-2.44966e-17	-0.0896005
0.0034473	0.827351	-0.0895896
0.00998299	1.56857	-0.156479
0.017834	1.88424	-0.283295
0.0241819	1.5235	-0.435623
0.0263538	0.521241	-0.558764
0.0229301	-0.821669	-0.600849
0.0145334	-2.01521	-0.534342
0.00421765	-2.47579	-0.371333
-0.00358974	-1.87377	-0.1711
-0.00487743	-0.309045	-0.0195674
0.00146514	1.52222	0.00542495
0.0125343	2.65659	-0.117661
0.021796	2.22281	-0.332459
0.0221096	0.075258	-0.512158
0.0107441	-2.7277	-0.518186
-0.00986162	-4.94538	-0.297567
-0.0293765	-4.68357	0.102349
-0.0324615	-0.740405	0.48105
-0.00938432	5.53852	0.540866
0.0379089	11.3504	0.0929634
0.0964109	14.0405	-0.824835
0.141884	10.9136	-1.96005
0.153216	2.71958	-2.8423
0.129259	-5.7497	-3.06189
0.0742803	-13.1948	-2.59663
-0.00690795	-19.4852	-1.52942
-0.104531	-23.4296	0.0463204
-0.185537	-19.4413	1.94083
-0.214349	-6.91503	3.51263
-0.193977	4.88945	4.07139
-0.130565	15.2188	3.67558
-0.03187	23.6868	2.44458
0.093358	30.0547	0.529005
0.212903	28.6908	-1.90127
0.288158	18.0611	-4.22099
0.319448	7.50959	-5.68093
0.310633	-2.11561	-6.28752
0.265907	-10.734	-6.11576
0.190029	-18.2107	-5.24713
0.0882369	-24.4302	-3.77404
-0.0318313	-28.8164	-1.7982
-0.142234	-26.4966	0.532086
-0.209883	-16.2358	2.67454
-0.224837	-3.5888	3.98707
-0.192215	7.82911	4.27681
-0.119114	17.5443	3.64328
-0.0136892	25.302	2.22425
0.115558	31.0193	0.178094
0.231722	27.8793	-2.33013
0.299748	16.3263	-4.58419
0.32247	5.45344	-5.90381
0.304186	-4.38831	-6.34412
0.249438	-13.1394	-5.98858
0.163369	-20.6565	-4.92547
0.0515636	-26.8334	-3.25464
-0.079687	-31.5001	-1.08454
-0.214456	-32.3446	1.46267
-0.291252	-18.4311	4.07788
-0.309404	-4.35639	5.56776
-0.276518	7.89261	5.9194
-0.200541	18.2346	5.28055
-0.0890692	26.7532	3.80552
0.0504049	33.4738	1.64185
0.206823	37.5404	-1.06501
0.320193	27.2087	-4.10039
0.384979	15.5487	-6.30002
0.404017	4.56912	-7.55658
0.381433	-5.42009	-7.9252
0.321859	-14.2977	-7.48605
0.230552	-21.9136	-6.32911
0.113615	-28.0649	-4.55648
-0.0224675	-32.6598	-2.28666
-0.153176	-31.3699	0.354461
-0.242083	-21.3377	2.89099
-0.275029	-7.90709	4.61602
-0.257072	4.30959	5.25488
-0.196025	14.6513	4.90582
-0.0993239	23.2083	3.72058
0.0255231	29.9633	1.84355
0.165692	33.6405	-0.579472
0.270838	25.235	-3.29956
0.328894	13.9335	-5.33969
0.342598	3.28887	-6.46576
0.316007	-6.38182	-6.73098
0.253797	-14.9303	-6.2142
0.161394	-22.1768	-5.00625
0.0450052	-27.9333	-3.21249
-0.0891775	-32.2039	-0.953457
-0.220618	-31.5457	1.65064
-0.292487	-17.2486	4.20124
-0.305971	-3.23605	5.59548
-0.269085	8.85253	5.85653
-0.189835	19.0201	5.14007
-0.0758046	27.3672	3.60154
0.0652317	33.8487	1.38824
0.220895	37.3592	-1.34891
0.331438	26.5303	-4.36961
0.393537	14.9037	-6.51435
0.409946	3.93828	-7.71874
0.384766	-6.04329	-8.03633
0.322691	-14.8979	-7.54678
0.229069	-22.4694	-6.34131
0.110019	-28.572	-4.52374
-0.0281074	-33.1503	-2.21291
-0.161897	-32.1095	0.467854
-0.25159	-21.5264	3.06417
-0.28476	-7.96072	4.80445
-0.266744	4.32378	5.44761
-0.205345	14.7358	5.09739
-0.108027	23.3563	3.9053
0.0179762	30.2409	2.01628
0.160712	34.2565	-0.429207
0.270531	26.3567	-3.19913
0.33231	14.827	-5.32997
0.348955	3.9946	-6.52828
0.324743	-5.81088	-6.85056
0.264342	-14.4961	-6.37993
0.173003	-21.9214	-5.20707
0.0565654	-27.945	-3.43394
-0.0781709	-32.3367	-1.17393
-0.211851	-32.0831	1.44093
-0.287202	-18.0844	4.035
-0.304101	-4.05571	5.49685
-0.270177	8.14176	5.82419
-0.19348	18.4072	5.1652
-0.081663	26.8361	3.67622
0.0575399	33.4087	1.50586
0.212782	37.2581	-1.19572
0.32392	26.6732	-4.20827
0.385729	14.834	-6.36459
0.401685	3.82952	-7.56335
0.376165	-6.12487	-7.87217
0.313914	-14.9402	-7.37604
0.220215	-22.4879	-6.16716
0.100783	-28.6636	-4.34811
-0.0381923	-33.354	-2.0299
-0.171222	-31.927	0.66732
-0.256372	-20.4361	3.24886
-0.284901	-6.84698	4.90095
-0.262535	5.36777	5.45405
-0.197148	15.6929	5.01941
-0.0962101	24.2251	3.74993
0.0327914	30.9604	1.79068
0.177483	34.7259	-0.712964
0.28385	25.5281	-3.52081
0.341792	13.9061	-5.58461
0.354725	3.10393	-6.70844
0.317113	-9.0268	-6.95867
0.245281	-17.2397	-6.228
0.144042	-24.2976	-4.83331
0.0193296	-29.9309	-2.86808
-0.122541	-34.049	-0.447565
-0.246041	-29.6398	2.30568
-0.309046	-15.1213	4.70209
-0.323484	-3.46505	5.92427
-0.28751	8.63364	6.2038
-0.209181	18.7991	5.505
-0.0960814	27.1438	3.9843
0.0440978	33.643	1.78902
0.198589	37.0778	-0.931546
0.310093	26.761	-3.92954
0.372798	15.0491	-6.09299
0.390165	4.1681	-7.30918
0.36654	-5.67002	-7.6454
0.309663	-13.6503	-7.18608
0.241336	-16.3985	-6.08152
0.147031	-22.6332	-4.75487
0.030696	-27.9205	-2.92423
-0.10072	-31.5397	-0.666264
-0.212647	-26.8625	1.8841
-0.268743	-13.4631	4.05599
-0.271656	-0.699208	5.14416
-0.228704	10.3086	5.20013
-0.147331	19.5294	4.366
-0.0350485	26.9479	2.78638
0.0838206	28.5286	0.607071
0.19229	26.0325	-1.69981
0.247093	13.1529	-3.8046
0.261217	3.38964	-4.86772
0.23861	-5.42561	-5.14126
0.183631	-13.195	-4.70198
0.101163	-19.7923	-3.63452
-0.0034693	-25.1118	-2.03372
-0.108101	-25.1115	-0.00295685
-0.180302	-17.3282	2.02755
-0.200331	-4.80715	3.42848
-0.17314	6.52586	3.81681
-0.105594	16.2111	3.28871
-0.0058194	23.9459	1.97752
0.117731	29.6522	0.0410402
0.235739	28.3219	-2.35663
0.306045	16.8734	-4.64646
0.329472	5.62241	-6.01032
0.310668	-4.51286	-6.46428
0.254484	-13.4842	-6.09866
0.166331	-21.1568	-5.00766
0.0521207	-27.4104	-3.29637
-0.0818491	-32.1527	-1.07961
-0.219553	-33.0488	1.52037
-0.3	-19.3075	4.19252
-0.321061	-5.05445	5.75325
-0.29159	7.073	6.16132
-0.228827	15.063	5.58871
-0.135025	22.5125	4.37011
-0.0106723	29.8447	2.54927
0.127839	33.2428	0.135754
0.248019	28.8432	-2.55226
0.32088	17.4865	-4.88423
0.351638	7.38198	-6.29764
0.343269	-2.00865	-6.89384
0.298712	-10.6936	-6.73066
0.225239	-17.6336	-5.86523
0.12543	-23.9542	-4.43873
0.00618924	-28.6177	-2.50131
-0.112873	-28.5748	-0.187022
-0.200506	-21.032	2.12355
-0.233551	-7.93086	3.82396
-0.216597	4.06889	4.46482
-0.156833	14.3434	4.13532
-0.0622303	22.7047	2.97506
0.0585398	28.9848	1.13883
0.191342	31.8726	-1.205
0.280873	21.4875	-3.78207
0.322975	10.1043	-5.51912
0.321527	-0.347561	-6.33554
0.280992	-9.72823	-6.30674
0.20662	-17.8493	-5.51942
0.104495	-24.51	-4.07551
-0.0190726	-29.6563	-2.09319
-0.156565	-32.9983	0.305039
-0.26308	-25.5635	2.97324
-0.310433	-11.3647	5.03996
-0.303473	1.67031	5.95835
-0.250044	12.8229	5.82263
-0.157903	22.114	4.78513
-0.0341712	29.6956	2.99647
0.112941	35.3069	0.594957
0.255582	34.2338	-2.26001
0.349298	22.4918	-5.0279
0.39643	11.3119	-6.84601
0.400566	0.992506	-7.75993
0.365993	-8.29747	-7.83932
0.297441	-16.4525	-7.16752
0.200207	-23.3362	-5.83638
0.0799938	-28.8511	-3.94877
-0.0533214	-31.9957	-1.61545
-0.174218	-29.0152	0.971889
-0.243595	-16.6504	3.31794
-0.259041	-3.70709	4.66392
-0.226439	7.82458	4.96316
-0.153498	17.5056	4.32991
-0.0473944	25.465	2.91393
0.0833114	31.3694	0.854523
0.213157	31.1628	-1.68209
0.298116	20.3904	-4.20172
0.337532	9.45978	-5.85001
0.335332	-0.528049	-6.61428
0.295748	-9.50006	-6.57085
0.223625	-17.3096	-5.80194
0.124286	-23.8412	-4.40165
0.00342624	-29.0065	-2.47337
-0.0397479	-10.3618	-0.12764
-0.0695053	-7.14178	0.710225
-0.0640447	1.31053	1.28763
-0.0208605	10.3642	1.18152
0.0531464	17.7617	0.34334
0.13959	20.7463	-1.0929
0.206708	16.1085	-2.77032
0.233052	6.32251	-4.07254
0.220987	-2.89555	-4.58333
0.174843	-11.0746	-4.34869
0.0993485	-18.1188	-3.45272
-0.000286092	-23.9123	-1.98726
-0.116617	-27.9195	-0.0534946
-0.212768	-23.0761	2.20407
-0.254076	-9.91399	4.06975
-0.244061	2.40363	4.87094
-0.189625	13.0645	4.67605
-0.0979421	22.004	3.61913
0.0233539	29.111	1.8395
0.159153	32.5917	-0.514611
0.262675	24.8453	-3.14991
0.320333	13.838	-5.15854
0.335356	3.60538	-6.27691
0.311805	-5.65221	-6.56774
0.254119	-13.8447	-6.10998
0.167259	-20.8462	-4.98982
0.0566179	-26.5539	-3.30365
-0.0658706	-29.3973	-1.15614
-0.17272	-25.6439	1.22104
-0.227105	-13.0524	3.29446
-0.22905	-0.466812	4.34951
-0.184362	10.7252	4.38677
-0.100651	20.0905	3.51905
0.013652	27.4328	1.89415
0.149317	32.5596	-0.324268
0.258619	26.2325	-2.95699
0.319136	14.524	-5.07782
0.33436	3.65377	-6.25166
0.308775	-6.14048	-6.54641
0.247169	-14.7853	-6.04917
0.154883	-22.1486	-4.85296
0.0377099	-28.1216	-3.06149
-0.0981911	-32.6162	-0.787246
-0.231505	-31.9954	1.85018
-0.305454	-17.7477	4.43711
-0.321405	-3.82831	5.87169
-0.28742	8.15653	6.1806
-0.211568	18.2044	5.52038
-0.10148	26.4211	4.04776
0.0357473	32.9346	1.91091
0.189631	36.9321	-0.752376
0.303552	27.3409	-3.73861
0.367931	15.4509	-5.94897
0.386382	4.42835	-7.19767
0.363436	-5.5071	-7.55495
0.303922	-14.2834	-7.10881
0.213117	-21.7931	-5.95307
0.0967137	-27.9368	-4.19022
-0.0381404	-32.365	-1.9308
-0.163658	-30.1243	0.686438
-0.242989	-19.0393	3.12221
-0.268079	-6.02159	4.66137
-0.24444	5.67332	5.14776
-0.179668	15.5453	4.68845
-0.0808992	23.7045	3.43094
0.0441433	30.0102	1.51382
0.184338	33.6467	-0.912962
0.282781	23.6262	-3.63352
0.333185	12.0971	-5.54353
0.339388	1.48876	-6.52108
0.305866	-8.04547	-6.64074
0.237458	-16.4179	-5.98945
0.139513	-23.5067	-4.66124
0.0179257	-29.181	-2.75998
-0.121049	-33.3539	-0.400106
-0.238701	-28.2366	2.29692
-0.297754	-14.1726	4.57987
-0.300306	-0.612515	5.72536
-0.254554	10.9806	5.77425
-0.168519	20.6484	4.88572
-0.0496047	28.5393	3.21556
0.0939569	34.4548	0.90752
0.237897	34.5456	-1.87858
0.333355	22.9099	-4.67172
0.380831	11.3944	-6.52369
0.384119	0.789068	-7.44431
0.347738	-8.73156	-7.50729
0.276645	-17.0621	-6.80042
0.176313	-24.0798	-5.42003
0.0527373	-29.6582	-3.47235
-0.0856712	-33.218	-1.07381
-0.20646	-28.9892	1.61231
-0.269915	-15.2292	3.95619
-0.278215	-1.99212	5.18718
-0.239004	9.41064	5.34769
-0.160263	18.8979	4.58616
-0.0492384	26.6459	3.05757
0.0857863	32.4059	0.902652
0.221947	32.6786	-1.71778
0.311647	21.5278	-4.35997
0.35399	10.1624	-6.10022
0.352884	-0.265379	-6.92128
0.312769	-9.62772	-6.89905
0.238712	-17.7736	-6.11979
0.136466	-24.5391	-4.68194
0.0123446	-29.789	-2.69719
-0.12759	-33.5842	-0.288164
-0.239375	-26.8285	2.42748
-0.293484	-12.9862	4.59655
-0.293482	0.000541258	5.64609
-0.247012	11.1526	5.64542
-0.16163	20.4918	4.743
-0.0442545	28.1701	3.08552
0.0971564	33.9386	0.807351
0.23899	34.04	-1.93701
0.333488	22.6797	-4.68925
0.38117	11.4436	-6.5226
0.385401	1.01552	-7.44721
0.350383	-8.40441	-7.52849
0.280779	-16.7051	-6.84808
0.181816	-23.7511	-5.49655
0.0592867	-29.4069	-3.57543
-0.0798679	-33.3971	-1.1972
-0.204198	-29.8392	1.50341
-0.272218	-16.3248	3.91603
-0.284624	-2.97751	5.23561
-0.248518	8.66554	5.47579
-0.171734	18.4281	4.77449
-0.0615604	26.4416	3.28387
0.0739553	32.5238	1.14544
0.211344	32.9734	-1.48454
0.304623	22.3868	-4.1506
0.351849	11.3344	-5.96033
0.356559	1.13027	-6.87616
0.323037	-8.04529	-6.96679
0.256016	-16.0851	-6.31547
0.160749	-22.8641	-5.01414
0.0429044	-28.2826	-3.1648
-0.0915032	-32.2578	-0.877528
-0.212301	-28.9915	1.73093
-0.274438	-14.9128	4.07498
-0.28043	-1.4382	5.28037
-0.266357	3.37755	5.39607
-0.215071	12.3086	5.12237
-0.131549	20.0453	4.12653
-0.0205681	26.6355	2.50522
0.11141	31.6747	0.351208
0.232242	28.9998	-2.21004
0.308086	18.2025	-4.5547
0.340852	7.86377	-6.02605
0.333876	-1.67433	-6.66124
0.290956	-10.3006	-6.52512
0.216562	-17.8546	-5.69149
0.115713	-24.2039	-4.24714
-0.00611322	-29.2382	-2.28955
-0.131532	-30.1005	0.0748934
-0.221326	-21.5506	2.5088
-0.255974	-8.31563	4.25109
-0.239611	3.92731	4.92302
-0.179781	14.359	4.60492
-0.0838181	23.0312	3.44334
0.0403226	29.7938	1.58066
0.178176	33.0848	-0.828625
0.277916	23.9376	-3.50375
0.331818	12.9365	-5.43895
0.34306	2.69804	-6.48439
0.315649	-6.57854	-6.70183
0.253994	-14.7973	-6.16915
0.16306	-21.8241	-4.97196
0.0482666	-27.5504	-3.20672
-0.0845717	-31.8812	-0.978649
-0.211911	-30.5613	1.59936
-0.281636	-16.7341	4.07036
-0.29481	-3.16186	5.42303
-0.258727	8.65991	5.67809
-0.181114	18.6273	4.97722
-0.0691559	26.8699	3.47047
0.069503	33.2781	1.2974
0.217286	35.468	-1.3936
0.321489	25.0088	-4.26137
0.379415	13.9021	-6.2831
0.394098	3.52398	-7.40653
0.369461	-5.91301	-7.69065
0.309866	-14.3027	-7.21167
0.220288	-21.4987	-6.05436
0.106163	-27.3901	-4.31531
-0.0264614	-31.8299	-2.10008
-0.154064	-30.6247	0.473902
-0.238016	-20.1483	2.95015
-0.266304	-6.7892	4.57901
-0.243975	5.35883	5.12747
-0.178818	15.6379	4.69359
-0.0782053	24.1469	3.4286
0.0498653	30.737	1.4757
0.190293	33.7027	-1.00984
0.288324	23.5273	-3.73492
0.338382	12.0138	-5.63692
0.3439	1.32428	-6.60773
0.309248	-8.31638	-6.71407
0.239384	-16.7673	-6.04087
0.13979	-23.9027	-4.6844
0.0163179	-29.6333	-2.75112
-0.124819	-33.8729	-0.35468
-0.245421	-28.9443	2.38431
-0.307298	-14.8506	4.72448
-0.313413	-1.46762	5.92477
-0.2716	10.0352	6.04278
-0.18979	19.6344	5.23066
-0.0752472	27.4902	3.64245
0.0646446	33.574	1.4192
0.215371	36.1743	-1.29574
0.320483	25.2271	-4.22063
0.376688	13.4892	-6.26002
0.387673	2.63627	-7.35006
0.357804	-7.16867	-7.56241
0.291956	-15.8034	-6.98191
0.195627	-23.119	-5.70328
0.0748245	-28.9925	-3.83325
-0.0625477	-32.9693	-1.4885
-0.186405	-29.7257	1.17755
-0.256435	-16.8072	3.58103
-0.271558	-3.62953	4.93966
-0.238319	7.97737	5.23259
-0.16459	17.6948	4.58696
-0.057672	25.6604	3.15566
0.0741094	31.6275	1.08042
0.210606	32.7591	-1.47709
0.301191	21.7405	-4.12582
0.344387	10.367	-5.88329
0.344337	-0.0119954	-6.72091
0.305409	-9.34261	-6.71919
0.232568	-17.4819	-5.963
0.131266	-24.3125	-4.54876
0.00733196	-29.7442	-2.58236
-0.132666	-33.5995	-0.176967
-0.244709	-26.8903	2.5399
-0.297677	-12.7123	4.71396
-0.295692	0.476336	5.74135
-0.246863	11.719	5.7022
-0.1594	20.9913	4.75398
-0.0407015	28.4876	3.0561
0.10088	33.9797	0.752267
0.242403	33.9654	-1.9954
0.333671	21.9044	-4.74161
0.3763	10.2309	-6.51227
0.374593	-0.409677	-7.33881
0.333067	-9.96615	-7.30487
0.256829	-18.2973	-6.4982
0.151453	-25.2902	-5.01796
0.0229298	-30.8455	-2.97245
-0.116587	-33.484	-0.477963
-0.229149	-27.015	2.2296
-0.28445	-13.2722	4.41377
-0.291148	-1.60745	5.48647
-0.251732	9.45973	5.61584
-0.172874	18.926	4.85031
-0.0615351	26.7213	3.31942
0.074466	32.6403	1.15837
0.213931	33.4717	-1.48104
0.309177	22.859	-4.18739
0.356947	11.4646	-6.0353
0.360852	0.937211	-6.96165
0.325222	-8.55109	-7.03666
0.273858	-12.3274	-6.34444
0.20654	-16.1564	-5.34695
0.116088	-21.7085	-4.03996
0.00667436	-26.2592	-2.28417
-0.110064	-28.0172	-0.160601
-0.197957	-21.0944	2.10488
-0.2333	-8.48238	3.81032
-0.21979	3.24255	4.49578
-0.16357	13.4926	4.23309
-0.0719786	21.982	3.14162
0.0462712	28.3799	1.36381
0.171596	30.0779	-0.931134
0.257688	20.6622	-3.36312
0.298341	9.7566	-5.03349
0.297376	-0.231572	-5.82184
0.258874	-9.24044	-5.80247
0.187526	-17.1235	-5.05465
0.0885626	-23.7513	-3.66949
-0.0323761	-29.0253	-1.74856
-0.158863	-30.357	0.598606
-0.243611	-20.3393	3.0532
-0.271812	-6.76829	4.69749
-0.24855	5.58292	5.24425
-0.181538	16.0828	4.79223
-0.0782371	24.7923	3.49126
0.0533019	31.5693	1.48617
0.199753	35.1482	-1.06668
0.304253	25.0801	-3.90863
0.360859	13.5855	-5.93616
0.373016	2.91761	-7.03403
0.344859	-6.75782	-7.26916
0.280993	-15.3277	-6.72192
0.186605	-22.653	-5.48178
0.0673094	-28.631	-3.64946
-0.0678872	-32.4472	-1.33396
-0.194493	-30.3855	1.28986
-0.266842	-17.3637	3.74668
-0.284097	-4.14128	5.15029
-0.252873	7.49379	5.48458
-0.180721	17.3166	4.87802
-0.074648	25.4574	3.47727
0.0578689	31.8041	1.4184
0.197804	33.5843	-1.15342
0.295343	23.4095	-3.86891
0.346287	12.2265	-5.76136
0.353968	1.8435	-6.74936
0.322454	-7.56342	-6.89767
0.256293	-15.8785	-6.28533
0.160598	-22.9668	-5.0007
0.0415174	-28.5794	-3.14306
-0.0917224	-31.9776	-0.831788
-0.211879	-28.8375	1.754
-0.27486	-15.1154	4.0856
-0.282616	-1.86151	5.30737
-0.242378	9.65709	5.45731
-0.1617	19.3627	4.67583
-0.04762	27.3792	3.10965
0.0917564	33.4503	0.895429
0.232873	33.8679	-1.80945
0.328253	22.8912	-4.5478
0.377432	11.803	-6.39827
0.383498	1.45581	-7.35195
0.350363	-7.95235	-7.46885
0.282476	-16.2929	-6.825
0.184887	-23.4213	-5.50681
0.0631488	-29.2173	-3.61235
-0.0758021	-33.3482	-1.24945
-0.203017	-30.5316	1.44721
-0.274474	-17.1497	3.91582
-0.290203	-3.77489	5.30211
-0.257152	7.93221	5.60676
-0.183082	17.7769	4.96474
-0.0752184	25.8872	3.52675
0.0589544	32.2015	1.43313
0.198494	33.4894	-1.17082
0.296151	23.4378	-3.87864
0.348081	12.4631	-5.77338
0.35745	2.24866	-6.7805
0.328322	-6.99075	-6.96157
0.265187	-15.1525	-6.39553
0.173031	-22.1174	-5.1696
0.0572059	-27.7979	-3.38061
-0.0759967	-31.9686	-1.13251
-0.201196	-30.0479	1.45259
-0.270694	-16.6795	3.88209
-0.284583	-3.33331	5.23036
-0.249585	8.39948	5.49931
-0.173246	18.3213	4.81952
-0.0626057	26.5537	3.33753
0.0745545	32.9185	1.19003
0.221833	35.3468	-1.47187
0.324567	24.6561	-4.32984
0.379789	13.2533	-6.32305
0.390547	2.582	-7.394
0.360757	-7.14976	-7.60196
0.294885	-15.8092	-7.02299
0.198024	-23.2465	-5.74389
0.0757518	-29.3454	-3.86354
-0.0651269	-33.8109	-1.49025
-0.195677	-31.332	1.24385
-0.271921	-18.2987	3.77721
-0.292255	-4.88001	5.25641
-0.263113	6.9941	5.65043
-0.192121	17.0379	5.08426
-0.0865396	25.3396	3.70601
0.0461707	31.8505	1.65665
0.190001	34.5192	-0.918952
0.291938	24.4651	-3.71006
0.345971	12.9679	-5.68788
0.355439	2.27233	-6.73583
0.324444	-7.43891	-6.91882
0.257582	-16.0468	-6.31655
0.160043	-23.4094	-5.01831
0.037537	-29.4014	-3.12487
-0.10298	-33.7241	-0.747138
-0.228999	-30.2446	1.97987
-0.296138	-16.1133	4.42521
-0.306098	-2.39046	5.72764
-0.266611	9.47702	5.92029
-0.185568	19.4502	5.15333
-0.0703881	27.6432	3.58002
0.0707896	33.8826	1.3444
0.218445	35.4374	-1.39549
0.320624	24.5229	-4.26078
0.374894	13.0247	-6.24322
0.384613	2.33258	-7.29571
0.354011	-7.34436	-7.48351
0.287782	-15.8951	-6.88881
0.191263	-23.1644	-5.60278
0.0702998	-29.0312	-3.72909
-0.0687	-33.36	-1.38122
-0.195347	-30.3953	1.31641
-0.267406	-17.2941	3.77402
-0.284252	-4.04304	5.17199
-0.252477	7.62596	5.49834
-0.179889	17.4211	4.88109
-0.0737979	25.4619	3.47189
0.0579318	31.6151	1.41266
0.199206	33.9058	-1.14388
0.296442	23.3366	-3.88537
0.346058	11.9079	-5.77193
0.351657	1.34369	-6.73416
0.31755	-8.18565	-6.84206
0.248441	-16.5861	-6.17941
0.149552	-23.7335	-4.83758
0.0265324	-29.5247	-2.91796
-0.113606	-33.6332	-0.530283
-0.203388	-21.5477	2.18935
-0.241041	-9.03679	3.93144
-0.230072	2.63253	4.66172
-0.176681	12.8139	4.44833
-0.0875787	21.3845	3.41171
0.029508	28.1008	1.68218
0.157488	30.7152	-0.590223
0.251917	22.663	-3.07378
0.301144	11.8145	-4.90596
0.308236	1.70201	-5.86073
0.277095	-7.4739	-5.99771
0.212108	-15.5969	-5.3927
0.118241	-22.5279	-4.13094
0.000948146	-28.1504	-2.30889
-0.128745	-31.1263	-0.0324026
-0.225311	-23.1759	2.48446
-0.265363	-9.61257	4.35818
-0.252631	3.05589	5.13497
-0.19472	13.8986	4.8873
-0.0990848	22.9524	3.76293
0.0265954	30.1632	1.90658
0.172266	34.9609	-0.532617
0.28509	27.0777	-3.35949
0.349803	15.5311	-5.54861
0.36945	4.71532	-6.80383
0.347861	-5.1814	-7.18436
0.289421	-14.0255	-6.76459
0.199169	-21.6606	-5.62974
0.0826706	-27.9595	-3.87765
-0.0540431	-32.8113	-1.61642
-0.187894	-32.1243	1.03686
-0.268009	-19.2276	3.63431
-0.291481	-5.63332	5.18864
-0.264688	6.43054	5.64357
-0.195523	16.5996	5.12298
-0.0913524	25.0008	3.78017
0.0405013	31.6449	1.75819
0.185161	34.7182	-0.800796
0.290474	25.2753	-3.60801
0.348369	13.8947	-5.65137
0.362065	3.28694	-6.77426
0.335537	-6.3665	-7.03929
0.273219	-14.9564	-6.52371
0.180114	-22.3452	-5.31362
0.0616505	-28.4312	-3.5062
-0.0759238	-33.0178	-1.20687
-0.20092	-29.9991	1.46307
-0.271289	-16.8884	3.88863
-0.286898	-3.74631	5.25379
-0.254295	7.8248	5.55613
-0.180753	17.65	4.92281
-0.0730637	25.8455	3.49509
0.0614695	32.288	1.40484
0.206042	34.6975	-1.20611
0.236341	7.27154	-4.0116
0.227197	-2.19441	-4.59913
0.182689	-10.682	-4.42118
0.107629	-18.0143	-3.55695
0.00749923	-24.0312	-2.09992
-0.111002	-28.4402	-0.156537
-0.220995	-26.3984	2.14315
-0.281178	-14.4438	4.27748
-0.285345	-1.00007	5.44492
-0.240939	10.6574	5.52519
-0.155226	20.571	4.66282
-0.0352774	28.7877	2.99894
0.110267	34.9308	0.670839
0.255797	34.9271	-2.15372
0.353231	23.3841	-4.97768
0.404257	12.2463	-6.86795
0.412166	1.89826	-7.85743
0.380962	-7.48912	-8.01005
0.31511	-15.8044	-7.40359
0.219638	-22.9133	-6.12483
0.100031	-28.7056	-4.27139
-0.0274342	-30.5917	-1.94979
-0.145352	-28.3003	0.524062
-0.221292	-18.2256	2.81236
-0.244601	-5.59401	4.28576
-0.220118	5.87583	4.73762
-0.155351	15.5441	4.26198
-0.0574672	23.4921	3.00461
0.0646636	29.3114	1.10472
0.182549	28.2926	-1.26552
0.259716	18.52	-3.5531
0.293411	8.08684	-5.05023
0.286952	-1.55022	-5.70357
0.244312	-10.2336	-5.57758
0.170277	-17.7684	-4.74948
0.0702353	-24.0099	-3.3122
-0.0498083	-28.8104	-1.3704
-0.178292	-30.836	0.959353
-0.26025	-19.67	3.45264
-0.284334	-5.78019	5.04276
-0.256547	6.66891	5.50959
-0.184836	17.2107	4.96973
-0.0767551	25.9393	3.57753
0.0597345	32.7575	1.47968
0.214313	37.0989	-1.16924
0.332654	28.4019	-4.16892
0.401318	16.4794	-6.46502
0.423485	5.31994	-7.79682
0.403243	-4.85805	-8.22612
0.345191	-13.9324	-7.83239
0.254322	-21.8086	-6.70495
0.13905	-27.6652	-4.94077
0.0242806	-27.5448	-2.70322
-0.0927058	-28.0767	-0.475663
-0.188637	-23.0234	1.79467
-0.2341	-10.9111	3.65613
-0.23225	0.443983	4.538
-0.188601	10.4758	4.50159
-0.113834	17.944	3.65402
-0.0208748	22.3102	2.20267
0.0772605	23.5525	0.398433
0.161584	20.2377	-1.50606
0.207857	11.1055	-3.14231
0.214988	1.71131	-4.03994
0.186988	-6.72003	-4.17787
0.128232	-14.1014	-3.63403
0.0435809	-20.3162	-2.49339
-0.061673	-25.2609	-0.850352
-0.163628	-24.4693	1.19233
-0.212559	-11.7433	3.17078
-0.208014	1.09071	4.11999
-0.15573	12.5482	4.03134
-0.0635955	22.1123	3.01625
0.0594549	29.5321	1.22792
0.201696	34.138	-1.16017
0.317304	27.7458	-3.92043
0.3864	16.583	-6.16351
0.40821	5.23452	-7.50372
0.386973	-5.097	-7.92615
0.327239	-14.3361	-7.51313
0.234224	-22.3238	-6.35309
0.11368	-28.9305	-4.54729
-0.0281522	-34.0397	-2.20748
-0.176228	-35.5383	0.545206
-0.27921	-24.7155	3.41876
-0.324553	-10.8825	5.41687
-0.3175	1.69281	6.29622
-0.265706	12.4307	6.15864
-0.176928	21.3065	5.15282
-0.058178	28.5001	3.42941
0.0798107	33.1173	1.12452
0.210206	31.295	-1.55345
0.296714	20.7619	-4.08378
0.338134	9.94072	-5.76213
0.338134	0	-6.56529
0.300743	-8.97391	-6.56457
0.230489	-16.8609	-5.83821
0.132396	-23.5423	-4.47419
0.0119726	-28.9016	-2.57007
-0.114709	-30.4036	-0.232817
-0.212114	-23.3772	2.22564
-0.254413	-10.1518	4.11567
-0.244649	2.34357	4.93608
-0.189939	13.1304	4.74603
-0.0977012	22.137	3.68378
0.0242209	29.2613	1.89339
0.166896	34.2419	-0.472882
0.283113	27.8922	-3.24162
0.350071	16.07	-5.49661
0.370806	4.97643	-6.79542
0.349339	-5.15218	-7.19705
0.290143	-14.207	-6.77965
0.198324	-22.0365	-5.63013
0.0795	-28.5178	-3.84764
-0.0597543	-33.421	-1.54127
-0.199228	-33.4738	1.16132
-0.284223	-20.3987	3.86786
-0.311921	-6.64757	5.51687
-0.288901	5.52475	6.05378
-0.222714	15.8849	5.60637
-0.120558	24.5174	4.32131
0.0111309	31.6054	2.33836
0.157839	35.21	-0.217506
0.275769	28.3032	-3.06455
0.346784	17.0435	-5.3528
0.373808	6.48578	-6.73034
0.360532	-3.18632	-7.25403
0.311166	-11.8479	-6.99558
0.230534	-19.3516	-6.03679
0.123951	-25.5798	-4.47136
-0.00286386	-30.4357	-2.40249
-0.133969	-31.4651	0.0587978
-0.22947	-22.9203	2.60305
-0.268408	-9.34513	4.45609
-0.254951	3.22969	5.21124
-0.196921	13.9272	4.94951
-0.101923	22.7994	3.82281
0.0222625	29.8046	1.97883
0.16545	34.3651	-0.431373
0.276184	26.576	-3.21007
0.339912	15.2948	-5.35864
0.359175	4.62309	-6.59478
0.337687	-5.15705	-6.96787
0.279866	-13.8771	-6.5501
0.190758	-21.386	-5.42728
0.0759596	-27.5515	-3.69741
-0.0581662	-32.1902	-1.46919
-0.189954	-31.6291	1.13386
-0.26851	-18.8534	3.69125
-0.29135	-5.48159	5.21532
-0.264616	6.41605	5.65798
-0.195757	16.5263	5.13855
-0.0918222	24.9443	3.80167
0.0400709	31.6543	1.78426
0.189262	35.806	-0.775494
0.300185	26.6214	-3.67067
0.363078	15.0944	-5.82286
0.381092	4.32324	-7.04274
0.358112	-5.51525	-7.39153
0.29855	-14.2947	-6.94475
0.22269	-18.2064	-5.78812
0.135535	-20.9172	-4.31531
0.0282998	-25.7365	-2.62347
-0.0897909	-28.3418	-0.542138
-0.191193	-24.3366	1.74963
-0.239005	-11.4748	3.71728
-0.236151	0.684872	4.64472
-0.1886	11.4123	4.58882
-0.103477	20.4294	3.66552
0.00893648	26.9793	2.0132
0.132116	29.563	-0.168568
0.230364	23.5796	-2.559
0.284446	12.9798	-4.46536
0.296954	3.00188	-5.5144
0.271689	-6.06354	-5.75652
0.212997	-14.0862	-5.26559
0.125874	-20.9094	-4.12599
0.0160924	-26.3476	-2.43481
-0.107379	-29.6331	-0.304078
-0.203806	-23.1424	2.09208
-0.244147	-9.68189	3.96314
-0.232146	2.88021	4.74557
-0.174739	13.7777	4.51215
-0.0794916	22.8594	3.39759
0.0451398	29.9115	1.54881
0.188274	34.3521	-0.869995
0.296369	25.9428	-3.6476
0.355596	14.2146	-5.74492
0.369339	3.2982	-6.89368
0.34187	-6.59264	-7.1596
0.277805	-15.3756	-6.62573
0.182345	-22.9102	-5.38173
0.0611604	-29.0844	-3.52862
-0.0796716	-33.7997	-1.17648
-0.213028	-32.0054	1.55669
-0.290742	-18.6514	4.14446
-0.312958	-5.33195	5.65215
-0.286611	6.32324	6.08266
-0.219179	16.1839	5.57069
-0.117647	24.3677	4.26145
0.011794	31.0657	2.29062
0.156936	34.834	-0.221605
0.271907	27.593	-3.03825
0.338997	16.1016	-5.26907
0.36137	5.36964	-6.57046
0.342882	-4.43724	-7.00392
0.287832	-13.2119	-6.64435
0.201092	-20.8175	-5.5753
0.0880246	-27.1363	-3.89138
-0.0450133	-31.9291	-1.69672
-0.169299	-29.8286	0.885243
-0.244829	-18.1273	3.29707
-0.2657	-5.0089	4.76247
-0.236584	6.98784	5.16696
-0.16509	17.1586	4.60136
-0.0585394	25.572	3.2134
0.0745947	31.9522	1.1453
0.216541	34.0671	-1.43847
0.312998	23.1497	-4.19296
0.361893	11.7347	-6.06437
0.366598	1.12931	-7.01256
0.331281	-8.47605	-7.1031
0.260618	-16.9592	-6.41694
0.159878	-24.1776	-5.04492
0.0348334	-30.0107	-3.08936
-0.108183	-34.324	-0.662369
-0.23491	-30.4145	2.11313
-0.302062	-16.1165	4.5722
-0.312079	-2.40401	5.87486
-0.272915	9.39932	6.0686
-0.192485	19.3031	5.3079
-0.0781477	27.4411	3.74647
0.0627029	33.8041	1.52718
0.209594	35.2539	-1.20638
0.312468	24.6898	-4.05687
0.367675	13.2496	-6.05283
0.378597	2.62111	-7.12352
0.349227	-7.04878	-7.33467
0.284019	-15.6499	-6.76389
0.188105	-23.0193	-5.4977
0.0671283	-29.0344	-3.63576
-0.07181	-33.3452	-1.28764
-0.196793	-29.996	1.40878
-0.267005	-16.8508	3.8341
-0.282207	-3.64848	5.19622
-0.24913	7.93845	5.49066
-0.175308	17.7173	4.84815
-0.0676838	25.8299	3.415
0.0661868	32.1289	1.32602
0.208911	34.2539	-1.27206
0.308482	23.8971	-4.04167
0.361041	12.6142	-5.97353
0.369698	2.07754	-6.99285
0.338372	-7.51819	-7.16006
0.271493	-16.0511	-6.55135
0.17419	-23.3526	-5.25274
0.0526124	-29.1786	-3.36387
-0.0868158	-33.4628	-1.00412
-0.213508	-30.4062	1.70177
-0.283881	-16.8894	4.16022
-0.298896	-3.60378	5.52543
-0.265474	8.02144	5.81622
-0.190813	17.9186	5.16696
-0.0816765	26.1927	3.71749
0.054887	32.7752	1.59915
0.200637	34.98	-1.05123
0.305279	25.1142	-3.87958
0.364046	14.1038	-5.90988
0.379769	3.7736	-7.04965
0.356028	-5.69773	-7.354
0.296915	-14.1873	-6.89247
0.207234	-21.5234	-5.74453
0.0923546	-27.5709	-4.00351
-0.0418861	-32.2178	-1.77369
-0.171233	-31.0434	0.831625
-0.242537	-17.1128	3.34169
-0.263861	-5.11791	4.72505
-0.236312	6.61198	5.13836
-0.167339	16.5534	4.60315
-0.0639475	24.814	3.26414
0.0658379	31.1485	1.25732
0.195742	31.177	-1.26147
0.284017	21.186	-3.7823
0.327301	10.3882	-5.49497
0.328325	0.245655	-6.33434
0.290924	-8.9763	-6.3535
0.219621	-17.1127	-5.62698
0.126172	-22.4277	-4.24263
0.0286377	-23.4082	-2.42866
-0.0854331	-27.377	-0.535612
-0.184861	-23.8627	1.67814
-0.23153	-11.2005	3.60749
-0.227723	0.913579	4.51275
-0.178909	11.7155	4.43838
-0.0920657	20.8423	3.49058
0.0241082	27.8817	1.80489
0.153599	31.0777	-0.449818
0.254071	24.1134	-2.9627
0.309754	13.3639	-4.91218
0.32358	3.31816	-5.99223
0.299195	-5.85244	-6.25987
0.240728	-14.0321	-5.78595
0.152944	-21.0682	-4.65068
0.0412975	-26.7951	-2.9466
-0.0791223	-28.9007	-0.779634
-0.180247	-24.2699	1.55736
-0.228305	-11.534	3.51964
-0.22512	0.764358	4.45188
-0.176343	11.7065	4.38958
-0.0892054	20.913	3.44251
0.0281961	28.1764	1.75111
0.165619	32.9815	-0.527418
0.273164	25.8108	-3.19423
0.333643	14.515	-5.28093
0.349905	3.90282	-6.45402
0.325848	-5.7737	-6.76888
0.265721	-14.4304	-6.30127
0.174381	-21.9215	-5.13374
0.0572609	-28.1089	-3.3606
-0.0797262	-32.8769	-1.08735
-0.213893	-32.2	1.57118
-0.290655	-18.4228	4.17469
-0.310068	-4.65909	5.66389
-0.279448	7.34858	6.03999
-0.206755	17.4465	5.44512
-0.0994007	25.765	4.0338
0.0356647	32.4157	1.95
0.184408	35.6983	-0.671335
0.294546	26.4332	-3.55781
0.356057	14.7627	-5.69479
0.372135	3.85878	-6.88787
0.346833	-6.0726	-7.19912
0.284639	-14.9264	-6.7073
0.19061	-22.567	-5.49961
0.0703134	-28.8712	-3.67424
-0.0687633	-33.3784	-1.33931
-0.195678	-30.4596	1.3598
-0.26956	-17.7315	3.8226
-0.2886	-4.56976	5.25594
-0.258573	7.20665	5.62487
-0.186916	17.1976	5.04152
-0.0809369	25.435	3.65037
0.0516977	31.8323	1.5933
0.194739	34.33	-0.980826
0.296082	24.3222	-3.75663
0.350678	13.103	-5.7229
0.361585	2.61783	-6.78177
0.332633	-6.94848	-6.99269
0.268192	-15.466	-6.43007
0.173292	-22.7759	-5.17878
0.053633	-28.7181	-3.33655
-0.0842977	-33.1034	-1.01404
-0.208674	-29.8503	1.6628
-0.276005	-16.1596	4.0763
-0.287265	-2.70244	5.3825
-0.249542	9.05354	5.60042
-0.170401	18.9939	4.86774
-0.0569369	27.2314	3.33135
0.0829383	33.5701	1.12906
0.226001	34.3351	-1.58553
0.324551	23.6518	-4.36167
0.376208	12.3978	-6.27367
0.383971	1.863	-7.27546
0.351749	-7.73317	-7.42529
0.283999	-16.2601	-6.79916
0.185881	-23.5482	-5.48362
0.0634942	-29.3728	-3.57892
-0.0761458	-33.5136	-1.20344
-0.202557	-30.3386	1.50659
-0.273015	-16.91	3.9596
-0.287762	-3.53919	5.32649
-0.253801	8.15049	5.61208
-0.178903	17.9755	4.95241
-0.0701952	26.09	3.49837
0.0646996	32.3747	1.38835
0.204527	33.5586	-1.22961
0.301106	23.179	-3.94301
0.350441	11.8404	-5.81683
0.355869	1.30266	-6.77359
0.321516	-8.24472	-6.87817
0.252014	-16.6805	-6.21074
0.152581	-23.8639	-4.86128
0.0289649	-29.6679	-2.93111
-0.111525	-33.7177	-0.531848
-0.228542	-28.0841	2.19461
-0.288627	-14.4203	4.46524
-0.29419	-1.33524	5.63076
-0.252716	9.95384	5.7381
-0.171474	19.4982	4.9326
-0.0571135	27.4465	3.35544
0.082953	33.616	1.13575
0.228061	34.8259	-1.58255
0.328744	24.164	-4.39838
0.3827	12.9493	-6.35179
0.392552	2.36457	-7.39816
0.362032	-7.32482	-7.58854
0.312664	-11.8484	-6.99541
0.242115	-16.9318	-6.03658
0.14754	-22.6979	-4.66681
0.0324334	-27.6256	-2.83095
-0.0919305	-29.8473	-0.596841
-0.199583	-25.8365	1.81667
-0.253085	-12.8406	3.9056
-0.254553	-0.352257	4.94345
-0.21029	10.6231	4.97139
-0.127349	19.9058	4.11185
-0.0136906	27.278	2.50182
0.113832	30.6055	0.295853
0.224525	26.5663	-2.17893
0.291484	16.0702	-4.32683
0.316625	6.03386	-5.62578
0.303312	-3.19512	-6.11305
0.255402	-11.4986	-5.85402
0.177409	-18.7182	-4.9236
0.0744155	-24.7185	-3.40951
-0.048046	-29.3908	-1.4104
-0.164096	-27.852	0.966284
-0.229723	-15.7506	3.21828
-0.24163	-2.85753	4.49151
-0.205056	8.77776	4.72207
-0.127526	18.6071	4.01178
-0.016749	26.5865	2.50677
0.118664	32.4992	0.356715
0.248068	31.0569	-2.2712
0.329247	19.4828	-4.7822
0.363984	8.33686	-6.35705
0.355821	-1.95904	-7.03046
0.308867	-11.2688	-6.87127
0.227897	-19.4328	-5.95931
0.118227	-26.3209	-4.38732
-0.0143488	-31.8182	-2.25853
-0.158955	-34.7054	0.314523
-0.26494	-25.4366	3.12075
-0.31381	-11.7287	5.1772
-0.309749	0.974523	6.125
-0.260106	11.9143	6.04552
-0.172465	21.0339	5.08146
-0.0538067	28.478	3.3801
0.0886179	34.1819	1.07701
0.227192	33.2577	-1.68705
0.320219	22.3265	-4.37607
0.366947	11.2148	-6.18089
0.370525	0.858734	-7.08704
0.334897	-8.55069	-7.15569
0.264473	-16.9018	-6.46349
0.164239	-24.0564	-5.0961
0.0396907	-29.8915	-3.15035
-0.0898747	-31.0957	-0.732982
-0.200249	-26.4899	1.78149
-0.255975	-13.3743	3.92326
-0.25834	-0.567378	5.00426
-0.213916	10.6617	5.04958
-0.130133	20.108	4.18692
-0.0141574	27.8341	2.56053
0.124638	33.3109	0.309594
0.245423	28.9883	-2.38395
0.318459	17.5286	-4.72767
0.346435	6.71438	-6.1445
0.332913	-3.24523	-6.68674
0.281988	-12.222	-6.42359
0.198451	-20.049	-5.43462
0.0876688	-26.5877	-3.81286
-0.0444749	-31.7145	-1.66256
-0.182742	-33.1841	0.902045
-0.270231	-20.9974	3.5852
-0.299514	-7.02783	5.28265
-0.276654	5.48639	5.85033
-0.209423	16.1355	5.40605
-0.105336	24.9808	4.10074
0.028438	32.1058	2.08035
0.179789	36.3241	-0.515947
0.295273	27.7163	-3.45305
0.362081	16.0339	-5.69379
0.3832	5.06855	-6.98966
0.362513	-4.96478	-7.39873
0.304371	-13.9542	-6.99645
0.21376	-21.7465	-5.86734
0.0962765	-28.1961	-4.10828
-0.0415809	-33.0858	-1.82789
-0.172186	-31.3452	0.847614
-0.25429	-19.705	3.38209
-0.281391	-6.50417	4.97505
-0.258978	5.37924	5.50042
-0.194428	15.4918	5.06485
-0.0946603	23.9443	3.81162
0.0333232	30.716	1.87507
0.174734	33.9385	-0.608823
0.280668	25.4242	-3.35301
0.33976	14.1822	-5.40843
0.354922	3.63889	-6.5546
0.32985	-6.01739	-6.84811
0.268766	-14.6602	-6.36079
0.176499	-22.144	-5.17467
0.0583868	-28.347	-3.38354
-0.0792065	-33.0224	-1.09104
-0.205599	-30.3343	1.57926
-0.276649	-17.052	4.03191
-0.292259	-3.74621	5.41028
-0.259001	7.98188	5.7126
-0.184122	17.9709	5.06655
-0.0744339	26.3252	3.61287
0.0628255	32.9423	1.48382
0.209467	35.194	-1.18004
0.31446	25.1983	-4.02569
0.373654	14.2065	-6.06277
0.389574	3.82084	-7.21083
0.36559	-5.75609	-7.51898
0.305708	-14.3718	-7.05271
0.231767	-17.7459	-5.88983
0.145632	-20.6724	-4.45425
0.0389282	-25.6088	-2.78219
-0.0800434	-28.5532	-0.711161
-0.184178	-24.9922	1.59772
-0.236306	-12.5109	3.6184
-0.237702	-0.335093	4.62963
-0.194086	10.4681	4.65621
-0.112396	19.6054	3.80925
-0.00139472	26.6404	2.22354
0.119199	28.9426	0.0691576
0.2195	24.072	-2.27114
0.276327	13.6385	-4.21734
0.292157	3.79928	-5.31968
0.270529	-5.1907	-5.6263
0.215444	-13.2204	-5.20596
0.131502	-20.1461	-4.13638
0.0238184	-25.844	-2.50691
-0.100467	-29.8284	-0.416898
-0.201478	-24.2428	1.99506
-0.247558	-11.0592	3.95511
-0.241569	1.43745	4.84891
-0.189784	12.4285	4.73214
-0.099304	21.7151	3.72666
0.0222385	29.1702	1.97036
0.165831	34.4623	-0.388548
0.28744	29.186	-3.17511
0.3619	17.8706	-5.53473
0.39102	6.9887	-6.97913
0.378177	-3.08227	-7.54346
0.327246	-12.2234	-7.29339
0.242784	-20.2711	-6.3042
0.12999	-27.0704	-4.66439
-0.00492319	-32.3792	-2.47497
-0.14199	-32.8959	0.143479
-0.243323	-24.32	2.80342
-0.289275	-11.0285	4.76961
-0.28353	1.3786	5.66084
-0.233181	12.0838	5.54873
-0.145127	21.133	4.57103
-0.0255796	28.6914	2.86171
0.112902	33.2356	0.541419
0.237049	29.7952	-2.14606
0.31618	18.9915	-4.55506
0.35131	8.43118	-6.0902
0.345448	-1.40679	-6.77126
0.30233	-10.3483	-6.65676
0.226393	-18.225	-5.81926
0.123021	-24.8093	-4.34495
-0.00197228	-29.9983	-2.3384
-0.133508	-31.5686	0.0875196
-0.229366	-23.0058	2.64014
-0.269029	-9.51917	4.50009
-0.256304	3.05407	5.2693
-0.198694	13.8262	5.02177
-0.103571	22.8296	3.90323
0.0216054	30.0424	2.0568
0.167753	35.0755	-0.372643
0.283684	27.8233	-3.2088
0.351536	16.2845	-5.45822
0.373935	5.37588	-6.77438
0.354562	-4.6497	-7.20832
0.297593	-13.6725	-6.83155
0.207834	-21.542	-5.72523
0.0906058	-28.1349	-3.98272
-0.0482607	-33.328	-1.7073
-0.168964	-28.9687	0.987777
-0.24054	-17.1783	3.33007
-0.25947	-4.54319	4.71873
-0.230752	6.89243	5.08557
-0.161344	16.6579	4.52768
-0.0577473	24.8631	3.18023
0.0687632	30.3625	1.16945
0.19681	30.7313	-1.28578
0.282971	20.6785	-3.77056
0.324341	9.92875	-5.4422
0.324262	-0.0188795	-6.24443
0.286425	-9.08088	-6.24221
0.215178	-17.0992	-5.50724
0.115437	-23.9378	-4.124
-0.00384402	-28.6276	-2.18794
-0.126985	-29.5537	0.127117
-0.216309	-21.4377	2.51681
-0.251857	-8.53173	4.24998
-0.237097	3.54247	4.93938
-0.178803	13.9905	4.65239
-0.0837956	22.8019	3.52061
0.0403693	29.7996	1.67646
0.176755	32.7326	-0.733308
0.277929	24.2818	-3.37998
0.334034	13.4651	-5.34302
0.347428	3.21452	-6.43121
0.32163	-6.19156	-6.69042
0.260977	-14.5566	-6.18903
0.170684	-21.6703	-5.0113
0.0561143	-27.4968	-3.2585
-0.0766935	-31.8739	-1.03475
-0.196876	-28.8439	1.54267
-0.261933	-15.6135	3.87481
-0.272221	-2.46927	5.13688
-0.234266	9.10938	5.33598
-0.155618	18.8754	4.5988
-0.043345	26.9455	3.07203
0.0942561	33.0243	0.892884
0.228754	32.2796	-1.77755
0.318237	21.4758	-4.38746
0.362221	10.5562	-6.12351
0.363288	0.256035	-6.9764
0.325152	-9.15261	-6.99632
0.2523	-17.4845	-6.25547
0.150046	-24.5408	-4.84099
0.0242955	-30.1802	-2.85609
-0.115214	-33.4823	-0.41541
-0.229009	-27.3107	2.29201
-0.286492	-13.796	4.50008
-0.290105	-0.867119	5.61513
-0.247276	10.2789	5.68462
-0.165174	19.7046	4.85284
-0.0503083	27.5677	3.25899
0.0898566	33.6396	1.02951
0.228311	33.2291	-1.69069
0.321652	22.4017	-4.37739
0.368816	11.3195	-6.1883
0.372806	0.957601	-7.1029
0.337435	-8.48907	-7.17955
0.267008	-16.9025	-6.49233
0.16644	-24.1362	-5.12488
0.041178	-30.0629	-3.17266
-0.0946885	-32.608	-0.741432
-0.210407	-27.7724	1.89532
-0.270238	-14.3594	4.14077
-0.276226	-1.43714	5.30141
-0.235186	9.8495	5.41703
-0.154248	19.4252	4.62
-0.0399543	27.4304	3.04877
0.0998098	33.5434	0.830417
0.234323	32.2832	-1.88198
0.323972	21.5158	-4.49218
0.367954	10.5556	-6.23145
0.368901	0.227224	-7.08428
0.330555	-9.20291	-7.10187
0.257353	-17.5687	-6.35693
0.154602	-24.66	-4.93563
0.0284529	-30.2759	-2.94108
-0.109787	-33.1775	-0.492659
-0.223964	-27.4026	2.19011
-0.280988	-13.6859	4.40564
-0.283238	-0.539772	5.51178
-0.238349	10.7732	5.55481
-0.153812	20.289	4.68308
-0.0366702	28.1139	3.042
0.104378	33.8516	0.768378
0.235166	31.3891	-1.96893
0.319313	20.1953	-4.50683
0.357429	9.14793	-6.13931
0.352893	-1.08867	-6.87833
0.309597	-10.391	-6.78954
0.232126	-18.5931	-5.94857
0.12567	-25.5495	-4.44448
-0.00405105	-31.1329	-2.37806
-0.140987	-32.8645	0.139603
-0.241691	-24.169	2.797
-0.285946	-10.6213	4.75098
-0.277759	1.96488	5.60929
-0.224443	12.7957	5.44979
-0.133177	21.9041	4.41453
-0.0104042	29.4654	2.64288
0.133881	34.6284	0.26003
0.259038	30.0378	-2.54004
0.336569	18.6074	-4.9686
0.368847	7.7468	-6.47264
0.359252	-2.30293	-7.09832
0.311609	-11.4343	-6.91132
0.230422	-19.4849	-5.98598
0.120776	-26.3149	-4.40978
-0.0117027	-31.795	-2.28148
-0.146499	-32.3511	0.289707
-0.233006	-20.7616	2.90558
-0.268038	-8.40772	4.58403
-0.251908	3.87123	5.26337
-0.191702	14.4493	4.94976
-0.0943245	23.3707	3.78084
0.0329884	30.5551	1.89068
0.175222	34.1361	-0.580209
0.283744	26.0454	-3.34038
0.345841	14.9031	-5.44603
0.363963	4.34926	-6.65048
0.341511	-5.38832	-7.00142
0.292261	-11.8202	-6.56495
0.222548	-16.731	-5.60845
0.128988	-22.4545	-4.25497
0.0150544	-27.344	-2.43883
-0.112457	-30.6027	-0.227533
-0.219504	-25.6913	2.24701
-0.271298	-12.4307	4.32415
-0.269878	0.340873	5.32881
-0.222252	11.4303	5.30066
-0.135629	20.7895	4.37582
-0.0172188	28.4184	2.6943
0.117643	32.3669	0.3961
0.237162	28.6844	-2.22112
0.311433	17.825	-4.54028
0.342083	7.35599	-5.98111
0.332334	-2.33976	-6.57525
0.285936	-11.1354	-6.38533
0.207262	-18.8817	-5.48421
0.101494	-25.3843	-3.95683
-0.0225627	-29.7736	-1.90382
-0.140938	-28.41	0.503869
-0.218743	-18.6734	2.80104
-0.24386	-6.0279	4.31065
-0.220428	5.62357	4.79758
-0.155362	15.616	4.34233
-0.0554348	23.9824	3.07914
0.071433	30.4483	1.13959
0.205285	32.1244	-1.32257
0.297536	22.1404	-3.91999
0.344094	11.1739	-5.70982
0.347885	0.909707	-6.61271
0.312637	-8.45931	-6.68553
0.242607	-16.8074	-6.00077
0.14268	-23.9824	-4.64107
0.0186772	-29.7607	-2.70135
-0.121623	-33.672	-0.294608
-0.235481	-27.3258	2.42813
-0.293183	-13.8486	4.63742
-0.296981	-0.911651	5.7567
-0.253964	10.3241	5.82977
-0.171022	19.9062	4.99432
-0.0545384	27.9561	3.38416
0.0878743	34.1791	1.12327
0.230979	34.3451	-1.64056
0.330636	23.9177	-4.41752
0.385259	13.1094	-6.351
0.397247	2.87715	-7.41032
0.370025	-6.53317	-7.64215
0.307723	-14.9526	-7.11303
0.215058	-22.2396	-5.90318
0.0972363	-28.2772	-4.10424
-0.0352026	-31.7853	-1.8173
-0.15783	-29.4306	0.753051
-0.234293	-18.3511	3.13271
-0.256809	-5.40373	4.61623
-0.230224	6.38028	5.05267
-0.161892	16.3998	4.5362
-0.0587139	24.7627	3.20961
0.0712675	31.1955	1.20695
0.201947	31.363	-1.31564
0.291113	21.4	-3.8515
0.335782	10.7206	-5.58147
0.338833	0.732243	-6.44771
0.304075	-8.34211	-6.50621
0.235764	-16.3945	-5.83094
0.138889	-23.25	-4.50465
0.0371032	-24.4286	-2.62416
-0.084486	-29.1814	-0.648575
-0.196418	-26.8636	1.7111
-0.255138	-14.0929	3.88308
-0.260985	-1.40335	5.0222
-0.220118	9.80807	5.13511
-0.139568	19.3321	4.34147
-0.0259026	27.2796	2.77779
0.108621	32.2856	0.571668
0.236035	30.5794	-2.039
0.319134	19.9438	-4.51142
0.358887	9.54077	-6.12356
0.358252	-0.152542	-6.89435
0.320577	-9.0419	-6.88125
0.250091	-16.9166	-6.14936
0.151516	-23.658	-4.78081
0.0305153	-29.0402	-2.8673
-0.091492	-29.2818	-0.518798
-0.191819	-24.0786	1.84897
-0.239939	-11.5487	3.79575
-0.238545	0.334701	4.72916
-0.193189	10.8853	4.70157
-0.110451	19.8572	3.82086
0.00275647	27.1697	2.21479
0.133687	31.4234	0.0176115
0.244649	26.6308	-2.52327
0.310442	15.7905	-4.67635
0.333074	5.43158	-5.95264
0.315508	-4.21575	-6.39118
0.261516	-12.9581	-6.04958
0.175818	-20.5675	-5.00113
0.0638494	-26.8726	-3.3375
-0.0688315	-31.8434	-1.16422
-0.198952	-31.2288	1.41076
-0.275162	-18.2906	3.93575
-0.295513	-4.88418	5.41428
-0.265917	7.10307	5.80862
-0.19354	17.3704	5.23362
-0.0852948	25.9789	3.82848
0.0516694	32.8714	1.7274
0.201822	36.0366	-0.930759
0.311823	26.4003	-3.84456
0.374759	15.1046	-5.97885
0.392963	4.36902	-7.19955
0.370003	-5.51038	-7.55202
0.309983	-14.4048	-7.10562
0.217712	-22.1452	-5.94007
0.0986068	-28.5852	-4.14876
-0.0396459	-33.1806	-1.83691
-0.168855	-31.0102	0.846272
-0.249483	-19.3507	3.35366
-0.27507	-6.1409	4.91798
-0.250805	5.82361	5.41398
-0.183999	16.0335	4.94248
-0.0814866	24.6029	3.64547
0.0491995	31.3647	1.65568
0.187747	33.2515	-0.880641
0.286963	23.8117	-3.56925
0.339959	12.7192	-5.49426
0.349591	2.31153	-6.52211
0.319552	-7.20914	-6.7083
0.254064	-15.7173	-6.12463
0.157972	-23.0621	-4.85305
0.0366871	-29.1083	-2.98772
-0.103737	-33.7018	-0.633705
-0.224906	-29.0804	2.09148
-0.289885	-15.595	4.44268
-0.299386	-2.28033	5.7032
-0.260719	9.28002	5.88695
-0.181119	19.1041	5.13592
-0.0673041	27.3156	3.5906
0.0732989	33.7447	1.38147
0.223358	36.0143	-1.34727
0.329043	25.3643	-4.25922
0.387393	14.0039	-6.3097
0.401095	3.28855	-7.44135
0.373592	-6.6007	-7.70644
0.308919	-15.5215	-7.17185
0.211869	-23.2921	-5.916
0.0879293	-29.7455	-4.03195
-0.0527723	-33.7684	-1.6263
-0.182698	-31.1823	1.10438
-0.260534	-18.6805	3.62565
-0.282967	-5.384	5.13575
-0.255773	6.52658	5.57053
-0.186303	16.6728	5.04217
-0.0815054	25.1515	3.69345
0.05133	31.8805	1.6593
0.189786	33.2295	-0.918726
0.289425	23.9132	-3.60555
0.343859	13.0643	-5.53877
0.355619	2.82225	-6.59453
0.328107	-6.60281	-6.822
0.265581	-15.0061	-6.28734
0.17306	-22.2052	-5.07326
0.0558588	-28.1282	-3.27719
-0.0802195	-32.6588	-1.00239
-0.207283	-30.4953	1.6385
-0.278466	-17.0839	4.10416
-0.294098	-3.7517	5.4851
-0.260962	7.95262	5.78785
-0.186384	17.8988	5.14417
-0.0771785	26.2094	3.69631
0.0595166	32.8068	1.57661
0.206462	35.2669	-1.07631
0.312146	25.3643	-3.92786
0.372031	14.3724	-5.97837
0.388276	3.89876	-7.13985
0.36412	-5.79752	-7.45432
0.333524	-7.34304	-6.9847
0.277139	-13.5325	-6.39017
0.193426	-20.0911	-5.29523
0.087126	-25.5119	-3.67009
-0.0287357	-27.8068	-1.60679
-0.136278	-25.81	0.641832
-0.202426	-15.8757	2.72875
-0.218371	-3.82681	4.01215
-0.188777	7.10253	4.32114
-0.120035	16.4983	3.74635
-0.0195731	24.1108	2.41189
0.103843	29.6199	0.462034
0.218807	27.5913	-1.93308
0.289009	16.8485	-4.16388
0.315628	6.38853	-5.52578
0.302348	-3.18714	-6.04174
0.253114	-11.8161	-5.78336
0.172603	-19.3228	-4.82728
0.0661502	-25.5486	-3.26431
-0.0605848	-30.4164	-1.1981
-0.192886	-31.7523	1.2615
-0.275396	-19.8023	3.82883
-0.300651	-6.06137	5.42962
-0.274845	6.19355	5.91914
-0.205455	16.6535	5.41767
-0.0997256	25.3751	4.07047
0.0352534	32.3949	2.0182
0.187324	36.497	-0.601473
0.306984	28.7184	-3.55254
0.37928	17.3511	-5.87431
0.406938	6.63789	-7.27666
0.393608	-3.19937	-7.81259
0.343337	-12.0648	-7.55302
0.26087	-19.7923	-6.57663
0.151535	-26.2402	-4.9755
0.0215911	-31.1866	-2.85318
-0.107743	-31.0402	-0.331119
-0.209302	-24.3741	2.17882
-0.255797	-11.1587	4.14946
-0.250659	1.23303	5.05129
-0.200965	11.9267	4.95103
-0.114053	20.8588	3.98609
0.00278012	28.0399	2.29901
0.13584	31.9344	0.0314559
0.24504	26.2079	-2.55076
0.308252	15.1709	-4.66964
0.327601	4.64368	-5.89583
0.306943	-4.95777	-6.27067
0.250674	-13.5045	-5.86909
0.16378	-20.8545	-4.77646
0.051714	-26.8959	-3.08964
-0.0796443	-31.526	-0.914505
-0.209697	-31.2127	1.63478
-0.282559	-17.4867	4.15845
-0.298444	-3.81253	5.57195
-0.264462	8.15563	5.87962
-0.188236	18.2944	5.2195
-0.0770002	26.6965	3.73964
0.0614162	33.2199	1.58056
0.215869	37.0687	-1.10577
0.328401	27.0077	-4.10301
0.391971	15.2566	-6.28639
0.409766	4.27082	-7.51934
0.385815	-5.74819	-7.86385
0.324565	-14.6999	-7.39818
0.231066	-22.4398	-6.20872
0.11085	-28.8518	-4.39356
-0.0293967	-33.6592	-2.06013
-0.163382	-32.1565	0.661774
-0.252622	-21.4175	3.26187
-0.286915	-8.23038	4.99332
-0.270894	3.84513	5.65827
-0.21197	14.1417	5.34672
-0.117439	22.6874	4.20264
0.00567012	29.5463	2.36768
0.14604	33.6887	-0.0216869
0.258932	27.094	-2.74574
0.323648	15.5319	-4.93626
0.343432	4.74816	-6.19161
0.322245	-5.08477	-6.57486
0.264544	-13.8483	-6.16298
0.17543	-21.3874	-5.04253
0.0604849	-27.5869	-3.3126
-0.0742676	-32.3406	-1.08156
-0.20815	-32.1319	1.53361
-0.285387	-18.5367	4.13161
-0.304404	-4.5641	5.63002
-0.274237	7.23997	5.99845
-0.205045	16.6062	5.41236
-0.0995987	25.307	4.06899
0.0346633	32.2229	2.02222
0.18667	36.4817	-0.58354
0.301648	27.5945	-3.53337
0.368007	15.9263	-5.76427
0.388981	5.03377	-7.05142
0.368533	-4.90763	-7.45767
0.336111	-7.78131	-7.06001
0.278233	-13.8906	-6.43004
0.189703	-21.2473	-5.30613
0.0760941	-27.266	-3.5875
-0.0528137	-30.9379	-1.38238
-0.170597	-28.268	1.1194
-0.237269	-16.0012	3.40502
-0.250914	-3.27485	4.69849
-0.217357	8.0536	4.96277
-0.144132	17.574	4.31101
-0.0382632	25.4085	2.8895
0.0917788	31.2101	0.834656
0.215026	29.5792	-1.68907
0.293423	18.8154	-4.08065
0.326876	8.02858	-5.60161
0.319153	-1.85334	-6.25018
0.274356	-10.7514	-6.09962
0.197204	-18.5163	-5.22959
0.0929509	-25.0208	-3.73178
-0.0326827	-30.1521	-1.7082
-0.164364	-31.6036	0.730077
-0.249097	-20.3358	3.28545
-0.277987	-6.93363	4.92943
-0.256141	5.24297	5.48953
-0.190934	15.6497	5.06498
-0.0895026	24.3436	3.79899
0.0407564	31.2622	1.83015
0.190727	35.993	-0.697897
0.305266	27.4894	-3.6082
0.372745	16.1949	-5.83058
0.395521	5.4662	-7.13945
0.377034	-4.43672	-7.58065
0.321576	-13.3099	-7.22106
0.234233	-20.9624	-6.14403
0.120479	-27.3009	-4.44833
-0.0139926	-32.2733	-2.2403
-0.148827	-32.3603	0.369557
-0.243376	-22.6917	2.98615
-0.282193	-9.31605	4.82067
-0.269536	3.0375	5.57342
-0.212783	13.6209	5.32719
-0.119246	22.4488	4.22522
0.00416539	29.6187	2.40955
0.144437	33.6651	0.0143202
0.259504	27.6161	-2.70783
0.327822	16.3965	-4.94056
0.352226	5.85693	-6.26583
0.336492	-3.77635	-6.73872
0.284807	-12.4042	-6.43262
0.208383	-18.3418	-5.42891
0.111534	-23.2439	-3.9452
-0.00729945	-28.5199	-2.06526
-0.140524	-31.9738	0.241077
-0.237153	-23.191	2.82644
-0.276919	-9.54398	4.70134
-0.26403	3.09338	5.47254
-0.20611	13.9008	5.22181
-0.110647	22.9112	4.09721
0.0150952	30.1781	2.24417
0.161029	35.0242	-0.196276
0.280434	28.657	-3.0283
0.352936	17.4005	-5.34516
0.381403	6.83216	-6.75157
0.369303	-2.90404	-7.30327
0.320464	-11.7213	-7.06764
0.239511	-19.4287	-6.11907
0.131765	-25.859	-4.54739
0.00284338	-30.9413	-2.45594
-0.129103	-31.6671	0.0462309
-0.227208	-23.5452	2.60681
-0.270653	-10.4268	4.51038
-0.263007	1.83488	5.35299
-0.21158	12.3425	5.20403
-0.123416	21.1594	4.20544
-0.00519414	28.3733	2.49403
0.133678	33.3294	0.199497
0.251802	28.3496	-2.49553
0.322348	16.931	-4.7876
0.348214	6.20792	-6.1561
0.333119	-3.62276	-6.65739
0.281222	-12.4554	-6.36372
0.197293	-20.1429	-5.35587
0.0866392	-26.5569	-3.72653
-0.0449314	-31.5769	-1.57873
-0.177076	-31.7148	0.97474
-0.257859	-19.388	3.53908
-0.282656	-5.9512	5.10639
-0.257012	6.15459	5.58703
-0.188317	16.4867	5.08875
-0.0836546	25.119	3.75508
0.0495105	31.9596	1.72354
0.200356	36.2029	-0.860892
0.310403	26.4112	-3.78816
0.372353	14.8681	-5.92333
0.389253	4.05591	-7.12491
0.365035	-5.81229	-7.45208
0.304078	-14.6296	-6.98127
0.211401	-22.2426	-5.79756
0.0925367	-28.5274	-3.99838
-0.0459107	-33.2274	-1.69123
-0.180189	-32.2268	0.995715
-0.261713	-19.5656	3.60145
-0.286725	-6.00289	5.18312
-0.26124	6.11624	5.66794
-0.193104	16.3528	5.17275
-0.0897427	24.8066	3.8499
0.0410136	31.3815	1.84362
0.18395	34.3047	-0.694088
0.288359	25.0583	-3.46788
0.345103	13.6184	-5.49369
0.357423	2.95679	-6.59427
0.329438	-6.71638	-6.83262
0.265692	-15.2989	-6.28878
0.1713	-22.6541	-5.05102
0.0517952	-28.6812	-3.21866
-0.0868546	-33.2759	-0.899149
-0.21444	-30.6204	1.79163
-0.285147	-16.9698	4.26739
-0.300129	-3.59568	5.63908
-0.266475	8.07698	5.9292
-0.191832	17.9144	5.27544
-0.0833814	26.028	3.8263
0.0516761	32.4138	1.72126
0.201333	35.9177	-0.8999
0.30941	25.9385	-3.80409
0.369445	14.4084	-5.90105
0.384647	3.64853	-7.06545
0.358909	-6.17722	-7.35969
0.296645	-14.9432	-6.85938
0.202873	-22.5054	-5.65032
0.0831196	-28.7408	-3.82991
-0.0549416	-33.1347	-1.50552
-0.183001	-30.7342	1.17391
-0.258839	-18.2011	3.65894
-0.277267	-4.42267	5.13027
-0.246834	7.30379	5.48731
-0.174852	17.2756	4.89612
-0.0682253	25.5905	3.49868
0.0653226	32.0515	1.42905
0.206513	33.8857	-1.16278
0.304622	23.5462	-3.90264
0.355665	12.2503	-5.80615
0.362755	1.70146	-6.79606
0.329896	-7.88617	-6.93289
0.261667	-16.3749	-6.29445
0.177355	-20.2349	-4.96968
0.0831343	-22.6129	-3.33294
-0.0298691	-27.1208	-1.5041
-0.150106	-28.8569	0.689045
-0.231442	-19.5205	3.02233
-0.258589	-6.51529	4.60041
-0.235994	5.4228	5.12673
-0.17098	15.6034	4.68767
-0.070572	24.0978	3.42547
0.053422	29.7586	1.47654
0.180462	30.4895	-0.929888
0.268818	21.2056	-3.39516
0.312401	10.4597	-5.10946
0.314349	0.467497	-5.95466
0.278742	-8.54551	-5.99181
0.210098	-16.4747	-5.30015
0.113494	-23.1849	-3.96743
-0.0052181	-28.4908	-2.09226
-0.124599	-28.6514	0.211728
-0.208164	-20.0556	2.52845
-0.238317	-7.23665	4.14985
-0.218999	4.63615	4.73455
-0.156992	14.8818	4.35914
-0.0594615	23.4073	3.15532
0.0654119	29.9696	1.26227
0.201703	32.7099	-1.16121
0.297969	23.1039	-3.80599
0.347437	11.8724	-5.67374
0.353325	1.41314	-6.6331
0.319581	-8.09853	-6.74663
0.250656	-16.5421	-6.09104
0.151605	-23.7722	-4.75278
0.028109	-29.6391	-2.83004
-0.113068	-33.8826	-0.43312
-0.231719	-28.4761	2.30666
-0.292483	-14.5834	4.60897
-0.297681	-1.24754	5.78767
-0.254951	10.2552	5.8879
-0.171732	19.9725	5.05801
-0.0549279	28.033	3.44248
0.0872572	34.1244	1.17536
0.230228	34.313	-1.58406
0.328849	23.6691	-4.35842
0.381105	12.5414	-6.27181
0.389789	2.08412	-7.28521
0.358718	-7.45691	-7.45293
0.292308	-15.9385	-6.84914
0.19575	-23.174	-5.5596
0.075203	-28.9312	-3.68514
-0.0597834	-32.3967	-1.34537
-0.181005	-29.0931	1.27437
-0.249129	-16.3497	3.62669
-0.262824	-3.28682	4.94832
-0.228244	8.29905	5.21354
-0.153084	18.0385	4.5419
-0.0446452	26.0253	3.08282
0.0882916	31.9048	0.978076
0.220123	31.6396	-1.60185
0.30607	20.6273	-4.16004
0.345005	9.34432	-5.82749
0.340677	-1.0387	-6.58243
0.297279	-10.4156	-6.49771
0.219635	-18.6344	-5.65478
0.113114	-25.5651	-4.14738
-0.0164392	-31.0928	-2.07974
-0.161133	-34.7265	0.434641
-0.264706	-24.8575	3.24256
-0.310252	-10.9312	5.25217
-0.302586	1.83997	6.13548
-0.24918	12.8173	5.98602
-0.157363	22.0361	4.94895
-0.0337401	29.6696	3.16657
0.113868	35.426	0.767147
0.25674	34.2891	-2.09747
0.350716	22.5542	-4.86985
0.397585	11.2488	-6.69303
0.400545	0.710343	-7.60186
0.36356	-8.87631	-7.65846
0.291102	-17.3901	-6.93987
0.188216	-24.6925	-5.53295
0.0604664	-30.66	-3.53571
-0.0758856	-32.7245	-1.05616
-0.197536	-29.196	1.59005
-0.265194	-16.238	3.95065
-0.278638	-3.22656	5.26321
-0.244237	8.25634	5.52352
-0.169287	17.9879	4.85531
-0.0605427	26.0986	3.40027
0.0743456	32.3732	1.28957
0.207208	31.887	-1.32826
0.297751	21.7304	-3.90649
0.342627	10.77	-5.66317
0.344795	0.52032	-6.5334
0.30822	-8.77782	-6.57475
0.237424	-16.991	-5.86425
0.137641	-23.948	-4.48971
0.0150112	-29.4312	-2.55279
-0.122513	-33.0059	-0.172711
-0.232237	-26.3336	2.49615
-0.28395	-12.4111	4.62521
-0.280925	0.726005	5.62825
-0.230757	12.0403	5.56892
-0.141092	21.5195	4.59473
-0.01894	29.3165	2.85415
0.126926	35.0078	0.483312
0.262606	32.5633	-2.34746
0.348931	20.7178	-4.98026
0.388329	9.45564	-6.65495
0.384388	-0.945901	-7.41879
0.340972	-10.4198	-7.34148
0.262717	-18.7812	-6.49813
0.154891	-25.8784	-4.97877
0.0232661	-31.5899	-2.8857
-0.118637	-34.0567	-0.331032
-0.206012	-20.97	2.42282
-0.239174	-7.95904	4.11817
-0.222276	4.05551	4.76128
-0.162112	14.4396	4.43283
-0.0658889	23.0934	3.26476
0.0580753	29.7514	1.39706
0.197761	33.5246	-1.00878
0.298535	24.1858	-3.71946
0.351709	12.7617	-5.6747
0.360684	2.15406	-6.70598
0.329562	-7.46934	-6.87941
0.262911	-15.9963	-6.27468
0.165867	-23.2905	-4.98053
0.0441929	-29.2017	-3.09671
-0.095272	-33.4716	-0.735127
-0.220075	-29.9527	1.97146
-0.287076	-16.0803	4.3932
-0.297929	-2.60458	5.69296
-0.260054	9.09	5.90294
-0.181007	18.9712	5.16727
-0.0678972	27.1463	3.63268
0.0716386	33.4886	1.43724
0.216039	34.6562	-1.2708
0.316994	24.2291	-4.07295
0.371736	13.138	-6.03165
0.383392	2.79747	-7.09332
0.35588	-6.60295	-7.31874
0.293626	-14.9408	-6.78401
0.201649	-22.0744	-5.57515
0.0854444	-27.8892	-3.7896
-0.0485759	-32.1649	-1.53407
-0.174282	-30.1695	1.06694
-0.247714	-17.6235	3.50632
-0.266085	-4.40916	4.93096
-0.235307	7.38674	5.28693
-0.163251	17.2934	4.68906
-0.0574048	25.4031	3.29019
0.0738352	31.4976	1.23574
0.212909	33.3777	-1.31128
0.30694	22.5675	-4.01004
0.353621	11.2035	-5.8344
0.356058	0.584766	-6.73966
0.318707	-8.96425	-6.7862
0.246453	-17.3409	-6.0606
0.144775	-24.4028	-4.65775
0.0196254	-30.0359	-2.68403
-0.122263	-34.0531	-0.255047
-0.240057	-28.2706	2.4985
-0.299736	-14.323	4.78418
-0.304201	-1.07146	5.9418
-0.261082	10.3486	6.02778
-0.177883	19.9675	5.19033
-0.0615585	27.918	3.57518
0.0803731	34.0636	1.31735
0.230496	36.0294	-1.43717
0.334865	25.0487	-4.35033
0.391321	13.5495	-6.37528
0.403138	2.83605	-7.47018
0.374322	-6.91597	-7.69868
0.309381	-15.5859	-7.1386
0.213451	-23.0232	-5.87754
0.0924881	-29.031	-4.01524
-0.0451883	-33.0423	-1.66736
-0.172283	-30.5028	1.00461
-0.246224	-17.7458	3.47095
-0.25974	-3.24387	4.90548
-0.224556	8.44423	5.16724
-0.148404	18.2765	4.48387
-0.0385268	26.3706	3.00554
0.0962885	32.3557	0.872891
0.232077	32.5892	-1.74348
0.321336	21.4223	-4.37843
0.36418	10.2825	-6.11015
0.363755	-0.102109	-6.94091
0.324086	-9.52053	-6.93188
0.250034	-17.7725	-6.16129
0.147182	-24.6845	-4.72353
0.0250875	-29.3026	-2.72703
-0.100135	-30.0534	-0.357326
-0.205008	-25.1695	2.07282
-0.252812	-11.473	4.10779
-0.246985	1.39855	5.03503
-0.1946	12.5724	4.92139
-0.10344	21.8782	3.90424
0.0183109	29.2203	2.13474
0.161624	34.3952	-0.228243
0.283973	29.3636	-3.0094
0.356464	17.398	-5.3834
0.381792	6.07865	-6.7896
0.364306	-4.19666	-7.28037
0.308708	-13.3436	-6.94022
0.220281	-21.2223	-5.86049
0.104754	-27.7265	-4.14381
-0.0317479	-32.7605	-1.9014
-0.17058	-33.3196	0.747814
-0.261473	-21.8144	3.44195
-0.295836	-8.24716	5.20547
-0.279361	3.95414	5.87175
-0.219674	14.3248	5.55137
-0.124041	22.952	4.39245
0.000976146	30.004	2.53608
0.14569	34.7313	0.109678
0.265578	28.773	-2.69869
0.33722	17.1942	-5.02497
0.363828	6.3859	-6.41474
0.349263	-3.4955	-6.93039
0.297869	-12.3346	-6.64697
0.214555	-19.9953	-5.64886
0.104702	-26.3648	-4.03143
-0.0258027	-31.3211	-1.89913
-0.155403	-31.104	0.633697
-0.240034	-20.3115	3.14868
-0.269093	-6.97419	4.79071
-0.247169	5.26163	5.35411
-0.18179	15.6909	4.92806
-0.0802666	24.3657	3.65875
0.0495046	31.1451	1.68814
0.196216	35.2108	-0.830431
0.303004	25.6291	-3.67748
0.362957	14.3886	-5.74943
0.37858	3.74945	-6.91225
0.353618	-5.9907	-7.21466
0.292602	-14.6439	-6.72946
0.200875	-22.0146	-5.54461
0.0845299	-27.9227	-3.7639
-0.0503898	-32.3807	-1.50567
-0.184982	-32.3022	1.1128
-0.265427	-19.3068	3.72461
-0.288696	-5.5846	5.28534
-0.26123	6.59185	5.73632
-0.191041	16.8454	5.20267
-0.0857413	25.2719	3.83997
0.0468719	31.8272	1.79607
0.194596	35.4539	-0.777664
0.301802	25.7295	-3.64436
0.360018	13.9717	-5.72444
0.372614	3.023	-6.85355
0.344034	-6.85908	-7.09723
0.279111	-15.5816	-6.54182
0.183201	-23.0183	-5.28117
0.0920158	-21.8845	-3.41933
-0.0154821	-25.7995	-1.64938
-0.129296	-27.3153	0.436939
-0.205202	-18.2174	2.64559
-0.229261	-5.77436	4.11835
-0.205807	5.62909	4.58481
-0.141267	15.4896	4.12913
-0.0430588	23.5699	2.87619
0.0780255	29.0602	0.970012
0.19914	29.0676	-1.3799
0.277285	18.7547	-3.73014
0.311113	8.11876	-5.24623
0.30449	-1.58966	-5.90212
0.261557	-10.3039	-5.77293
0.187025	-17.8878	-4.93913
0.0861283	-24.2151	-3.49218
-0.0353773	-29.1613	-1.53377
-0.154671	-28.6304	0.824376
-0.225901	-17.0953	3.13933
-0.242635	-4.01614	4.5213
-0.209981	7.83708	4.84554
-0.135569	17.8587	4.2113
-0.0270699	26.0398	2.76678
0.106792	32.127	0.660904
0.242359	32.536	-1.93695
0.330368	21.1221	-4.56758
0.371475	9.86565	-6.275
0.369544	-0.463267	-7.07204
0.328782	-9.78294	-7.0338
0.254043	-17.9374	-6.24197
0.15064	-24.8168	-4.79087
0.0243738	-30.3038	-2.78366
-0.117793	-34.12	-0.332996
-0.232376	-27.5	2.42597
-0.288379	-13.4406	4.64934
-0.289133	-0.180952	5.73563
-0.242811	11.1172	5.74963
-0.157378	20.504	4.85006
-0.0401981	28.1231	3.19157
0.100124	33.6773	0.917186
0.236265	32.6738	-1.80606
0.323049	20.8282	-4.44785
0.361763	9.29133	-6.13152
0.356653	-1.22652	-6.88213
0.312264	-10.6533	-6.78219
0.233733	-18.8474	-5.92002
0.126671	-25.6948	-4.39537
-0.00295832	-31.1111	-2.31721
-0.145197	-34.1374	0.198682
-0.249618	-25.061	2.959
-0.296371	-11.2208	4.98509
-0.289756	1.58764	5.89185
-0.237485	12.5451	5.76282
-0.147043	21.7061	4.74778
-0.0252054	29.241	2.99211
0.119116	34.6371	0.627356
0.256927	33.0747	-2.17346
0.344568	21.0338	-4.84763
0.384968	9.69601	-6.54788
0.382037	-0.703483	-7.33117
0.339989	-10.0915	-7.27347
0.263661	-18.3186	-6.45667
0.158436	-25.254	-4.97472
0.0301684	-30.7843	-2.93214
-0.110577	-33.779	-0.442605
-0.224298	-27.2929	2.2888
-0.280256	-13.4299	4.49544
-0.281137	-0.211419	5.58088
-0.234945	11.086	5.59735
-0.149365	20.5393	4.70033
-0.0314217	28.3063	3.039
0.110277	34.0078	0.749825
0.244741	32.2713	-2.00011
0.332018	20.9464	-4.60934
0.373597	9.97889	-6.30255
0.372726	-0.208821	-7.10874
0.333382	-9.44278	-7.09107
0.260525	-17.4856	-6.32674
0.159832	-24.1662	-4.91216
0.0369861	-29.483	-2.95754
-0.101303	-33.1894	-0.573227
-0.218002	-28.0077	2.11052
-0.276363	-14.0066	4.37498
-0.279209	-0.683097	5.50706
-0.234471	10.7371	5.56168
-0.150092	20.251	4.69286
-0.033371	28.013	3.05485
0.10689	33.6626	0.789395
0.244214	32.9577	-1.93264
0.332854	21.2736	-4.59738
0.373636	9.7877	-6.31705
0.370312	-0.797865	-7.10778
0.327395	-10.3	-7.04247
0.249944	-18.5882	-6.20884
0.143503	-25.5458	-4.70512
0.0140783	-31.062	-2.63897
-0.1301	-34.6027	-0.127017
-0.242612	-27.0029	2.67096
-0.297218	-13.1055	4.85411
-0.297529	-0.0744757	5.91328
-0.251424	11.0651	5.91865
-0.166464	20.3905	5.02327
-0.0495117	28.0686	3.37395
0.0917093	33.893	1.10396
0.236192	34.6757	-1.63674
0.333072	23.2512	-4.44043
0.382119	11.7713	-6.32002
0.386861	1.13821	-7.27114
0.351558	-8.47271	-7.36237
0.280919	-16.9535	-6.67646
0.18018	-24.1773	-5.30487
0.0550143	-30.0398	-3.34931
-0.0773628	-31.7705	-0.919936
-0.193767	-27.9369	1.64912
-0.255743	-14.8743	3.9079
-0.264149	-2.01748	5.1102
-0.225338	9.31476	5.27277
-0.146643	18.8866	4.519
-0.0349299	26.8112	2.99133
0.100593	32.5255	0.823045
0.231112	31.3245	-1.80705
0.314204	19.9422	-4.33974
0.350718	8.76325	-5.95178
0.34455	-1.48033	-6.65971
0.3001	-10.668	-6.53927
0.222346	-18.6609	-5.67594
0.116759	-25.3407	-4.16639
-0.0107386	-30.5995	-2.11689
-0.136251	-30.1229	0.357614
-0.216433	-19.2437	2.7933
-0.244327	-6.69456	4.34902
-0.224117	4.8504	4.88986
-0.162757	14.7264	4.49712
-0.0671406	22.9478	3.30585
0.0529361	28.8184	1.44992
0.175793	29.4857	-0.880485
0.259184	20.0139	-3.26459
0.297592	9.21788	-4.88254
0.294761	-0.67945	-5.62736
0.254806	-9.5892	-5.5718
0.182435	-17.3691	-4.7958
0.0829316	-23.8808	-3.39081
-0.0378698	-28.9923	-1.45944
-0.159284	-29.1394	0.88503
-0.232029	-17.4588	3.24113
-0.250488	-4.43024	4.65248
-0.21981	7.36289	5.0102
-0.147612	17.3275	4.41428
-0.0412609	25.5242	3.01269
0.0905714	31.6398	0.94848
0.232578	34.0815	-1.61001
0.329455	23.2506	-4.36565
0.37783	11.6099	-6.2452
0.38147	0.873675	-7.18328
0.344792	-8.80283	-7.25313
0.272631	-17.3186	-6.54053
0.170357	-24.5457	-5.13943
0.0437868	-30.3769	-3.1541
-0.098622	-34.1781	-0.697492
-0.220509	-29.2529	2.06621
-0.284728	-15.4127	4.43136
-0.293661	-2.14376	5.67713
-0.255148	9.24308	5.84984
-0.177107	18.7299	5.1018
-0.0668521	26.4611	3.58674
0.0678873	32.3375	1.44671
0.204597	32.8103	-1.16825
0.296498	22.0564	-3.82115
0.341174	10.7222	-5.6042
0.342422	0.299364	-6.47057
0.304669	-9.06072	-6.49406
0.232732	-17.2647	-5.76069
0.131974	-24.182	-4.36404
0.00810164	-29.7294	-2.40821
-0.129692	-33.0704	-0.00403234
-0.23482	-25.2309	2.67003
-0.282736	-11.4996	4.70989
-0.277201	1.32839	5.63923
-0.226055	12.275	5.53119
-0.137005	21.3719	4.53802
-0.0171846	28.757	2.80939
0.124522	34.0096	0.483802
0.214915	21.6944	-2.26625
0.249712	8.35119	-4.02021
0.243247	-1.55167	-4.69504
0.199963	-10.3881	-4.56905
0.124861	-18.0245	-3.72856
0.0234136	-24.3473	-2.27069
-0.0983706	-29.2282	-0.301729
-0.212876	-27.4813	2.06169
-0.27206	-14.2041	4.28359
-0.27665	-1.10155	5.43165
-0.233867	10.2679	5.52012
-0.148373	20.5184	4.68924
-0.0327043	27.7606	3.02961
0.104107	32.8347	0.784565
0.242726	33.2686	-1.87052
0.334535	22.034	-4.56041
0.379737	10.8487	-6.34157
0.381857	0.508726	-7.21808
0.345148	-8.81019	-7.25842
0.274315	-17	-6.54523
0.174674	-23.9137	-5.16989
0.0520154	-29.4381	-3.23566
-0.0745082	-30.3657	-0.854948
-0.183772	-26.2234	1.6005
-0.239802	-13.447	3.72074
-0.243797	-0.958903	4.80765
-0.202014	10.0278	4.88465
-0.121863	19.2362	4.07326
-0.0108008	26.655	2.51737
0.12165	31.7881	0.361776
0.234303	27.0367	-2.20864
0.299736	15.7041	-4.39457
0.321168	5.1435	-5.66392
0.30261	-4.45388	-6.07919
0.248414	-13.007	-5.71838
0.163497	-20.3799	-4.666
0.0578104	-25.3649	-3.01757
-0.0469701	-25.1473	-0.966241
-0.157206	-26.4567	1.06727
-0.222123	-15.58	3.20643
-0.234195	-2.89729	4.46587
-0.198435	8.58254	4.69965
-0.122256	18.2829	4.00514
-0.0137399	26.0438	2.52635
0.113919	30.6381	0.420173
0.2294	27.7154	-2.05726
0.298702	16.6326	-4.29809
0.323914	6.05081	-5.64252
0.308954	-3.59022	-6.13116
0.258137	-12.1962	-5.84018
0.176365	-19.6252	-4.85335
0.0691954	-25.7207	-3.26592
-0.0544838	-29.683	-1.18579
-0.165713	-26.6949	1.2145
-0.226441	-14.5747	3.37291
-0.235077	-2.07272	4.55104
-0.196954	9.14944	4.71813
-0.119436	18.6043	3.97779
-0.0101864	26.22	2.47301
0.122201	31.7729	0.35259
0.244437	29.3368	-2.2166
0.318745	17.8337	-4.58851
0.347528	6.90796	-6.03003
0.334763	-3.06355	-6.58794
0.284727	-12.0087	-6.33949
0.2023	-19.7824	-5.36777
0.0929894	-26.2345	-3.76758
-0.0366978	-31.1249	-1.64585
-0.173662	-32.8714	0.871086
-0.260985	-20.9576	3.52896
-0.290875	-7.17347	5.22319
-0.268966	5.25813	5.80266
-0.202893	15.8575	5.37684
-0.100053	24.6815	4.09402
0.0322148	31.7444	2.09782
0.183601	36.3327	-0.469256
0.302925	28.6377	-3.40705
0.37489	17.2716	-5.72231
0.401856	6.47175	-7.11826
0.387324	-3.4877	-7.64077
0.335559	-12.4236	-7.35791
0.251615	-20.1465	-6.35253
0.141334	-26.4673	-4.72278
0.0106918	-31.3542	-2.58212
-0.122283	-31.914	-0.0465492
-0.221897	-23.9074	2.53401
-0.265455	-10.454	4.46687
-0.256733	2.09344	5.31168
-0.203468	12.7836	5.14181
-0.113263	21.649	4.10756
0.00630899	28.6973	2.35657
0.144628	33.1965	0.035851
0.256718	26.9015	-2.64841
0.320073	15.2053	-4.82337
0.338074	4.32019	-6.05233
0.314979	-5.54277	-6.40099
0.255428	-14.2921	-5.95209
0.164625	-21.7928	-4.79578
0.0482369	-27.9331	-3.03309
-0.0877193	-32.6295	-0.774089
-0.216415	-30.8871	1.86441
-0.287138	-16.9733	4.36172
-0.301288	-3.39598	5.73369
-0.266377	8.37856	6.00765
-0.19002	18.3257	5.3295
-0.0793474	26.5614	3.84709
0.0583088	33.0375	1.69892
0.211454	36.7548	-0.972667
0.320852	26.2555	-3.94454
0.381779	14.6227	-6.06711
0.39752	3.77775	-7.24883
0.372085	-6.10435	-7.55349
0.30998	-14.9052	-7.05906
0.216294	-22.4848	-5.85305
0.0966598	-28.7121	-4.03429
-0.0414285	-33.1412	-1.71219
-0.170417	-30.9573	0.967787
-0.248518	-18.7442	3.47088
-0.271376	-5.4859	4.98614
-0.244616	6.42241	5.42918
-0.175861	16.5013	4.90926
-0.07228	24.8593	3.57442
0.0582569	31.3289	1.56391
0.197789	33.4877	-0.969509
0.295004	23.3316	-3.67721
