0.387264	-0.132624	0.120758
-1.48882e-19	-2.44966e-17	0.126031
0.0034473	0.827351	0.126028
0.00998299	1.56857	0.0930404
0.017834	1.88424	0.0305045
0.0241819	1.5235	-0.0446148
0.0263538	0.521241	-0.105351
0.0229301	-0.821669	-0.126128
0.0145334	-2.01521	-0.0933685
0.00421765	-2.47579	-0.0130274
-0.00358974	-1.87377	0.0856735
-0.00487743	-0.309045	0.160372
0.00146514	1.52222	0.172688
0.0125343	2.65659	0.111998
0.021796	2.22281	0.00608546
0.0221096	0.075258	-0.0825307
0.0107441	-2.7277	-0.0855293
-0.00986162	-4.94538	0.0232162
-0.0293765	-4.68357	0.22037
-0.0324615	-0.740405	0.407081
-0.00938432	5.53852	0.436588
0.0379089	11.3504	0.215775
0.0964109	14.0405	-0.23673
0.141884	10.9136	-0.796468
0.153216	2.71958	-1.23154
0.129259	-5.7497	-1.33992
0.0742803	-13.1948	-1.11067
-0.00690795	-19.4852	-0.584612
-0.104531	-23.4296	0.192208
-0.185537	-19.4413	1.12626
-0.214349	-6.91503	1.90128
-0.193977	4.88945	2.17691
-0.130565	15.2188	1.98193
-0.03187	23.6868	1.37516
0.093358	30.0547	0.430819
0.212903	28.6908	-0.767368
0.288158	18.0611	-1.91115
0.319448	7.50959	-2.63113
0.310633	-2.11561	-2.93045
0.265907	-10.734	-2.84603
0.190029	-18.2107	-2.41803
0.0882369	-24.4302	-1.69197
-0.0318313	-28.8164	-0.717986
-0.142234	-26.4966	0.430839
-0.209883	-16.2358	1.48715
-0.224837	-3.5888	2.13438
-0.192215	7.82911	2.2774
-0.119114	17.5443	1.96522
-0.0136892	25.302	1.26574
0.115558	31.0193	0.257011
0.231722	27.8793	-0.979624
0.299748	16.3263	-2.09105
0.32247	5.45344	-2.74187
0.304186	-4.38831	-2.95921
0.249438	-13.1394	-2.78418
0.163369	-20.6565	-2.26029
0.0515636	-26.8334	-1.43673
-0.079687	-31.5001	-0.366946
-0.214456	-32.3446	0.888861
-0.291252	-18.4311	2.1783
-0.309404	-4.35639	2.91303
-0.276518	7.89261	3.08663
-0.200541	18.2346	2.7719
-0.0890692	26.7532	2.04488
0.0504049	33.4738	0.978275
0.206823	37.5404	-0.356232
0.320193	27.2087	-1.85282
0.384979	15.5487	-2.93749
0.404017	4.56912	-3.55729
0.381433	-5.42009	-3.73935
0.321859	-14.2977	-3.52318
0.230552	-21.9136	-2.95309
0.113615	-28.0649	-2.07939
-0.0224675	-32.6598	-0.960493
-0.153176	-31.3699	0.341563
-0.242083	-21.3377	1.59216
-0.275029	-7.90709	2.44278
-0.257072	4.30959	2.75794
-0.196025	14.6513	2.58607
-0.0993239	23.2083	2.0019
0.0255231	29.9633	1.07662
0.165692	33.6405	-0.117936
0.270838	25.235	-1.45906
0.328894	13.9335	-2.46505
0.342598	3.28887	-3.02047
0.316007	-6.38182	-3.15151
0.253797	-14.9303	-2.89701
0.161394	-22.1768	-2.30172
0.0450052	-27.9333	-1.41755
-0.0891775	-32.2039	-0.303916
-0.220618	-31.5457	0.979945
-0.292487	-17.2486	2.23754
-0.305971	-3.23605	2.92512
-0.269085	8.85253	3.05405
-0.189835	19.0201	2.70106
-0.0758046	27.3672	1.94272
0.0652317	33.8487	0.85164
0.220895	37.3592	-0.49781
0.331438	26.5303	-1.98718
0.393537	14.9037	-3.04479
0.409946	3.93828	-3.63887
0.384766	-6.04329	-3.79579
0.322691	-14.8979	-3.55477
0.229069	-22.4694	-2.96075
0.110019	-28.572	-2.0649
-0.0281074	-33.1503	-0.925787
-0.161897	-32.1095	0.395821
-0.25159	-21.5264	1.6759
-0.28476	-7.96072	2.53404
-0.266744	4.32378	2.85134
-0.205345	14.7358	2.6789
-0.108027	23.3563	2.09136
0.0179762	30.2409	1.16018
0.160712	34.2565	-0.0454473
0.270531	26.3567	-1.41113
0.33231	14.827	-2.46184
0.348955	3.9946	-3.05288
0.324743	-5.81088	-3.21205
0.264342	-14.4961	-2.98031
0.173003	-21.9214	-2.40233
0.0565654	-27.945	-1.52834
-0.0781709	-32.3367	-0.414235
-0.211851	-32.0831	0.874926
-0.287202	-18.0844	2.15394
-0.304101	-4.05571	2.87485
-0.270177	8.14176	3.03646
-0.19348	18.4072	2.7118
-0.081663	26.8361	1.9779
0.0575399	33.4087	0.907989
0.212782	37.2581	-0.423921
0.32392	26.6732	-1.90926
0.385729	14.834	-2.97258
0.401685	3.82952	-3.56388
0.376165	-6.12487	-3.71646
0.313914	-14.9402	-3.47219
0.220215	-22.4879	-2.87649
0.100783	-28.6636	-1.9799
-0.0381923	-33.354	-0.837139
-0.171222	-31.927	0.49259
-0.256372	-20.4361	1.76539
-0.284901	-6.84698	2.58006
-0.262535	5.36777	2.85296
-0.197148	15.6929	2.6389
-0.0962101	24.2251	2.01321
0.0327914	30.9604	1.04738
0.177483	34.7259	-0.186922
0.28385	25.5281	-1.57132
0.341792	13.9061	-2.58899
0.354725	3.10393	-3.14331
0.317113	-9.0268	-3.26698
0.245281	-17.2397	-2.90703
0.144042	-24.2976	-2.21967
0.0193296	-29.9309	-1.25096
-0.122541	-34.049	-0.0576871
-0.246041	-29.6398	1.29973
-0.309046	-15.1213	2.48133
-0.323484	-3.46505	3.0841
-0.28751	8.63364	3.22216
-0.209181	18.7991	2.87788
-0.0960814	27.1438	2.12836
0.0440978	33.643	1.04617
0.198589	37.0778	-0.295081
0.310093	26.761	-1.77323
0.372798	15.0491	-2.84005
0.390165	4.1681	-3.43994
0.36654	-5.67002	-3.60602
0.309663	-13.6503	-3.37988
0.241336	-16.3985	-2.83561
0.147031	-22.6332	-2.18179
0.030696	-27.9205	-1.27943
-0.10072	-31.5397	-0.166306
-0.212647	-26.8625	1.09108
-0.268743	-13.4631	2.16196
-0.271656	-0.699208	2.69863
-0.228704	10.3086	2.72644
-0.147331	19.5294	2.3154
-0.0350485	26.9479	1.53677
0.0838206	28.5286	0.462417
0.19229	26.0325	-0.674928
0.247093	13.1529	-1.71274
0.261217	3.38964	-2.23705
0.23861	-5.42561	-2.37213
0.183631	-13.195	-2.15577
0.101163	-19.7923	-1.62968
-0.0034693	-25.1118	-0.84059
-0.108101	-25.1115	0.16055
-0.180302	-17.3282	1.16165
-0.200331	-4.80715	1.85244
-0.17314	6.52586	2.04403
-0.105594	16.2111	1.78382
-0.0058194	23.9459	1.13749
0.117731	29.6522	0.182826
0.235739	28.3219	-0.999306
0.306045	16.8734	-2.12837
0.329472	5.62241	-2.801
0.310668	-4.51286	-3.02508
0.254484	-13.4842	-2.84509
0.166331	-21.1568	-2.30745
0.0521207	-27.4104	-1.46395
-0.0818491	-32.1527	-0.371153
-0.219553	-33.0488	0.910672
-0.3	-19.3075	2.22819
-0.321061	-5.05445	2.99785
-0.29159	7.073	3.19928
-0.228827	15.063	2.91722
-0.135025	22.5125	2.31664
-0.0106723	29.8447	1.41909
0.127839	33.2428	0.229246
0.248019	28.8432	-1.09603
0.32088	17.4865	-2.24588
0.351638	7.38198	-2.94295
0.343269	-2.00865	-3.23717
0.298712	-10.6936	-3.15701
0.225239	-17.6336	-2.73061
0.12543	-23.9542	-2.02755
0.00618924	-28.6177	-1.07253
-0.112873	-28.5748	0.0683777
-0.200506	-21.032	1.20755
-0.233551	-7.93086	2.04599
-0.216597	4.06889	2.36212
-0.156833	14.3434	2.19984
-0.0622303	22.7047	1.62797
0.0585398	28.9848	0.722768
0.191342	31.8726	-0.432773
0.280873	21.4875	-1.70341
0.322975	10.1043	-2.56
0.321527	-0.347561	-2.96276
0.280992	-9.72823	-2.94882
0.20662	-17.8493	-2.56092
0.104495	-24.51	-1.84927
-0.0190726	-29.6563	-0.872094
-0.156565	-32.9983	0.31022
-0.26308	-25.5635	1.62574
-0.310433	-11.3647	2.64482
-0.303473	1.67031	3.09782
-0.250044	12.8229	3.03115
-0.157903	22.114	2.51987
-0.0341712	29.6956	1.6382
0.112941	35.3069	0.454301
0.255582	34.2338	-0.953272
0.349298	22.4918	-2.31803
0.39643	11.3119	-3.21464
0.400566	0.992506	-3.66552
0.365993	-8.29747	-3.70499
0.297441	-16.4525	-3.37411
0.200207	-23.3362	-2.71812
0.0799938	-28.8511	-1.78772
-0.0533214	-31.9957	-0.637486
-0.174218	-29.0152	0.638084
-0.243595	-16.6504	1.7948
-0.259041	-3.70709	2.45855
-0.226439	7.82458	2.60627
-0.153498	17.5056	2.29427
-0.0473944	25.465	1.59632
0.0833114	31.3694	0.581083
0.213157	31.1628	-0.669519
0.298116	20.3904	-1.91185
0.337532	9.45978	-2.7247
0.335332	-0.528049	-3.10176
0.295748	-9.50006	-3.08063
0.223625	-17.3096	-2.70182
0.124286	-23.8412	-2.01167
0.00342624	-29.0065	-1.06116
-0.0397479	-10.3618	0.0952538
-0.0695053	-7.14178	0.508339
-0.0640447	1.31053	0.793043
-0.0208605	10.3642	0.740776
0.0531464	17.7617	0.327572
0.13959	20.7463	-0.380531
0.206708	16.1085	-1.2076
0.233052	6.32251	-1.84976
0.220987	-2.89555	-2.10177
0.174843	-11.0746	-1.98629
0.0993485	-18.1188	-1.54473
-0.000286092	-23.9123	-0.822362
-0.116617	-27.9195	0.130958
-0.212768	-23.0761	1.244
-0.254076	-9.91399	2.16393
-0.244061	2.40363	2.55911
-0.189625	13.0645	2.46322
-0.0979421	22.004	1.94233
0.0233539	29.111	1.06506
0.159153	32.5917	-0.0955251
0.262675	24.8453	-1.39484
0.320333	13.838	-2.3853
0.335356	3.60538	-2.93691
0.311805	-5.65221	-3.08057
0.254119	-13.8447	-2.85516
0.167259	-20.8462	-2.30315
0.0566179	-26.5539	-1.47202
-0.0658706	-29.3973	-0.413377
-0.17272	-25.6439	0.758598
-0.227105	-13.0524	1.78091
-0.22905	-0.466812	2.30122
-0.184362	10.7252	2.31977
-0.100651	20.0905	1.89213
0.013652	27.4328	1.09114
0.149317	32.5596	-0.00253068
0.258619	26.2325	-1.30057
0.319136	14.524	-2.34633
0.33436	3.65377	-2.92529
0.308775	-6.14048	-3.07088
0.247169	-14.7853	-2.82601
0.154883	-22.1486	-2.2365
0.0377099	-28.1216	-1.35345
-0.0981911	-32.6162	-0.232311
-0.231505	-31.9954	1.06799
-0.305454	-17.7477	2.3435
-0.321405	-3.82831	3.05098
-0.28742	8.15653	3.20352
-0.211568	18.2044	2.87827
-0.10148	26.4211	2.15245
0.0357473	32.9346	1.09908
0.189631	36.9321	-0.213931
0.303552	27.3409	-1.68628
0.367931	15.4509	-2.77622
0.386382	4.42835	-3.39212
0.363436	-5.5071	-3.56858
0.303922	-14.2834	-3.34894
0.213117	-21.7931	-2.77943
0.0967137	-27.9368	-1.91055
-0.0381404	-32.365	-0.796757
-0.163658	-30.1243	0.49354
-0.242989	-19.0393	1.69448
-0.268079	-6.02159	2.45346
-0.24444	5.67332	2.69346
-0.179668	15.5453	2.46722
-0.0808992	23.7045	1.84742
0.0441433	30.0102	0.902355
0.184338	33.6467	-0.294068
0.282781	23.6262	-1.63544
0.333185	12.0971	-2.57729
0.339388	1.48876	-3.05949
0.305866	-8.04547	-3.11877
0.237458	-16.4179	-2.79794
0.139513	-23.5067	-2.14335
0.0179257	-29.181	-1.20617
-0.121049	-33.3539	-0.0427946
-0.238701	-28.2366	1.28691
-0.297754	-14.1726	2.41257
-0.300306	-0.612515	2.97752
-0.254554	10.9806	3.00186
-0.168519	20.6484	2.56403
-0.0496047	28.5393	1.74078
0.0939569	34.4548	0.602975
0.237897	34.5456	-0.77063
0.333355	22.9099	-2.14782
0.380831	11.3944	-3.0611
0.384119	0.789068	-3.51528
0.347738	-8.73156	-3.54665
0.276645	-17.0621	-3.19846
0.176313	-24.0798	-2.51817
0.0527373	-29.6582	-1.55814
-0.0856712	-33.218	-0.375729
-0.20646	-28.9892	0.948565
-0.269915	-15.2292	2.10424
-0.278215	-1.99212	2.71132
-0.239004	9.41064	2.79067
-0.160263	18.8979	2.41543
-0.0492384	26.6459	1.66198
0.0857863	32.4059	0.599655
0.221947	32.6786	-0.692271
0.311647	21.5278	-1.99503
0.35399	10.1624	-2.85322
0.352884	-0.265379	-3.25829
0.312769	-9.62772	-3.24763
0.238712	-17.7736	-2.86372
0.136466	-24.5391	-2.15508
0.0123446	-29.789	-1.17674
-0.12759	-33.5842	0.0108768
-0.239375	-26.8285	1.34976
-0.293484	-12.9862	2.41928
-0.293482	0.000541258	2.93693
-0.247012	11.1526	2.93683
-0.16163	20.4918	2.49214
-0.0442545	28.1701	1.67514
0.0971564	33.9386	0.55206
0.23899	34.04	-0.800967
0.333488	22.6797	-2.158
0.38117	11.4436	-3.0621
0.385401	1.01552	-3.51824
0.350383	-8.40441	-3.55864
0.280779	-16.7051	-3.2235
0.181816	-23.7511	-2.55744
0.0592867	-29.4069	-1.6105
-0.0798679	-33.3971	-0.438113
-0.204198	-29.8392	0.893321
-0.272218	-16.3248	2.08288
-0.284624	-2.97751	2.73364
-0.248518	8.66554	2.85227
-0.171734	18.4281	2.50673
-0.0615604	26.4416	1.77201
0.0739553	32.5238	0.717827
0.211344	32.9734	-0.578798
0.304623	22.3868	-1.89332
0.351849	11.3344	-2.78575
0.356559	1.13027	-3.23754
0.323037	-8.04529	-3.28252
0.256016	-16.0851	-2.9617
0.160749	-22.8641	-2.32037
0.0429044	-28.2826	-1.4088
-0.0915032	-32.2578	-0.281239
-0.212301	-28.9915	1.00477
-0.274438	-14.9128	2.16053
-0.28043	-1.4382	2.755
-0.266357	3.37755	2.81226
-0.215071	12.3086	2.67754
-0.131549	20.0453	2.18677
-0.0205681	26.6355	1.38758
0.11141	31.6747	0.325686
0.232242	28.9998	-0.937082
0.308086	18.2025	-2.09318
0.340852	7.86377	-2.81879
0.333876	-1.67433	-3.13222
0.290956	-10.3006	-3.06539
0.216562	-17.8546	-2.65467
0.115713	-24.2039	-1.9428
-0.00611322	-29.2382	-0.977828
-0.131532	-30.1005	0.187819
-0.221326	-21.5506	1.38781
-0.255974	-8.31563	2.24692
-0.239611	3.92731	2.57838
-0.179781	14.359	2.42175
-0.0838181	23.0312	1.84924
0.0403226	29.7938	0.931022
0.178176	33.0848	-0.256774
0.277916	23.9376	-1.57574
0.331818	12.9365	-2.53001
0.34306	2.69804	-3.04568
0.315649	-6.57854	-3.15316
0.253994	-14.7973	-2.89082
0.16306	-21.8241	-2.30083
0.0482666	-27.5504	-1.43072
-0.0845717	-31.8812	-0.332349
-0.211911	-30.5613	0.938649
-0.281636	-16.7341	2.157
-0.29481	-3.16186	2.82407
-0.258727	8.65991	2.95005
-0.181114	18.6273	2.60474
-0.0691559	26.8699	1.86206
0.069503	33.2781	0.790811
0.217286	35.468	-0.535891
0.321489	25.0088	-1.94986
0.379415	13.9021	-2.94682
0.394098	3.52398	-3.50098
0.369461	-5.91301	-3.64138
0.309866	-14.3027	-3.40555
0.220288	-21.4987	-2.83527
0.106163	-27.3901	-1.97812
-0.0264614	-31.8299	-0.886126
-0.154064	-30.6247	0.38284
-0.238016	-20.1483	1.60373
-0.266304	-6.7892	2.40693
-0.243975	5.35883	2.67753
-0.178818	15.6379	2.46382
-0.0782053	24.1469	1.84033
0.0498653	30.737	0.877631
0.190293	33.7027	-0.347765
0.288324	23.5273	-1.69137
0.338382	12.0138	-2.62927
0.3439	1.32428	-3.10816
0.309248	-8.31638	-3.16087
0.239384	-16.7673	-2.82925
0.13979	-23.9027	-2.16073
0.0163179	-29.6333	-1.20776
-0.124819	-33.8729	-0.0263521
-0.245421	-28.9443	1.32404
-0.307298	-14.8506	2.47791
-0.313413	-1.46762	3.06989
-0.2716	10.0352	3.12832
-0.18979	19.6344	2.72817
-0.0752472	27.4902	1.94535
0.0646446	33.574	0.849362
0.215371	36.1743	-0.489137
0.320483	25.2271	-1.93126
0.376688	13.4892	-2.93693
0.387673	2.63627	-3.47462
0.357804	-7.16867	-3.57963
0.291956	-15.8034	-3.29375
0.195627	-23.119	-2.66364
0.0748245	-28.9925	-1.7419
-0.0625477	-32.9693	-0.586029
-0.186405	-29.7257	0.728356
-0.256435	-16.8072	1.91339
-0.271558	-3.62953	2.58339
-0.238319	7.97737	2.72802
-0.16459	17.6948	2.40992
-0.057672	25.6604	1.70443
0.0741094	31.6275	0.681396
0.210606	32.7591	-0.579499
0.301191	21.7405	-1.88547
0.344387	10.367	-2.75214
0.344337	-0.0119954	-3.16537
0.305409	-9.34261	-3.16481
0.232568	-17.4819	-2.79227
0.131266	-24.3125	-2.09526
0.00733196	-29.7442	-1.12596
-0.132666	-33.5995	0.059867
-0.244709	-26.8903	1.39936
-0.297677	-12.7123	2.47134
-0.295692	0.476336	2.97808
-0.246863	11.719	2.95901
-0.1594	20.9913	2.49174
-0.0407015	28.4876	1.65483
0.10088	33.9797	0.51909
0.242403	33.9654	-0.835573
0.333671	21.9044	-2.18963
0.3763	10.2309	-3.06283
0.374593	-0.409677	-3.47062
0.333067	-9.96615	-3.4542
0.256829	-18.2973	-3.0568
0.151453	-25.2902	-2.32727
0.0229298	-30.8455	-1.31898
-0.116587	-33.484	-0.0892471
-0.229149	-27.015	1.24564
-0.28445	-13.2722	2.3226
-0.291148	-1.60745	2.85166
-0.251732	9.45973	2.91567
-0.172874	18.926	2.53847
-0.0615351	26.7213	1.78389
0.074466	32.6403	0.718561
0.213931	33.4717	-0.582709
0.309177	22.859	-1.91709
0.356947	11.4646	-2.82835
0.360852	0.937211	-3.28533
0.325222	-8.55109	-3.32261
0.273858	-12.3274	-2.98163
0.20654	-16.1564	-2.4901
0.116088	-21.7085	-1.84594
0.00667436	-26.2592	-0.980458
-0.110064	-28.0172	0.0664292
-0.197957	-21.0944	1.18337
-0.2333	-8.48238	2.0243
-0.21979	3.24255	2.36241
-0.16357	13.4926	2.23308
-0.0719786	21.982	1.69512
0.0462712	28.3799	0.818731
0.171596	30.0779	-0.312698
0.257688	20.6622	-1.51179
0.298341	9.7566	-2.33548
0.297376	-0.231572	-2.72438
0.258874	-9.24044	-2.71508
0.187526	-17.1235	-2.34663
0.0885626	-23.7513	-1.66392
-0.0323761	-29.0253	-0.716996
-0.158863	-30.357	0.440156
-0.243611	-20.3393	1.65037
-0.271812	-6.76829	2.46118
-0.24855	5.58292	2.73095
-0.181538	16.0828	2.50831
-0.0782371	24.7923	1.86708
0.0533019	31.5693	0.878653
0.199753	35.1482	-0.379927
0.304253	25.0801	-1.78115
0.360859	13.5855	-2.78096
0.373016	2.91761	-3.3225
0.344859	-6.75782	-3.43873
0.280993	-15.3277	-3.16923
0.186605	-22.653	-2.55809
0.0673094	-28.631	-1.65493
-0.0678872	-32.4472	-0.513469
-0.194493	-30.3855	0.780098
-0.266842	-17.3637	1.99144
-0.284097	-4.14128	2.68362
-0.252873	7.49379	2.84865
-0.180721	17.3166	2.54982
-0.074648	25.4574	1.8594
0.0578689	31.8041	0.84446
0.197804	33.5843	-0.423477
0.295343	23.4095	-1.76235
0.346287	12.2265	-2.69556
0.353968	1.8435	-3.18292
0.322454	-7.56342	-3.25634
0.256293	-15.8785	-2.95473
0.160598	-22.9668	-2.32163
0.0415174	-28.5794	-1.40597
-0.0917224	-31.9776	-0.266572
-0.211879	-28.8375	1.00827
-0.27486	-15.1154	2.15789
-0.282616	-1.86151	2.76043
-0.242378	9.65709	2.83457
-0.1617	19.3627	2.44951
-0.04762	27.3792	1.67752
0.0917564	33.4503	0.585967
0.232873	33.8679	-0.747595
0.328253	22.8912	-2.09777
0.377432	11.803	-3.01031
0.383498	1.45581	-3.48078
0.350363	-7.95235	-3.53873
0.282476	-16.2929	-3.22161
0.184887	-23.4213	-2.57199
0.0631488	-29.2173	-1.63819
-0.0758021	-33.3482	-0.473365
-0.203017	-30.5316	0.856121
-0.274474	-17.1497	2.07328
-0.290203	-3.77489	2.75693
-0.257152	7.93221	2.90735
-0.183082	17.7769	2.59105
-0.0752184	25.8872	1.88228
0.0589544	32.2015	0.850201
0.198494	33.4894	-0.433579
0.296151	23.4378	-1.76867
0.348081	12.4631	-2.70301
0.35745	2.24866	-3.1998
0.328322	-6.99075	-3.28937
0.265187	-15.1525	-3.01059
0.173031	-22.1174	-2.40643
0.0572059	-27.7979	-1.52463
-0.0759967	-31.9686	-0.416386
-0.201196	-30.0479	0.8581
-0.270694	-16.6795	2.05598
-0.284583	-3.33331	2.72088
-0.249585	8.39948	2.8537
-0.173246	18.3213	2.51877
-0.0626057	26.5537	1.7883
0.0745545	32.9185	0.729648
0.221833	35.3468	-0.582713
0.324567	24.6561	-1.99185
0.379789	13.2533	-2.97475
0.390547	2.582	-3.50304
0.360757	-7.14976	-3.60589
0.294885	-15.8092	-3.32076
0.198024	-23.2465	-2.69042
0.0757518	-29.3454	-1.7636
-0.0651269	-33.8109	-0.593652
-0.195677	-31.332	0.754283
-0.271921	-18.2987	2.00336
-0.292255	-4.88001	2.73281
-0.263113	6.9941	2.92729
-0.192121	17.0379	2.64838
-0.0865396	25.3396	1.96908
0.0461707	31.8505	0.958825
0.190001	34.5192	-0.310966
0.291938	24.4651	-1.68711
0.345971	12.9679	-2.66241
0.355439	2.27233	-3.17932
0.324444	-7.43891	-3.26983
0.257582	-16.0468	-2.97319
0.160043	-23.4094	-2.33338
0.037537	-29.4014	-1.40007
-0.10298	-33.7241	-0.227909
-0.228999	-30.2446	1.11656
-0.296138	-16.1133	2.32227
-0.306098	-2.39046	2.96459
-0.266611	9.47702	3.05982
-0.185568	19.4502	2.68192
-0.0703881	27.6432	1.90644
0.0707896	33.8826	0.804358
0.218445	35.4374	-0.546443
0.320624	24.5229	-1.95919
0.374894	13.0247	-2.93678
0.384613	2.33258	-3.45596
0.354011	-7.34436	-3.54886
0.287782	-15.8951	-3.25598
0.191263	-23.1644	-2.62221
0.0702998	-29.0312	-1.69866
-0.0687	-33.36	-0.541251
-0.195347	-30.3953	0.788705
-0.267406	-17.2941	2.00044
-0.284252	-4.04304	2.68984
-0.252477	7.62596	2.85095
-0.179889	17.4211	2.54686
-0.0737979	25.4619	1.85228
0.0579318	31.6151	0.837156
0.199206	33.9058	-0.423248
0.296442	23.3366	-1.77494
0.346058	11.9079	-2.70525
0.351657	1.34369	-3.1799
0.31755	-8.18565	-3.23339
0.248441	-16.5861	-2.90698
0.149552	-23.7335	-2.24568
0.0265324	-29.5247	-1.29945
-0.113606	-33.6332	-0.122372
-0.203388	-21.5477	1.21847
-0.241041	-9.03679	2.07747
-0.230072	2.63253	2.43768
-0.176681	12.8139	2.33266
-0.0875787	21.3845	1.82176
0.029508	28.1008	0.969186
0.157488	30.7152	-0.151118
0.251917	22.663	-1.37562
0.301144	11.8145	-2.27908
0.308236	1.70201	-2.75002
0.277095	-7.4739	-2.81781
0.212108	-15.5969	-2.51978
0.118241	-22.5279	-1.89792
0.000948146	-28.1504	-0.999767
-0.128745	-31.1263	0.122514
-0.225311	-23.1759	1.36341
-0.265363	-9.61257	2.28731
-0.252631	3.05589	2.67047
-0.19472	13.8986	2.54858
-0.0990848	22.9524	1.99442
0.0265954	30.1632	1.07934
0.172266	34.9609	-0.123187
0.28509	27.0777	-1.51695
0.349803	15.5311	-2.59641
0.36945	4.71532	-3.21551
0.347861	-5.1814	-3.40341
0.289421	-14.0255	-3.19676
0.199169	-21.6606	-2.63753
0.0826706	-27.9595	-1.77394
-0.0540431	-32.8113	-0.659245
-0.187894	-32.1243	0.648841
-0.268009	-19.2276	1.92951
-0.291481	-5.63332	2.69599
-0.264688	6.43054	2.9205
-0.195523	16.5996	2.66407
-0.0913524	25.0008	2.00223
0.0405013	31.6449	1.00549
0.185161	34.7182	-0.25611
0.290474	25.2753	-1.6402
0.348369	13.8947	-2.64779
0.362065	3.28694	-3.20166
0.335537	-6.3665	-3.33262
0.273219	-14.9564	-3.07872
0.180114	-22.3452	-2.48238
0.0616505	-28.4312	-1.5915
-0.0759238	-33.0178	-0.458004
-0.20092	-29.9991	0.85831
-0.271289	-16.8884	2.05425
-0.286898	-3.74631	2.72748
-0.254295	7.8248	2.87676
-0.180753	17.65	2.56474
-0.0730637	25.8455	1.86103
0.0614695	32.288	0.830614
0.206042	34.6975	-0.456615
0.236341	7.27154	-1.83987
0.227197	-2.19441	-2.12971
0.182689	-10.682	-2.04218
0.107629	-18.0143	-1.61627
0.00749923	-24.0312	-0.898063
-0.111002	-28.4402	0.0599964
-0.220995	-26.3984	1.1938
-0.281178	-14.4438	2.24619
-0.285345	-1.00007	2.82195
-0.240939	10.6574	2.86175
-0.155226	20.571	2.4368
-0.0352774	28.7877	1.61665
0.110267	34.9308	0.468942
0.255797	34.9271	-0.923636
0.353231	23.3841	-2.31603
0.404257	12.2463	-3.24821
0.412166	1.89826	-3.73635
0.380962	-7.48912	-3.81193
0.31511	-15.8044	-3.51327
0.219638	-22.9133	-2.88312
0.100031	-28.7056	-1.96957
-0.0274342	-30.5917	-0.825131
-0.145352	-28.3003	0.394473
-0.221292	-18.2256	1.5227
-0.244601	-5.59401	2.24925
-0.220118	5.87583	2.4722
-0.155351	15.5441	2.23789
-0.0574672	23.4921	1.61815
0.0646636	29.3114	0.681558
0.182549	28.2926	-0.487001
0.259716	18.52	-1.61491
0.293411	8.08684	-2.3532
0.286952	-1.55022	-2.67553
0.244312	-10.2336	-2.61366
0.170277	-17.7684	-2.20562
0.0702353	-24.0099	-1.4972
-0.0498083	-28.8104	-0.539971
-0.178292	-30.836	0.608613
-0.26025	-19.67	1.83792
-0.284334	-5.78019	2.62204
-0.256547	6.66891	2.85241
-0.184836	17.2107	2.58647
-0.0767551	25.9393	1.90028
0.0597345	32.7575	0.866121
0.214313	37.0989	-0.439827
0.332654	28.4019	-1.91882
0.401318	16.4794	-3.05105
0.423485	5.31994	-3.70795
0.403243	-4.85805	-3.91994
0.345191	-13.9324	-3.72617
0.254322	-21.8086	-3.17064
0.13905	-27.6652	-2.30112
0.0242806	-27.5448	-1.19816
-0.0927058	-28.0767	-0.100014
-0.188637	-23.0234	1.01931
-0.2341	-10.9111	1.93714
-0.23225	0.443983	2.37208
-0.188601	10.4758	2.35432
-0.113834	17.944	1.93663
-0.0208748	22.3102	1.22121
0.0772605	23.5525	0.331755
0.161584	20.2377	-0.607208
0.207857	11.1055	-1.414
0.214988	1.71131	-1.8567
0.186988	-6.72003	-1.92488
0.128232	-14.1014	-1.65692
0.0435809	-20.3162	-1.09471
-0.061673	-25.2609	-0.284747
-0.163628	-24.4693	0.722323
-0.212559	-11.7433	1.69781
-0.208014	1.09071	2.16593
-0.15573	12.5482	2.12239
-0.0635955	22.1123	1.62208
0.0594549	29.5321	0.740504
0.201696	34.138	-0.436855
0.317304	27.7458	-1.7978
0.3864	16.583	-2.90388
0.40821	5.23452	-3.56492
0.386973	-5.097	-3.77351
0.327239	-14.3361	-3.57021
0.234224	-22.3238	-2.9986
0.11368	-28.9305	-2.10855
-0.0281522	-34.0397	-0.955142
-0.176228	-35.5383	0.401923
-0.27921	-24.7155	1.8187
-0.324553	-10.8825	2.80397
-0.3175	1.69281	3.23774
-0.265706	12.4307	3.17018
-0.176928	21.3065	2.67453
-0.058178	28.5001	1.82505
0.0798107	33.1173	0.688801
0.210206	31.295	-0.631485
0.296714	20.7619	-1.87909
0.338134	9.94072	-2.70674
0.338134	0	-3.10298
0.300743	-8.97391	-3.1029
0.230489	-16.8609	-2.74506
0.132396	-23.5423	-2.07281
0.0119726	-28.9016	-1.13421
-0.114709	-30.4036	0.0180244
-0.212114	-23.3772	1.23011
-0.254413	-10.1518	2.16204
-0.244649	2.34357	2.5667
-0.189939	13.1304	2.47321
-0.0977012	22.137	1.94968
0.0242209	29.2613	1.06711
0.166896	34.2419	-0.0994609
0.283113	27.8922	-1.46456
0.350071	16.07	-2.57649
0.370806	4.97643	-3.21708
0.349339	-5.15218	-3.41539
0.290143	-14.207	-3.2099
0.198324	-22.0365	-2.64344
0.0795	-28.5178	-1.76485
-0.0597543	-33.421	-0.627904
-0.199228	-33.4738	0.70449
-0.284223	-20.3987	2.03895
-0.311921	-6.64757	2.85212
-0.288901	5.52475	3.11706
-0.222714	15.8849	2.89673
-0.120558	24.5174	2.26339
0.0111309	31.6054	1.28591
0.157839	35.21	0.0258756
0.275769	28.3032	-1.37782
0.346784	17.0435	-2.50614
0.373808	6.48578	-3.18554
0.360532	-3.18632	-3.44402
0.311166	-11.8479	-3.31691
0.230534	-19.3516	-2.84449
0.123951	-25.5798	-2.07294
-0.00286386	-30.4357	-1.05311
-0.133969	-31.4651	0.160276
-0.22947	-22.9203	1.41467
-0.268408	-9.34513	2.32839
-0.254951	3.22969	2.70089
-0.196921	13.9272	2.57206
-0.101923	22.7994	2.01677
0.0222625	29.8046	1.10778
0.16545	34.3651	-0.0804474
0.276184	26.576	-1.45046
0.339912	15.2948	-2.50991
0.359175	4.62309	-3.1196
0.337687	-5.15705	-3.30383
0.279866	-13.8771	-3.09815
0.190758	-21.386	-2.54484
0.0759596	-27.5515	-1.69219
-0.0581662	-32.1902	-0.593769
-0.189954	-31.6291	0.689555
-0.26851	-18.8534	1.95047
-0.29135	-5.48159	2.70204
-0.264616	6.41605	2.92051
-0.195757	16.5263	2.66465
-0.0918222	24.9443	2.00573
0.0400709	31.6543	1.01124
0.189262	35.806	-0.25073
0.300185	26.6214	-1.67818
0.363078	15.0944	-2.73944
0.381092	4.32324	-3.34113
0.358112	-5.51525	-3.5134
0.29855	-14.2947	-3.29344
0.22269	-18.2064	-2.72347
0.135535	-20.9172	-1.99758
0.0282998	-25.7365	-1.16363
-0.0897909	-28.3418	-0.137582
-0.191193	-24.3366	0.992306
-0.239005	-11.4748	1.96249
-0.236151	0.684872	2.4199
-0.1886	11.4123	2.39254
-0.103477	20.4294	1.93751
0.00893648	26.9793	1.12301
0.132116	29.563	0.0474106
0.230364	23.5796	-1.13116
0.284446	12.9798	-2.07117
0.296954	3.00188	-2.58857
0.271689	-6.06354	-2.70818
0.212997	-14.0862	-2.46638
0.125874	-20.9094	-1.90475
0.0160924	-26.3476	-1.07112
-0.107379	-29.6331	-0.0207066
-0.203806	-23.1424	1.16066
-0.244147	-9.68189	2.08324
-0.232146	2.88021	2.46917
-0.174739	13.7777	2.35428
-0.0794916	22.8594	1.80495
0.0451398	29.9115	0.893583
0.188274	34.3521	-0.298907
0.296369	25.9428	-1.6684
0.355596	14.2146	-2.7026
0.369339	3.2982	-3.26922
0.34187	-6.59264	-3.40063
0.277805	-15.3756	-3.13772
0.182345	-22.9102	-2.52466
0.0611604	-29.0844	-1.61125
-0.0796716	-33.7997	-0.451721
-0.213028	-32.0054	0.895764
-0.290742	-18.6514	2.17168
-0.312958	-5.33195	2.91519
-0.286611	6.32324	3.12769
-0.219179	16.1839	2.87552
-0.117647	24.3677	2.23025
0.011794	31.0657	1.25874
0.156936	34.834	0.020229
0.271907	27.593	-1.36848
0.338997	16.1016	-2.46848
0.36137	5.36964	-3.11033
0.342882	-4.43724	-3.32432
0.287832	-13.2119	-3.14734
0.201092	-20.8175	-2.62055
0.0880246	-27.1363	-1.79056
-0.0450133	-31.9291	-0.708691
-0.169299	-29.8286	0.564225
-0.244829	-18.1273	1.75337
-0.2657	-5.0089	2.476
-0.236584	6.98784	2.67562
-0.16509	17.1586	2.39697
-0.0585394	25.572	1.71286
0.0745947	31.9522	0.693346
0.216541	34.0671	-0.580492
0.312998	23.1497	-1.93861
0.361893	11.7347	-2.86146
0.366598	1.12931	-3.32921
0.331281	-8.47605	-3.37414
0.260618	-16.9592	-3.03615
0.159878	-24.1776	-2.35997
0.0348334	-30.0107	-1.39603
-0.108183	-34.324	-0.199581
-0.23491	-30.4145	1.1688
-0.302062	-16.1165	2.38129
-0.312079	-2.40401	3.02373
-0.272915	9.39932	3.11949
-0.192485	19.3031	2.7447
-0.0781477	27.4411	1.97508
0.0627029	33.8041	0.881052
0.209594	35.2539	-0.466622
0.312468	24.6898	-1.87206
0.367675	13.2496	-2.85631
0.378597	2.62111	-3.38445
0.349227	-7.04878	-3.48886
0.284019	-15.6499	-3.20776
0.188105	-23.0193	-2.58377
0.0671283	-29.0344	-1.66601
-0.07181	-33.3452	-0.508471
-0.196793	-29.996	0.820896
-0.267005	-16.8508	2.01671
-0.282207	-3.64848	2.68844
-0.24913	7.93845	2.83383
-0.175308	17.7173	2.51727
-0.0676838	25.8299	1.81088
0.0661868	32.1289	0.781092
0.208911	34.2539	-0.499795
0.308482	23.8971	-1.86536
0.361041	12.6142	-2.81801
0.369698	2.07754	-3.32082
0.338372	-7.51819	-3.40356
0.271493	-16.0511	-3.10375
0.17419	-23.3526	-2.46377
0.0526124	-29.1786	-1.53272
-0.0868158	-33.4628	-0.369436
-0.213508	-30.4062	0.964615
-0.283881	-16.8894	2.17678
-0.298896	-3.60378	2.85004
-0.265474	8.02144	2.99364
-0.190813	17.9186	2.67377
-0.0816765	26.1927	1.95936
0.054887	32.7752	0.915094
0.200637	34.98	-0.391563
0.305279	25.1142	-1.78608
0.364046	14.1038	-2.78725
0.379769	3.7736	-3.34945
0.356028	-5.69773	-3.49981
0.296915	-14.1873	-3.27257
0.207234	-21.5234	-2.70689
0.0923546	-27.5709	-1.84876
-0.0418861	-32.2178	-0.749554
-0.171233	-31.0434	0.534872
-0.242537	-17.1128	1.77245
-0.263861	-5.11791	2.45463
-0.236312	6.61198	2.6586
-0.167339	16.5534	2.39493
-0.0639475	24.814	1.73495
0.0658379	31.1485	0.745658
0.195742	31.177	-0.496141
0.284017	21.186	-1.73905
0.327301	10.3882	-2.58361
0.328325	0.245655	-2.99769
0.290924	-8.9763	-3.0074
0.219621	-17.1127	-2.64948
0.126172	-22.4277	-1.96719
0.0286377	-23.4082	-1.07302
-0.0854331	-27.377	-0.139794
-0.184861	-23.8627	0.951632
-0.23153	-11.2005	1.90293
-0.227723	0.913579	2.3494
-0.178909	11.7155	2.31292
-0.0920657	20.8423	1.84581
0.0241082	27.8817	1.01485
0.153599	31.0777	-0.096719
0.254071	24.1134	-1.33567
0.309754	13.3639	-2.29696
0.32358	3.31816	-2.82967
0.299195	-5.85244	-2.96188
0.240728	-14.0321	-2.72849
0.152944	-21.0682	-2.16901
0.0412975	-26.7951	-1.32905
-0.0791223	-28.9007	-0.260788
-0.180247	-24.2699	0.891388
-0.228305	-11.534	1.85892
-0.22512	0.764358	2.31869
-0.176343	11.7065	2.28816
-0.0892054	20.913	1.8214
0.0281961	28.1764	0.987627
0.165619	32.9815	-0.13569
0.273164	25.8108	-1.45054
0.333643	14.515	-2.47949
0.349905	3.90282	-3.05809
0.325848	-5.7737	-3.2136
0.265721	-14.4304	-2.98334
0.174381	-21.9215	-2.40798
0.0572609	-28.1089	-1.53399
-0.0797262	-32.8769	-0.413345
-0.213893	-32.2	0.897352
-0.290655	-18.4228	2.18103
-0.310068	-4.65909	2.91542
-0.279448	7.34858	3.10109
-0.206755	17.4465	2.80805
-0.0994007	25.765	2.11245
0.0356647	32.4157	1.08524
0.184408	35.6983	-0.20709
0.294546	26.4332	-1.63025
0.356057	14.7627	-2.684
0.372135	3.85878	-3.27247
0.346833	-6.0726	-3.42622
0.284639	-14.9264	-3.18404
0.19061	-22.567	-2.5889
0.0703134	-28.8712	-1.68917
-0.0687633	-33.3784	-0.538135
-0.195678	-30.4596	0.792557
-0.26956	-17.7315	2.00685
-0.2886	-4.56976	2.71369
-0.258573	7.20665	2.8958
-0.186916	17.1976	2.60843
-0.0809369	25.435	1.92275
0.0516977	31.8323	0.908702
0.194739	34.33	-0.360362
0.296082	24.3222	-1.72897
0.350678	13.103	-2.69857
0.361585	2.61783	-3.22087
0.332633	-6.94848	-3.32515
0.268192	-15.466	-3.04805
0.173292	-22.7759	-2.4314
0.053633	-28.7181	-1.52334
-0.0842977	-33.1034	-0.378416
-0.208674	-29.8503	0.941307
-0.276005	-16.1596	2.13131
-0.287265	-2.70244	2.77548
-0.249542	9.05354	2.88314
-0.170401	18.9939	2.52214
-0.0569369	27.2314	1.76485
0.0829383	33.5701	0.679187
0.226001	34.3351	-0.65915
0.324551	23.6518	-2.02795
0.376208	12.3978	-2.97081
0.383971	1.863	-3.465
0.351749	-7.73317	-3.53918
0.283999	-16.2601	-3.2308
0.185881	-23.5482	-2.58248
0.0634942	-29.3728	-1.64363
-0.0761458	-33.5136	-0.472601
-0.202557	-30.3386	0.863479
-0.273015	-16.91	2.07295
-0.287762	-3.53919	2.74704
-0.253801	8.15049	2.88806
-0.178903	17.9755	2.56306
-0.0701952	26.09	1.84637
0.0646996	32.3747	0.806211
0.204527	33.5586	-0.484476
0.301106	23.179	-1.82233
0.350441	11.8404	-2.74635
0.355869	1.30266	-3.21831
0.321516	-8.24472	-3.27016
0.252014	-16.6805	-2.94139
0.152581	-23.8639	-2.27632
0.0289649	-29.6679	-1.3249
-0.111525	-33.7177	-0.142111
-0.228542	-28.0841	1.2021
-0.288627	-14.4203	2.32168
-0.29419	-1.33524	2.8965
-0.252716	9.95384	2.94966
-0.171474	19.4982	2.55276
-0.0571135	27.4465	1.77537
0.082953	33.616	0.681134
0.228061	34.8259	-0.659032
0.328744	24.164	-2.0474
0.3827	12.9493	-3.01068
0.392552	2.36457	-3.52685
0.362032	-7.32482	-3.62103
0.312664	-11.8484	-3.32892
0.242115	-16.9318	-2.85648
0.14754	-22.6979	-2.1814
0.0324334	-27.6256	-1.27646
-0.0919305	-29.8473	-0.175094
-0.199583	-25.8365	1.01482
-0.253085	-12.8406	2.0448
-0.254553	-0.352257	2.55666
-0.21029	10.6231	2.57064
-0.127349	19.9058	2.14706
-0.0136906	27.278	1.35343
0.113832	30.6055	0.265922
0.224525	26.5663	-0.954216
0.291484	16.0702	-2.0133
0.316625	6.03386	-2.65391
0.303312	-3.19512	-2.89439
0.255402	-11.4986	-2.76694
0.177409	-18.7182	-2.30846
0.0744155	-24.7185	-1.56218
-0.048046	-29.3908	-0.576697
-0.164096	-27.852	0.595022
-0.229723	-15.7506	1.70537
-0.24163	-2.85753	2.33324
-0.205056	8.77776	2.4471
-0.127526	18.6071	2.0971
-0.016749	26.5865	1.35525
0.118664	32.4992	0.295304
0.248068	31.0569	-1.00033
0.329247	19.4828	-2.23844
0.363984	8.33686	-3.01509
0.355821	-1.95904	-3.34738
0.308867	-11.2688	-3.26919
0.227897	-19.4328	-2.81986
0.118227	-26.3209	-2.04507
-0.0143488	-31.8182	-0.995698
-0.158955	-34.7054	0.272805
-0.26494	-25.4366	1.65638
-0.31381	-11.7287	2.6704
-0.309749	0.974523	3.13791
-0.260106	11.9143	3.09898
-0.172465	21.0339	2.62392
-0.0538067	28.478	1.78531
0.0886179	34.1819	0.649944
0.227192	33.2577	-0.712784
0.320219	22.3265	-2.03863
0.366947	11.2148	-2.92866
0.370525	0.858734	-3.37568
0.334897	-8.55069	-3.40983
0.264473	-16.9018	-3.06886
0.164239	-24.0564	-2.39497
0.0396907	-29.8915	-1.43586
-0.0898747	-31.0957	-0.244161
-0.200249	-26.4899	0.995519
-0.255975	-13.3743	2.05155
-0.25834	-0.567378	2.58469
-0.213916	10.6617	2.60724
-0.130133	20.108	2.18213
-0.0141574	27.8341	1.38044
0.124638	33.3109	0.270758
0.245423	28.9883	-1.05724
0.318459	17.5286	-2.21287
0.346435	6.71438	-2.91162
0.332913	-3.24523	-3.17922
0.281988	-12.222	-3.04977
0.198451	-20.049	-2.56244
0.0876688	-26.5877	-1.7631
-0.0444749	-31.7145	-0.703095
-0.182742	-33.1841	0.561268
-0.270231	-20.9974	1.88418
-0.299514	-7.02783	2.72123
-0.276654	5.48639	3.00133
-0.209423	16.1355	2.78253
-0.105336	24.9808	2.1392
0.028438	32.1058	1.14325
0.179789	36.3241	-0.136725
0.295273	27.7163	-1.58484
0.362081	16.0339	-2.68975
0.3832	5.06855	-3.32889
0.362513	-4.96478	-3.53087
0.304371	-13.9542	-3.33286
0.21376	-21.7465	-2.77647
0.0962765	-28.1961	-1.90944
-0.0415809	-33.0858	-0.785312
-0.172186	-31.3452	0.53372
-0.25429	-19.705	1.78333
-0.281391	-6.50417	2.56885
-0.258978	5.37924	2.82809
-0.194428	15.4918	2.61356
-0.0946603	23.9443	1.99589
0.0333232	30.716	1.04126
0.174734	33.9385	-0.183301
0.280668	25.4242	-1.5363
0.33976	14.1822	-2.54984
0.354922	3.63889	-3.11517
0.32985	-6.01739	-3.26016
0.268766	-14.6602	-3.02018
0.176499	-22.144	-2.43566
0.0583868	-28.347	-1.5528
-0.0792065	-33.0224	-0.422663
-0.205599	-30.3343	0.893833
-0.276649	-17.052	2.10313
-0.292259	-3.74621	2.78288
-0.259001	7.98188	2.93216
-0.184122	17.9709	2.61387
-0.0744339	26.3252	1.89737
0.0628255	32.9423	0.84783
0.209467	35.194	-0.465482
0.31446	25.1983	-1.86853
0.373654	14.2065	-2.87305
0.389574	3.82084	-3.43934
0.36559	-5.75609	-3.59158
0.305708	-14.3718	-3.36201
0.231767	-17.7459	-2.78897
0.145632	-20.6724	-2.08144
0.0389282	-25.6088	-1.25725
-0.0800434	-28.5532	-0.236285
-0.184178	-24.9922	0.902034
-0.236306	-12.5109	1.89836
-0.237702	-0.335093	2.39708
-0.194086	10.4681	2.41037
-0.112396	19.6054	1.99299
-0.00139472	26.6404	1.21134
0.119199	28.9426	0.149251
0.2195	24.072	-1.00459
0.276327	13.6385	-1.96423
0.292157	3.79928	-2.5079
0.270529	-5.1907	-2.6593
0.215444	-13.2204	-2.4523
0.131502	-20.1461	-1.92519
0.0238184	-25.844	-1.12198
-0.100467	-29.8284	-0.0916479
-0.201478	-24.2428	1.09751
-0.247558	-11.0592	2.06395
-0.241569	1.43745	2.50479
-0.189784	12.4285	2.44742
-0.099304	21.7151	1.95188
0.0222385	29.1702	1.08613
0.165831	34.4623	-0.0768152
0.28744	29.186	-1.4507
0.3619	17.8706	-2.61421
0.39102	6.9887	-3.32658
0.378177	-3.08227	-3.60511
0.327246	-12.2234	-3.48214
0.242784	-20.2711	-2.99475
0.12999	-27.0704	-2.18654
-0.00492319	-32.3792	-1.10728
-0.14199	-32.8959	0.183593
-0.243323	-24.32	1.49503
-0.289275	-11.0285	2.46454
-0.28353	1.3786	2.90415
-0.233181	12.0838	2.84911
-0.145127	21.133	2.3673
-0.0255796	28.6914	1.52474
0.112902	33.2356	0.380879
0.237049	29.7952	-0.944116
0.31618	18.9915	-2.13192
0.35131	8.43118	-2.88899
0.345448	-1.40679	-3.22504
0.30233	-10.3483	-3.16888
0.226393	-18.225	-2.75625
0.123021	-24.8093	-2.02961
-0.00197228	-29.9983	-1.0405
-0.133508	-31.5686	0.155454
-0.229366	-23.0058	1.41398
-0.269029	-9.51917	2.3311
-0.256304	3.05407	2.71054
-0.198694	13.8262	2.58871
-0.103571	22.8296	2.03745
0.0216054	30.0424	1.12726
0.167753	35.0755	-0.070453
0.283684	27.8233	-1.46879
0.351536	16.2845	-2.57797
0.373935	5.37588	-3.22711
0.354562	-4.6497	-3.44134
0.297593	-13.6725	-3.25589
0.207834	-21.542	-2.71073
0.0906058	-28.1349	-1.85186
-0.0482607	-33.328	-0.730175
-0.168964	-28.9687	0.598511
-0.24054	-17.1783	1.75337
-0.25947	-4.54319	2.43817
-0.230752	6.89243	2.61923
-0.161344	16.6579	2.34438
-0.0577473	24.8631	1.68023
0.0687632	30.3625	0.688985
0.19681	30.7313	-0.521479
0.282971	20.6785	-1.74662
0.324341	9.92875	-2.57095
0.324262	-0.0188795	-2.96671
0.286425	-9.08088	-2.96588
0.215178	-17.0992	-2.60378
0.115437	-23.9378	-1.92203
-0.00384402	-28.6276	-0.96767
-0.126985	-29.5537	0.173633
-0.216309	-21.4377	1.35183
-0.251857	-8.53173	2.20644
-0.237097	3.54247	2.54652
-0.178803	13.9905	2.40522
-0.0837956	22.8019	1.84741
0.0403693	29.7996	0.938336
0.176755	32.7326	-0.249692
0.277929	24.2818	-1.55462
0.334034	13.4651	-2.52261
0.347428	3.21452	-3.05935
0.32163	-6.19156	-3.18742
0.260977	-14.5566	-2.94051
0.170684	-21.6703	-2.36012
0.0561143	-27.4968	-1.49614
-0.0766935	-31.8739	-0.399901
-0.196876	-28.8439	0.870806
-0.261933	-15.6135	2.02069
-0.272221	-2.46927	2.64309
-0.234266	9.10938	2.74147
-0.155618	18.8754	2.37824
-0.043345	26.9455	1.62568
0.0942561	33.0243	0.551416
0.228754	32.2796	-0.765159
0.318237	21.4758	-2.05201
0.362221	10.5562	-2.90813
0.363288	0.256035	-3.32889
0.325152	-9.15261	-3.33901
0.2523	-17.4845	-2.97404
0.150046	-24.5408	-2.27693
0.0242955	-30.1802	-1.29851
-0.115214	-33.4823	-0.0953009
-0.229009	-27.3107	1.23952
-0.286492	-13.796	2.32827
-0.290105	-0.867119	2.87821
-0.247276	10.2789	2.9127
-0.165174	19.7046	2.50285
-0.0503083	27.5677	1.71723
0.0898566	33.6396	0.618158
0.228311	33.2291	-0.722949
0.321652	22.4017	-2.04766
0.368816	11.3195	-2.94068
0.372806	0.957601	-3.39187
0.337435	-8.48907	-3.42996
0.267008	-16.9025	-3.09145
0.16644	-24.1362	-2.41753
0.041178	-30.0629	-1.45524
-0.0946885	-32.608	-0.256701
-0.210407	-27.7724	1.04327
-0.270238	-14.3594	2.15043
-0.276226	-1.43714	2.72283
-0.235186	9.8495	2.78006
-0.154248	19.4252	2.38732
-0.0399543	27.4304	1.61284
0.0998098	33.5434	0.519249
0.234323	32.2832	-0.81802
0.323972	21.5158	-2.10502
0.367954	10.5556	-2.96272
0.368901	0.227224	-3.38346
0.330555	-9.20291	-3.39244
0.257353	-17.5687	-3.02546
0.154602	-24.66	-2.32498
0.0284529	-30.2759	-1.34182
-0.109787	-33.1775	-0.134792
-0.223964	-27.4026	1.18788
-0.280988	-13.6859	2.28029
-0.283238	-0.539772	2.82584
-0.238349	10.7732	2.84729
-0.153812	20.289	2.41772
-0.0366702	28.1139	1.60881
0.104378	33.8516	0.487968
0.235166	31.3891	-0.861586
0.319313	20.1953	-2.11294
0.357429	9.14793	-2.918
0.352893	-1.08867	-3.28262
0.309597	-10.391	-3.23913
0.232126	-18.5931	-2.8248
0.12567	-25.5495	-2.08349
-0.00405105	-31.1329	-1.06487
-0.140987	-32.8645	0.176321
-0.241691	-24.169	1.48651
-0.285946	-10.6213	2.45
-0.277759	1.96488	2.87337
-0.224443	12.7957	2.79496
-0.133177	21.9041	2.28477
-0.0104042	29.4654	1.41148
0.133881	34.6284	0.236762
0.259038	30.0378	-1.14375
0.336569	18.6074	-2.34123
0.368847	7.7468	-3.08298
0.359252	-2.30293	-3.39174
0.311609	-11.4343	-3.29984
0.230422	-19.4849	-2.84391
0.120776	-26.3149	-2.06705
-0.0117027	-31.795	-1.01791
-0.146499	-32.3511	0.249664
-0.233006	-20.7616	1.53938
-0.268038	-8.40772	2.36703
-0.251908	3.87123	2.70216
-0.191702	14.4493	2.54776
-0.0943245	23.3707	1.97165
0.0329884	30.5551	1.03989
0.175222	34.1361	-0.178256
0.283744	26.0454	-1.53914
0.345841	14.9031	-2.57743
0.363963	4.34926	-3.1715
0.341511	-5.38832	-3.34481
0.292261	-11.8202	-3.12991
0.222548	-16.731	-2.65861
0.128988	-22.4545	-1.99154
0.0150544	-27.344	-1.0963
-0.112457	-30.6027	-0.00616752
-0.219504	-25.6913	1.21385
-0.271298	-12.4307	2.23804
-0.269878	0.340873	2.73355
-0.222252	11.4303	2.71989
-0.135629	20.7895	2.26414
-0.0172188	28.4184	1.43527
0.117643	32.3669	0.302297
0.237162	28.6844	-0.988063
0.311433	17.825	-2.13158
0.342083	7.35599	-2.84215
0.332334	-2.33976	-3.13534
0.285936	-11.1354	-3.04198
0.207262	-18.8817	-2.59797
0.101494	-25.3843	-1.84516
-0.0225627	-29.7736	-0.833129
-0.140938	-28.41	0.353859
-0.218743	-18.6734	1.48646
-0.24386	-6.0279	2.23086
-0.220428	5.62357	2.47111
-0.155362	15.616	2.24686
-0.0554348	23.9824	1.62425
0.071433	30.4483	0.668111
0.205285	32.1244	-0.545771
0.297536	22.1404	-1.82644
0.344094	11.1739	-2.70906
0.347885	0.909707	-3.15445
0.312637	-8.45931	-3.19064
0.242607	-16.8074	-2.85331
0.14268	-23.9824	-2.18319
0.0186772	-29.7607	-1.22704
-0.121623	-33.672	-0.0405601
-0.235481	-27.3258	1.30183
-0.293183	-13.8486	2.39118
-0.296981	-0.911651	2.94321
-0.253964	10.3241	2.97948
-0.171022	19.9062	2.56781
-0.0545384	27.9561	1.77416
0.0878743	34.1791	0.659606
0.230979	34.3451	-0.703009
0.330636	23.9177	-2.07221
0.385259	13.1094	-3.02567
0.397247	2.87715	-3.54822
0.370025	-6.53317	-3.66283
0.307723	-14.9526	-3.40228
0.215058	-22.2396	-2.80609
0.0972363	-28.2772	-1.91941
-0.0352026	-31.7853	-0.79205
-0.15783	-29.4306	0.475139
-0.234293	-18.3511	1.64842
-0.256809	-5.40373	2.37997
-0.230224	6.38028	2.59534
-0.161892	16.3998	2.34091
-0.0587139	24.7627	1.68705
0.0712675	31.1955	0.699809
0.201947	31.363	-0.543865
0.291113	21.4	-1.79418
0.335782	10.7206	-2.64728
0.338833	0.732243	-3.0746
0.304075	-8.34211	-3.10372
0.235764	-16.3945	-2.77107
0.138889	-23.25	-2.11741
0.0371032	-24.4286	-1.19046
-0.084486	-29.1814	-0.216548
-0.196418	-26.8636	0.946817
-0.255138	-14.0929	2.01775
-0.260985	-1.40335	2.57953
-0.220118	9.80807	2.63541
-0.139568	19.3321	2.24433
-0.0259026	27.2796	1.47357
0.108621	32.2856	0.385989
0.236035	30.5794	-0.901135
0.319134	19.9438	-2.1202
0.358887	9.54077	-2.91524
0.358252	-0.152542	-3.29552
0.320577	-9.0419	-3.28936
0.250091	-16.9166	-2.92881
0.151516	-23.658	-2.25433
0.0305153	-29.0402	-1.31111
-0.091492	-29.2818	-0.153345
-0.191819	-24.0786	1.01402
-0.239939	-11.5487	1.97392
-0.238545	0.334701	2.43428
-0.193189	10.8853	2.42087
-0.110451	19.8572	1.98685
0.00275647	27.1697	1.19516
0.133687	31.4234	0.111971
0.244649	26.6308	-1.14077
0.310442	15.7905	-2.20242
0.333074	5.43158	-2.83187
0.315508	-4.21575	-3.04834
0.261516	-12.9581	-2.88019
0.175818	-20.5675	-2.36353
0.0638494	-26.8726	-1.54351
-0.0688315	-31.8434	-0.472162
-0.198952	-31.2288	0.797333
-0.275162	-18.2906	2.0423
-0.295513	-4.88418	2.77142
-0.265917	7.10307	2.96607
-0.19354	17.3704	2.68282
-0.0852948	25.9789	1.99025
0.0516694	32.8714	0.954515
0.201822	36.0366	-0.355977
0.311823	26.4003	-1.79262
0.374759	15.1046	-2.84506
0.392963	4.36902	-3.44715
0.370003	-5.51038	-3.62124
0.309983	-14.4048	-3.40147
0.217712	-22.1452	-2.82712
0.0986068	-28.5852	-1.9442
-0.0396459	-33.1806	-0.80456
-0.168855	-31.0102	0.518255
-0.249483	-19.3507	1.75451
-0.27507	-6.1409	2.52591
-0.250805	5.82361	2.77066
-0.183999	16.0335	2.53842
-0.0814866	24.6029	1.89916
0.0491995	31.3647	0.918277
0.187747	33.2515	-0.332145
0.286963	23.8117	-1.65776
0.339959	12.7192	-2.607
0.349591	2.31153	-3.114
0.319552	-7.20914	-3.20608
0.254064	-15.7173	-2.91859
0.157972	-23.0621	-2.29192
0.0366871	-29.1083	-1.37246
-0.103737	-33.7018	-0.211985
-0.224906	-29.0804	1.13159
-0.289885	-15.595	2.2909
-0.299386	-2.28033	2.91256
-0.260719	9.28002	3.00339
-0.181119	19.1041	2.63335
-0.0673041	27.3156	1.87167
0.0732989	33.7447	0.782647
0.223358	36.0143	-0.562655
0.329043	25.3643	-1.9984
0.387393	14.0039	-3.00954
0.401095	3.28855	-3.56775
0.373592	-6.6007	-3.69876
0.308919	-15.5215	-3.43552
0.211869	-23.2921	-2.81665
0.0879293	-29.7455	-1.888
-0.0527723	-33.7684	-0.702107
-0.182698	-31.1823	0.644135
-0.260534	-18.6805	1.88725
-0.282967	-5.384	2.63192
-0.255773	6.52658	2.8465
-0.186303	16.6728	2.58623
-0.0815054	25.1515	1.92148
0.05133	31.8805	0.918731
0.189786	33.2295	-0.352254
0.289425	23.9132	-1.67699
0.343859	13.0643	-2.63028
0.355619	2.82225	-3.15104
0.328107	-6.60281	-3.26347
0.265581	-15.0061	-3.00016
0.17306	-22.2052	-2.40185
0.0558588	-28.1282	-1.51654
-0.0802195	-32.6588	-0.395132
-0.207283	-30.4953	0.906868
-0.278466	-17.0839	2.12258
-0.294098	-3.7517	2.8036
-0.260962	7.95262	2.9531
-0.186384	17.8988	2.63598
-0.0771785	26.2094	1.92235
0.0595166	32.8068	0.87743
0.206462	35.2669	-0.430484
0.312146	25.3643	-1.83644
0.372031	14.3724	-2.84758
0.388276	3.89876	-3.42048
0.36412	-5.79752	-3.57582
0.333524	-7.34304	-3.34461
0.277139	-13.5325	-3.05178
0.193426	-20.0911	-2.51221
0.087126	-25.5119	-1.71119
-0.0287357	-27.8068	-0.694075
-0.136278	-25.81	0.414501
-0.202426	-15.8757	1.44345
-0.218371	-3.82681	2.07631
-0.188777	7.10253	2.22882
-0.120035	16.4983	1.94561
-0.0195731	24.1108	1.28783
0.103843	29.6199	0.326592
0.218807	27.5913	-0.854259
0.289009	16.8485	-1.9542
0.315628	6.38853	-2.62584
0.302348	-3.18714	-2.88046
0.253114	-11.8161	-2.75333
0.172603	-19.3228	-2.2822
0.0661502	-25.5486	-1.51181
-0.0605848	-30.4164	-0.493238
-0.192886	-31.7523	0.719368
-0.275396	-19.8023	1.9852
-0.300651	-6.06137	2.7746
-0.274845	6.19355	3.01617
-0.205455	16.6535	2.76918
-0.0997256	25.3751	2.10519
0.0352534	32.3949	1.09352
0.187324	36.497	-0.197977
0.306984	28.7184	-1.65298
0.37928	17.3511	-2.79784
0.406938	6.63789	-3.48949
0.393608	-3.19937	-3.75403
0.343337	-12.0648	-3.62639
0.26087	-19.7923	-3.14532
0.151535	-26.2402	-2.35619
0.0215911	-31.1866	-1.31003
-0.107743	-31.0402	-0.0666925
-0.209302	-24.3741	1.17077
-0.255797	-11.1587	2.14245
-0.250659	1.23303	2.58726
-0.200965	11.9267	2.53803
-0.114053	20.8588	2.06249
0.00278012	28.0399	1.23087
0.13584	31.9344	0.11299
0.24504	26.2079	-1.16013
0.308252	15.1709	-2.20491
0.327601	4.64368	-2.80967
0.306943	-4.95777	-2.99472
0.250674	-13.5045	-2.797
0.16378	-20.8545	-2.25855
0.051714	-26.8959	-1.4271
-0.0796443	-31.526	-0.354815
-0.209697	-31.2127	0.902023
-0.282559	-17.4867	2.14634
-0.298444	-3.81253	2.84342
-0.264462	8.15563	2.99534
-0.188236	18.2944	2.67013
-0.0770002	26.6965	1.94072
0.0614162	33.2199	0.876379
0.215869	37.0687	-0.448005
0.328401	27.0077	-1.92579
0.391971	15.2566	-3.00245
0.409766	4.27082	-3.6106
0.385815	-5.74819	-3.78077
0.324565	-14.6999	-3.55151
0.231066	-22.4398	-2.96539
0.11085	-28.8518	-2.07072
-0.0293967	-33.6592	-0.920446
-0.163382	-32.1565	0.421451
-0.252622	-21.4175	1.70341
-0.286915	-8.23038	2.5572
-0.270894	3.84513	2.88525
-0.21197	14.1417	2.73189
-0.117439	22.6874	2.16804
0.00567012	29.5463	1.26352
0.14604	33.6887	0.0855813
0.258932	27.094	-1.25747
0.323648	15.5319	-2.33758
0.343432	4.74816	-2.95673
0.322245	-5.08477	-3.14594
0.264544	-13.8483	-2.94315
0.17543	-21.3874	-2.391
0.0604849	-27.5869	-1.5383
-0.0742676	-32.3406	-0.438468
-0.20815	-32.1319	0.850848
-0.285387	-18.5367	2.13181
-0.304404	-4.5641	2.87075
-0.274237	7.23997	3.05263
-0.205045	16.6062	2.76392
-0.0995987	25.307	2.10182
0.0346633	32.2229	1.09286
0.18667	36.4817	-0.191779
0.301648	27.5945	-1.64617
0.368007	15.9263	-2.74622
0.388981	5.03377	-3.38108
0.368533	-4.90763	-3.58167
0.336111	-7.78131	-3.38593
0.278233	-13.8906	-3.07563
0.189703	-21.2473	-2.52179
0.0760941	-27.266	-1.67467
-0.0528137	-30.9379	-0.587625
-0.170597	-28.268	0.645772
-0.237269	-16.0012	1.7727
-0.250914	-3.27485	2.41057
-0.217357	8.0536	2.54106
-0.144132	17.574	2.21993
-0.0382632	25.4085	1.51926
0.0917788	31.2101	0.506269
0.215026	29.5792	-0.737979
0.293423	18.8154	-1.91718
0.326876	8.02858	-2.66723
0.319153	-1.85334	-2.98724
0.274356	-10.7514	-2.91328
0.197204	-18.5163	-2.48458
0.0929509	-25.0208	-1.74634
-0.0326827	-30.1521	-0.748804
-0.164364	-31.6036	0.453271
-0.249097	-20.3358	1.71318
-0.277987	-6.93363	2.52385
-0.256141	5.24297	2.80021
-0.190934	15.6497	2.59112
-0.0895026	24.3436	1.96715
0.0407564	31.2622	0.996611
0.190727	35.993	-0.249725
0.305266	27.4894	-1.68463
0.372745	16.1949	-2.78049
0.395521	5.4662	-3.42606
0.377034	-4.43672	-3.64389
0.321576	-13.3099	-3.46692
0.234233	-20.9624	-2.93621
0.120479	-27.3009	-2.10044
-0.0139926	-32.2733	-1.012
-0.148827	-32.3603	0.274648
-0.243376	-22.6917	1.56473
-0.282193	-9.31605	2.46933
-0.269536	3.0375	2.84066
-0.212783	13.6209	2.71949
-0.119246	22.4488	2.17641
0.00416539	29.6187	1.2814
0.144437	33.6651	0.100572
0.259504	27.6161	-1.24154
0.327822	16.3965	-2.34246
0.352226	5.85693	-2.99607
0.336492	-3.77635	-3.22949
0.284807	-12.4042	-3.07886
0.208383	-18.3418	-2.58427
0.111534	-23.2439	-1.85299
-0.00729945	-28.5199	-0.926287
-0.140524	-31.9738	0.210724
-0.237153	-23.191	1.4854
-0.276919	-9.54398	2.40991
-0.26403	3.09338	2.79033
-0.20611	13.9008	2.66693
-0.110647	22.9112	2.11269
0.0150952	30.1781	1.19925
0.161029	35.0242	-0.00387658
0.280434	28.657	-1.40017
0.352936	17.4005	-2.54259
0.381403	6.83216	-3.23622
0.369303	-2.90404	-3.50851
0.320464	-11.7213	-3.39265
0.239511	-19.4287	-2.92527
0.131765	-25.859	-2.15065
0.00284338	-30.9413	-1.11969
-0.129103	-31.6671	0.11386
-0.227208	-23.5452	1.37631
-0.270653	-10.4268	2.31494
-0.263007	1.83488	2.73056
-0.21158	12.3425	2.65734
-0.123416	21.1594	2.16522
-0.00519414	28.3733	1.32161
0.133678	33.3294	0.190437
0.251802	28.3496	-1.13829
0.322348	16.931	-2.26846
0.348214	6.20792	-2.94339
0.333119	-3.62276	-3.1908
0.281222	-12.4554	-3.04629
0.197293	-20.1429	-2.54966
0.0866392	-26.5569	-1.74657
-0.0449314	-31.5769	-0.687798
-0.177076	-31.7148	0.571079
-0.257859	-19.388	1.83542
-0.282656	-5.9512	2.6083
-0.257012	6.15459	2.84549
-0.188317	16.4867	2.60005
-0.0836546	25.119	1.94272
0.0495105	31.9596	0.941263
0.200356	36.2029	-0.332878
0.310403	26.4112	-1.77615
0.372353	14.8681	-2.82903
0.389253	4.05591	-3.4217
0.365035	-5.81229	-3.5833
0.304078	-14.6296	-3.3515
0.211401	-22.2426	-2.76818
0.0925367	-28.5274	-1.88138
-0.0459107	-33.2274	-0.744046
-0.180189	-32.2268	0.580629
-0.261713	-19.5656	1.86538
-0.286725	-6.00289	2.64535
-0.26124	6.11624	2.88459
-0.193104	16.3528	2.64069
-0.0897427	24.8066	1.98869
0.0410136	31.3815	0.999689
0.18395	34.3047	-0.251406
0.288359	25.0583	-1.61901
0.345103	13.6184	-2.61795
0.357423	2.95679	-3.1608
0.329438	-6.71638	-3.2786
0.265692	-15.2989	-3.01076
0.1713	-22.6541	-2.40077
0.0517952	-28.6812	-1.49757
-0.0868546	-33.2759	-0.354114
-0.21444	-30.6204	0.972488
-0.285147	-16.9698	2.19319
-0.300129	-3.59568	2.86966
-0.266475	8.07698	3.01293
-0.191832	17.9144	2.69086
-0.0833814	26.028	1.9766
0.0516761	32.4138	0.938906
0.201333	35.9177	-0.353342
0.30941	25.9385	-1.78524
0.369445	14.4084	-2.81927
0.384647	3.64853	-3.39361
0.358909	-6.17722	-3.53898
0.296645	-14.9432	-3.29263
0.202873	-22.5054	-2.69681
0.0831196	-28.7408	-1.79953
-0.0549416	-33.1347	-0.653695
-0.183001	-30.7342	0.667285
-0.258839	-18.2011	1.89253
-0.277267	-4.42267	2.6181
-0.246834	7.30379	2.79435
-0.174852	17.2756	2.5031
-0.0682253	25.5905	1.81432
0.0653226	32.0515	0.794067
0.206513	33.8857	-0.483733
0.304622	23.5462	-1.83462
0.355665	12.2503	-2.77328
0.362755	1.70146	-3.26159
0.329896	-7.88617	-3.32934
0.261667	-16.3749	-3.01486
0.177355	-20.2349	-2.36197
0.0831343	-22.6129	-1.55522
-0.0298691	-27.1208	-0.653685
-0.150106	-28.8569	0.427543
-0.231442	-19.5205	1.57795
-0.258589	-6.51529	2.35613
-0.235994	5.4228	2.61581
-0.17098	15.6034	2.39955
-0.070572	24.0978	1.77744
0.053422	29.7586	0.816699
0.180462	30.4895	-0.36969
0.268818	21.2056	-1.58519
0.312401	10.4597	-2.43054
0.314349	0.467497	-2.84747
0.278742	-8.54551	-2.86604
0.210098	-16.4747	-2.52529
0.113494	-23.1849	-1.86843
-0.0052181	-28.4908	-0.944087
-0.124599	-28.6514	0.191765
-0.208164	-20.0556	1.33399
-0.238317	-7.23665	2.1335
-0.218999	4.63615	2.42195
-0.156992	14.8818	2.23706
-0.0594615	23.4073	1.64371
0.0654119	29.9696	0.710507
0.201703	32.7099	-0.484294
0.297969	23.1039	-1.78831
0.347437	11.8724	-2.70933
0.353325	1.41314	-3.18257
0.319581	-8.09853	-3.23883
0.250656	-16.5421	-2.91589
0.151605	-23.7722	-2.25634
0.028109	-29.6391	-1.30857
-0.113068	-33.8826	-0.12693
-0.231719	-28.4761	1.22385
-0.292483	-14.5834	2.35906
-0.297681	-1.24754	2.94039
-0.254951	10.2552	2.99005
-0.171732	19.9725	2.58113
-0.0549279	28.033	1.78483
0.0872572	34.1244	0.66721
0.230228	34.313	-0.693227
0.328849	23.6691	-2.06115
0.381105	12.5414	-3.0047
0.389789	2.08412	-3.5046
0.358718	-7.45691	-3.5876
0.292308	-15.9385	-3.29023
0.19575	-23.174	-2.65473
0.075203	-28.9312	-1.7308
-0.0597834	-32.3967	-0.577375
-0.181005	-29.0931	0.714183
-0.249129	-16.3497	1.874
-0.262824	-3.28682	2.52576
-0.228244	8.29905	2.65673
-0.153084	18.0385	2.32581
-0.0446452	26.0253	1.60662
0.0882916	31.9048	0.569041
0.220123	31.6396	-0.702906
0.30607	20.6273	-1.96425
0.345005	9.34432	-2.78653
0.340677	-1.0387	-3.15899
0.297279	-10.4156	-3.1175
0.219635	-18.6344	-2.70219
0.113114	-25.5651	-1.95923
-0.0164392	-31.0928	-0.939993
-0.161133	-34.7265	0.29959
-0.264706	-24.8575	1.684
-0.310252	-10.9312	2.67494
-0.302586	1.83997	3.11066
-0.24918	12.8173	3.03723
-0.157363	22.0361	2.52617
-0.0337401	29.6696	1.6476
0.113868	35.426	0.46474
0.25674	34.2891	-0.947581
0.350716	22.5542	-2.31454
0.397585	11.2488	-3.21364
0.400545	0.710343	-3.66201
0.36356	-8.87631	-3.69023
0.291102	-17.3901	-3.33627
0.188216	-24.6925	-2.64291
0.0604664	-30.66	-1.65844
-0.0758856	-32.7245	-0.436092
-0.197536	-29.196	0.868527
-0.265194	-16.238	2.03245
-0.278638	-3.22656	2.67975
-0.244237	8.25634	2.80831
-0.169287	17.9879	2.47909
-0.0605427	26.0986	1.76191
0.0743456	32.3732	0.721404
0.207208	31.887	-0.569219
0.297751	21.7304	-1.84043
0.342627	10.77	-2.70669
0.344795	0.52032	-3.13599
0.30822	-8.77782	-3.15665
0.237424	-16.991	-2.80663
0.137641	-23.948	-2.12919
0.0150112	-29.4312	-1.17441
-0.122513	-33.0059	-0.00106865
-0.232237	-26.3336	1.31476
-0.28395	-12.4111	2.36455
-0.280925	0.726005	2.85928
-0.230757	12.0403	2.83026
-0.141092	21.5195	2.35019
-0.01894	29.3165	1.49222
0.126926	35.0078	0.323436
0.262606	32.5633	-1.07221
0.348931	20.7178	-2.37037
0.388329	9.45564	-3.19625
0.384388	-0.945901	-3.57314
0.340972	-10.4198	-3.53533
0.262717	-18.7812	-3.11985
0.154891	-25.8784	-2.37103
0.0232661	-31.5899	-1.33929
-0.118637	-34.0567	-0.0798795
-0.206012	-20.97	1.27784
-0.239174	-7.95904	2.11381
-0.222276	4.05551	2.43105
-0.162112	14.4396	2.26931
-0.0658889	23.0934	1.6936
0.0580753	29.7514	0.772902
0.197761	33.5246	-0.413201
0.298535	24.1858	-1.7497
0.351709	12.7617	-2.71386
0.360684	2.15406	-3.22255
0.329562	-7.46934	-3.30834
0.262911	-15.9963	-3.01048
0.165867	-23.2905	-2.37269
0.0441929	-29.2017	-1.44412
-0.095272	-33.4716	-0.279915
-0.220075	-29.9527	1.05449
-0.287076	-16.0803	2.24857
-0.297929	-2.60458	2.88957
-0.260054	9.09	2.99334
-0.181007	18.9712	2.63087
-0.0678972	27.1463	1.87449
0.0716386	33.4886	0.792213
0.216039	34.6562	-0.542879
0.316994	24.2291	-1.92448
0.371736	13.138	-2.89036
0.383392	2.79747	-3.41406
0.35588	-6.60295	-3.5255
0.293626	-14.9408	-3.26217
0.201649	-22.0744	-2.66645
0.0854444	-27.8892	-1.78635
-0.0485759	-32.1649	-0.674465
-0.174282	-30.1695	0.60785
-0.247714	-17.6235	1.81059
-0.266085	-4.40916	2.51313
-0.235307	7.38674	2.68884
-0.163251	17.2934	2.39429
-0.0574048	25.4031	1.7048
0.0738352	31.4976	0.692024
0.212909	33.3777	-0.563691
0.30694	22.5675	-1.89433
0.353621	11.2035	-2.79397
0.356058	0.584766	-3.24054
0.318707	-8.96425	-3.26377
0.246453	-17.3409	-2.90631
0.144775	-24.4028	-2.21492
0.0196254	-30.0359	-1.24201
-0.122263	-34.0531	-0.0445572
-0.240057	-28.2706	1.31302
-0.299736	-14.323	2.44004
-0.304201	-1.07146	3.01098
-0.261082	10.3486	3.05362
-0.177883	19.9675	2.64098
-0.0615585	27.918	1.84488
0.0803731	34.0636	0.73184
0.230496	36.0294	-0.626173
0.334865	25.0487	-2.06252
0.391321	13.5495	-3.06107
0.403138	2.83605	-3.60117
0.374322	-6.91597	-3.71414
0.309381	-15.5859	-3.43833
0.213451	-23.0232	-2.81689
0.0924881	-29.031	-1.89896
-0.0451883	-33.0423	-0.741552
-0.172283	-30.5028	0.575746
-0.246224	-17.7458	1.79177
-0.25974	-3.24387	2.49919
-0.224556	8.44423	2.62844
-0.148404	18.2765	2.29174
-0.0385268	26.3706	1.56306
0.0962885	32.3557	0.511718
0.232077	32.5892	-0.778201
0.321336	21.4223	-2.0774
0.36418	10.2825	-2.93138
0.363755	-0.102109	-3.34123
0.324086	-9.52053	-3.33707
0.250034	-17.7725	-2.95744
0.147182	-24.6845	-2.24884
0.0250875	-29.3026	-1.2647
-0.100135	-30.0534	-0.0964751
-0.205008	-25.1695	1.10165
-0.252812	-11.473	2.10504
-0.246985	1.39855	2.56237
-0.1946	12.5724	2.50655
-0.10344	21.8782	2.00527
0.0183109	29.2203	1.13301
0.161624	34.3952	-0.0319277
0.283973	29.3636	-1.40314
0.356464	17.398	-2.57373
0.381792	6.07865	-3.26726
0.364306	-4.19666	-3.50951
0.308708	-13.3436	-3.34212
0.220281	-21.2223	-2.81007
0.104754	-27.7265	-1.96394
-0.0317479	-32.7605	-0.858536
-0.17058	-33.3196	0.447531
-0.261473	-21.8144	1.77585
-0.295836	-8.24716	2.64547
-0.279361	3.95414	2.97419
-0.219674	14.3248	2.81648
-0.124041	22.952	2.24532
0.000976146	30.004	1.33025
0.14569	34.7313	0.134064
0.265578	28.773	-1.25055
0.33722	17.1942	-2.3976
0.363828	6.3859	-3.08301
0.349263	-3.4955	-3.33752
0.297869	-12.3346	-3.19808
0.214555	-19.9953	-2.70626
0.104702	-26.3648	-1.90905
-0.0258027	-31.3211	-0.857931
-0.155403	-31.104	0.390752
-0.240034	-20.3115	1.63075
-0.269093	-6.97419	2.44045
-0.247169	5.26163	2.71842
-0.18179	15.6909	2.50859
-0.0802666	24.3657	1.88299
0.0495046	31.1451	0.911563
0.196216	35.2108	-0.330105
0.303004	25.6291	-1.73383
0.362957	14.3886	-2.75553
0.37858	3.74945	-3.32908
0.353618	-5.9907	-3.47847
0.292602	-14.6439	-3.23956
0.200875	-22.0146	-2.65567
0.0845299	-27.9227	-1.77796
-0.0503898	-32.3807	-0.664738
-0.184982	-32.3022	0.626184
-0.265427	-19.3068	1.91394
-0.288696	-5.5846	2.68358
-0.26123	6.59185	2.90615
-0.191041	16.8454	2.64328
-0.0857413	25.2719	1.97165
0.0468719	31.8272	0.964098
0.194596	35.4539	-0.304763
0.301802	25.7295	-1.71818
0.360018	13.9717	-2.74387
0.372614	3.023	-3.30081
0.344034	-6.85908	-3.42124
0.279111	-15.5816	-3.1477
0.183201	-23.0183	-2.52644
0.0920158	-21.8845	-1.60872
-0.0154821	-25.7995	-0.736223
-0.129296	-27.3153	0.292329
-0.205202	-18.2174	1.38128
-0.229261	-5.77436	2.10751
-0.205807	5.62909	2.33766
-0.141267	15.4896	2.11319
-0.0430588	23.5699	1.49562
0.0780255	29.0602	0.555932
0.19914	29.0676	-0.602611
0.277285	18.7547	-1.76142
0.311113	8.11876	-2.50906
0.30449	-1.58966	-2.83266
0.261557	-10.3039	-2.76921
0.187025	-17.8878	-2.35837
0.0861283	-24.2151	-1.64518
-0.0353773	-29.1613	-0.679773
-0.154671	-28.6304	0.482803
-0.225901	-17.0953	1.62418
-0.242635	-4.01614	2.30567
-0.209981	7.83708	2.46572
-0.135569	17.8587	2.15322
-0.0270699	26.0398	1.4412
0.106792	32.127	0.40305
0.242359	32.536	-0.877749
0.330368	21.1221	-2.17482
0.371475	9.86565	-3.01683
0.369544	-0.463267	-3.41006
0.328782	-9.78294	-3.39151
0.254043	-17.9374	-3.00141
0.15064	-24.8168	-2.28623
0.0243738	-30.3038	-1.29682
-0.117793	-34.12	-0.088681
-0.232376	-27.5	1.27156
-0.288379	-13.4406	2.36786
-0.289133	-0.180952	2.90363
-0.242811	11.1172	2.91077
-0.157378	20.504	2.46749
-0.0401981	28.1231	1.65001
0.100124	33.6773	0.528794
0.236265	32.6738	-0.813817
0.323049	20.8282	-2.11638
0.361763	9.29133	-2.94668
0.356653	-1.22652	-3.31702
0.312264	-10.6533	-3.26804
0.233733	-18.8474	-2.84324
0.126671	-25.6948	-2.09179
-0.00295832	-31.1111	-1.06738
-0.145197	-34.1374	0.172938
-0.249618	-25.061	1.53387
-0.296371	-11.2208	2.53292
-0.289756	1.58764	2.98019
-0.237485	12.5451	2.91682
-0.147043	21.7061	2.41662
-0.0252054	29.241	1.55121
0.119116	34.6371	0.385436
0.256927	33.0747	-0.995434
0.344568	21.0338	-2.31398
0.384968	9.69601	-3.15246
0.382037	-0.703483	-3.53893
0.339989	-10.0915	-3.5108
0.263661	-18.3186	-3.10839
0.158436	-25.254	-2.37802
0.0301684	-30.7843	-1.37117
-0.110577	-33.779	-0.143874
-0.224298	-27.2929	1.20278
-0.280256	-13.4299	2.29082
-0.281137	-0.211419	2.82616
-0.234945	11.086	2.83452
-0.149365	20.5393	2.39249
-0.0314217	28.3063	1.5736
0.110277	34.0078	0.445084
0.244741	32.2713	-0.910696
0.332018	20.9464	-2.19722
0.373597	9.97889	-3.03222
0.372726	-0.208821	-3.42997
0.333382	-9.44278	-3.42155
0.260525	-17.4856	-3.04502
0.159832	-24.1662	-2.34785
0.0369861	-29.483	-1.38437
-0.101303	-33.1894	-0.208951
-0.218002	-28.0077	1.1142
-0.276363	-14.0066	2.23074
-0.279209	-0.683097	2.78907
-0.234471	10.7371	2.81623
-0.150092	20.251	2.38811
-0.033371	28.013	1.58071
0.10689	33.6626	0.463896
0.244214	32.9577	-0.878124
0.332854	21.2736	-2.19201
0.373636	9.7877	-3.04006
0.370312	-0.797865	-3.43018
0.327395	-10.3	-3.39829
0.249944	-18.5882	-2.98758
0.143503	-25.5458	-2.24646
0.0140783	-31.062	-1.22798
-0.1301	-34.6027	0.0103814
-0.242612	-27.0029	1.38987
-0.297218	-13.1055	2.46634
-0.297529	-0.0744757	2.98875
-0.251424	11.0651	2.99165
-0.166464	20.3905	2.55044
-0.0495117	28.0686	1.73748
0.0917093	33.893	0.618444
0.236192	34.6757	-0.732767
0.333072	23.2512	-2.11515
0.382119	11.7713	-3.04204
0.386861	1.13821	-3.51124
0.351558	-8.47271	-3.55653
0.280919	-16.9535	-3.21866
0.18018	-24.1773	-2.5427
0.0550143	-30.0398	-1.57878
-0.0773628	-31.7705	-0.381158
-0.193767	-27.9369	0.885429
-0.255743	-14.8743	1.99915
-0.264149	-2.01748	2.59209
-0.225338	9.31476	2.67245
-0.146643	18.8866	2.30104
-0.0349299	26.8112	1.54803
0.100593	32.5255	0.479125
0.231112	31.3245	-0.817565
0.314204	19.9422	-2.06634
0.350718	8.76325	-2.86131
0.34455	-1.48033	-3.2106
0.3001	-10.668	-3.1515
0.222346	-18.6609	-2.72613
0.116759	-25.3407	-1.98211
-0.0107386	-30.5995	-0.971818
-0.136251	-30.1229	0.2481
-0.216433	-19.2437	1.44899
-0.244327	-6.69456	2.21612
-0.224117	4.8504	2.48296
-0.162757	14.7264	2.28952
-0.0671406	22.9478	1.70238
0.0529361	28.8184	0.787484
0.175793	29.4857	-0.361424
0.259184	20.0139	-1.5369
0.297592	9.21788	-2.33475
0.294761	-0.67945	-2.70217
0.254806	-9.5892	-2.67502
0.182435	-17.3691	-2.29266
0.0829316	-23.8808	-1.60016
-0.0378698	-28.9923	-0.648078
-0.159284	-29.1394	0.507759
-0.232029	-17.4588	1.66943
-0.250488	-4.43024	2.36541
-0.21981	7.36289	2.54196
-0.147612	17.3275	2.24837
-0.0412609	25.5242	1.55752
0.0905714	31.6398	0.539925
0.232578	34.0815	-0.721453
0.329455	23.2506	-2.08015
0.37783	11.6099	-3.00701
0.38147	0.873675	-3.46978
0.344792	-8.80283	-3.50452
0.272631	-17.3186	-3.1535
0.170357	-24.5457	-2.46299
0.0437868	-30.3769	-1.48437
-0.098622	-34.1781	-0.273318
-0.220509	-29.2529	1.08925
-0.284728	-15.4127	2.25543
-0.293661	-2.14376	2.86982
-0.255148	9.24308	2.95521
-0.177107	18.7299	2.58664
-0.0668521	26.4611	1.83988
0.0678873	32.3375	0.784927
0.204597	32.8103	-0.504273
0.296498	22.0564	-1.81229
0.341174	10.7222	-2.69155
0.342422	0.299364	-3.11894
0.304669	-9.06072	-3.1308
0.232732	-17.2647	-2.7695
0.131974	-24.182	-2.08115
0.00810164	-29.7294	-1.11704
-0.129692	-33.0704	0.0681878
-0.23482	-25.2309	1.38659
-0.282736	-11.4996	2.39242
-0.277201	1.32839	2.8508
-0.226055	12.275	2.79777
-0.137005	21.3719	2.30834
-0.0171846	28.757	1.45626
0.124522	34.0096	0.309785
0.214915	21.6944	-1.04606
0.249712	8.35119	-1.91092
0.243247	-1.55167	-2.2438
0.199963	-10.3881	-2.18189
0.124861	-18.0245	-1.76769
0.0234136	-24.3473	-1.04907
-0.0983706	-29.2282	-0.0784077
-0.212876	-27.4813	1.08682
-0.27206	-14.2041	2.18237
-0.27665	-1.10155	2.74858
-0.233867	10.2679	2.79243
-0.148373	20.5184	2.38301
-0.0327043	27.7606	1.56496
0.104107	32.8347	0.4582
0.242726	33.2686	-0.850814
0.334535	22.034	-2.1771
0.379737	10.8487	-3.05546
0.381857	0.508726	-3.48788
0.345148	-8.81019	-3.50807
0.274315	-17	-3.15675
0.174674	-23.9137	-2.47894
0.0520154	-29.4381	-1.52553
-0.0745082	-30.3657	-0.351895
-0.183772	-26.2234	0.858685
-0.239802	-13.447	1.9041
-0.243797	-0.958903	2.44013
-0.202014	10.0278	2.4783
-0.121863	19.2362	2.07846
-0.0108008	26.655	1.31153
0.12165	31.7881	0.248851
0.234303	27.0367	-1.01843
0.299736	15.7041	-2.09627
0.321168	5.1435	-2.72228
0.30261	-4.45388	-2.92726
0.248414	-13.007	-2.74963
0.163497	-20.3799	-2.23102
0.0578104	-25.3649	-1.41849
-0.0469701	-25.1473	-0.407241
-0.157206	-26.4567	0.595303
-0.222123	-15.58	1.65002
-0.234195	-2.89729	2.2711
-0.198435	8.58254	2.38655
-0.122256	18.2829	2.04433
-0.0137399	26.0438	1.3154
0.113919	30.6381	0.277095
0.2294	27.7154	-0.944343
0.298702	16.6326	-2.04924
0.323914	6.05081	-2.71226
0.308954	-3.59022	-2.95342
0.258137	-12.1962	-2.81022
0.176365	-19.6252	-2.32393
0.0691954	-25.7207	-1.54148
-0.0544838	-29.683	-0.516046
-0.165713	-26.6949	0.667323
-0.226441	-14.5747	1.73154
-0.235077	-2.07272	2.31253
-0.196954	9.14944	2.39511
-0.119436	18.6043	2.03029
-0.0101864	26.22	1.28855
0.122201	31.7729	0.24322
0.244437	29.3368	-1.02346
0.318745	17.8337	-2.19299
0.347528	6.90796	-2.9039
0.334763	-3.06355	-3.17922
0.284727	-12.0087	-3.05701
0.2023	-19.7824	-2.57819
0.0929894	-26.2345	-1.78947
-0.0366978	-31.1249	-0.743546
-0.173662	-32.8714	0.497314
-0.260985	-20.9576	1.80777
-0.290875	-7.17347	2.64323
-0.268966	5.25813	2.92914
-0.202893	15.8575	2.71944
-0.100053	24.6815	2.08719
0.0322148	31.7444	1.10317
0.183601	36.3327	-0.162392
0.302925	28.6377	-1.61084
0.37489	17.2716	-2.75249
0.401856	6.47175	-3.44098
0.387324	-3.4877	-3.6989
0.335559	-12.4236	-3.55976
0.251615	-20.1465	-3.06439
0.141334	-26.4673	-2.26114
0.0106918	-31.3542	-1.20592
-0.122283	-31.914	0.0440877
-0.221897	-23.9074	1.31638
-0.265455	-10.454	2.26945
-0.256733	2.09344	2.68616
-0.203468	12.7836	2.60263
-0.113263	21.649	2.09292
0.00630899	28.6973	1.2298
0.144628	33.1965	0.0857083
0.256718	26.9015	-1.23772
0.320073	15.2053	-2.31016
0.338074	4.32019	-2.91628
0.314979	-5.54277	-3.08844
0.255428	-14.2921	-2.86739
0.164625	-21.7928	-2.29754
0.0482369	-27.9331	-1.42868
-0.0877193	-32.6295	-0.315051
-0.216415	-30.8871	0.985778
-0.287138	-16.9733	2.21711
-0.301288	-3.39598	2.89372
-0.266377	8.37856	3.02903
-0.19002	18.3257	2.69493
-0.0793474	26.5614	1.96428
0.0583088	33.0375	0.905323
0.211454	36.7548	-0.411787
0.320852	26.2555	-1.87706
0.381779	14.6227	-2.92373
0.39752	3.77775	-3.50661
0.372085	-6.10435	-3.65712
0.30998	-14.9052	-3.41367
0.216294	-22.4848	-2.81937
0.0966598	-28.7121	-1.92291
-0.0414285	-33.1412	-0.778209
-0.170417	-30.9573	0.543032
-0.248518	-18.7442	1.77718
-0.271376	-5.4859	2.5244
-0.244616	6.42241	2.74303
-0.175861	16.5013	2.48693
-0.07228	24.8593	1.82901
0.0582569	31.3289	0.837912
0.197789	33.4877	-0.41108
0.295004	23.3316	-1.74611
