0.0955349	0.243308	0.308112
-9.52263e-21	-3.08149e-33	0.304959
0.000452895	0.108695	0.304958
0.00128575	0.199885	0.303549
0.00214499	0.206218	0.300958
0.0024846	0.0815068	0.298286
0.00241756	-0.0160905	0.297229
0.00179931	-0.148378	0.297436
0.000963308	-0.200642	0.299358
0.000744604	-0.052489	0.301956
0.00163661	0.21408	0.302635
0.00431155	0.641986	0.299861
0.00870122	1.05352	0.291543
0.0136426	1.18593	0.277893
0.0170579	0.819669	0.262527
0.0170579	0	0.251907
0.0133159	-0.898068	0.251907
0.00665822	-1.59785	0.263541
0.000184866	-1.5536	0.284241
-0.00173765	-0.461403	0.304368
0.00301021	1.13948	0.310345
0.0140658	2.65333	0.295581
0.0286612	3.50292	0.261205
0.0410303	2.96858	0.215821
0.0441089	0.738869	0.177361
0.0372655	-1.64243	0.167788
0.0214846	-3.78742	0.189066
-0.00147062	-5.50924	0.238134
-0.0285042	-6.48806	0.309509
-0.0510736	-5.41665	0.393564
-0.0599495	-2.13021	0.463739
-0.0554833	1.07188	0.491336
-0.0387984	4.00439	0.477448
-0.0116696	6.5109	0.425568
0.0230242	8.32651	0.341214
0.0554934	7.7926	0.233338
0.0759184	4.902	0.132379
0.0831342	1.73179	0.0688699
0.0785203	-1.10734	0.0464329
0.0633203	-3.64799	0.0607788
0.039145	-5.80207	0.10804
0.00792085	-7.49381	0.183209
-0.0270397	-8.39052	0.280295
-0.0552938	-6.78099	0.388999
-0.0706672	-3.68962	0.47685
-0.071096	-0.102902	0.52465
-0.0581298	3.11188	0.525982
-0.0332516	5.97076	0.485664
0.00159396	8.36294	0.408308
0.0431527	9.97409	0.29996
0.0806858	9.00796	0.170738
0.104262	5.65835	0.0540338
0.11344	2.20254	-0.019274
0.109547	-0.934117	-0.0478095
0.0937666	-3.78737	-0.0357076
0.0677138	-6.25267	0.01336
0.0333515	-8.24697	0.0943668
-0.00675056	-9.62448	0.201211
-0.0473837	-9.75194	0.325902
-0.0739447	-6.37465	0.452243
-0.0848716	-2.62245	0.534829
-0.0816511	0.7729	0.568803
-0.0656989	3.82853	0.558789
-0.038549	6.51597	0.509186
-0.00204359	8.76131	0.424766
0.040178	10.1332	0.311257
0.073277	7.94375	0.179974
0.0935639	4.86886	0.0770575
0.100567	1.68066	0.013978
0.0955771	-1.19749	-0.00779638
0.079856	-3.77306	0.00771755
0.0550813	-5.94594	0.0565996
0.0236505	-7.54339	0.133632
-0.0118329	-8.51602	0.231361
-0.0427148	-7.41165	0.341691
-0.0621627	-4.66751	0.437712
-0.067478	-1.27565	0.498182
-0.0596894	1.86925	0.514707
-0.040176	4.68321	0.490488
-0.0104961	7.12317	0.429813
0.0268577	8.96492	0.337527
0.0670522	9.64668	0.22138
0.0970931	7.20982	0.0964003
0.113662	3.97646	0.0029921
0.116456	0.670697	-0.0485258
0.106782	-2.32182	-0.0572153
0.0860521	-4.9752	-0.0271348
0.0562344	-7.15623	0.0373217
0.0199276	-8.71365	0.130035
-0.0203124	-9.65759	0.242925
-0.0581589	-9.08317	0.368044
-0.0810359	-5.49046	0.485721
-0.0881355	-1.70391	0.556852
-0.0814532	1.60376	0.578926
-0.0623762	4.57847	0.558147
-0.0324297	7.18715	0.498829
0.00651636	9.34706	0.405713
0.0503347	10.5164	0.284615
0.0843682	8.16802	0.148368
0.105438	5.05686	0.0425453
0.113134	1.84684	-0.02297
0.108558	-1.09821	-0.0468972
0.0928659	-3.76605	-0.0326695
0.0676752	-6.04575	0.0161218
0.035248	-7.78253	0.094448
-0.00205207	-8.95202	0.195275
-0.0364524	-8.25607	0.311253
-0.0601015	-5.67579	0.418215
-0.0700941	-2.39822	0.491747
-0.0670522	0.73005	0.522816
-0.0521368	3.5797	0.513357
-0.0266963	6.10572	0.466978
0.00744946	8.19497	0.387874
0.0460382	9.2613	0.281701
0.0759068	7.16846	0.161715
0.0923465	3.94552	0.0688422
0.0952481	0.69638	0.017725
0.0861188	-2.19103	0.00870265
0.0663584	-4.74249	0.0370885
0.0377468	-6.86679	0.09853
0.00248518	-8.46278	0.187493
-0.0361413	-9.27035	0.297133
-0.0714607	-8.47665	0.417235
-0.0905338	-4.57757	0.527054
-0.0930447	-0.602612	0.586358
-0.0810042	2.88972	0.594164
-0.0560384	5.9918	0.556724
-0.0199146	8.66971	0.479095
0.0251827	10.8233	0.366773
0.0745401	11.8458	0.226548
0.112177	9.03294	0.0730781
0.134593	5.37978	-0.0439497
0.1419	1.75362	-0.113648
0.135789	-1.46659	-0.136368
0.117755	-4.32829	-0.117367
0.0894195	-6.80042	-0.0612914
0.0525442	-8.85006	0.0268121
0.00958583	-10.31	0.14147
-0.0305184	-9.625	0.275042
-0.0592189	-6.88813	0.399739
-0.073775	-3.49346	0.488978
-0.0740201	-0.0588216	0.534236
-0.0616128	2.97776	0.534997
-0.0379215	5.68589	0.496417
-0.00474563	7.96222	0.422752
0.0337575	9.24076	0.319595
0.063154	7.05514	0.199874
0.0796259	3.95326	0.10847
0.0830337	0.817872	0.0572522
0.0745399	-2.03852	0.0466558
0.0584524	-3.861	0.0730656
0.0339113	-5.88985	0.123087
0.00291669	-7.43871	0.199393
-0.0318714	-8.34914	0.295765
-0.0607495	-6.93074	0.403933
-0.0733227	-3.01757	0.493724
-0.0744659	-0.274368	0.532817
-0.0613592	3.14562	0.53637
-0.0357225	6.15278	0.495615
0.000473235	8.68699	0.415901
0.0436873	10.3714	0.303354
0.0878277	10.5937	0.168986
0.117116	7.02923	0.0317375
0.130339	3.17351	-0.0593309
0.128848	-0.357865	-0.100446
0.114558	-3.42953	-0.0958096
0.0981333	-3.94198	-0.051378
0.0745297	-5.66486	-0.00030737
0.0406122	-8.1402	0.0730841
-0.00191327	-10.2061	0.178545
-0.0488377	-11.2619	0.310771
-0.0872109	-9.20956	0.456675
-0.108496	-5.10848	0.575989
-0.112949	-1.06869	0.642171
-0.102868	2.41948	0.656015
-0.0801816	5.44474	0.624668
-0.0495431	7.35323	0.554126
-0.0297996	4.73844	0.458859
-0.0103249	4.67393	0.397468
0.0148761	6.04826	0.336914
0.0324279	4.21241	0.258554
0.0420958	2.3203	0.203979
0.0440512	0.469304	0.173917
0.0394961	-1.09322	0.167836
0.0296286	-2.3682	0.181999
0.0210658	-2.05507	0.21268
0.0213751	0.0742203	0.239304
0.0332723	2.85532	0.238341
0.0550946	5.23735	0.201348
0.0843233	7.0149	0.133494
0.117917	8.06248	0.0426112
0.153098	8.44354	-0.0618437
0.183485	7.29279	-0.171235
0.19797	3.47642	-0.265718
0.196872	-0.263449	-0.310757
0.181818	-3.61303	-0.307343
0.154345	-6.59357	-0.260534
0.116041	-9.19286	-0.17511
0.0685566	-11.3963	-0.0560105
0.0135424	-13.2034	0.0916359
-0.0446329	-13.9621	0.262694
-0.0902398	-10.9456	0.443581
-0.123802	-8.05492	0.585387
-0.142391	-4.46133	0.689742
-0.155898	-3.24164	0.74754
-0.16126	-1.28699	0.789535
-0.156533	1.13445	0.806207
-0.147913	2.06886	0.791508
-0.138223	2.32563	0.764702
-0.13478	0.826214	0.734571
-0.13039	1.05377	0.723865
-0.127229	0.758603	0.710211
-0.126631	0.143562	0.700381
-0.122257	1.04972	0.698519
-0.11815	0.985744	0.684918
-0.110018	1.95163	0.672145
-0.0945521	3.71175	0.646859
-0.0657234	6.9189	0.598769
-0.0214011	10.6373	0.509129
0.0362261	13.8305	0.371314
0.103171	16.0668	0.19213
0.174238	17.0561	-0.0160254
0.245642	17.1369	-0.236998
0.313807	16.3598	-0.459016
0.366467	12.6384	-0.670967
0.40249	8.64547	-0.834705
0.422626	4.8326	-0.946711
0.428226	1.34401	-1.00932
0.42162	-1.58539	-1.02673
0.404919	-4.00825	-1.00619
0.380049	-5.96893	-0.954256
0.348809	-7.49753	-0.876924
0.319884	-6.94192	-0.779787
0.296774	-5.54645	-0.689849
0.277926	-4.52348	-0.61799
0.261851	-3.85799	-0.559384
0.247394	-3.46978	-0.509401
0.233541	-3.32467	-0.464447
0.219141	-3.45608	-0.421373
0.199223	-4.78022	-0.376597
0.166751	-7.79335	-0.314666
0.122372	-10.651	-0.213698
0.0673465	-13.2061	-0.0757073
0.00318067	-15.3998	0.0953854
-0.0675474	-16.9747	0.294899
-0.14028	-17.4559	0.514816
-0.209878	-16.7035	0.740967
-0.273775	-15.3353	0.957369
-0.326408	-12.632	1.15604
-0.364183	-9.06589	1.3197
-0.387796	-5.66725	1.43715
-0.398303	-2.52145	1.51057
-0.397227	0.258146	1.54323
-0.385486	2.81787	1.53988
-0.364318	5.08029	1.50337
-0.339127	6.04581	1.43755
-0.31688	5.33921	1.35922
-0.297792	4.58122	1.29005
-0.281084	4.01002	1.23069
-0.265818	3.6637	1.17873
-0.250906	3.57882	1.13127
-0.235192	3.77154	1.0849
-0.217499	4.24621	1.03603
-0.166015	12.3562	0.981019
-0.106804	14.2107	0.820934
-0.0368479	16.7894	0.636824
0.0432468	19.2227	0.419305
0.130107	20.8463	0.170261
0.216257	20.6761	-0.0998164
0.294846	18.8613	-0.367688
0.359665	15.5567	-0.612047
0.41052	12.2052	-0.813593
0.448161	9.03382	-0.971718
0.473504	6.08229	-1.08876
0.487824	3.43664	-1.16755
0.492737	1.17926	-1.21208
0.495207	0.592875	-1.22735
0.501658	1.54811	-1.23503
0.511049	2.25388	-1.25508
0.522116	2.65612	-1.28428
0.533658	2.77001	-1.31869
0.544381	2.57362	-1.35458
0.55068	1.51176	-1.38792
0.543201	-1.79496	-1.4075
0.520161	-5.52966	-1.38424
0.482706	-8.98915	-1.3126
0.432303	-12.0967	-1.19614
0.370501	-14.8325	-1.03942
0.298885	-17.1879	-0.847249
0.219316	-19.0966	-0.624567
0.136195	-19.9489	-0.377158
0.0576371	-18.8539	-0.118707
-0.0112313	-16.5284	0.125557
-0.0698067	-14.0581	0.339693
-0.115733	-11.0223	0.521823
-0.147794	-7.69477	0.664622
-0.167317	-4.68552	0.764311
-0.17667	-2.24468	0.825013
-0.187321	-2.55614	0.854092
-0.203266	-3.82681	0.887207
-0.223147	-4.77148	0.936783
-0.245435	-5.34922	0.998598
-0.268728	-5.59021	1.0679
-0.291742	-5.52338	1.14032
-0.313197	-5.14921	1.21188
-0.331797	-4.46406	1.27859
-0.343576	-2.82681	1.33642
-0.337582	1.43845	1.37304
-0.314943	5.43328	1.3544
-0.277673	8.94492	1.284
-0.227684	11.9973	1.16811
-0.166782	14.6165	1.01268
-0.0967248	16.8137	0.823309
-0.0203582	18.328	0.605476
0.0486807	16.5693	0.368024
0.106276	13.8229	0.153357
0.149279	10.3207	-0.0257286
0.177639	6.80624	-0.15944
0.192371	3.5358	-0.24762
0.194859	0.596976	-0.293428
0.187134	-1.85379	-0.301162
0.171364	-3.78487	-0.277144
0.156975	-3.45335	-0.228109
0.148942	-1.92808	-0.183368
0.147746	-0.286963	-0.158389
0.151334	0.86116	-0.154671
0.158022	1.60518	-0.165828
0.166165	1.95427	-0.186624
0.173923	1.86193	-0.211943
0.17851	1.10083	-0.236065
0.166649	-2.84671	-0.250327
0.138089	-6.85425	-0.213445
0.0945654	-10.4457	-0.124644
0.0379326	-13.5919	0.0106864
-0.0293834	-16.1558	0.186777
-0.10364	-17.8216	0.396086
-0.178733	-18.0223	0.626974
-0.250489	-17.2216	0.860463
-0.309448	-14.1501	1.08358
-0.349024	-9.4981	1.2669
-0.369884	-5.0066	1.38995
-0.374053	-1.00049	1.45481
-0.36384	2.4512	1.46777
-0.340899	5.50574	1.43601
-0.307078	8.11701	1.36467
-0.268951	9.15048	1.25951
-0.236198	7.86078	1.14096
-0.208123	6.73794	1.03911
-0.183461	5.91902	0.951817
-0.161044	5.38008	0.87513
-0.139715	5.11901	0.805425
-0.118231	5.15608	0.739104
-0.0951602	5.53698	0.672302
-0.0680212	6.51334	0.600565
-0.0285638	9.46979	0.516179
0.0270251	13.3413	0.393491
0.095133	16.3459	0.220644
0.170377	18.0584	0.00887244
0.24864	18.7833	-0.225086
0.327614	18.9537	-0.468435
0.405244	18.6311	-0.713992
0.475586	16.882	-0.955369
0.528958	12.8094	-1.17408
0.565217	8.70204	-1.34004
0.585663	4.90714	-1.45277
0.59189	1.49433	-1.51635
0.586102	-1.38891	-1.5357
0.570161	-3.82596	-1.51771
0.546037	-5.78978	-1.46814
0.515195	-7.4021	-1.39312
0.485837	-7.04576	-1.29722
0.460647	-6.04567	-1.20594
0.438104	-5.4103	-1.12761
0.41668	-5.14172	-1.05751
0.395227	-5.14881	-0.990898
0.372794	-5.38389	-0.92419
0.348381	-5.85916	-0.854437
0.318347	-7.20803	-0.778527
0.274446	-10.5365	-0.685141
0.217188	-13.7417	-0.548633
0.147878	-16.6345	-0.3706
0.0682253	-19.1167	-0.15509
-0.0197541	-21.115	0.0925788
-0.11295	-22.3669	0.366137
-0.205046	-22.1031	0.655913
-0.291323	-20.7065	0.942271
-0.365041	-17.6924	1.21053
-0.422172	-13.7113	1.43975
-0.463824	-9.99649	1.61738
-0.491363	-6.60956	1.74689
-0.505949	-3.50043	1.83252
-0.508616	-0.640268	1.87786
-0.501036	1.81933	1.88615
-0.488154	3.09167	1.86258
-0.476927	2.69438	1.82252
-0.467708	2.21267	1.78761
-0.45979	1.90038	1.75894
-0.452231	1.8141	1.73431
-0.443941	1.9895	1.71081
-0.433743	2.44764	1.68503
-0.420436	3.19359	1.65331
-0.402831	4.22512	1.61194
-0.375785	6.49105	1.55719
-0.333514	10.1451	1.47309
-0.277484	13.4472	1.34165
-0.253371	5.78728	1.16744
-0.224171	7.00784	1.09246
-0.189878	8.23048	1.00166
-0.150405	9.47352	0.895028
-0.105783	10.7091	0.772291
-0.0580428	11.4577	0.633546
-0.0129361	10.8256	0.485102
0.0292714	10.1298	0.344848
0.0669546	9.04395	0.213609
0.0987512	7.63119	0.0964386
0.124478	6.17445	-0.00242866
0.144856	4.89072	-0.0824228
0.160885	3.84702	-0.145785
0.175813	3.58256	-0.195626
0.194647	4.52023	-0.24204
0.217971	5.59785	-0.300602
0.244203	6.29558	-0.373125
0.272052	6.68368	-0.454688
0.300543	6.83801	-0.541279
0.328692	6.75572	-0.629869
0.354086	6.09443	-0.717392
0.369011	3.58199	-0.796348
0.372074	0.735213	-0.842754
0.364022	-1.93241	-0.852278
0.345615	-4.41779	-0.82724
0.317869	-6.65897	-0.770004
0.281985	-8.61217	-0.683731
0.23928	-10.2493	-0.572154
0.191177	-11.5445	-0.439368
0.141632	-11.8909	-0.289801
0.0974233	-10.6101	-0.135747
0.0576117	-9.55479	0.0017142
0.0215245	-8.66091	0.125502
-0.0107996	-7.75779	0.237709
-0.0383042	-6.6011	0.338215
-0.0599852	-5.20344	0.423736
-0.077087	-4.10442	0.491148
-0.0974894	-4.89658	0.544322
-0.121117	-5.67062	0.607759
-0.146988	-6.20917	0.681224
-0.173969	-6.47533	0.761666
-0.200731	-6.42285	0.845556
-0.225779	-6.01147	0.928766
-0.24763	-5.24443	1.00665
-0.264832	-4.12832	1.07459
-0.272186	-1.76497	1.12807
-0.26538	1.63336	1.15093
-0.243986	5.13466	1.12977
-0.209222	8.34334	1.06325
-0.162355	11.2481	0.95515
-0.104532	13.8775	0.809421
-0.0372401	16.15	0.629628
0.035623	17.4871	0.420393
0.100913	15.6696	0.193835
0.152848	12.4645	-0.00917433
0.190144	8.95094	-0.17066
0.213257	5.54719	-0.286625
0.223254	2.3993	-0.358492
0.22189	-0.327306	-0.389576
0.210516	-2.72975	-0.385335
0.190634	-4.77175	-0.349969
0.171545	-4.58129	-0.288147
0.160585	-2.63057	-0.228794
0.156765	-0.916777	-0.194713
0.157938	0.281543	-0.182835
0.16227	1.03964	-0.186483
0.167999	1.37511	-0.199952
0.173282	1.26785	-0.217767
0.174244	0.230745	-0.234193
0.158078	-3.87976	-0.237182
0.125296	-7.86766	-0.186917
0.0780006	-11.3509	-0.0849866
0.0183414	-14.3182	0.0620708
-0.0507623	-16.5849	0.247572
-0.124924	-17.7988	0.462438
-0.198173	-17.5798	0.693032
-0.266996	-16.5174	0.920788
-0.321917	-13.1811	1.13478
-0.358123	-8.68941	1.30555
-0.376721	-4.46353	1.41812
-0.379599	-0.690799	1.47594
-0.369282	2.47608	1.48489
-0.347659	5.1896	1.45281
-0.316728	7.42355	1.38557
-0.282121	8.30564	1.28939
-0.253054	6.97611	1.18178
-0.228538	5.88378	1.0914
-0.20715	5.13317	1.01517
-0.187806	4.64244	0.948664
-0.169653	4.3568	0.888516
-0.151871	4.26765	0.832069
-0.133485	4.4126	0.776777
-0.113282	4.84865	0.719607
-0.0809639	7.75644	0.656788
-0.0312344	11.9351	0.556297
0.0341383	15.6895	0.401669
0.111181	18.4904	0.198402
0.194016	19.8804	-0.0411533
0.278578	20.2949	-0.298716
0.362357	20.107	-0.561648
0.4391	18.4182	-0.822146
0.496393	13.7503	-1.06076
0.535202	9.31412	-1.23891
0.55719	5.27729	-1.35957
0.563852	1.59888	-1.42794
0.557285	-1.5762	-1.44865
0.539166	-4.34843	-1.42823
0.511289	-6.69055	-1.37189
0.478168	-7.94902	-1.28521
0.449858	-6.79452	-1.18222
0.430374	-4.67613	-1.09419
0.408232	-5.31404	-1.03361
0.384212	-5.7647	-0.96476
0.363385	-4.99869	-0.890073
0.34395	-4.66419	-0.82531
0.323852	-4.82352	-0.764881
0.297365	-6.35691	-0.702388
0.254078	-10.3889	-0.62003
0.19434	-14.3371	-0.485434
0.120272	-17.7765	-0.299687
0.0340247	-20.6992	-0.0693812
-0.0614404	-22.9116	0.19879
-0.159087	-23.4351	0.495624
-0.255447	-23.1265	0.799239
-0.348189	-22.2581	1.09886
-0.432763	-20.2976	1.38722
-0.503292	-16.9271	1.65019
-0.557797	-13.081	1.86948
-0.597766	-9.59266	2.03895
-0.624796	-6.48721	2.16323
-0.640646	-3.80387	2.24727
-0.647245	-1.58392	2.29654
-0.650315	-0.736783	2.31706
-0.656535	-1.49269	2.3266
-0.665923	-2.25309	2.34593
-0.677195	-2.70527	2.37512
-0.689208	-2.88332	2.41016
-0.700846	-2.79305	2.44751
-0.711	-2.43695	2.48369
-0.718543	-1.8102	2.51526
-0.720515	-0.473431	2.53871
-0.709176	2.7215	2.54484
-0.681978	6.52741	2.50957
-0.640236	10.0182	2.425
-0.585425	13.1546	2.2952
-0.518977	15.9475	2.12477
-0.442462	18.3636	1.91816
-0.358853	20.0661	1.68024
-0.279998	18.9251	1.42027
-0.207184	17.4754	1.17508
-0.139595	16.2214	0.94867
-0.0762206	15.2099	0.73851
-0.0161756	14.4108	0.541455
0.0412841	13.7903	0.354753
0.0948391	12.8532	0.176089
0.144197	11.846	0.00956731
0.194926	12.1749	-0.143905
0.252807	13.8914	-0.301639
0.316653	15.323	-0.481611
0.38442	16.2641	-0.68013
0.454169	16.7396	-0.89084
0.524154	16.7966	-1.10771
0.592732	16.4586	-1.32532
0.655181	14.9877	-1.53855
0.701905	11.2138	-1.73272
0.73265	7.37877	-1.878
0.748623	3.83368	-1.97359
0.751168	0.610703	-2.02326
0.742269	-2.13585	-2.03116
0.723431	-4.52105	-2.00349
0.696673	-6.42192	-1.94491
0.663977	-7.84701	-1.86171
0.630246	-8.0955	-1.76004
0.602463	-6.66779	-1.65516
0.579497	-5.51197	-1.56877
0.559718	-4.74689	-1.49735
0.541836	-4.29174	-1.43585
0.524773	-4.09496	-1.38025
0.507328	-4.18681	-1.32719
0.48474	-5.42117	-1.27295
0.44938	-8.48641	-1.20271
0.40126	-11.5489	-1.09276
0.341099	-14.4386	-0.943136
0.270015	-17.0602	-0.756073
0.189596	-19.3006	-0.535046
0.101647	-21.1076	-0.284994
0.00807727	-22.4568	-0.0115318
-0.088365	-23.1461	0.279409
-0.177367	-21.3605	0.579281
-0.250023	-17.4374	0.856018
-0.30712	-13.7033	1.08193
-0.350129	-10.3221	1.25946
-0.380603	-7.31367	1.39319
-0.399901	-4.63157	1.48794
-0.409248	-2.24323	1.54794
-0.412818	-0.856949	1.577
-0.418194	-1.29014	1.5881
-0.425652	-1.78991	1.60481
-0.434406	-2.10101	1.62799
-0.44347	-2.17546	1.65521
-0.452042	-2.05711	1.68339
-0.45928	-1.73712	1.71004
-0.464161	-1.17146	1.73254
-0.465534	-0.329608	1.74771
-0.459704	1.39917	1.75198
-0.440043	4.71865	1.73385
-0.407564	7.7949	1.67271
-0.363563	10.5603	1.57172
-0.309145	13.0604	1.4349
-0.245261	15.3321	1.26569
-0.172998	17.3433	1.06705
-0.0956974	18.552	0.842358
-0.0238167	17.2514	0.602003
0.0413563	15.6415	0.378499
0.0978095	13.5488	0.175853
0.142685	10.7702	0.00031921
0.175658	7.91339	-0.139216
0.197524	5.24782	-0.241739
0.209601	2.89861	-0.309727
0.213742	0.993727	-0.34728
0.218388	1.11501	-0.360154
0.229892	2.76098	-0.374599
0.24779	4.29558	-0.410369
0.270611	5.47695	-0.466021
0.296725	6.26754	-0.536977
0.324581	6.68542	-0.618176
0.352612	6.72729	-0.704789
0.376363	5.70029	-0.791944
0.383309	1.66712	-0.865794
0.3736	-2.33017	-0.887391
0.348662	-5.98527	-0.8572
0.310115	-9.25112	-0.779656
0.25974	-12.09	-0.659801
0.199455	-14.4684	-0.503166
0.131304	-16.3564	-0.315719
0.0576633	-17.6737	-0.103811
-0.0128142	-16.9146	0.125162
-0.0699035	-13.7015	0.344301
-0.111139	-9.89641	0.521811
-0.135883	-5.93871	0.650024
-0.145722	-2.3614	0.726962
-0.143093	0.631175	0.757553
-0.130455	3.0331	0.749374
-0.114358	3.8632	0.710077
-0.105252	2.18541	0.660025
-0.10252	0.65562	0.63171
-0.104137	-0.388093	0.623214
-0.108573	-1.06465	0.628241
-0.114408	-1.40025	0.642032
-0.120219	-1.39462	0.660172
-0.124564	-1.04294	0.678238
-0.125854	-0.309507	0.691749
-0.115602	2.46055	0.695757
-0.0884392	6.51897	0.663877
-0.0456217	10.2762	0.579418
0.0107736	13.5349	0.446282
0.0774756	16.0085	0.270928
0.14938	17.2569	0.0635276
0.221618	17.3373	-0.160047
0.288636	16.0842	-0.384663
0.337582	11.7472	-0.593043
0.368272	7.36553	-0.745234
0.381959	3.28485	-0.840658
0.380534	-0.341958	-0.883214
0.365482	-3.61244	-0.878782
0.338432	-6.49199	-0.831979
0.301157	-8.946	-0.74787
0.255903	-10.8611	-0.631968
0.205151	-12.1805	-0.491255
0.160887	-10.6234	-0.333448
0.121905	-9.35547	-0.195815
0.0867572	-8.43557	-0.0746086
0.0539524	-7.87313	0.0346794
0.0223415	-7.58662	0.13668
-0.0133557	-8.56734	0.234969
-0.0599985	-11.1943	0.345964
-0.115751	-13.3805	0.490991
-0.17609	-14.4814	0.664343
-0.238447	-14.9656	0.851957
-0.300865	-14.9804	1.04584
-0.36151	-14.5547	1.23992
-0.418869	-13.7662	1.42848
-0.469779	-12.2184	1.60683
-0.504429	-8.31604	1.76512
-0.520243	-3.79535	1.87286
-0.519442	0.192185	1.92203
-0.50396	3.71581	1.91953
-0.475548	6.81887	1.87139
-0.435978	9.4967	1.78304
-0.38746	11.6444	1.66
-0.341738	10.9733	1.50914
-0.301189	9.73163	1.36697
-0.264742	8.74732	1.24089
-0.231246	8.03912	1.12756
-0.19946	7.62844	1.0234
-0.168047	7.53934	0.924568
-0.135713	7.76008	0.826889
-0.101117	8.30308	0.72635
-0.057831	10.3886	0.618777
0.00275595	14.5409	0.484185
0.0788324	18.2583	0.295798
0.164918	20.6606	0.0592488
0.255699	21.7874	-0.208423
0.348314	22.2277	-0.490692
0.440624	22.1543	-0.778664
0.527912	20.9492	-1.06569
0.598828	17.0197	-1.33709
0.65279	12.9509	-1.55759
0.690806	9.12391	-1.72538
0.713935	5.55078	-1.84358
0.723514	2.29908	-1.91549
0.721575	-0.465309	-1.94527
0.709644	-2.86343	-1.93924
0.689365	-4.867	-1.90214
0.669129	-4.85677	-1.83908
0.654261	-3.56815	-1.77615
0.643702	-2.53413	-1.72992
0.635913	-1.8694	-1.69709
0.629569	-1.52265	-1.67287
0.623514	-1.45314	-1.65314
0.61651	-1.6809	-1.63431
0.605339	-2.68101	-1.61253
0.575189	-7.23621	-1.57779
0.530803	-10.6527	-1.48404
0.473148	-13.8371	-1.34602
0.403516	-16.7116	-1.16675
0.323514	-19.2006	-0.950242
0.234867	-21.2754	-0.701485
0.142248	-22.2285	-0.425848
0.0533295	-21.3404	-0.137863
-0.0293021	-19.8316	0.138615
-0.105694	-18.334	0.395545
-0.172306	-15.987	0.633072
-0.227933	-13.3503	0.840192
-0.273566	-10.9519	1.01315
-0.314347	-9.78755	1.15504
-0.357966	-10.4685	1.28184
-0.403679	-10.9712	1.41746
-0.45034	-11.1986	1.5596
-0.496722	-11.1318	1.70468
-0.541565	-10.7621	1.84889
-0.583602	-10.0889	1.98832
-0.621596	-9.1186	2.11902
-0.65092	-7.03782	2.23716
-0.668935	-4.32352	2.32833
-0.672725	-0.909575	2.38434
-0.662345	2.49112	2.39612
-0.638855	5.63769	2.36384
-0.603465	8.49341	2.2908
-0.557396	11.0566	2.18075
-0.502239	13.2376	2.0375
-0.445094	13.7149	1.866
-0.391477	12.8681	1.68831
-0.341788	11.9254	1.52159
-0.295705	11.0598	1.36709
-0.252447	10.3819	1.2238
-0.210901	9.97107	1.08929
-0.16975	9.8761	0.960104
-0.127491	10.1423	0.832151
-0.0820906	10.8961	0.700749
-0.0243103	13.8673	0.559582
0.0480052	17.3557	0.379921
0.130938	19.9038	0.155066
0.218699	21.0627	-0.1028
0.308295	21.5032	-0.375681
0.397897	21.5043	-0.654267
0.485235	20.9611	-0.932868
0.558554	17.5966	-1.20443
0.614	13.307	-1.4324
0.652551	9.25224	-1.6048
0.675556	5.52126	-1.72467
0.684598	2.16998	-1.7962
0.681972	-0.630294	-1.82431
0.669187	-3.06821	-1.81614
0.639388	-7.15182	-1.77638
0.606928	-7.7905	-1.68372
0.575784	-7.47457	-1.58279
0.550175	-6.14612	-1.48595
0.529251	-5.02182	-1.40632
0.511895	-4.16531	-1.34126
0.494755	-4.11363	-1.28729
0.472823	-5.26378	-1.23399
0.442658	-7.2394	-1.16579
0.400918	-10.0178	-1.072
0.344601	-13.5159	-0.942212
0.27462	-16.7954	-0.767103
0.192879	-19.6178	-0.549507
0.10142	-21.9502	-0.295346
0.00239187	-23.7668	-0.0109664
-0.101678	-24.9768	0.296947
-0.20103	-23.8444	0.620536
-0.280343	-19.0352	0.929454
-0.340602	-14.4621	1.17606
-0.383829	-10.3746	1.36343
-0.412227	-6.8153	1.49783
-0.427995	-3.78452	1.58613
-0.433611	-1.3477	1.63515
-0.436746	-0.752457	1.65261
-0.443278	-1.56761	1.66236
-0.453881	-2.5447	1.68266
-0.467165	-3.18821	1.71563
-0.481949	-3.54815	1.75693
-0.497033	-3.62021	1.80289
-0.511207	-3.40168	1.84979
-0.523254	-2.8913	1.89386
-0.529098	-1.40256	1.93131
-0.521548	1.81193	1.94948
-0.499886	5.1988	1.926
-0.465294	8.30216	1.85864
-0.419262	11.0477	1.75108
-0.363406	13.4056	1.60794
-0.299278	15.3905	1.43426
-0.22964	16.7132	1.23487
-0.161773	16.2881	1.01833
-0.100014	14.822	0.807307
-0.0442172	13.3913	0.615277
0.0065146	12.1756	0.441783
0.0518553	10.8818	0.284039
0.0900074	9.15652	0.143058
0.119705	7.12742	0.024429
0.141521	5.23594	-0.0679116
0.159086	4.21559	-0.135747
0.18038	5.11036	-0.190362
0.208272	6.69413	-0.25657
0.241673	8.01625	-0.343296
0.278834	8.91865	-0.447152
0.318065	9.41543	-0.562698
0.357575	9.48234	-0.684679
0.395095	9.00492	-0.807528
0.420744	6.15583	-0.924191
0.428696	1.90834	-1.00394
0.420734	-1.91081	-1.02866
0.398367	-5.36815	-1.00391
0.363072	-8.47084	-0.934357
0.316546	-11.1662	-0.82461
0.260628	-13.4203	-0.679944
0.197831	-15.0713	-0.506075
0.134914	-15.1002	-0.310816
0.0810648	-12.9237	-0.115184
0.0358179	-10.8592	0.0522508
-0.00164589	-8.99132	0.192939
-0.0312946	-7.11568	0.309426
-0.0522076	-5.01913	0.401613
-0.06387	-2.79898	0.466638
-0.0687098	-1.16156	0.502899
-0.0756438	-1.66415	0.517947
-0.0866737	-2.64717	0.539506
-0.100601	-3.34263	0.5738
-0.115972	-3.68898	0.617104
-0.131337	-3.68768	0.664896
-0.145273	-3.34458	0.71267
-0.156349	-2.65817	0.756
-0.163162	-1.63505	0.790436
-0.163107	0.0130134	0.811617
-0.148707	3.45604	0.811447
-0.118479	7.25467	0.76667
-0.0742046	10.6259	0.672679
-0.0177692	13.5445	0.535012
0.0488503	15.9887	0.359533
0.121541	17.4457	0.152389
0.194107	17.4158	-0.0736317
0.254545	14.5051	-0.299265
0.300424	11.0111	-0.487187
0.331488	7.45539	-0.629842
0.348355	4.04804	-0.726431
0.352105	0.900071	-0.778874
0.344548	-1.81386	-0.790534
0.327179	-4.16861	-0.767033
0.301889	-6.06957	-0.713025
0.274802	-6.5008	-0.634388
0.252939	-5.24718	-0.550166
0.235768	-4.12099	-0.482184
0.222024	-3.29861	-0.428794
0.210523	-2.76011	-0.386058
0.200214	-2.47412	-0.350298
0.190013	-2.44828	-0.318244
0.17798	-2.88806	-0.286524
0.152509	-6.11287	-0.249108
0.111898	-9.74675	-0.169911
0.0573515	-13.0911	-0.0436359
-0.00947026	-16.0372	0.125967
-0.0857642	-18.3105	0.333739
-0.168157	-19.7743	0.570963
-0.249673	-19.5639	0.82715
-0.328211	-18.8491	1.08061
-0.401571	-17.6065	1.32481
-0.464075	-15.0008	1.55291
-0.509819	-10.9786	1.74725
-0.539696	-7.17051	1.88948
-0.554888	-3.64605	1.98237
-0.556848	-0.470338	2.02961
-0.548719	1.95089	2.0357
-0.535662	3.13359	2.01042
-0.523156	3.00151	1.96981
-0.513421	2.33642	1.93092
-0.50578	1.83384	1.90065
-0.499129	1.59614	1.87689
-0.492237	1.65403	1.8562
-0.483771	2.03202	1.83477
-0.472109	2.7987	1.80844
-0.454401	4.25011	1.77218
-0.422287	7.70719	1.71711
-0.372901	11.8528	1.61726
-0.307889	15.6028	1.46369
-0.228966	18.9414	1.26154
-0.13775	21.8919	1.01614
-0.0359251	24.438	0.732518
0.0737341	26.3182	0.415907
0.177523	24.9094	0.0749374
0.265541	21.1243	-0.24778
0.337481	17.2655	-0.521458
0.394199	13.6123	-0.745143
0.436645	10.1872	-0.921497
0.465944	7.03183	-1.05348
0.483471	4.20643	-1.14458
0.490822	1.76427	-1.19907
0.495342	1.08477	-1.22193
0.505996	2.55696	-1.23598
0.521762	3.78379	-1.2691
0.540863	4.58425	-1.31812
0.561383	4.92472	-1.37751
0.581549	4.83978	-1.44131
0.599847	4.39162	-1.50401
0.612581	3.05623	-1.5609
0.608858	-0.89352	-1.6005
0.586609	-5.33984	-1.58892
0.54735	-9.42224	-1.51973
0.492654	-13.1269	-1.39766
0.424151	-16.4407	-1.22759
0.343519	-19.3517	-1.01459
0.252483	-21.8487	-0.763874
0.153544	-23.7454	-0.480809
0.0567869	-23.2217	-0.173172
-0.0317548	-21.25	0.127679
-0.110274	-18.8445	0.402985
-0.174783	-15.4821	0.647127
-0.224605	-11.9573	0.847706
-0.261096	-8.75782	1.00262
-0.286047	-5.98825	1.11608
-0.30405	-4.32083	1.19366
-0.326651	-5.4241	1.24963
-0.353159	-6.36198	1.3199
-0.382028	-6.9287	1.40232
-0.411783	-7.1411	1.49209
-0.440995	-7.01091	1.5846
-0.468308	-6.55518	1.67543
-0.492339	-5.76733	1.76035
-0.511557	-4.61227	1.83507
-0.518359	-1.63244	1.89482
-0.506555	2.83294	1.91596
-0.477919	6.87262	1.87926
-0.434575	10.4026	1.79021
-0.378369	13.4895	1.65544
-0.310929	16.1856	1.48067
-0.233844	18.5004	1.27097
-0.153215	19.351	1.03128
-0.0787243	17.8777	0.780578
-0.011056	16.2404	0.548959
0.0503488	14.7372	0.338554
0.103566	12.772	0.147624
0.146285	10.2525	-0.0178466
0.178749	7.79136	-0.150675
0.202067	5.59639	-0.251617
0.218309	3.89801	-0.324121
0.236308	4.31987	-0.374622
0.260471	5.79919	-0.430588
0.28953	6.97413	-0.50572
0.321611	7.6995	-0.596073
0.35508	8.03255	-0.695824
0.388527	8.0273	-0.799889
0.420492	7.67151	-0.903887
0.447748	6.54154	-1.00327
0.459738	2.8775	-1.08802
0.456319	-0.820581	-1.1253
0.438526	-4.27026	-1.11467
0.407745	-7.38757	-1.05934
0.365555	-10.1255	-0.963629
0.313595	-12.4704	-0.832445
0.254088	-14.2816	-0.670882
0.188969	-15.6287	-0.485854
0.125251	-15.2924	-0.283374
0.0686636	-13.5809	-0.0852509
0.0184873	-12.0423	0.0906977
-0.0254934	-10.5554	0.246713
-0.062096	-8.78461	0.383463
-0.0897075	-6.62677	0.497272
-0.107605	-4.29533	0.583125
-0.119844	-2.93749	0.638772
-0.134557	-3.53107	0.676828
-0.152192	-4.23232	0.722573
-0.171751	-4.69412	0.777404
-0.192023	-4.86549	0.838217
-0.211656	-4.71189	0.901251
-0.229151	-4.19872	0.962294
-0.242952	-3.31233	1.01669
-0.25153	-2.0586	1.0596
-0.249799	0.415474	1.08627
-0.238718	2.65927	1.08088
-0.215091	5.67061	1.04643
-0.177423	9.04038	0.972959
-0.127244	12.0428	0.855833
-0.0660986	14.6749	0.699808
0.0042226	16.8771	0.509684
0.0756432	17.1409	0.291029
0.137746	14.9048	0.0689567
0.186585	11.7213	-0.124144
0.22135	8.34353	-0.276001
0.242753	5.13672	-0.384096
0.251977	2.21374	-0.450645
0.255389	0.818853	-0.479325
0.246592	-2.11122	-0.489933
0.231254	-3.68119	-0.46258
0.215364	-3.81354	-0.414887
0.205633	-2.33533	-0.36548
0.20099	-1.11445	-0.335224
0.200226	-0.183202	-0.320785
0.201453	0.294261	-0.318411
0.20276	0.313738	-0.322223
0.199124	-0.87262	-0.326288
0.183002	-3.86921	-0.314982
0.152172	-7.39924	-0.264854
0.10795	-10.6134	-0.168992
0.0519355	-13.4434	-0.031489
-0.013861	-15.7912	0.142678
-0.0864082	-17.4113	0.347262
-0.159898	-17.6374	0.572836
-0.22575	-15.8046	0.801338
-0.277172	-12.3413	1.00609
-0.310549	-8.0104	1.16598
-0.327379	-4.03933	1.26976
-0.329281	-0.456468	1.32209
-0.318407	2.60988	1.328
-0.296419	5.27693	1.29418
-0.265394	7.44621	1.22581
-0.235666	7.13455	1.12934
-0.211055	5.90675	1.03691
-0.190622	4.90388	0.960378
-0.173161	4.19062	0.896843
-0.157528	3.75187	0.842549
-0.142507	3.60501	0.793939
-0.126867	3.75361	0.747232
-0.109285	4.21968	0.6986
-0.0843534	5.98368	0.643929
-0.0419026	10.1882	0.566405
0.0165251	14.0226	0.434409
0.0875239	17.0397	0.252736
0.165718	18.7666	0.0319752
0.246642	19.4219	-0.211158
0.327808	19.4796	-0.46278
0.404269	18.3508	-0.71515
0.463745	14.2742	-0.952895
0.5048	9.85322	-1.13782
0.528565	5.70361	-1.26548
0.536479	1.89936	-1.33937
0.530551	-1.42272	-1.36397
0.512332	-4.37272	-1.34554
0.483323	-6.9621	-1.28889
0.445696	-9.03054	-1.19868
0.408902	-8.83051	-1.08169
0.378447	-7.30912	-0.96728
0.354044	-5.85687	-0.872584
0.334525	-4.6845	-0.796703
0.318293	-3.89563	-0.736011
0.30354	-3.54068	-0.685539
0.288275	-3.66375	-0.639667
0.26833	-4.78667	-0.592199
0.23197	-8.72636	-0.530184
0.179415	-12.6133	-0.417128
0.11249	-16.062	-0.253714
0.0332851	-19.0091	-0.0456207
-0.0557965	-21.3796	0.200654
-0.150215	-22.6604	0.477639
-0.24258	-22.1677	0.771218
-0.329863	-20.9479	1.05841
-0.402924	-17.5347	1.3298
-0.45599	-12.7357	1.55697
-0.490683	-8.32645	1.72197
-0.509171	-4.43702	1.82984
-0.513363	-1.0061	1.88732
-0.505548	1.8757	1.90035
-0.487472	4.33807	1.87604
-0.465623	5.24388	1.81984
-0.447441	4.3635	1.7519
-0.433099	3.44209	1.69536
-0.421457	2.7941	1.65076
-0.411357	2.42397	1.61456
-0.401574	2.34803	1.58315
-0.390734	2.60165	1.55273
-0.377043	3.28581	1.51902
-0.35877	4.38554	1.47645
-0.328659	7.22649	1.41962
-0.281825	11.2402	1.326
-0.21976	14.8957	1.18037
-0.144401	18.0861	0.987384
-0.0575966	20.8331	0.753065
0.0386702	23.104	0.483159
0.14184	24.7607	0.18383
0.241298	23.8699	-0.136961
0.325601	20.2327	-0.44621
0.393578	16.3147	-0.708337
0.445888	12.5543	-0.919702
0.483446	9.01382	-1.08235
0.507552	5.78552	-1.19913
0.519777	2.93408	-1.27408
0.52186	0.499858	-1.31209
0.516739	-1.2291	-1.31856
0.513344	-0.814788	-1.30264
0.514573	0.29499	-1.29208
0.518967	1.05467	-1.2959
0.524895	1.42253	-1.30956
0.531084	1.48536	-1.32799
0.536491	1.2978	-1.34723
0.539981	0.837582	-1.36404
0.538128	-0.444671	-1.37489
0.522001	-3.87045	-1.36913
0.491241	-7.38242	-1.31898
0.446803	-10.6651	-1.22333
0.389932	-13.6492	-1.08516
0.319445	-16.9168	-0.908322
0.237905	-19.5696	-0.689153
0.148881	-21.3657	-0.435615
0.0544901	-22.6538	-0.158808
-0.0434754	-23.5117	0.134686
-0.137958	-22.6758	0.439294
-0.217591	-19.1119	0.733073
-0.281579	-15.357	0.980678
-0.33073	-11.7963	1.17964
-0.366275	-8.53068	1.33246
-0.389878	-5.6649	1.44298
-0.406695	-4.03604	1.51637
-0.421672	-3.5944	1.56865
-0.438088	-3.93996	1.61522
-0.455249	-4.11857	1.66626
-0.472126	-4.0504	1.71961
-0.487562	-3.70463	1.77209
-0.500312	-3.06015	1.82008
-0.509101	-2.10932	1.85972
-0.51264	-0.849371	1.88704
-0.504984	1.83738	1.89804
-0.481034	5.7482	1.87423
-0.441751	9.42783	1.79976
-0.388742	12.7222	1.67761
-0.32364	15.6244	1.51278
-0.248048	18.142	1.31036
-0.163675	20.2497	1.07531
-0.0759074	21.0642	0.812963
0.00564337	19.5722	0.540062
0.0800761	17.8639	0.286491
0.144179	15.3847	0.0550524
0.195729	12.3721	-0.144267
0.235002	9.42536	-0.304555
0.263144	6.75414	-0.426666
0.281201	4.33359	-0.514169
0.291632	2.50363	-0.570313
0.305496	3.32716	-0.602748
0.325122	4.71041	-0.645852
0.349199	5.77837	-0.706878
0.37597	6.42508	-0.781739
0.403542	6.61723	-0.864979
0.429995	6.34871	-0.950707
0.453528	5.64806	-1.03296
0.465355	2.8385	-1.10613
0.459019	-1.52068	-1.1429
0.435271	-5.6995	-1.1232
0.395637	-9.51219	-1.04936
0.341749	-12.9331	-0.926118
0.275449	-15.9122	-0.75856
0.198818	-18.3914	-0.552407
0.114067	-20.3402	-0.314134
0.0288361	-20.4554	-0.0506137
-0.0513261	-19.2389	0.214398
-0.119354	-16.3266	0.46365
-0.171276	-12.4614	0.67517
-0.207742	-8.75181	0.836613
-0.230079	-5.36089	0.949996
-0.239633	-2.29306	1.01945
-0.239425	0.0498993	1.04915
-0.239711	-0.0685703	1.0485
-0.244574	-1.16719	1.04939
-0.252528	-1.90892	1.06451
-0.26206	-2.28769	1.08924
-0.271719	-2.31798	1.11887
-0.28007	-2.00442	1.1489
-0.28569	-1.34881	1.17487
-0.287148	-0.349814	1.19234
-0.2816	1.33142	1.19687
-0.257219	5.85161	1.17962
-0.214169	10.3319	1.1038
-0.154758	14.2586	0.969946
-0.0811876	17.657	0.785215
0.0043257	20.5232	0.556455
0.0994806	22.8372	0.290563
0.196697	23.3319	-0.00530729
0.278977	19.7472	-0.307586
0.344263	15.6688	-0.563423
0.393369	11.7853	-0.766421
0.427367	8.15961	-0.919105
0.447451	4.82015	-1.02482
0.455045	1.82266	-1.08726
0.452383	-0.639053	-1.11087
0.441504	-2.61074	-1.10259
0.430918	-2.54082	-1.06877
0.42629	-1.11055	-1.03585
0.426946	0.157312	-1.02146
0.431082	0.992591	-1.02349
0.436997	1.4197	-1.03635
0.44312	1.46957	-1.05474
0.447892	1.14519	-1.07378
0.447892	0	-1.08862
0.432634	-3.6618	-1.08861
0.400953	-7.60343	-1.04117
0.354039	-11.2594	-0.942662
0.293435	-14.5451	-0.796788
0.220962	-17.3933	-0.608346
0.138627	-19.7606	-0.383003
0.0485484	-21.6188	-0.126992
-0.0467172	-22.8637	0.153093
-0.137597	-21.8112	0.449306
-0.212871	-18.0656	0.731883
-0.272306	-14.2644	0.965933
-0.317168	-10.7669	1.15073
-0.34882	-7.59656	1.29022
-0.368554	-4.73613	1.38864
-0.377627	-2.17743	1.45
-0.380224	-0.623287	1.4782
-0.384511	-1.02884	1.48627
-0.390632	-1.46919	1.4996
-0.397631	-1.67974	1.51863
-0.40441	-1.62705	1.54039
-0.409825	-1.29944	1.56147
-0.41614	-1.51556	1.5783
-0.419353	-0.771102	1.59793
-0.417847	0.361393	1.60792
-0.41093	1.65997	1.60323
-0.393272	4.23784	1.58172
-0.360164	7.94614	1.52681
-0.312698	11.3917	1.42386
-0.252159	14.5295	1.27627
-0.179784	17.37	1.08803
-0.0974057	19.7707	0.862989
-0.0109472	20.75	0.606845
0.0745761	20.5256	0.338014
0.15278	18.769	0.0720914
0.219817	16.0888	-0.171073
0.275274	13.3096	-0.379513
0.319829	10.6933	-0.551947
0.35444	8.30655	-0.690484
0.380293	6.20472	-0.7981
0.399413	4.58903	-0.878484
0.420073	4.95836	-0.937937
0.445294	6.05307	-1.00217
0.473532	6.77701	-1.08059
0.503365	7.15982	-1.16839
0.533564	7.24792	-1.26115
0.5628	7.01658	-1.35505
0.589542	6.41801	-1.44595
0.606922	4.17123	-1.5291
0.608548	0.390244	-1.58313
0.595094	-3.22902	-1.58819
0.56759	-6.60095	-1.54635
0.527237	-9.68451	-1.46083
0.475444	-12.4303	-1.33536
0.413863	-14.7796	-1.17431
0.344805	-16.5739	-0.982831
0.273968	-17.001	-0.768104
0.208173	-15.7907	-0.547845
0.149486	-14.085	-0.343266
0.0969409	-12.6108	-0.160787
0.0493714	-11.4167	0.00259387
0.00613235	-10.3774	0.150504
-0.0328861	-9.36442	0.284949
-0.0686394	-8.58079	0.40627
-0.106439	-9.07191	0.517438
-0.148622	-10.124	0.634969
-0.194173	-10.9322	0.76613
-0.241706	-11.4078	0.907762
-0.289555	-11.4837	1.05556
-0.335996	-11.146	1.20433
-0.379156	-10.3582	1.34873
-0.417287	-9.1516	1.48293
-0.446557	-7.02483	1.60149
-0.459524	-3.11198	1.6925
-0.455485	0.969285	1.73281
-0.43628	4.60931	1.72025
-0.403844	7.78452	1.66053
-0.359906	10.5452	1.55967
-0.306144	12.9029	1.42305
-0.244381	14.8231	1.25588
-0.185559	14.1173	1.06383
-0.13281	12.6596	0.880933
-0.085556	11.3411	0.716917
-0.0429381	10.2283	0.569985
-0.00410336	9.32033	0.437469
0.030893	8.39912	0.316718
0.0610884	7.24691	0.207901
0.0857574	5.92054	0.114012
0.117794	7.68886	0.0373069
0.156534	9.29753	-0.0623075
0.20077	10.6166	-0.182763
0.248896	11.5501	-0.320308
0.299196	12.072	-0.469947
0.350084	12.2132	-0.626346
0.397899	11.4755	-0.784575
0.43561	9.05067	-0.933246
0.456103	4.9185	-1.0505
0.459589	0.836559	-1.11422
0.448016	-2.77766	-1.12506
0.42287	-6.03488	-1.08907
0.385754	-8.90791	-1.01088
0.338356	-11.3754	-0.895473
0.287972	-12.0923	-0.748096
0.235047	-12.702	-0.591432
0.188198	-11.2437	-0.426869
0.149756	-9.22616	-0.281199
0.118492	-7.50321	-0.161668
0.0929592	-6.12799	-0.0644595
0.0718373	-5.06926	0.0149322
0.0541918	-4.23492	0.0806073
0.0352022	-4.5575	0.135473
0.00692072	-6.78755	0.194518
-0.0307467	-9.04017	0.282454
-0.0752326	-10.6766	0.399574
-0.122898	-11.4398	0.537895
-0.170163	-11.3436	0.686103
-0.214485	-10.6372	0.833065
-0.253959	-9.47384	0.970874
-0.286745	-7.86861	1.09361
-0.305562	-4.51601	1.19555
-0.305659	-0.023267	1.25406
-0.28928	3.93084	1.25436
-0.258425	7.40524	1.20343
-0.214919	10.4414	1.10748
-0.16039	13.0869	0.972206
-0.0964887	15.3364	0.802654
-0.0297794	16.0102	0.60396
0.0324249	14.929	0.396536
0.0880113	13.3407	0.20312
0.133748	10.9769	0.030282
0.168505	8.34174	-0.111931
0.192667	5.79884	-0.220003
0.207513	3.56307	-0.295131
0.214529	1.68369	-0.341292
0.215856	0.318477	-0.363105
0.219441	0.860494	-0.367231
0.22817	2.09494	-0.378378
0.240711	3.00968	-0.405519
0.255535	3.55778	-0.444511
0.271372	3.80092	-0.490604
0.287102	3.77514	-0.539846
0.301447	3.44298	-0.588755
0.307902	1.5491	-0.63336
0.299049	-2.1247	-0.653428
0.275031	-5.76439	-0.625901
0.237033	-9.11933	-0.551218
0.186559	-12.1138	-0.433071
0.125348	-14.6908	-0.276128
0.0553295	-16.8043	-0.0857996
-0.0214382	-18.4243	0.131911
-0.0989112	-18.5935	0.370608
-0.166007	-16.103	0.611498
-0.216569	-12.1348	0.82012
-0.251781	-8.45085	0.977333
-0.273064	-5.10795	1.08682
-0.281756	-2.08621	1.15299
-0.279416	0.561592	1.18002
-0.267216	2.9281	1.17274
-0.252586	3.51114	1.1348
-0.241526	2.65441	1.08931
-0.234123	1.77685	1.05492
-0.229396	1.13442	1.03189
-0.226098	0.791523	1.01719
-0.222798	0.791955	1.00694
-0.217791	1.20173	0.996674
-0.208998	2.11037	0.981103
-0.193712	3.66854	0.953759
-0.163846	7.1679	0.906229
-0.11588	11.5118	0.813362
-0.0516937	15.4048	0.664218
0.0264995	18.7664	0.464638
0.115955	21.4693	0.221507
0.210424	22.6724	-0.0566425
0.305025	22.7044	-0.350378
0.389808	20.348	-0.644527
0.458337	16.447	-0.908146
0.51051	12.5215	-1.12123
0.547363	8.84461	-1.28345
0.570179	5.47594	-1.39803
0.580358	2.44304	-1.46897
0.579935	-0.101658	-1.50062
0.570582	-2.24463	-1.4993
0.557682	-3.09598	-1.47022
0.55004	-1.83412	-1.43011
0.549686	-0.0849282	-1.40634
0.554399	1.13098	-1.40524
0.562363	1.91134	-1.41989
0.571808	2.26698	-1.44465
0.580972	2.19924	-1.47402
0.587075	1.46482	-1.50251
0.580176	-1.65571	-1.52148
0.555728	-5.86771	-1.50003
0.514854	-9.80962	-1.424
0.459097	-13.3817	-1.29691
0.390035	-16.575	-1.12354
0.309381	-19.3568	-0.908801
0.219124	-21.6618	-0.658019
0.121622	-23.4005	-0.377376
0.0239319	-23.4456	-0.074208
-0.0651336	-21.3757	0.229544
-0.146658	-19.566	0.506479
-0.212452	-15.7904	0.759967
-0.263396	-12.2266	0.96454
-0.30094	-9.01074	1.12294
-0.326815	-6.20986	1.23968
-0.345282	-4.432	1.32013
-0.366323	-5.04999	1.37754
-0.391213	-5.97351	1.44297
-0.418577	-6.56728	1.52035
-0.446995	-6.82038	1.60543
-0.475673	-6.88284	1.69379
-0.500776	-6.02467	1.78296
-0.521572	-4.99093	1.86101
-0.536669	-3.62336	1.92567
-0.545753	-2.18015	1.9726
-0.543668	0.500326	2.00085
-0.524846	4.51722	1.99436
-0.490781	8.17572	1.93583
-0.443394	11.3728	1.82991
-0.384417	14.1546	1.68256
-0.31562	16.5112	1.49917
-0.24173	17.7337	1.28526
-0.168759	17.513	1.0555
-0.100448	16.3945	0.828609
-0.0366679	15.3072	0.616206
0.0233238	14.398	0.41789
0.0788913	13.3362	0.231353
0.127777	11.7325	0.0585736
0.16927	9.95848	-0.0934287
0.205696	8.74215	-0.222447
0.243274	9.0186	-0.335707
0.285419	10.1149	-0.452548
0.332333	11.2593	-0.583592
0.382354	12.0051	-0.729463
0.433769	12.3395	-0.884996
0.485052	12.308	-1.04486
0.534503	11.8683	-1.20432
0.578803	10.6318	-1.35808
0.607997	7.00652	-1.49581
0.621219	3.17332	-1.58659
0.61995	-0.304393	-1.6277
0.605368	-3.49981	-1.62375
0.578864	-6.36095	-1.5784
0.541937	-8.86246	-1.49599
0.496497	-10.9057	-1.38117
0.444714	-12.4278	-1.23988
0.395084	-11.9113	-1.07886
0.350669	-10.6595	-0.924545
0.310349	-9.67684	-0.786443
0.273021	-8.95873	-0.661072
0.237988	-8.40803	-0.545005
0.204688	-7.99187	-0.436073
0.172073	-7.82763	-0.332533
0.133941	-9.1516	-0.23112
0.0844588	-11.8758	-0.112556
0.0239807	-14.5147	0.0413028
-0.0455798	-16.6945	0.22935
-0.120307	-17.9344	0.445637
-0.194304	-17.7595	0.677988
-0.264417	-16.8271	0.908071
-0.328651	-15.416	1.12607
-0.384051	-13.2961	1.3258
-0.425311	-9.90233	1.49805
-0.449678	-5.84808	1.62634
-0.457843	-1.95977	1.7021
-0.45206	1.38798	1.72749
-0.433968	4.34218	1.7095
-0.404934	6.96813	1.65324
-0.366384	9.25204	1.56296
-0.324076	10.1539	1.44309
-0.284617	9.47003	1.31154
-0.248197	8.74084	1.18885
-0.214013	8.20415	1.0756
-0.181022	7.9179	0.969308
-0.148317	7.84924	0.866724
-0.111132	8.92424	0.76503
-0.0682143	10.3003	0.649409
-0.0235498	10.7195	0.515961
0.0268177	12.0882	0.377082
0.0875084	14.5658	0.220471
0.154587	16.0989	0.0317611
0.22436	16.7455	-0.176811
0.294813	16.9088	-0.393758
0.364756	16.7863	-0.612822
0.431133	15.9304	-0.830298
0.488429	13.751	-1.03668
0.532213	10.5082	-1.21484
0.562908	7.36675	-1.35097
0.581334	4.42233	-1.44641
0.588404	1.69668	-1.5037
0.585861	-0.610159	-1.52568
0.574987	-2.60971	-1.51777
0.557371	-4.22793	-1.48396
0.538604	-4.50413	-1.42918
0.52059	-4.32344	-1.37083
0.505972	-3.50817	-1.31481
0.493822	-2.91604	-1.26936
0.48329	-2.52776	-1.23158
0.473606	-2.3241	-1.19883
0.463988	-2.30823	-1.16871
0.45294	-2.65156	-1.13881
0.433055	-4.77242	-1.10445
0.399874	-7.9634	-1.04262
0.35345	-11.1419	-0.939448
0.294419	-14.1673	-0.795096
0.224121	-16.8717	-0.611549
0.144456	-19.1195	-0.392965
0.0577095	-20.8192	-0.14526
-0.033966	-22.0021	0.124466
-0.123711	-21.5389	0.409516
-0.197289	-17.6585	0.688565
-0.253588	-13.5119	0.917341
-0.29391	-9.67715	1.09239
-0.31979	-6.21123	1.21776
-0.332832	-3.13001	1.29823
-0.334719	-0.452889	1.33878
-0.330675	0.970563	1.34464
-0.330541	0.0321302	1.33207
-0.334769	-1.01477	1.33165
-0.342466	-1.84727	1.34479
-0.352242	-2.34635	1.36872
-0.362658	-2.49983	1.39912
-0.372196	-2.28905	1.4315
-0.379289	-1.70245	1.46115
-0.381757	-0.592299	1.48321
-0.371799	2.39006	1.49088
-0.345184	6.38745	1.45991
-0.302565	10.2286	1.37715
-0.245902	13.5992	1.24463
-0.177388	16.4434	1.06844
-0.0988593	18.8469	0.855406
-0.0124314	20.7427	0.611231
0.0754931	21.1019	0.342495
0.151995	18.3604	0.0691058
0.212532	14.5291	-0.168765
0.257405	10.7694	-0.356998
0.287834	7.30286	-0.496522
0.305226	4.17417	-0.591134
0.311101	1.41006	-0.645212
0.307648	-0.828788	-0.663479
0.296687	-2.63059	-0.652741
0.288507	-1.96332	-0.618659
0.28809	-0.100018	-0.593222
0.294078	1.43716	-0.591925
0.30438	2.47255	-0.610544
0.317168	3.06901	-0.642576
0.330801	3.27204	-0.682336
0.343556	3.06118	-0.724726
0.350778	1.73325	-0.764385
0.3421	-2.08267	-0.786839
0.31787	-5.81534	-0.759855
0.279571	-9.19181	-0.684513
0.228865	-12.1694	-0.565426
0.167625	-14.6977	-0.407763
0.0979227	-16.7285	-0.217345
0.0220595	-18.2072	-0.000617432
-0.0555696	-18.631	0.235268
-0.123993	-16.4216	0.476643
-0.174265	-12.0652	0.689394
-0.206526	-7.74278	0.845704
-0.222568	-3.85011	0.946015
-0.224112	-0.370449	0.995893
-0.213254	2.60599	1.00069
-0.191661	5.18232	0.966925
-0.165351	6.31439	0.899783
-0.142242	5.54598	0.817974
-0.123007	4.61657	0.74612
-0.106867	3.87361	0.686308
-0.0928721	3.35868	0.636121
-0.0797314	3.15378	0.592606
-0.065981	3.3001	0.551746
-0.0505146	3.71193	0.508989
-0.0322664	4.37959	0.460898
-0.00566742	6.38375	0.404156
0.0346686	9.68064	0.32145
0.0854814	12.1951	0.19603
0.142385	13.6569	0.0380345
0.201982	14.3033	-0.138899
0.262183	14.4482	-0.324206
0.321546	14.2471	-0.511392
0.376181	13.1124	-0.695971
0.417002	9.79724	-0.865849
0.443443	6.34577	-0.992777
0.455824	2.97154	-1.07499
0.455568	-0.0614387	-1.11348
0.469055	3.23681	-1.11269
0.471711	0.637344	-1.15462
0.463688	-1.92548	-1.16287
0.446284	-4.1769	-1.13793
0.421484	-5.95196	-1.08381
0.394603	-6.45146	-1.0067
0.369005	-6.1437	-0.923113
0.345097	-5.73786	-0.843516
0.322089	-5.52176	-0.769177
0.299232	-5.48582	-0.697638
0.275725	-5.6416	-0.626564
0.250258	-6.11206	-0.553473
0.216264	-8.15853	-0.474287
0.169337	-11.2625	-0.368587
0.110053	-14.2283	-0.222674
0.0397124	-16.8817	-0.0383372
-0.0399979	-19.1305	0.180375
-0.125499	-20.5202	0.428222
-0.210509	-20.4025	0.694073
-0.291939	-19.543	0.958398
-0.366192	-17.8208	1.21159
-0.42503	-14.1213	1.44246
-0.468779	-10.4997	1.62541
-0.499108	-7.27898	1.76144
-0.517341	-4.37594	1.85574
-0.524543	-1.7283	1.91243
-0.522227	0.55572	1.93481
-0.512148	2.41894	1.92761
-0.502606	2.29019	1.89627
-0.496445	1.47865	1.86659
-0.493027	0.820117	1.84743
-0.491199	0.438788	1.8368
-0.489671	0.366879	1.83111
-0.487202	0.592514	1.82636
-0.482363	1.16136	1.81867
-0.473634	2.09498	1.80362
-0.4559	4.25617	1.77648
-0.425024	7.41018	1.72133
-0.378486	11.169	1.62533
-0.317389	14.6633	1.48062
-0.243114	17.8259	1.29065
-0.156985	20.6711	1.0597
-0.0603815	23.1848	0.791887
0.0422569	24.6332	0.491512
0.141568	23.8347	0.172372
0.228786	20.9322	-0.136422
0.301772	17.5167	-0.407611
0.361218	14.2671	-0.634551
0.408054	11.2406	-0.819389
0.44336	8.47343	-0.965017
0.468321	5.99054	-1.07479
0.484384	3.85517	-1.1524
0.496369	2.87646	-1.20235
0.515181	4.51492	-1.23961
0.539594	5.85916	-1.2981
0.567778	6.76404	-1.37401
0.598113	7.28039	-1.46164
0.628925	7.39501	-1.55596
0.658225	7.0318	-1.65176
0.683281	6.01362	-1.74286
0.691261	1.91524	-1.82077
0.680827	-2.50426	-1.84558
0.653277	-6.61197	-1.81313
0.610149	-10.3509	-1.72746
0.553054	-13.7028	-1.59336
0.483639	-16.6596	-1.41583
0.403605	-19.2081	-1.19999
0.315048	-21.2539	-0.951136
0.227096	-21.1083	-0.675777
0.145673	-19.5415	-0.402306
0.071959	-17.6915	-0.149133
0.00512038	-16.0413	0.0800713
-0.0553432	-14.5113	0.287895
-0.10793	-12.6208	0.475897
-0.151183	-10.3808	0.639406
-0.187316	-8.67175	0.773894
-0.227148	-9.55975	0.88624
-0.272436	-10.8691	1.01009
-0.321346	-11.7384	1.1509
-0.372268	-12.2213	1.30298
-0.423668	-12.336	1.46131
-0.474027	-12.0861	1.62113
-0.521849	-11.4774	1.77771
-0.565658	-10.514	1.9264
-0.60097	-8.47496	2.06261
-0.61814	-4.12086	2.17241
-0.61814	0	2.22579
-0.604078	3.37503	2.22579
-0.578654	6.10163	2.18206
-0.541674	8.87511	2.103
-0.494899	11.2261	1.98801
-0.441286	12.8671	1.84257
-0.392665	11.6691	1.67586
-0.350151	10.2033	1.52468
-0.312596	9.01326	1.39249
-0.278791	8.11321	1.27571
-0.239474	9.43604	1.1706
-0.199631	9.56242	1.04834
-0.160969	9.27891	0.924454
-0.122261	9.28991	0.804237
-0.0811749	9.86065	0.683879
-0.0304234	12.1803	0.556126
0.0351946	15.7483	0.398321
0.113131	18.7047	0.194291
0.197942	20.3546	-0.0480404
0.285556	21.0275	-0.311748
0.373946	21.2135	-0.584172
0.460834	20.8532	-0.859005
0.536949	18.2676	-1.12917
0.596274	14.2378	-1.36584
0.639538	10.3835	-1.55029
0.668173	6.87228	-1.68482
0.683628	3.70912	-1.77385
0.687412	0.908179	-1.8219
0.681515	-1.41525	-1.83366
0.667529	-3.35662	-1.81532
0.649862	-4.24003	-1.77183
0.637662	-2.9281	-1.7169
0.630899	-1.62306	-1.67896
0.627957	-0.706153	-1.65793
0.62741	-0.131242	-1.64877
0.627549	0.0334394	-1.64707
0.627549	0	-1.6475
0.626136	-0.339248	-1.6475
0.612909	-3.17429	-1.6431
0.585854	-6.49324	-1.60197
0.545244	-9.74645	-1.51785
0.491798	-12.8269	-1.39157
0.426735	-15.6152	-1.22539
0.351644	-18.0219	-1.02308
0.268138	-20.0413	-0.789595
0.178058	-21.6192	-0.529945
0.0871149	-21.8264	-0.249854
0.0020729	-20.4101	0.0329207
-0.0750943	-18.5201	0.297346
-0.141823	-16.015	0.537285
-0.195898	-12.978	0.744767
-0.238073	-10.122	0.912903
-0.269414	-7.52184	1.04404
-0.292717	-5.59275	1.14149
-0.316683	-5.75185	1.21394
-0.343854	-6.52089	1.28846
-0.37341	-7.09337	1.37294
-0.40411	-7.36818	1.46483
-0.434659	-7.33172	1.56029
-0.462354	-6.64674	1.65527
-0.485326	-5.51332	1.74138
-0.504834	-4.68201	1.81281
-0.519238	-3.45696	1.87346
-0.519646	-0.0978605	1.91824
-0.504783	3.56725	1.91951
-0.476198	6.86039	1.87329
-0.435435	9.78298	1.7844
-0.383807	12.3907	1.65765
-0.322483	14.7179	1.49712
-0.253357	16.5902	1.30644
-0.185471	16.2926	1.0915
-0.121459	15.3629	0.880414
-0.0609363	14.5255	0.681376
-0.00347831	13.7899	0.493188
0.0509267	13.0572	0.31453
0.100419	11.8782	0.145365
0.14315	10.2554	-0.0085258
0.179191	8.64987	-0.141391
0.212541	8.00389	-0.253455
0.248717	8.68234	-0.357151
0.289138	9.70108	-0.469635
0.332424	10.3885	-0.595318
0.377014	10.7015	-0.729907
0.421578	10.6955	-0.868551
0.464819	10.3779	-1.00712
0.504938	9.62848	-1.14157
0.532487	6.61187	-1.26631
0.54296	2.51347	-1.35197
0.537659	-1.27231	-1.38453
0.517727	-4.78356	-1.36804
0.484455	-7.98536	-1.30606
0.439272	-10.8438	-1.20261
0.383813	-13.3103	-1.06212
0.320032	-15.3073	-0.88967
0.254537	-15.7189	-0.691353
0.197129	-13.7778	-0.487704
0.147819	-11.8345	-0.309203
0.105344	-10.1941	-0.15588
0.0684022	-8.86597	-0.0238091
0.035993	-7.77821	0.0910548
0.00737225	-6.86898	0.191826
-0.0187249	-6.26333	0.280817
-0.0543804	-8.5573	0.361962
-0.09845	-10.5767	0.472826
-0.147457	-11.7616	0.609852
-0.198812	-12.3253	0.76223
-0.250634	-12.4372	0.92191
-0.301055	-12.1012	1.08304
-0.348414	-11.366	1.23982
-0.39108	-10.2398	1.38707
-0.422741	-7.59879	1.51973
-0.435167	-2.98205	1.61817
-0.429956	1.25049	1.6568
-0.409201	4.98134	1.6406
-0.375036	8.19959	1.57606
-0.329647	10.8933	1.46982
-0.27542	13.0145	1.32869
-0.217224	13.9671	1.16008
-0.165572	12.3963	0.979121
-0.12095	10.7094	0.818516
-0.0824898	9.23044	0.679768
-0.0491517	8.00115	0.56018
-0.019984	7.00024	0.456519
0.0056121	6.14306	0.365825
0.0273449	5.21587	0.286237
0.0451957	4.28419	0.218661
0.0666565	5.15059	0.163156
0.0977034	7.45127	0.0964261
0.136281	9.25856	-0.000110222
0.179825	10.4507	-0.120061
0.225906	11.0593	-0.255456
0.272572	11.2	-0.398736
0.31795	10.8906	-0.543838
0.359028	9.85874	-0.684932
0.382623	5.66275	-0.812657
0.388175	1.33259	-0.88602
0.377708	-2.5122	-0.903283
0.353075	-5.91172	-0.870734
0.316123	-8.86853	-0.794143
0.268657	-11.3919	-0.679244
0.212596	-13.4546	-0.531653
0.150376	-14.9329	-0.35734
0.0906138	-14.3429	-0.163875
0.0397371	-12.2104	0.0219458
0.000415913	-9.43709	0.180139
-0.0298027	-7.25247	0.302402
-0.0501314	-4.87888	0.396361
-0.060212	-2.41935	0.459569
-0.0605226	-0.0745514	0.490912
-0.0568331	0.885489	0.491876
-0.0584097	-0.378382	0.480403
-0.0657908	-1.77147	0.485304
-0.0777077	-2.86005	0.508253
-0.0926694	-3.59081	0.545305
-0.108952	-3.90788	0.591825
-0.127071	-4.34838	0.642453
-0.140611	-3.24981	0.698787
-0.150154	-2.29019	0.740889
-0.153866	-0.890903	0.770558
-0.143911	2.38925	0.782098
-0.11758	6.31946	0.751142
-0.0765038	9.8582	0.669268
-0.0224791	12.9659	0.541547
0.0425465	15.6062	0.373564
0.112904	16.8858	0.171375
0.178551	15.7553	-0.0473916
0.231057	12.6013	-0.251511
0.269044	9.11692	-0.414769
0.293192	5.79553	-0.532884
0.304543	2.72433	-0.607968
0.304543	0	-0.643262
0.2949	-2.3144	-0.643261
0.277377	-4.2055	-0.613275
0.259375	-4.32033	-0.55879
0.245991	-3.21237	-0.502816
0.238788	-1.72864	-0.461197
0.236545	-0.538214	-0.438801
0.23711	0.135612	-0.431827
0.238816	0.409321	-0.433584
0.239983	0.280152	-0.438886
0.238063	-0.46076	-0.442515
0.222263	-3.79208	-0.436545
0.190753	-7.56238	-0.387416
0.1448	-11.0288	-0.28944
0.0859521	-14.1235	-0.146555
0.0159888	-16.7912	0.0364234
-0.0625057	-18.8387	0.253964
-0.144682	-19.7224	0.498029
-0.224223	-19.0897	0.753544
-0.290675	-15.9485	1.00086
-0.338925	-11.58	1.20748
-0.370537	-7.58692	1.35751
-0.387459	-4.06126	1.4558
-0.391308	-0.92376	1.50841
-0.384049	1.74215	1.52037
-0.367434	3.9877	1.4978
-0.348386	4.57151	1.44613
-0.333411	3.59393	1.3869
-0.322534	2.61045	1.34034
-0.314539	1.91873	1.30651
-0.307877	1.59907	1.28165
-0.300875	1.68038	1.26093
-0.291906	2.15261	1.23916
-0.278974	3.10359	1.21127
-0.259688	4.62862	1.17106
-0.226951	7.85703	1.11109
-0.176867	12.0201	1.00929
-0.110629	15.8972	0.853563
-0.0302849	19.2825	0.647603
0.0621663	22.1883	0.397784
0.162889	24.1734	0.11032
0.264753	24.4475	-0.202861
0.360253	22.9199	-0.519593
0.440042	19.1494	-0.816534
0.503419	15.2106	-1.06463
0.551116	11.4471	-1.26169
0.584331	7.97182	-1.40999
0.604372	4.80962	-1.51327
0.612635	1.98323	-1.57557
0.61114	-0.358751	-1.60127
0.601893	-2.21922	-1.59661
0.5969	-1.19855	-1.56786
0.597313	0.0993092	-1.55233
0.601375	0.974895	-1.55361
0.607364	1.43722	-1.56624
0.613869	1.56127	-1.58486
0.619674	1.39321	-1.60508
0.623315	0.873794	-1.62313
0.618137	-1.24264	-1.63445
0.595798	-5.36133	-1.61834
0.556984	-9.31539	-1.54888
0.502938	-12.9711	-1.42819
0.435086	-16.2844	-1.26014
0.35502	-19.2158	-1.04916
0.264451	-21.7366	-0.80021
0.165641	-23.7144	-0.518597
0.0643882	-24.3007	-0.211361
-0.0328293	-23.3322	0.10347
-0.119995	-20.9198	0.405753
-0.192399	-17.3768	0.67678
-0.249608	-13.7303	0.901906
-0.292809	-10.3681	1.07979
-0.323301	-7.31817	1.21411
-0.342718	-4.66001	1.30892
-0.358726	-3.84198	1.36929
-0.377573	-4.52331	1.41906
-0.399516	-5.26638	1.47766
-0.423348	-5.71951	1.54589
-0.447708	-5.8465	1.61998
-0.471183	-5.63412	1.69573
-0.492214	-5.04722	1.76872
-0.50886	-3.99516	1.8341
-0.519198	-2.48123	1.88586
-0.515564	0.872262	1.918
-0.494347	5.0922	1.90669
-0.457437	8.85835	1.84072
-0.406843	12.1424	1.72595
-0.344283	15.0146	1.56863
-0.271489	17.4705	1.3741
-0.190538	19.4284	1.14776
-0.109654	19.4121	0.896052
-0.0360626	17.6619	0.644554
0.0305371	15.9839	0.415731
0.089521	14.1561	0.208649
0.138093	11.6574	0.0252462
0.175379	8.94851	-0.125783
0.202118	6.41746	-0.241716
0.21974	4.22925	-0.324858
0.232695	3.10926	-0.37965
0.233332	0.152741	-0.419932
0.23944	1.46594	-0.421911
0.249434	2.39847	-0.440902
0.26172	2.94878	-0.471975
0.27482	3.14386	-0.510178
0.28714	2.957	-0.550908
0.296499	2.24607	-0.589217
0.292548	-0.948236	-0.618315
0.272672	-4.77025	-0.606029
0.238094	-8.29872	-0.544227
0.190301	-11.4704	-0.436711
0.131063	-14.217	-0.288105
0.0624063	-16.4777	-0.103914
-0.0133287	-18.1764	0.109564
-0.092542	-19.0112	0.34505
-0.163508	-17.0319	0.591351
-0.217452	-12.9465	0.812008
-0.255178	-9.05418	0.979737
-0.277984	-5.47354	1.09704
-0.287228	-2.21843	1.16795
-0.284659	0.616477	1.19669
-0.271586	3.13744	1.1887
-0.253744	4.28217	1.14805
-0.238917	3.55837	1.09257
-0.227289	2.79076	1.04646
-0.217973	2.23588	1.0103
-0.209845	1.95066	0.981334
-0.201679	1.95991	0.956059
-0.192169	2.28234	0.930665
-0.17997	2.92785	0.901094
-0.163645	3.91785	0.86316
-0.137202	6.34644	0.8124
-0.0949414	10.1425	0.730176
-0.0379063	13.6884	0.598771
0.0321125	16.8045	0.421427
0.11192	19.1537	0.203713
0.195876	20.1495	-0.0444358
0.279755	20.1311	-0.305485
0.35888	18.9898	-0.566295
0.422313	15.2239	-0.812319
0.468947	11.1924	-1.00955
0.498962	7.20354	-1.15456
0.513675	3.53099	-1.24788
0.514569	0.214686	-1.29362
0.503775	-2.5905	-1.2964
0.483005	-4.98495	-1.26284
0.454287	-6.89231	-1.19825
0.426824	-6.59112	-1.10896
0.404824	-5.28006	-1.02356
0.386991	-4.27995	-0.955155
0.37188	-3.62664	-0.899704
0.358333	-3.25108	-0.852717
0.34523	-3.14471	-0.810596
0.331257	-3.35362	-0.769853
0.312889	-4.4082	-0.726403
0.278917	-8.15339	-0.669291
0.229123	-11.9507	-0.563658
0.164911	-15.4109	-0.408829
0.0879646	-18.467	-0.209171
0.000233617	-21.0554	0.0300812
-0.0955466	-22.9873	0.302867
-0.193234	-23.445	0.60068
-0.286167	-22.304	0.904423
-0.366296	-19.2309	1.19338
-0.433102	-16.0335	1.44253
-0.479487	-11.1323	1.65025
-0.510317	-7.39916	1.79447
-0.527088	-4.02508	1.89033
-0.531187	-0.98368	1.94247
-0.524814	1.52955	1.95521
-0.513837	2.63436	1.93539
-0.506299	1.80907	1.90126
-0.501861	1.0653	1.87782
-0.499881	0.475062	1.86401
-0.499279	0.144444	1.85785
-0.498836	0.106357	1.85598
-0.49714	0.407048	1.85459
-0.492489	1.11628	1.84932
-0.482243	2.45895	1.83485
-0.460232	5.28266	1.80299
-0.421403	9.31896	1.73454
-0.367311	12.9821	1.61381
-0.299574	16.2569	1.44561
-0.219681	19.1742	1.23499
-0.129247	21.7043	0.986575
-0.0301084	23.7933	0.70538
0.069163	23.8251	0.397122
0.159259	21.623	0.0884516
0.235027	18.1844	-0.191688
0.296252	14.694	-0.427278
0.343634	11.3716	-0.617647
0.378057	8.26153	-0.764972
0.400675	5.42838	-0.872004
0.412838	2.91917	-0.942331
0.4199	1.69492	-0.980149
0.430737	2.6008	-1.00211
0.445489	3.54045	-1.0358
0.462632	4.11434	-1.08167
0.48075	4.34836	-1.13497
0.498662	4.29887	-1.1913
0.515229	3.97621	-1.24699
0.528554	3.19792	-1.29851
0.528469	-0.0203298	-1.33993
0.511682	-4.02905	-1.33967
0.479206	-7.79415	-1.28747
0.432271	-11.2643	-1.18649
0.372268	-14.4008	-1.04055
0.300714	-17.173	-0.853975
0.219455	-19.502	-0.631487
0.130729	-21.2944	-0.378825
0.0417025	-21.3663	-0.102942
-0.0401992	-19.6564	0.173871
-0.112016	-17.2359	0.428532
-0.17009	-13.9379	0.651833
-0.214233	-10.5942	0.832405
-0.245402	-7.48056	0.969658
-0.264768	-4.64783	1.06657
-0.274599	-2.35956	1.12678
-0.286629	-2.88721	1.15735
-0.301558	-3.58303	1.19475
-0.318934	-4.17006	1.24117
-0.337693	-4.50213	1.29519
-0.356519	-4.51835	1.35352
-0.373887	-4.16838	1.41205
-0.387996	-3.38616	1.46606
-0.397432	-2.26466	1.50992
-0.398163	-0.175318	1.53926
-0.381425	4.017	1.54153
-0.348098	7.9985	1.48948
-0.299926	11.5612	1.38585
-0.238562	14.7276	1.23607
-0.165492	17.5367	1.04526
-0.0822954	19.9671	0.818055
0.00739565	21.5258	0.559367
0.0909202	20.0459	0.280485
0.162259	17.1213	0.0207766
0.218533	13.5058	-0.201041
0.260206	10.0016	-0.376017
0.288395	6.76515	-0.505593
0.30437	3.83408	-0.593239
0.313366	2.15908	-0.642911
0.312047	-0.316626	-0.670882
0.305023	-1.68569	-0.666779
0.301195	-0.918746	-0.644939
0.301595	0.0959154	-0.633035
0.305165	0.856893	-0.634276
0.310668	1.32066	-0.645377
0.316683	1.44373	-0.662486
0.320274	0.86178	-0.681189
0.314771	-1.32066	-0.692353
0.293291	-5.15514	-0.675242
0.256232	-8.89435	-0.608453
0.205095	-12.2728	-0.49322
0.141649	-15.227	-0.334218
0.0680244	-17.6699	-0.136941
-0.0137767	-19.6323	0.0919832
-0.100691	-20.8593	0.346331
-0.181588	-19.4154	0.616575
-0.245491	-15.3367	0.868113
-0.292137	-11.1951	1.06681
-0.322812	-7.36192	1.21184
-0.339084	-3.9054	1.30722
-0.342445	-0.806631	1.35781
-0.335076	1.76857	1.36826
-0.321255	3.31707	1.34534
-0.311692	2.2952	1.30237
-0.306361	1.27954	1.27263
-0.30415	0.530461	1.25605
-0.303916	0.0563177	1.24917
-0.303916	0	1.24844
-0.303309	0.14569	1.24844
-0.300714	0.622714	1.24655
-0.294273	1.54572	1.23848
-0.27392	4.88483	1.21845
-0.235952	9.11232	1.15516
-0.181828	12.9899	1.0371
-0.113298	16.447	0.868807
-0.0321872	19.4667	0.655723
0.059526	22.0112	0.403519
0.157856	23.5992	0.11835
0.249247	21.9337	-0.187393
0.323833	17.9007	-0.471558
0.381657	13.8778	-0.703472
0.423538	10.0515	-0.883266
0.450206	6.40024	-1.01349
0.462641	2.98451	-1.09641
0.462641	0	-1.13507
0.451917	-2.57393	-1.13507
0.433505	-4.41877	-1.10172
0.418532	-3.59349	-1.04447
0.409402	-2.19118	-0.997911
0.40474	-1.11883	-0.969522
0.402962	-0.426887	-0.955025
0.402684	-0.06675	-0.949493
0.402596	-0.0210498	-0.948626
0.400604	-0.478136	-0.948352
0.39032	-2.46816	-0.942156
0.36207	-6.77988	-0.910177
0.316868	-10.8484	-0.822338
0.256279	-14.5415	-0.681789
0.182021	-17.8219	-0.493394
0.095989	-20.6477	-0.2625
0.000293965	-22.9668	0.00500466
-0.102341	-24.6324	0.302554
-0.204436	-24.5029	0.621681
-0.292543	-21.1455	0.93913
-0.362775	-16.8557	1.21308
-0.415967	-12.7662	1.43145
-0.453826	-9.08615	1.59684
-0.477808	-5.75566	1.71456
-0.489264	-2.74944	1.78912
-0.489852	-0.140933	1.82474
-0.487895	0.469609	1.82656
-0.488594	-0.167714	1.82047
-0.491385	-0.670002	1.82264
-0.49541	-0.966008	1.83132
-0.499508	-0.98337	1.84383
-0.502264	-0.661495	1.85657
-0.502264	0	1.86513
-0.498542	0.893276	1.86513
-0.489722	2.11691	1.85355
-0.468286	5.1446	1.82612
-0.429775	9.24247	1.75947
-0.375793	12.9558	1.63972
-0.308116	16.2425	1.47187
-0.228233	19.1719	1.26143
-0.137424	21.7942	1.01304
-0.0373782	24.0111	0.730685
0.065482	24.6864	0.419605
0.160618	22.8327	0.0997761
0.241763	19.4748	-0.196036
0.308107	15.9225	-0.448343
0.360394	12.5491	-0.654629
0.399566	9.40123	-0.817209
0.426719	6.51674	-0.939006
0.443135	3.93985	-1.02343
0.451234	1.94379	-1.07447
0.460839	2.30501	-1.09966
0.474582	3.29848	-1.12952
0.491158	3.97823	-1.17225
0.509145	4.31676	-1.22379
0.527356	4.37069	-1.27971
0.544737	4.17152	-1.33633
0.560035	3.67153	-1.39038
0.569003	2.15218	-1.43794
0.561421	-1.81962	-1.46582
0.537343	-5.77873	-1.44224
0.497763	-9.49931	-1.36737
0.44389	-12.9295	-1.2443
0.377093	-16.0312	-1.07679
0.298846	-18.7793	-0.869094
0.211029	-21.0762	-0.625796
0.147136	-15.3342	-0.352739
0.0858396	-14.7112	-0.154075
0.0323637	-12.8342	0.0365182
-0.0131586	-10.9254	0.202793
-0.0499403	-8.82761	0.344337
-0.0766331	-6.40629	0.458703
-0.0925904	-3.82974	0.541699
-0.099597	-1.6816	0.591314
-0.105762	-1.47952	0.613099
-0.118516	-3.06115	0.632266
-0.137062	-4.45089	0.671923
-0.15996	-5.49556	0.729586
-0.18567	-6.17038	0.800782
-0.212689	-6.48456	0.880722
-0.239535	-6.443	0.964731
-0.2646	-6.01572	1.0482
-0.285711	-5.06665	1.12614
-0.289811	-0.983853	1.19178
-0.278396	2.73949	1.20452
-0.252831	6.13561	1.16902
-0.214833	9.11961	1.08953
-0.166161	11.6812	0.971379
-0.109617	13.5707	0.82004
-0.0528432	13.6256	0.644221
-0.00310663	11.9368	0.467691
0.039016	10.1094	0.313041
0.0723005	7.98828	0.182066
0.0957286	5.62275	0.0785726
0.109376	3.27542	0.00572587
0.114142	1.14389	-0.0367095
0.11173	-0.579002	-0.0515295
0.108188	-0.849975	-0.0440284
0.113185	1.1991	-0.0330166
0.126555	3.20902	-0.0485519
0.1464	4.76272	-0.0901269
0.170446	5.77098	-0.151831
0.196456	6.24235	-0.226598
0.221971	6.12379	-0.307471
0.243304	5.11971	-0.386808
0.247452	0.995609	-0.453137
0.234591	-3.08664	-0.466035
0.20673	-6.68666	-0.426045
0.165712	-9.84419	-0.339414
0.113319	-12.5744	-0.211876
0.0513326	-14.8768	-0.0489676
-0.0183221	-16.7171	0.143771
-0.0914627	-17.5537	0.36035
-0.153988	-15.006	0.587769
-0.198729	-10.738	0.78218
-0.226769	-6.72952	0.921295
-0.239893	-3.14965	1.00848
-0.240016	-0.0295631	1.04928
-0.229608	2.49792	1.04966
-0.210642	4.55171	1.0173
-0.190083	4.93436	0.958325
-0.175642	3.46577	0.894395
-0.166635	2.16173	0.849492
-0.161744	1.17378	0.821483
-0.159836	0.457993	0.806274
-0.159836	0	0.800339
-0.160111	-0.0661642	0.800337
-0.159997	0.0274608	0.801192
-0.157204	0.670316	0.800835
-0.140849	3.92513	0.792148
-0.107834	7.92369	0.741294
-0.0596084	11.5741	0.638636
0.00170443	14.7151	0.488685
0.0734162	17.2108	0.29804
0.150414	18.4796	0.0750626
0.226981	18.376	-0.164352
0.284931	13.908	-0.402424
0.320706	8.58602	-0.582611
0.339879	4.60148	-0.693847
0.343662	0.90799	-0.753461
0.333995	-2.32008	-0.765223
0.312523	-5.15327	-0.735164
0.281089	-7.54417	-0.668399
0.245465	-8.54976	-0.570659
0.217367	-6.74363	-0.45989
0.196395	-5.03325	-0.372522
0.180803	-3.74201	-0.307312
0.177264	-0.849523	-0.258832
0.177122	-0.0339234	-0.247826
0.174949	-0.521627	-0.247386
0.168804	-1.47463	-0.240628
0.150223	-4.45959	-0.221523
0.11707	-7.95674	-0.163746
0.0710022	-11.0562	-0.0606611
0.0138348	-13.7202	0.0825788
-0.0517482	-15.7399	0.260332
-0.121202	-16.669	0.464251
-0.189129	-16.3025	0.680207
-0.248456	-14.2384	0.891414
-0.294719	-11.1032	1.07588
-0.32351	-6.90976	1.21973
-0.336077	-3.01614	1.30924
-0.334577	0.359901	1.34832
-0.320686	3.33406	1.34365
-0.296074	5.90682	1.30045
-0.262929	7.95467	1.22392
-0.231927	7.44045	1.12086
-0.206482	6.1069	1.02446
-0.185597	5.01248	0.945343
-0.168243	4.1649	0.880401
-0.153313	3.58327	0.82644
-0.139556	3.30161	0.780015
-0.131105	2.0283	0.737238
-0.121659	2.26693	0.710959
-0.107135	3.48579	0.681587
-0.078776	6.80618	0.636425
-0.0351478	10.4708	0.548245
0.0220087	13.7176	0.412589
0.0895384	16.2071	0.234868
0.162225	17.4447	0.0248936
0.233236	17.0427	-0.201113
0.294359	14.6695	-0.421912
0.340051	10.9662	-0.611964
0.370597	7.33103	-0.754038
0.387007	3.93821	-0.849014
0.390501	0.838697	-0.900035
0.382992	-1.80221	-0.910899
0.366134	-4.04586	-0.887549
0.343003	-5.55141	-0.835131
0.321105	-5.25557	-0.763207
0.304916	-3.88534	-0.695117
0.293911	-2.64134	-0.644779
0.286937	-1.67371	-0.610558
0.282675	-1.02294	-0.588873
0.279652	-0.725303	-0.575619
0.276143	-0.8422	-0.566221
0.265844	-2.47182	-0.555309
0.240081	-6.18325	-0.523284
0.199239	-9.80198	-0.443176
0.144751	-13.0771	-0.316184
0.0782862	-15.9515	-0.146762
0.00167261	-18.3873	0.0599002
-0.0822391	-20.1388	0.298118
-0.167424	-20.4444	0.559028
-0.246845	-19.0611	0.823897
-0.309446	-15.0242	1.07084
-0.354931	-10.9162	1.26549
-0.384994	-7.21532	1.40691
-0.401148	-3.87683	1.50039
-0.404713	-0.855526	1.55061
-0.397522	1.72572	1.56169
-0.381785	3.77681	1.53933
-0.367661	3.38986	1.4904
-0.356953	2.56996	1.44648
-0.349251	1.84843	1.41318
-0.343689	1.33482	1.38923
-0.339095	1.10273	1.37193
-0.334062	1.20776	1.35764
-0.326883	1.72295	1.34199
-0.316034	2.6038	1.31966
-0.297082	4.54842	1.28593
-0.263939	7.95441	1.227
-0.214919	11.7648	1.12394
-0.151534	15.2125	0.971517
-0.0755402	18.2384	0.774428
0.0112094	20.8199	0.538136
0.106401	22.846	0.2684
0.203411	23.2824	-0.0275853
0.287774	20.2471	-0.329224
0.355191	16.18	-0.591538
0.406203	12.2429	-0.801159
0.441743	8.5296	-0.959773
0.462907	5.07929	-1.07028
0.471099	1.96613	-1.13608
0.468376	-0.653478	-1.16155
0.456299	-2.89846	-1.15308
0.442151	-3.39553	-1.11553
0.434384	-1.86411	-1.07154
0.431751	-0.631906	-1.04738
0.432016	0.0635421	-1.0392
0.43385	0.440056	-1.04002
0.436098	0.539538	-1.04572
0.437383	0.308378	-1.0527
0.43583	-0.372591	-1.0567
0.417975	-4.28533	-1.05187
0.383337	-8.31312	-0.996347
0.333197	-12.0334	-0.888644
0.26923	-15.3522	-0.732742
0.193319	-18.2185	-0.533844
0.107494	-20.5981	-0.29781
0.0140463	-22.4274	-0.030949
-0.0840621	-23.546	0.259612
-0.174577	-21.7237	0.564665
-0.247399	-17.4771	0.846107
-0.302549	-13.2361	1.07253
-0.341451	-9.3364	1.24401
-0.365817	-5.84794	1.36497
-0.37724	-2.74153	1.44073
-0.377445	-0.0491603	1.47624
-0.372029	1.29976	1.47688
-0.370891	0.273224	1.46003
