0.0102797	-0.408721	-0.392596
-9.52675e-20	-8.461e-18	-0.364648
-7.94616e-05	-0.0190708	-0.364618
-0.000330853	-0.0603339	-0.363284
-0.00117927	-0.20362	-0.359133
-0.00326282	-0.500053	-0.345195
-0.00695608	-0.886381	-0.311012
-0.0123383	-1.29173	-0.250444
-0.0188515	-1.56317	-0.162194
-0.0252917	-1.54564	-0.0554122
-0.0303073	-1.20374	0.0501643
-0.0329304	-0.629544	0.13238
-0.0331954	-0.0635991	0.17537
-0.0325455	0.15597	0.179703
-0.0335303	-0.236358	0.169038
-0.0385229	-1.19823	0.18517
-0.0480915	-2.29645	0.266999
-0.061011	-3.10069	0.423831
-0.0731612	-2.91604	0.635583
-0.078791	-1.35116	0.834705
-0.074578	1.01112	0.926928
-0.0611778	3.21603	0.857796
-0.0421903	4.557	0.63807
-0.0248469	4.16242	0.326771
-0.0178941	1.66869	0.042447
-0.0218814	-0.956957	-0.0715287
-0.0353201	-3.2253	-0.00615918
-0.0564504	-5.07125	0.214137
-0.0824252	-6.23396	0.560498
-0.103355	-5.02318	0.986246
-0.107925	-1.09677	1.32926
-0.0973665	2.53404	1.40407
-0.0738476	5.64454	1.23088
-0.0400189	8.11888	0.845259
0.000811093	9.79921	0.290661
0.0363006	8.51747	-0.378663
0.0561033	4.75265	-0.960389
0.0609051	1.15244	-1.28493
0.0526956	-1.97027	-1.36354
0.0332757	-4.66078	-1.22886
0.00443025	-6.92292	-0.91042
-0.0318791	-8.71425	-0.437499
-0.0719952	-9.62784	0.157736
-0.10277	-7.38599	0.815324
-0.117606	-3.56054	1.31974
-0.115485	0.508938	1.56283
-0.0984894	4.07898	1.52795
-0.0690611	7.06278	1.24923
-0.0300431	9.36433	0.766731
0.0150807	10.8297	0.127072
0.0530054	9.10191	-0.612624
0.073633	4.95062	-1.23425
0.0781858	1.09268	-1.57229
0.0688236	-2.24692	-1.64679
0.0473586	-5.15161	-1.4932
0.0155798	-7.62692	-1.14121
-0.0246545	-9.65622	-0.62019
-0.0706168	-11.031	0.0393967
-0.116442	-10.9979	0.792829
-0.143346	-6.45703	1.54395
-0.151423	-1.93845	1.98485
-0.143191	1.97555	2.1171
-0.121255	5.26474	1.982
-0.088163	7.94206	1.62226
-0.0466041	9.97413	1.07968
-0.00064824	11.0294	0.398345
0.0309392	7.58098	-0.355012
0.0467308	3.78998	-0.872776
0.047644	0.219186	-1.13157
0.035467	-2.92249	-1.14645
0.0120069	-5.63041	-0.946746
-0.0208144	-7.87713	-0.562103
-0.0601904	-9.45023	-0.0240354
-0.103022	-10.2796	0.621435
-0.137846	-8.35786	1.3235
-0.156929	-4.57973	1.89426
-0.158579	-0.395983	2.20691
-0.144846	3.29589	2.23379
-0.118187	6.39797	2.0085
-0.0811053	8.89971	1.57135
-0.0363979	10.7298	0.963366
0.0106481	11.291	0.23043
0.0436583	7.92246	-0.540783
0.0605679	4.05829	-1.08186
0.0622548	0.404857	-1.35896
0.0506014	-2.79682	-1.3865
0.0275188	-5.53982	-1.19537
-0.00487991	-7.77569	-0.81689
-0.0438301	-9.34806	-0.285731
-0.086336	-10.2014	0.352781
-0.125036	-9.28796	1.04953
-0.143434	-4.41546	1.68383
-0.142831	0.144594	1.98529
-0.126194	3.99296	1.97526
-0.0961302	7.21526	1.70238
-0.055199	9.82349	1.20943
-0.00615755	11.7699	0.538378
0.0460413	12.5277	-0.26557
0.082208	8.68001	-1.12121
0.101474	4.62387	-1.71398
0.105191	0.892015	-2.02967
0.0952184	-2.3934	-2.09043
0.0733949	-5.23765	-1.92679
0.0416352	-7.62233	-1.5689
0.00228463	-9.44413	-1.04816
-0.0422998	-10.7003	-0.403022
-0.0812911	-9.3579	0.327858
-0.105232	-5.74589	0.966995
-0.111915	-1.60377	1.35938
-0.10329	2.06997	1.46881
-0.0817334	5.17353	1.32732
-0.049666	7.69619	0.973853
-0.00973852	9.58258	0.448116
0.0328192	10.2139	-0.206425
0.061199	6.81115	-0.904031
0.0726585	2.75028	-1.36917
0.0688441	-0.915456	-1.55691
0.0519595	-4.05233	-1.49426
0.0239779	-6.71557	-1.21736
-0.0131434	-8.90911	-0.758579
-0.0570217	-10.5308	-0.15001
-0.104196	-11.3218	0.569275
-0.147384	-10.3652	1.34253
-0.170304	-5.50071	2.05039
-0.174094	-0.909647	2.42594
-0.161557	3.00892	2.48788
-0.13542	6.27293	2.28217
-0.0984503	8.87263	1.85354
-0.0536648	10.7485	1.24738
-0.0055508	11.5474	0.513147
0.0268305	7.77152	-0.275597
0.0419474	3.62805	-0.806382
0.0414151	-0.127747	-1.05412
0.0272784	-3.39282	-1.04531
0.00154253	-6.1766	-0.81349
-0.0337404	-8.4679	-0.391552
-0.0762544	-10.2034	0.186853
-0.123267	-11.283	0.883747
-0.162754	-9.47682	1.65433
-0.185774	-5.52485	2.30148
-0.191353	-1.339	2.67866
-0.181289	2.41532	2.76991
-0.157987	5.59264	2.60473
-0.123894	8.1823	2.22254
-0.0817745	10.1086	1.6635
-0.0364414	10.8799	0.972936
-0.00460791	7.64004	0.229744
0.0122821	4.05359	-0.2921
0.015719	0.824863	-0.568943
-0.0121239	-6.68229	-0.625237
-0.0505122	-9.2132	-0.168774
-0.0963959	-11.0121	0.460519
-0.147298	-12.2165	1.21263
-0.20079	-12.8382	2.04694
-0.246699	-11.0181	2.92366
-0.273693	-6.47844	3.67598
-0.310048	-8.72526	4.11819
-0.331279	-5.09551	4.71382
-0.34013	-2.12413	5.06148
-0.339432	0.167558	5.20617
-0.332886	1.57103	5.19432
-0.32613	1.62139	5.08661
-0.333182	-1.69261	4.97547
-0.352285	-4.58468	5.09069
-0.380774	-6.83718	5.40343
-0.415964	-8.44563	5.87
-0.467298	-12.3203	6.4464
-0.510086	-10.2691	7.28739
-0.556743	-11.1977	7.98822
-0.606788	-12.0108	8.75242
-0.657553	-12.1835	9.57209
-0.698158	-9.74521	10.4035
-0.722923	-5.94347	11.0683
-0.733263	-2.48171	11.4734
-0.731604	0.398104	11.642
-0.720546	2.65385	11.6139
-0.707575	3.11322	11.4317
-0.714238	-1.59923	11.2182
-0.729124	-3.57256	11.3265
-0.729586	-0.110829	11.5697
-0.732725	-0.753474	11.5763
-0.737628	-1.17681	11.6269
-0.743776	-1.47546	11.7064
-0.750657	-1.6514	11.8062
-0.757759	-1.70451	11.9181
-0.78164	-5.73141	12.0336
-0.793964	-2.9577	12.4241
-0.792854	0.266379	12.6252
-0.7797	3.15693	12.606
-0.756402	5.59156	12.3894
-0.725306	7.46302	12.0065
-0.688799	8.76159	11.4958
-0.65137	8.98294	10.8965
-0.621493	7.17059	10.2821
-0.598564	5.50304	9.7915
-0.580953	4.22652	9.41487
-0.567794	3.15817	9.12546
-0.558591	2.20875	8.90904
-0.55301	1.3394	8.75748
-0.550785	0.533981	8.66531
-0.549697	0.26103	8.62816
-0.536533	3.15957	8.60966
-0.525523	2.64223	8.39318
-0.501958	5.65577	8.21206
-0.477213	5.9387	7.82512
-0.447663	7.09198	7.41888
-0.410806	8.8456	6.93391
-0.372739	9.13627	6.3292
-0.343176	7.09515	5.70468
-0.323792	4.65216	5.21963
-0.308913	3.57082	4.90147
-0.302265	1.59559	4.6572
-0.301967	0.0713916	4.54785
-0.30726	-1.27028	4.54262
-0.317221	-2.39065	4.62903
-0.329042	-2.83693	4.79195
-0.340335	-2.71043	4.98535
-0.338451	0.452216	5.17009
-0.320019	4.42369	5.1388
-0.286719	7.99211	4.83625
-0.240921	10.9915	4.29
-0.185431	13.3175	3.53893
-0.123123	14.954	2.62904
-0.0582953	15.5586	1.60746
-0.00727128	12.2458	0.544655
0.028902	8.68159	-0.291793
0.0507716	5.24871	-0.884735
0.0593849	2.06718	-1.24316
0.0565589	-0.67824	-1.38425
0.0444122	-2.9152	-1.33782
0.0250836	-4.63887	-1.1386
0.000833418	-5.82004	-0.821663
-0.0145238	-3.68574	-0.424078
-0.0140702	0.108866	-0.1723
0.000418916	3.47739	-0.17972
0.0264707	6.25244	-0.417216
0.061591	8.42885	-0.844233
0.103218	9.99042	-1.41987
0.148785	10.9361	-2.10212
0.1894	9.74769	-2.84891
0.213547	5.79525	-3.51447
0.222465	2.14041	-3.91001
0.21784	-1.11002	-4.0559
0.201416	-3.94192	-3.97976
0.175095	-6.317	-3.71021
0.141096	-8.15978	-3.27845
0.101782	-9.43515	-2.72087
0.060195	-9.981	-2.07622
0.0260682	-8.19043	-1.39433
0.00628252	-4.74856	-0.8348
0.000424662	-1.40589	-0.510398
0.00716733	1.61824	-0.414331
0.0247282	4.21462	-0.524825
0.0511952	6.35206	-0.812648
0.0838875	7.84617	-1.24644
0.113049	6.99874	-1.78225
0.127469	3.4608	-2.26013
0.127426	-0.0104106	-2.49633
0.11447	-3.10924	-2.49542
0.0902227	-5.81946	-2.28286
0.0564089	-8.11531	-1.8852
0.0148287	-9.97924	-1.33076
-0.0326464	-11.394	-0.649053
-0.0409951	-2.00367	0.129232
-0.0438393	-0.682621	0.266079
-0.0353911	2.02756	0.312684
-0.0159838	4.65776	0.174176
0.0118512	6.68039	-0.143969
0.0429289	7.45865	-0.600238
0.0687479	6.19658	-1.10963
0.0797358	2.63707	-1.53278
0.0765114	-0.773854	-1.71277
0.0608806	-3.75137	-1.65978
0.0346436	-6.2969	-1.40342
-0.000336686	-8.39526	-0.973221
-0.0418288	-9.95811	-0.399731
-0.0789756	-8.91524	0.280458
-0.101421	-5.38688	0.889365
-0.110193	-2.10521	1.25723
-0.107429	0.663202	1.40092
-0.0955029	2.86234	1.35552
-0.0769556	4.45135	1.15991
-0.0576382	4.63616	0.855787
-0.0504725	1.71978	0.539065
-0.0565068	-1.44822	0.421561
-0.0736738	-4.12008	0.520446
-0.0998547	-6.28343	0.801816
-0.133006	-7.95626	1.23092
-0.171282	-9.1864	1.77426
-0.213025	-10.0182	2.40157
-0.25318	-9.63731	3.08564
-0.281563	-6.81195	3.74365
-0.292461	-2.61543	4.20862
-0.286736	1.37403	4.38693
-0.26592	4.9958	4.29274
-0.23226	8.07848	3.95119
-0.188682	10.4587	3.39911
-0.138935	11.9394	2.6845
-0.0979782	9.82955	1.86881
-0.0699726	6.72133	1.19729
-0.0526834	4.1494	0.738118
-0.0443834	1.99201	0.454651
-0.0438403	0.130339	0.31856
-0.0498579	-1.44421	0.309635
-0.0611351	-2.70653	0.408256
-0.0761703	-3.60845	0.593086
-0.0898082	-3.2731	0.839506
-0.0859341	0.929773	1.063
-0.0652038	4.97528	0.999414
-0.0302417	8.3909	0.659518
0.0157022	11.0265	0.0863557
0.0690187	12.796	-0.666781
0.125867	13.6436	-1.54071
0.181821	13.4289	-2.47247
0.220202	9.21146	-3.38949
0.24124	5.0492	-4.01838
0.24697	1.37516	-4.36293
0.239364	-1.82549	-4.45652
0.220142	-4.61316	-4.33148
0.190813	-7.03901	-4.01605
0.152882	-9.10342	-3.53496
0.108607	-10.6261	-2.9129
0.0700908	-9.24379	-2.18689
0.042418	-6.64148	-1.55535
0.0261612	-3.90162	-1.1016
0.0194529	-1.60999	-0.835025
0.0201516	0.167679	-0.724993
0.025956	1.39305	-0.736387
0.0342754	1.99666	-0.831475
0.0415252	1.73995	-0.967784
0.0326881	-2.1209	-1.08655
0.00906807	-5.66881	-0.9416
-0.02691	-8.63473	-0.554334
-0.073156	-11.099	0.0354788
-0.12762	-13.0713	0.793562
-0.187706	-14.4208	1.68629
-0.250856	-15.1558	2.67113
-0.315057	-15.4084	3.70609
-0.369049	-12.958	4.75822
-0.404073	-8.40573	5.6429
-0.419977	-3.81702	6.21659
-0.419011	0.231869	6.47682
-0.403622	3.69337	6.46047
-0.37624	6.57155	6.20771
-0.339634	8.7855	5.75837
-0.302579	8.89335	5.15786
-0.276482	6.26326	4.55003
-0.259854	3.99068	4.12188
-0.251059	2.11082	3.84899
-0.248884	0.521978	3.70452
-0.252254	-0.808947	3.66858
-0.260008	-1.8608	3.72354
-0.270613	-2.54528	3.85035
-0.280927	-2.47545	4.0239
-0.279167	0.422616	4.19266
-0.25885	4.87601	4.16347
-0.221881	8.87242	3.83011
-0.171254	12.1506	3.22381
-0.109831	14.7414	2.39365
-0.0401616	16.7207	1.3866
0.0349689	18.0313	0.244439
0.1063	17.1193	-0.987148
0.159672	12.8095	-2.15635
0.195524	8.60445	-3.03109
0.215619	4.82276	-3.61855
0.221715	1.46293	-3.94767
0.215605	-1.46632	-4.04728
0.19923	-3.93008	-3.9468
0.174813	-5.85998	-3.67806
0.144411	-7.29647	-3.27753
0.122522	-5.25342	-2.7789
0.114526	-1.91908	-2.41987
0.118623	0.983266	-2.2886
0.132441	3.31634	-2.35558
0.153834	5.13429	-2.5819
0.180799	6.47172	-2.93238
0.211086	7.2689	-3.37418
0.237797	6.4105	-3.87039
0.247383	2.30067	-4.30793
0.240979	-1.53696	-4.46473
0.220342	-4.9529	-4.3594
0.187384	-7.90974	-4.02077
0.144231	-10.3568	-3.4802
0.0933437	-12.213	-2.77254
0.0376505	-13.3664	-1.93815
-0.0198538	-13.801	-1.02505
-0.067841	-11.5169	-0.0823382
-0.097988	-7.23529	0.704297
-0.110978	-3.11751	1.19843
-0.108745	0.535944	1.41127
-0.0933576	3.69286	1.37455
-0.0668061	6.37237	1.12222
-0.0314128	8.49438	0.686888
0.00370413	8.42806	0.106655
0.0266311	5.50248	-0.469003
0.0367209	2.42155	-0.844793
0.0349359	-0.428404	-1.01012
0.0226463	-2.94951	-0.980779
0.00152007	-5.07029	-0.779244
-0.0264787	-6.71969	-0.432871
-0.05916	-7.84353	0.026132
-0.0941655	-8.40131	0.561859
-0.122217	-6.73239	1.13564
-0.132393	-2.44211	1.59539
-0.126576	1.39586	1.76207
-0.142653	-3.85845	1.66659
-0.157263	-3.5062	1.93
-0.170982	-3.2927	2.16933
-0.184453	-3.23291	2.39406
-0.198103	-3.27619	2.61469
-0.214097	-3.83842	2.83825
-0.239709	-6.14704	3.1002
-0.273525	-8.11563	3.51982
-0.314195	-9.76096	4.07386
-0.360367	-11.0812	4.74023
-0.410342	-11.9939	5.49672
-0.462126	-12.4283	6.3155
-0.513506	-12.3313	7.16388
-0.558652	-10.835	8.00557
-0.587874	-7.01315	8.745
-0.599024	-2.67606	9.22332
-0.594433	1.10191	9.40538
-0.576367	4.33588	9.32939
-0.546803	7.09535	9.03251
-0.507861	9.3461	8.54718
-0.464173	10.485	7.90816
-0.429247	8.38231	7.1914
-0.404582	5.91946	6.61831
-0.389253	3.67897	6.21348
-0.381934	1.75659	5.96172
-0.381167	0.184113	5.84128
-0.385339	-1.00136	5.82824
-0.39269	-1.76422	5.89618
-0.401288	-2.06341	6.01622
-0.404611	-0.797445	6.15669
-0.39093	3.28335	6.21068
-0.36229	6.87348	5.98593
-0.321302	9.83719	5.516
-0.270114	12.2851	4.84367
-0.210651	14.2711	4.0042
-0.145012	15.7535	3.02914
-0.0783519	15.9984	1.95292
-0.0250761	12.7862	0.860054
0.0149565	9.60784	-0.013329
0.0423578	6.57632	-0.669558
0.0581528	3.7908	-1.11868
0.0637652	1.34697	-1.37751
0.0610928	-0.641383	-1.4694
0.0520631	-2.16713	-1.42547
0.0386939	-3.20859	-1.27734
0.029879	-2.11559	-1.05808
0.0339459	0.976067	-0.913501
0.0518007	4.28516	-0.980095
0.0811564	7.04536	-1.2727
0.119359	9.1686	-1.75381
0.163816	10.6698	-2.3799
0.211544	11.4547	-3.10848
0.255868	10.6377	-3.89061
0.280306	5.86522	-4.61687
0.284587	1.02742	-5.01711
0.271048	-3.24948	-5.08689
0.242165	-6.93176	-4.86454
0.200327	-10.0413	-4.39071
0.147831	-12.599	-3.70453
0.08679	-14.6498	-2.8437
0.0193077	-16.1958	-1.84287
-0.0424497	-14.8218	-0.736526
-0.0892537	-11.233	0.275887
-0.121924	-7.84076	1.0431
-0.142643	-4.97273	1.57856
-0.154588	-2.86681	1.91808
-0.160855	-1.50409	2.11374
-0.164464	-0.866194	2.21631
-0.170322	-1.40569	2.2753
-0.191444	-5.06933	2.37114
-0.224887	-8.02646	2.7172
-0.267148	-10.1426	3.26521
-0.315635	-11.6368	3.95771
-0.368297	-12.6388	4.75222
-0.423308	-13.2027	5.6151
-0.478773	-13.3116	6.51643
-0.532536	-12.9031	7.42513
-0.57464	-10.1051	8.30585
-0.600793	-6.27653	8.9954
-0.61211	-2.71621	9.42339
-0.610764	0.323007	9.60818
-0.59946	2.71304	9.58536
-0.580889	4.45694	9.39931
-0.557834	5.53328	9.09416
-0.536609	5.0941	8.71552
-0.524318	2.94979	8.3669
-0.518265	1.45277	8.16477
-0.516319	0.467035	8.06491
-0.51733	-0.242657	8.03238
-0.520725	-0.814786	8.04833
-0.526157	-1.30384	8.10335
-0.533101	-1.66652	8.19177
-0.540756	-1.83725	8.30496
-0.539545	0.290665	8.42979
-0.524164	3.69143	8.40928
-0.495908	6.78149	8.1565
-0.457288	9.2687	7.69267
-0.411472	10.9958	7.059
-0.361342	12.0312	6.30742
-0.309644	12.4076	5.48518
-0.262134	11.4026	4.63729
-0.228187	8.14717	3.85812
-0.204951	5.57658	3.30135
-0.190175	3.54629	2.9202
-0.182438	1.85705	2.67776
-0.180542	0.455025	2.55071
-0.183396	-0.685117	2.51944
-0.189778	-1.53154	2.56604
-0.195277	-1.31995	2.67044
-0.189409	1.40834	2.76039
-0.168596	4.99525	2.66399
-0.139953	6.87435	2.3226
-0.1023	9.03657	1.85289
-0.0558851	11.1396	1.23553
-0.00338501	12.6	0.47458
0.0517799	13.2396	-0.386059
0.101693	11.9791	-1.29031
0.135181	8.03709	-2.1084
0.153396	4.37167	-2.65718
0.158601	1.2493	-2.95556
0.152467	-1.47212	-3.04066
0.136904	-3.73535	-2.93987
0.118684	-4.37265	-2.68451
0.0947013	-5.75588	-2.38564
0.066607	-6.74265	-1.99231
0.0414785	-6.03082	-1.53162
0.0278766	-3.26446	-1.11958
0.0288561	0.235065	-0.896521
0.042678	3.31726	-0.912504
0.0668948	5.81203	-1.13901
0.0985218	7.59048	-1.53589
0.134151	8.55107	-2.05421
0.16372	7.09647	-2.6381
0.177083	3.20708	-3.12259
0.17511	-0.473379	-3.34139
0.160313	-3.55132	-3.30879
0.134786	-6.12644	-3.06597
0.100451	-8.24057	-2.64728
0.0591856	-9.90358	-2.08423
0.0129111	-11.1059	-1.40763
-0.0332435	-11.0771	-0.648967
-0.0653134	-7.69679	0.107671
-0.0787772	-3.23131	0.633369
-0.075604	0.761585	0.854026
-0.0585751	4.08692	0.801944
-0.0307732	6.67246	0.52274
0.00428937	8.41501	0.0669604
0.0411578	8.84841	-0.507803
0.0622939	5.07267	-1.11212
0.0669994	1.12932	-1.45851
0.0576434	-2.24543	-1.53552
0.0364523	-5.08587	-1.38203
0.00542714	-7.44604	-1.03455
-0.0336019	-9.36696	-0.52589
-0.0785822	-10.7953	0.113933
-0.1251	-11.1643	0.851262
-0.16301	-9.09838	1.61374
-0.184153	-5.07426	2.23505
-0.189824	-1.36124	2.58146
-0.182678	1.71517	2.67423
-0.165444	4.1361	2.55687
-0.140716	5.9348	2.27417
-0.111233	7.07581	1.86864
-0.0843196	6.45928	1.38521
-0.0721217	2.92751	0.943921
-0.0736088	-0.356901	0.743896
-0.0866263	-3.12422	0.768217
-0.10914	-5.40328	0.981548
-0.13902	-7.17128	1.35053
-0.174397	-8.49045	1.84023
-0.212652	-9.18116	2.42
-0.250687	-9.1285	3.04691
-0.280407	-7.13257	3.67016
-0.290779	-2.48932	4.15704
-0.283369	1.77837	4.32675
-0.261057	5.35477	4.20494
-0.226483	8.2978	3.83888
-0.182105	10.6507	3.27182
-0.130643	12.3508	2.54411
-0.0806273	12.0039	1.70033
-0.0438344	8.83028	0.880313
-0.0192396	5.90277	0.277123
-0.00568845	3.25227	-0.126066
-0.00182121	0.928138	-0.348189
-0.00601026	-1.00537	-0.411553
-0.0163542	-2.48254	-0.34285
-0.0307585	-3.45704	-0.173259
-0.0461206	-3.68691	0.0628794
-0.0507514	-1.11138	0.314699
-0.036641	3.38649	0.390586
-0.00579112	7.40398	0.159255
0.0385916	10.6518	-0.34646
0.093172	13.0993	-1.07397
0.154667	14.7588	-1.96859
0.22043	15.7831	-2.97648
0.282516	14.9006	-4.05426
0.327873	10.8858	-5.07168
0.356598	6.89394	-5.81479
0.370416	3.31644	-6.28521
0.371256	0.201508	-6.51123
0.360945	-2.47454	-6.52448
0.341315	-4.71127	-6.35495
0.314308	-6.48162	-6.03266
0.282109	-7.72787	-5.58948
0.252744	-7.04751	-5.06122
0.23872	-3.36574	-4.57946
0.238342	-0.0909032	-4.34921
0.248944	2.54471	-4.34266
0.267893	4.54773	-4.51613
0.292633	5.9376	-4.82639
0.32033	6.64718	-5.23156
0.344524	5.80654	-5.68516
0.349619	1.22287	-6.08131
0.336778	-3.08197	-6.16435
0.308381	-6.8152	-5.95336
0.266536	-10.0427	-5.48741
0.213388	-12.7555	-4.80104
0.151057	-14.9596	-3.92944
0.0816579	-16.6557	-2.90736
0.00793945	-17.6924	-1.76952
-0.0577651	-15.7691	-0.560954
-0.107205	-11.8655	0.516149
-0.140458	-7.98079	1.32655
-0.159681	-4.61359	1.87155
-0.167798	-1.94805	2.18652
-0.167608	0.045555	2.3194
-0.161815	1.39053	2.31611
-0.15653	1.26839	2.22096
-0.165892	-2.24699	2.13415
-0.187927	-5.28828	2.28746
-0.219566	-7.59349	2.64848
-0.258338	-9.30534	3.16693
-0.302189	-10.5241	3.80225
-0.349277	-11.3011	4.52077
-0.397821	-11.6507	5.2923
-0.445714	-11.4943	6.08765
-0.483615	-9.0962	6.87226
-0.500909	-4.1505	7.49301
-0.498772	0.512883	7.77591
-0.479838	4.54398	7.74027
-0.447315	7.80552	7.42931
-0.404526	10.2695	6.8956
-0.355415	11.7867	6.19363
-0.308698	11.2121	5.3881
-0.275238	8.03023	4.62187
-0.252716	5.40529	4.07304
-0.23844	3.42625	3.70353
-0.230332	1.94595	3.46922
-0.226828	0.840909	3.33604
-0.226575	0.0607554	3.27835
-0.228253	-0.402782	3.27394
-0.230239	-0.476492	3.3012
-0.221192	2.17113	3.33349
-0.195133	6.25426	3.18494
-0.153559	9.97768	2.75751
-0.0991943	13.0476	2.07581
-0.0353078	15.3328	1.18447
0.0346636	16.7931	0.137128
0.106317	17.1969	-1.00988
0.172241	15.8216	-2.18438
0.218427	11.0848	-3.26485
0.246959	6.84753	-4.0217
0.260572	3.26729	-4.48908
0.261436	0.207364	-4.71189
0.251261	-2.44211	-4.72568
0.23161	-4.71633	-4.55851
0.20409	-6.60463	-4.23601
0.170921	-7.96071	-3.78457
0.1488	-5.30905	-3.24054
0.139421	-2.25099	-2.87767
0.140695	0.305822	-2.7237
0.149981	2.22878	-2.74437
0.164467	3.47666	-2.89638
0.181129	3.99866	-3.13362
0.191195	2.416	-3.40648
0.184541	-1.59695	-3.57123
0.162497	-5.29074	-3.46188
0.128468	-8.16678	-3.10024
0.0850106	-10.4298	-2.54219
0.0343206	-12.1656	-1.82961
-0.0215144	-13.4004	-0.99853
-0.0804168	-14.1366	-0.0831798
-0.136924	-13.5617	0.882382
-0.175515	-9.26194	1.80861
-0.192591	-4.0981	2.44107
-0.190808	0.427864	2.72079
-0.173471	4.161	2.69136
-0.143846	7.10994	2.40694
-0.105321	9.24598	1.92114
-0.0618335	10.437	1.28947
-0.0301957	7.59307	0.57651
-0.0127496	4.18707	0.0578467
-0.00736005	1.29349	-0.22814
-0.012028	-1.12031	-0.316467
-0.0248104	-3.06778	-0.239921
-0.0437051	-4.53473	-0.0303653
-0.0665857	-5.49135	0.279369
-0.0911485	-5.89506	0.654418
-0.107764	-3.9878	1.05701
-0.104068	0.887085	1.32931
-0.0816986	5.3687	1.26861
-0.044285	8.97926	0.901826
0.00433109	11.6679	0.288458
0.0601919	13.4066	-0.508497
0.119246	14.1729	-1.42415
0.174062	13.1558	-2.39207
0.210034	8.63334	-3.29044
0.228023	4.31729	-3.87986
0.23052	0.599441	-4.17443
0.219632	-2.61325	-4.21504
0.197392	-5.33757	-4.03622
0.165872	-7.56474	-3.67134
0.127074	-9.31148	-3.15436
0.0832305	-10.5225	-2.51812
0.0473676	-8.6071	-1.79922
0.0268848	-4.91587	-1.2112
0.0201013	-1.62803	-0.875337
0.024361	1.02231	-0.764069
0.0369888	3.03068	-0.833833
0.0552641	4.38606	-1.04077
0.0762972	5.04797	-1.34026
0.0942451	4.30749	-1.68494
0.111375	4.11106	-1.97901
0.114254	0.690992	-2.25965
0.104685	-2.29658	-2.30666
0.0845562	-4.8308	-2.14962
0.055986	-6.85685	-1.8195
0.0212219	-8.34338	-1.35102
-0.0135289	-8.3402	-0.781042
-0.0365963	-5.53617	-0.211328
-0.0436021	-1.6814	0.166821
-0.036846	1.62148	0.281653
-0.0181911	4.47716	0.170883
0.0100831	6.78583	-0.134926
0.0450281	8.38679	-0.598397
0.0768345	7.63354	-1.17118
0.0929788	3.87463	-1.69247
0.0952298	0.540233	-1.95698
0.085659	-2.29699	-1.99372
0.066252	-4.65768	-1.83668
0.0389608	-6.54988	-1.5184
0.00576032	-7.96812	-1.07091
-0.0313319	-8.90213	-0.526591
-0.0634348	-7.7047	0.0814841
-0.0852461	-5.23469	0.607724
-0.0913104	-1.45545	0.965218
-0.080639	2.56114	1.06455
-0.0553158	6.07757	0.889543
-0.0180148	8.95225	0.474367
0.0281792	11.0866	-0.137122
0.07934	12.2786	-0.89434
0.122279	10.3054	-1.73292
0.14896	6.40343	-2.43666
0.159988	2.64662	-2.87383
0.157052	-0.704538	-3.05437
0.142059	-3.59826	-3.00601
0.117003	-6.01355	-2.76
0.0839109	-7.94209	-2.34905
0.0449823	-9.34284	-1.8064
0.00339237	-9.98159	-1.16813
-0.0267961	-7.24522	-0.486273
-0.0410324	-3.41671	0.00862889
-0.0416766	-0.154621	0.241998
-0.0317931	2.37205	0.252542
-0.0142512	4.21005	0.0905098
0.00791028	5.31876	-0.197049
0.0311314	5.57306	-0.560312
0.0401161	2.15633	-0.940915
0.0308317	-2.22824	-1.08812
0.0060363	-5.9509	-0.935841
-0.0315172	-9.01285	-0.529308
-0.0789418	-11.3819	0.0863286
-0.133167	-13.0139	0.863728
-0.188908	-13.378	1.75254
-0.240637	-12.4149	2.66614
-0.285937	-10.8721	3.5139
-0.32014	-8.20861	4.2562
-0.338896	-4.50145	4.81654
-0.343857	-1.19056	5.12362
-0.337177	1.60308	5.20453
-0.323923	3.18092	5.09464
-0.310879	3.13063	4.87698
-0.302193	2.08451	4.66277
-0.300703	0.357638	4.52003
-0.308129	-1.78223	4.49525
-0.322736	-3.50558	4.61663
-0.342549	-4.75521	4.85571
-0.365856	-5.59368	5.18012
-0.391034	-6.04262	5.56177
-0.416387	-6.08477	5.97406
-0.435095	-4.48985	6.3892
-0.432493	0.62435	6.69536
-0.410209	5.34825	6.6522
-0.371093	9.3878	6.28638
-0.318385	12.6499	5.64469
-0.255523	15.087	4.78024
-0.186367	16.5974	3.7494
-0.12105	15.676	2.61548
-0.067768	12.7877	1.54458
-0.0271831	9.74036	0.671035
0.00265892	7.1621	0.00570068
0.0228633	4.84906	-0.483481
0.0345441	2.80339	-0.814641
0.0389207	1.05037	-1.00605
0.0374077	-0.36311	-1.07771
0.0366196	-0.189146	-1.05282
0.0483488	2.81502	-1.03982
0.0738254	6.11437	-1.23201
0.111103	8.9466	-1.64953
0.15748	11.1305	-2.26047
0.209946	12.5919	-3.02052
0.265507	13.3345	-3.88033
0.318985	12.8348	-4.79079
0.35877	9.54838	-5.66706
0.380583	5.23509	-6.31878
0.386535	1.42849	-6.67585
0.379071	-1.79137	-6.77289
0.360037	-4.56813	-6.65001
0.33087	-7.00019	-6.33747
0.292973	-9.09513	-5.85885
0.248041	-10.7837	-5.23718
0.202194	-11.0034	-4.50022
0.167031	-8.43892	-3.74831
0.146241	-4.98977	-3.17162
0.138147	-1.94239	-2.83056
0.140105	0.469735	-2.69767
0.149379	2.22597	-2.72954
0.163092	3.29097	-2.88136
0.178001	3.5781	-3.10591
0.18098	0.714974	-3.35006
0.165501	-3.71481	-3.39863
0.134603	-7.41553	-3.14463
0.0909284	-10.482	-2.63789
0.0366975	-13.0154	-1.92174
-0.0259396	-15.0329	-1.03262
-0.0947874	-16.5235	-0.00576015
-0.165938	-17.076	1.12282
-0.229087	-15.1559	2.28906
-0.271563	-10.1941	3.32406
-0.294295	-5.45577	4.02008
-0.299941	-1.35506	4.3924
-0.291041	2.13596	4.48461
-0.269911	5.0712	4.33837
-0.23886	7.45236	3.99166
-0.203697	8.43903	3.48234
-0.177463	6.29619	2.90567
-0.16209	3.68939	2.47541
-0.155577	1.56312	2.22322
-0.15609	-0.12297	2.11629
-0.161919	-1.39892	2.12452
-0.171385	-2.27191	2.21991
-0.182771	-2.73267	2.37491
-0.194297	-2.76619	2.56138
-0.201656	-1.76613	2.75011
-0.19294	2.09184	2.87053
-0.165617	6.55756	2.72743
-0.122387	10.375	2.27933
-0.0663185	13.4566	1.57052
-0.00028782	15.8474	0.651293
0.0720842	17.3693	-0.431157
0.145217	17.5517	-1.61747
0.202028	13.6349	-2.81616
0.240553	9.24585	-3.74722
0.262197	5.19471	-4.37843
0.268952	1.62112	-4.73289
0.262897	-1.45321	-4.84325
0.246117	-4.02715	-4.74361
0.22069	-6.10264	-4.46817
0.18898	-7.61027	-4.051
0.160616	-6.80726	-3.53089
0.146483	-3.39194	-3.06566
0.145614	-0.208761	-2.83374
0.15553	2.37987	-2.81926
0.173621	4.34182	-2.98159
0.19736	5.69748	-3.2779
0.224186	6.4383	-3.66679
0.250386	6.28784	-4.10625
0.258842	2.02952	-4.5354
0.249168	-2.32169	-4.67366
0.224022	-6.03502	-4.51472
0.18582	-9.16857	-4.10216
0.13688	-11.7456	-3.47561
0.0814474	-13.3038	-2.67309
0.0242243	-13.7335	-1.7642
-0.0359825	-14.4496	-0.826035
-0.0965424	-14.5344	0.160967
-0.14776	-12.2923	1.15368
-0.179755	-7.67869	1.99318
-0.194075	-3.43691	2.51749
-0.193007	0.256346	2.75204
-0.179408	3.26389	2.73432
-0.158191	5.09212	2.51118
-0.138087	4.82478	2.16319
-0.126576	2.76282	1.83348
-0.125585	0.237644	1.64463
-0.133175	-1.82143	1.62827
-0.147237	-3.37493	1.75255
-0.165779	-4.45014	1.98293
-0.186838	-5.05409	2.28673
-0.208161	-5.11762	2.63176
-0.225486	-4.15786	2.9811
-0.226398	-0.219011	3.26485
-0.207056	4.64223	3.27956
-0.170244	8.83474	2.96223
-0.119155	12.2613	2.35857
-0.057074	14.8995	1.52092
0.0124762	16.692	0.503143
0.0846977	17.3331	-0.63699
0.142782	13.9403	-1.82082
0.181191	9.21807	-2.77283
0.202658	5.15203	-3.40222
0.209887	1.73496	-3.75384
0.20518	-1.12968	-3.87205
0.190615	-3.49551	-3.79458
0.168148	-5.3922	-3.55553
0.139703	-6.82666	-3.18696
0.115137	-5.89591	-2.72043
0.105214	-2.38155	-2.31752
0.108409	0.766726	-2.15467
0.121947	3.24917	-2.20687
0.14266	4.97114	-2.42861
0.167405	5.93873	-2.76796
0.193311	6.21747	-3.17337
0.21488	5.17669	-3.59778
0.218465	0.860213	-3.95107
0.204201	-3.42336	-4.00952
0.175263	-6.94489	-3.77538
0.13417	-9.86249	-3.30073
0.0829688	-12.2882	-2.62685
0.0234645	-14.281	-1.78733
-0.0425811	-15.8509	-0.811769
-0.112696	-16.8276	0.270943
-0.173359	-14.559	1.42028
-0.217522	-10.5991	2.41457
-0.244609	-6.50099	3.13833
-0.255392	-2.58782	3.58211
-0.251955	0.824923	3.75859
-0.237048	3.5776	3.70195
-0.213974	5.53771	3.45731
-0.189145	5.95896	3.0788
-0.177239	2.85738	2.67156
-0.176098	0.273834	2.47619
-0.183088	-1.67747	2.45729
-0.196127	-3.1293	2.57167
-0.213463	-4.16078	2.78521
-0.233538	-4.81799	3.06918
-0.2547	-5.07885	3.39802
-0.275001	-4.87226	3.74465
-0.283715	-2.09122	4.07715
-0.270701	3.12331	4.21966
-0.238398	7.75277	4.00601
-0.190188	11.5702	3.47617
-0.129362	14.5984	2.68563
-0.0590932	16.8645	1.68833
0.0173806	18.3537	0.53633
0.0895576	17.3225	-0.717299
0.143159	12.8643	-1.9004
0.178892	8.57604	-2.7789
0.199239	4.88307	-3.36444
0.206105	1.64799	-3.6977
0.201182	-1.18162	-3.80996
0.186438	-3.53838	-3.72896
0.164006	-5.38389	-3.48699
0.136949	-6.49367	-3.11898
0.118851	-4.34355	-2.67521
0.116144	-0.649694	-2.37832
0.127019	2.61006	-2.33376
0.148509	5.15768	-2.51185
0.177721	7.01083	-2.86393
0.211946	8.21411	-3.34255
0.248383	8.74469	-3.90333
0.281359	7.91443	-4.5003
0.295807	3.46749	-5.04051
0.29287	-0.704972	-5.27695
0.275104	-4.26377	-5.22838
0.244966	-7.23317	-4.93675
0.204812	-9.63697	-4.44232
0.156872	-11.5056	-3.78375
0.103772	-12.7439	-2.9976
0.04802	-13.3805	-2.12693
0.000794373	-11.3342	-1.21285
-0.0293978	-7.24611	-0.438607
-0.0438273	-3.46308	0.0563514
-0.0446334	-0.193482	0.292883
-0.0338572	2.58629	0.306078
-0.0135724	4.86835	0.129408
0.0137637	6.56066	-0.203117
0.0398508	6.2609	-0.651204
0.0521858	2.9604	-1.07878
0.0509049	-0.3074	-1.28089
0.0380895	-3.0757	-1.2598
0.0157304	-5.36619	-1.04962
-0.014223	-7.1888	-0.683015
-0.0494104	-8.44498	-0.191951
-0.0872095	-9.07177	0.384873
-0.124846	-9.03274	1.00446
-0.152853	-6.72161	1.62134
-0.165519	-3.03983	2.08031
-0.164547	0.233206	2.28778
-0.147626	4.0611	2.27167
-0.117659	7.19206	1.99411
-0.0774712	9.64499	1.50273
-0.0302449	11.3343	0.843845
0.0118069	10.0924	0.0696279
0.0385418	6.41638	-0.619705
0.0493467	2.59317	-1.0579
0.0452964	-0.97207	-1.23494
0.0284425	-4.04493	-1.16845
0.00102757	-6.57958	-0.892076
-0.0268265	-6.68497	-0.442607
-0.0543285	-6.60049	0.0140253
-0.0832474	-6.94053	0.464852
-0.10519	-5.26617	0.938868
-0.110441	-1.2602	1.29848
-0.101242	2.20772	1.38446
-0.0802782	5.03127	1.23356
-0.0505761	7.12848	0.889823
-0.0159606	8.30773	0.402868
0.0143577	7.27638	-0.164594
0.0301885	3.7994	-0.661568
0.0298795	-0.0741579	-0.92102
0.0159689	-3.33855	-0.915881
-0.0090408	-6.00232	-0.687778
-0.0426175	-8.0584	-0.277753
-0.0820276	-9.45844	0.272674
-0.123902	-10.0498	0.918683
-0.159721	-8.59667	1.60503
-0.180132	-4.89858	2.19207
-0.180683	-0.132355	2.52649
-0.163715	4.07236	2.53533
-0.132057	7.59808	2.25698
-0.0888356	10.373	1.73785
-0.0372644	12.3771	1.02922
0.0188781	13.4742	0.183764
0.0637219	10.7625	-0.736559
0.0923737	6.87643	-1.4716
0.106942	3.4964	-1.94115
0.109778	0.680505	-2.17981
0.102883	-1.65479	-2.22612
0.0881461	-3.53674	-2.11292
0.0674318	-4.97143	-1.87118
0.042743	-5.92531	-1.53148
0.022006	-4.97688	-1.12664
0.0201121	-0.454547	-0.786625
0.0352811	3.64058	-0.755515
0.0640397	6.90206	-1.00411
0.102322	9.18771	-1.47545
0.146537	10.6116	-2.10287
0.193326	11.2294	-2.82749
0.235553	10.1345	-3.59426
0.257329	5.22617	-4.28618
0.259451	0.509415	-4.6428
0.245143	-3.43409	-4.67723
0.217345	-6.6715	-4.4423
0.178695	-9.27594	-3.98628
0.131537	-11.3178	-3.3524
0.077963	-12.8578	-2.57911
0.0208341	-13.711	-1.70069
-0.0269069	-11.4578	-0.764075
-0.0591802	-7.74559	0.0185766
-0.0764145	-4.13624	0.547614
-0.080695	-1.02733	0.830086
-0.0749346	1.38251	0.900191
-0.0624917	2.98628	0.805695
-0.0469439	3.73149	0.601666
-0.0344768	2.9921	0.346754
-0.0387419	-1.02363	0.142364
-0.0577245	-4.55583	0.21227
-0.0882763	-7.33243	0.523427
-0.127516	-9.41744	1.02421
-0.172687	-10.8412	1.66736
-0.221243	-11.6534	2.4077
-0.270126	-11.732	3.20346
-0.316972	-11.2429	4.00453
-0.34981	-7.88122	4.77212
-0.360588	-2.58657	5.31005
-0.3513	2.22904	5.48631
-0.325152	6.2754	5.33363
-0.285304	9.56366	4.9046
-0.234957	12.0832	4.251
-0.17727	13.8449	3.42537
-0.122586	13.1243	2.47947
-0.0808809	10.0092	1.58287
-0.051269	7.10685	0.899103
-0.0316614	4.70583	0.413624
-0.0206472	2.6434	0.0921777
-0.0167789	0.928376	-0.0883763
-0.0183688	-0.381558	-0.151777
-0.0231215	-1.14065	-0.125701
-0.0285494	-1.30269	-0.0477806
-0.0227502	1.39181	0.0412017
0.00219467	5.98676	-0.0538622
0.0438794	10.0043	-0.462762
0.0985403	13.1186	-1.14604
0.162221	15.2833	-2.04197
0.231636	16.6596	-3.08568
0.30343	17.2306	-4.22332
0.368172	15.5382	-5.39987
0.412145	10.5535	-6.46073
0.436293	5.79541	-7.18104
0.443328	1.68831	-7.57631
0.435796	-1.8076	-7.69103
0.416138	-4.71783	-7.56697
0.386768	-7.04888	-7.24413
0.350162	-8.7854	-6.76211
0.309513	-9.75569	-6.16152
0.279559	-7.18915	-5.49471
0.265481	-3.37859	-5.00325
0.264772	-0.170277	-4.77209
0.274243	2.27307	-4.76008
0.291006	4.02318	-4.91496
0.312408	5.13643	-5.18937
0.335698	5.58965	-5.53978
0.353435	4.25693	-5.92113
0.352425	-0.242591	-6.21142
0.334288	-4.35266	-6.19436
0.301688	-7.8242	-5.89658
0.25711	-10.6987	-5.36171
0.2073	-11.9544	-4.63055
0.152862	-13.065	-3.81368
0.0947525	-13.9463	-2.92101
0.035167	-14.3005	-1.96823
-0.0238639	-14.1674	-0.99132
-0.0736509	-11.9489	-0.0235805
-0.104108	-7.30969	0.792552
-0.116327	-2.93255	1.29176
-0.112761	0.855872	1.49196
-0.0961427	3.98835	1.43338
-0.0698977	6.29878	1.16086
-0.0431658	6.41566	0.730557
-0.023517	4.71572	0.292301
-0.0153688	1.95555	-0.0298114
-0.017168	-0.431798	-0.163375
-0.0270269	-2.36614	-0.133867
-0.0429106	-3.81209	0.0277574
-0.0626396	-4.73496	0.28813
-0.0839206	-5.10744	0.611515
-0.104385	-4.91149	0.960317
-0.112872	-2.03694	1.29571
-0.101298	2.77791	1.43473
-0.0714115	7.1727	1.24489
-0.0262975	10.8274	0.754885
0.0304683	13.6238	0.0152998
0.0947604	15.4301	-0.915228
0.162016	16.1413	-1.96906
0.223027	14.6426	-3.07138
0.264034	9.84185	-4.07125
0.286813	5.46684	-4.74315
0.29368	1.64808	-5.11617
0.286986	-1.60654	-5.22833
0.269169	-4.27619	-5.11819
0.242589	-6.37907	-4.82572
0.209269	-7.99684	-4.38963
0.173088	-8.68348	-3.84309
0.149536	-5.6524	-3.24969
0.141065	-2.03299	-2.86337
0.145145	0.979141	-2.72428
0.158544	3.21581	-2.79094
0.17782	4.62618	-3.01037
0.19955	5.21519	-3.32611
0.220472	5.0213	-3.68205
0.228165	1.84633	-4.02472
0.216317	-2.8436	-4.15051
0.188009	-6.79396	-3.95596
0.146382	-9.99046	-3.49161
0.0940253	-12.5655	-2.80897
0.0331588	-14.608	-1.9505
-0.0341432	-16.1525	-0.9526
-0.105745	-17.1845	0.15072
-0.171208	-15.711	1.32444
-0.223423	-12.5316	2.39743
-0.257365	-8.14601	3.25317
-0.273749	-3.93219	3.80931
-0.275171	-0.341365	4.07759
-0.264267	2.61687	4.10058
-0.243718	4.93195	3.92153
-0.21765	6.25627	3.58436
-0.200211	4.1854	3.15677
-0.194807	1.29677	2.87066
-0.19828	-0.833456	2.78186
-0.208022	-2.33807	2.83857
-0.221936	-3.33926	2.99805
-0.238194	-3.90188	3.22589
-0.255062	-4.04833	3.49215
-0.270782	-3.77286	3.76838
-0.281169	-2.4929	4.02578
-0.270106	2.65524	4.19574
-0.237803	7.7526	4.01405
-0.187852	11.9883	3.48423
-0.123977	15.3299	2.66514
-0.0498013	17.8022	1.61787
0.0311255	19.4224	0.401823
0.11198	19.405	-0.924792
0.173351	14.7291	-2.25011
0.215199	10.0436	-3.25596
0.2404	6.04822	-3.94169
0.25156	2.67848	-4.35449
0.250988	-0.137267	-4.53709
0.240892	-2.42303	-4.52735
0.223592	-4.15209	-4.3615
0.201736	-5.24555	-4.07756
0.188053	-3.28372	-3.71896
0.1896	0.371174	-3.49438
0.205676	3.8583	-3.51946
0.233283	6.62551	-3.78271
0.269234	8.62831	-4.23495
0.310401	9.88003	-4.82394
0.353659	10.382	-5.49838
0.393204	9.49072	-6.20706
0.413968	4.98341	-6.8548
0.416297	0.558993	-7.19464
0.402967	-3.19911	-7.23225
0.376439	-6.36691	-7.01318
0.338906	-9.00782	-6.57776
0.292483	-11.1415	-5.96199
0.239351	-12.7518	-5.20054
0.182212	-13.7133	-4.32916
0.133512	-11.6879	-3.39217
0.102656	-7.40548	-2.5936
0.0879961	-3.51836	-2.08759
0.0866862	-0.314381	-1.84712
0.0959607	2.22589	-1.8255
0.113167	4.12957	-1.97738
0.135679	5.40292	-2.25928
0.15594	4.86258	-2.62813
0.161189	1.25983	-2.96005
0.152463	-2.09444	-3.04586
0.132022	-4.90573	-2.90257
0.102034	-7.19713	-2.56727
0.0646073	-8.98242	-2.07549
0.0204915	-10.5878	-1.46181
-0.0247711	-10.863	-0.738529
-0.0699774	-10.8495	0.00349378
-0.1133	-10.3975	0.744537
-0.144856	-7.57343	1.45465
-0.156625	-2.82458	1.97181
-0.150914	1.37073	2.16458
-0.130547	4.88795	2.07079
-0.0984204	7.71049	1.73678
-0.0584978	9.58144	1.21
-0.0208042	9.04645	0.555483
0.00746762	6.78524	-0.0624464
0.0220746	3.50567	-0.525883
0.0238584	0.428117	-0.765283
0.0144718	-2.25277	-0.794463
-0.00403089	-4.44065	-0.64053
-0.0292998	-6.06453	-0.337173
-0.0587234	-7.06166	0.0770735
-0.0884347	-7.13072	0.559394
-0.104607	-3.88141	1.04639
-0.102496	0.506795	1.31142
-0.0850507	4.18678	1.2767
-0.0554398	7.10662	0.990642
-0.0167025	9.29694	0.505172
0.0275101	10.611	-0.129863
0.0731669	10.9576	-0.854603
0.108448	8.46756	-1.60296
0.125028	3.97901	-2.18118
0.125193	0.0396536	-2.45278
0.111621	-3.25719	-2.4553
0.086706	-5.97967	-2.23263
0.0527361	-8.15277	-1.82403
0.0121006	-9.75252	-1.26704
-0.0321294	-10.6152	-0.600823
-0.0709062	-9.30643	0.124262
-0.0941661	-5.58238	0.7599
-0.0993857	-1.2527	1.14113
-0.0889263	2.51024	1.2266
-0.0658107	5.54776	1.05506
-0.0328428	7.91229	0.676054
0.00701294	9.56538	0.13558
0.0473934	9.6913	-0.517761
0.076551	6.99783	-1.17965
0.0902077	3.27761	-1.65752
0.0903249	0.0281268	-1.88125
0.0792211	-2.6649	-1.88303
0.0591839	-4.80894	-1.70086
0.0324823	-6.40837	-1.37227
0.00170468	-7.38663	-0.934453
-0.0305127	-7.73216	-0.429858
-0.0574348	-6.46132	0.098298
-0.0662969	-2.12689	0.539612
-0.0548155	2.75553	0.684842
-0.0259663	6.9238	0.496583
0.0165292	10.1989	0.0236386
0.0688328	12.5529	-0.672965
0.126847	13.9235	-1.53029
0.186511	14.3194	-2.48117
0.230176	10.4795	-3.45901
0.254904	5.93463	-4.17451
0.263333	2.02307	-4.57952
0.258168	-1.23965	-4.71734
0.241909	-3.90216	-4.6323
0.216826	-6.01992	-4.36541
0.185014	-7.63494	-3.9539
0.148482	-8.76765	-3.43211
0.127554	-5.02276	-2.83299
0.121558	-1.43887	-2.4897
0.129133	1.81803	-2.39123
0.147404	4.38494	-2.51521
0.17317	6.18374	-2.81451
0.203315	7.23499	-3.23665
0.232045	6.89498	-3.73056
0.249287	4.1381	-4.2012
0.247283	-0.480976	-4.48351
0.228384	-4.53555	-4.45031
0.195721	-7.83929	-4.14017
0.151891	-10.5191	-3.60441
0.0992275	-12.6392	-2.88565
0.039952	-14.2261	-2.02214
-0.0179853	-13.905	-1.05031
-0.0717858	-12.9121	-0.100492
-0.110125	-9.20132	0.781438
-0.129764	-4.71348	1.40984
-0.132975	-0.770582	1.73168
-0.122753	2.45324	1.78417
-0.101999	4.98091	1.61648
-0.0736051	6.8146	1.27615
-0.0459529	6.63653	0.8106
-0.0301811	3.78523	0.357252
-0.0265128	0.8804	0.0986888
-0.0327705	-1.50186	0.0385505
-0.0464235	-3.27671	0.141129
-0.0647179	-4.39067	0.364925
-0.0847958	-4.81869	0.664789
-0.104151	-4.64526	0.993864
-0.120232	-3.85948	1.31107
-0.1216	-0.328182	1.57458
-0.100771	4.99895	1.59687
-0.0606538	9.62805	1.25531
-0.00486845	13.3885	0.597602
0.0626635	16.2077	-0.3169
0.137726	18.0149	-1.42388
0.216203	18.8346	-2.65422
0.286895	16.9661	-3.94044
0.339048	12.5166	-5.09895
0.373708	8.31861	-5.95345
0.392402	4.48642	-6.52116
0.397135	1.13597	-6.82707
0.390173	-1.67088	-6.90413
0.373967	-3.88953	-6.78946
0.351045	-5.50117	-6.52326
0.32529	-6.18117	-6.14701
0.310572	-3.53234	-5.72434
0.311421	0.203737	-5.48263
0.325299	3.33076	-5.49611
0.348981	5.68352	-5.72318
0.379478	7.31941	-6.11092
0.413974	8.27892	-6.61037
0.44953	8.53354	-7.17531
0.474884	6.08505	-7.75761
0.480383	1.31958	-8.17261
0.468307	-2.8982	-8.2621
0.441523	-6.42811	-8.0635
0.402626	-9.33528	-7.62382
0.353984	-11.674	-6.9856
0.297904	-13.4591	-6.1877
0.236713	-14.6859	-5.26793
0.17727	-14.2664	-4.26444
0.130576	-11.2064	-3.28968
0.101944	-6.87168	-2.52401
0.088789	-3.15729	-2.05446
0.0879227	-0.20791	-1.83865
0.0964147	2.03807	-1.8243
0.111662	3.65946	-1.96336
0.130945	4.62772	-2.21315
0.141934	2.63749	-2.52906
0.136908	-1.20623	-2.709
0.117622	-4.62864	-2.6264
0.0866372	-7.43639	-2.31005
0.0464634	-9.64171	-1.80195
-0.000418472	-11.2517	-1.14326
-0.0513361	-12.2202	-0.374661
-0.102611	-12.306	0.460033
-0.14933	-11.2125	1.30052
-0.178394	-6.97532	2.06625
-0.184732	-1.52133	2.54252
-0.171507	3.17402	2.64623
-0.142492	6.96367	2.42923
-0.101325	9.87999	1.95342
-0.0520077	11.8362	1.27844
0.0011382	12.755	0.469909
0.0430757	10.065	-0.401315
0.0666243	5.65167	-1.08874
0.0735551	1.66338	-1.47467
0.0668078	-1.61935	-1.58816
0.0490303	-4.2666	-1.47743
0.0226818	-6.32363	-1.1859
-0.00980838	-7.79765	-0.753891
-0.0458175	-8.64218	-0.221237
-0.0771787	-7.52669	0.369058
-0.0917829	-3.505	0.883118
-0.0873871	1.05498	1.12245
-0.0670952	4.87006	1.05031
-0.0344456	7.83591	0.717592
0.0066906	9.87268	0.182331
0.0522019	10.9227	-0.492002
0.0968549	10.7167	-1.238
0.125874	6.96446	-1.96987
0.135869	2.39884	-2.4454
0.130073	-1.39087	-2.60905
0.111413	-4.47844	-2.51385
0.0822577	-6.99734	-2.20777
0.0447462	-9.00277	-1.72966
0.000986256	-10.5024	-1.11462
-0.0467994	-11.4686	-0.397199
-0.0890369	-10.137	0.386157
-0.110664	-5.19044	1.0785
-0.118946	-1.98777	1.43294
-0.110461	2.03636	1.56859
-0.0880797	5.37157	1.42939
-0.0549321	7.95544	1.06239
-0.0141932	9.77732	0.518938
0.0268098	9.84072	-0.148909
0.0534321	6.38937	-0.821034
0.0647647	2.71981	-1.25737
0.063383	-0.331592	-1.44304
0.0517468	-2.79271	-1.42028
0.0326184	-4.5908	-1.22942
0.0105061	-5.30696	-0.915759
-0.0140026	-5.88209	-0.553211
-0.0384886	-5.87664	-0.151409
-0.061508	-5.52467	0.24999
-0.0735159	-2.88189	0.627317
-0.0648408	2.08202	0.824108
-0.0379163	6.46188	0.68184
0.00347263	9.93335	0.240431
0.055396	12.4616	-0.438051
0.113487	13.9418	-1.28917
0.168462	13.1941	-2.24131
0.210737	10.1459	-3.14232
0.235959	6.0533	-3.83505
0.246285	2.47838	-4.2482
0.244227	-0.494002	-4.41714
0.232007	-2.93275	-4.38305
0.211595	-4.89892	-4.18239
0.185236	-6.32626	-3.84746
0.157698	-6.60914	-3.41506
0.139479	-4.37254	-2.96338
0.13581	-0.880594	-2.66449
0.146817	2.64185	-2.60413
0.169598	5.46727	-2.78437
0.200971	7.52954	-3.15757
0.237905	8.86418	-3.67161
0.277043	9.39308	-4.27676
0.311769	8.33432	-4.91798
0.327593	3.79788	-5.48684
0.325306	-0.548987	-5.74581
0.307561	-4.25869	-5.70786
0.276774	-7.38888	-5.41654
0.235261	-9.96314	-4.91144
0.185283	-11.9947	-4.23055
0.129428	-13.4053	-3.41096
0.0709031	-14.046	-2.49509
0.0239021	-11.2803	-1.53553
-0.00695116	-7.40478	-0.764943
-0.0238897	-4.06526	-0.259122
-0.0293925	-1.32066	0.0185651
-0.025672	0.892935	0.108769
-0.014865	2.59366	0.0477739
0.000176884	3.61006	-0.129379
0.00851631	2.00146	-0.375941
0.00184963	-1.6	-0.512613
-0.0180185	-4.76835	-0.403288
-0.0482311	-7.25103	-0.0775676
-0.0854861	-8.94119	0.417698
-0.126087	-9.74434	1.02837
-0.166661	-9.73772	1.69384
-0.204704	-9.13021	2.35882
-0.235686	-7.4356	2.98224
-0.250633	-3.58742	3.48987
-0.244777	1.40542	3.73463
-0.219302	6.11394	3.63835
-0.177478	10.0379	3.22047
-0.122534	13.1864	2.53462
-0.0573745	15.6384	1.63376
0.0149188	17.3504	0.565508
0.0835959	16.4825	-0.619595
0.136895	12.7917	-1.74533
0.174968	9.13745	-2.61889
0.199738	5.94497	-3.24279
0.213285	3.25117	-3.64858
0.217534	1.01983	-3.87035
0.218776	0.298072	-3.93971
0.223201	1.06199	-3.95975
0.222482	-0.172615	-4.03198
0.224706	0.533806	-4.01987
0.241642	4.06463	-4.05601
0.271279	7.11284	-4.33331
0.31045	9.40112	-4.81879
0.356249	10.9917	-5.46053
0.406085	11.9607	-6.21085
0.454075	11.5176	-7.0273
0.490472	8.73523	-7.81342
0.508747	4.38591	-8.40943
0.51095	0.528768	-8.70834
0.499429	-2.76487	-8.74377
0.476442	-5.51697	-8.55424
0.444346	-7.70315	-8.17675
0.40544	-9.33726	-7.64996
0.362454	-10.3167	-7.01161
0.326093	-8.72659	-6.30642
0.299894	-6.28793	-5.70988
0.287865	-2.88686	-5.27995
0.287607	-0.0620439	-5.08236
0.296534	2.1427	-5.07772
0.312054	3.72478	-5.22367
0.331555	4.68013	-5.47767
0.350987	4.66363	-5.7969
0.35793	1.66635	-6.11498
0.347346	-2.54017	-6.22831
0.321413	-6.22386	-6.05432
0.282444	-9.35246	-5.62875
0.232906	-11.8891	-4.98952
0.175468	-13.7851	-4.17707
0.112977	-14.998	-3.2352
0.0481118	-15.5676	-2.21055
-0.0106899	-14.1124	-1.14709
-0.0490584	-9.20843	-0.183093
-0.0679062	-4.52348	0.445875
-0.0698436	-0.464967	0.754804
-0.0578751	2.87242	0.786505
-0.0351886	5.44476	0.590254
-0.00529365	7.17479	0.218323
0.0232995	6.86236	-0.271743
0.0358981	3.02366	-0.740432
0.0327065	-0.76599	-0.946893
0.0163532	-3.9248	-0.894499
-0.0101364	-6.35749	-0.626357
-0.0437853	-8.07574	-0.192078
-0.0815862	-9.07222	0.359526
-0.120492	-9.33737	0.979148
-0.156619	-8.67057	1.61683
-0.177343	-4.9736	2.20892
-0.176853	0.117507	2.54846
-0.156548	4.87328	2.54023
-0.119973	8.77786	2.20718
-0.0712473	11.6942	1.60747
-0.0141788	13.6964	0.808608
0.0471767	14.7253	-0.126944
0.102763	13.3408	-1.1327
0.139264	8.76024	-2.04381
0.158011	4.49907	-2.64199
0.16206	0.971925	-2.94907
0.154034	-1.92632	-3.01522
0.136196	-4.28105	-2.88341
0.110557	-6.15346	-2.59078
0.0791381	-7.54049	-2.17029
0.044007	-8.43146	-1.65509
0.0190817	-5.98207	-1.07907
0.0102373	-2.12266	-0.6704
0.0159943	1.38167	-0.525364
0.033038	4.0905	-0.619691
0.057941	5.97673	-0.899029
0.0872626	7.03717	-1.30718
0.117713	7.30798	-1.78773
0.142284	5.89727	-2.28673
0.147113	1.15876	-2.68934
0.134585	-3.00674	-2.76828
0.107797	-6.42904	-2.56269
0.0694465	-9.20411	-2.12338
0.022068	-11.3708	-1.49455
-0.0317687	-12.9208	-0.717785
-0.0890186	-13.74	0.164787
-0.143721	-13.1286	1.10324
-0.182555	-9.32018	1.99986
-0.198576	-3.84499	2.63629
-0.193499	1.21845	2.8987
-0.170784	5.45153	2.81526
-0.133881	8.85686	2.44269
-0.086078	11.4726	1.83756
-0.0306573	13.301	1.05382
0.0225404	12.7675	0.145258
0.06157	9.36709	-0.726792
0.08602	5.868	-1.36652
0.0978162	2.8311	-1.76721
0.0990796	0.30322	-1.96044
0.0920873	-1.67817	-1.98099
0.0792116	-3.09017	-1.86621
0.0626517	-3.97438	-1.655
0.044639	-4.32305	-1.38341
0.034898	-2.33783	-1.08803
0.0439226	2.1659	-0.928267
0.0688686	5.98703	-1.07613
0.105855	8.87673	-1.48497
0.151497	10.954	-2.09114
0.202838	12.322	-2.83916
0.256985	12.9951	-3.68055
0.30689	11.9773	-4.56785
0.338512	7.58921	-5.38556
0.352741	3.41502	-5.90349
0.351726	-0.243718	-6.13628
0.337772	-3.34888	-6.11915
0.363955	6.28399	-5.88993
0.375342	2.73292	-6.31868
0.376229	0.212672	-6.50484
0.368897	-1.7596	-6.51886
0.358667	-2.45505	-6.39816
0.352624	-1.4504	-6.22997
0.356562	0.945096	-6.13042
0.37096	3.45544	-6.19449
0.3939	5.50558	-6.43001
0.423292	7.05422	-6.80555
0.456853	8.05455	-7.28683
0.491398	8.29084	-7.8364
0.514824	5.62221	-8.40206
0.519924	1.22411	-8.7854
0.508216	-2.80991	-8.86832
0.481711	-6.36135	-8.67571
0.442349	-9.44687	-8.24053
0.392415	-11.9842	-7.59465
0.334617	-13.8715	-6.77551
0.271415	-15.1684	-5.82753
0.208645	-15.065	-4.79105
0.161694	-11.2681	-3.76171
0.13061	-7.4602	-2.99178
0.112561	-4.33182	-2.482
0.104894	-1.84	-2.18593
0.105212	0.0763593	-2.06009
0.111106	1.4145	-2.06514
0.119004	1.89555	-2.16159
0.114419	-1.10033	-2.29089
0.0936388	-4.98734	-2.21555
0.058936	-8.32868	-1.87473
0.0130069	-11.023	-1.30572
-0.0414815	-13.0772	-0.552728
-0.101676	-14.4466	0.340514
-0.164187	-15.0027	1.32722
-0.225791	-14.7848	2.35183
-0.278112	-12.5571	3.36147
-0.314293	-8.68343	4.21888
-0.330583	-3.90955	4.81165
-0.329077	0.361368	5.0783
-0.312449	3.99076	5.05322
-0.283421	6.96665	4.78025
-0.244918	9.24065	4.30405
-0.203814	9.86499	3.67256
-0.171629	7.72439	2.99848
-0.1517	4.783	2.47066
-0.142971	2.09499	2.14378
-0.143351	-0.0913472	2.00052
-0.150941	-1.82155	2.0066
-0.164023	-3.1396	2.13086
-0.180982	-4.07025	2.34514
-0.200163	-4.60325	2.62296
-0.215501	-3.68118	2.93717
-0.212781	0.652811	3.18837
-0.193533	4.61954	3.14353
-0.160539	7.9185	2.82777
-0.116682	10.5257	2.2867
-0.0651504	12.3676	1.5676
-0.00951107	13.3534	0.722755
0.0458289	13.2816	-0.189363
0.0842083	9.21106	-1.0965
0.104226	4.80416	-1.72555
0.108639	1.05917	-2.05354
0.0998143	-2.1179	-2.12572
0.079737	-4.81855	-1.9809
0.0501413	-7.10296	-1.65163
0.0127205	-8.98101	-1.16635
-0.0302776	-10.3195	-0.552839
-0.0664343	-8.67761	0.152049
-0.0888252	-5.37381	0.744735
-0.0959608	-1.71255	1.11172
-0.0892513	1.61028	1.2286
-0.0711478	4.34485	1.11852
-0.0441758	6.47328	0.821678
-0.0111464	7.92704	0.379479
0.0229686	8.18761	-0.16198
0.0428215	4.76469	-0.721194
0.0469017	0.979256	-1.04657
0.0378019	-2.18397	-1.11337
0.0178958	-4.77747	-0.964116
-0.010775	-6.88099	-0.637729
-0.0460123	-8.45693	-0.167694
-0.0854902	-9.47471	0.409944
-0.126693	-9.88863	1.05705
-0.162393	-8.56808	1.73238
-0.177769	-3.69015	2.31746
-0.173423	1.04288	2.56933
-0.153253	4.84092	2.4979
-0.121055	7.72759	2.16706
-0.0781069	10.3075	1.63909
-0.0275701	12.1288	0.934941
0.0257273	12.7914	0.106449
0.0636261	9.09572	-0.767231
0.0851648	5.16927	-1.38842
0.092647	1.79573	-1.74138
0.0882528	-1.0546	-1.8639
0.0796525	-2.06408	-1.79172
0.0642076	-3.70677	-1.65059
0.0406352	-5.65737	-1.39728
0.0108241	-7.15465	-1.01077
-0.0217407	-7.81556	-0.522009
-0.0457104	-5.75273	0.01185
-0.0535499	-1.88147	0.404772
-0.0462246	1.75806	0.53325
-0.0265588	4.71981	0.413132
0.00223406	6.91028	0.0907302
0.0369965	8.34299	-0.381259
0.0740077	8.88267	-0.951068
0.0999805	6.23347	-1.55769
0.108533	2.0527	-1.98333
0.101781	-1.62066	-2.12337
0.0821857	-4.70279	-2.01251
0.0518228	-7.28709	-1.69114
0.0126055	-9.41214	-1.19329
-0.0336057	-11.0907	-0.550327
-0.0843925	-12.1888	0.207231
-0.132763	-11.6089	1.03974
-0.16414	-7.53038	1.83256
-0.178295	-3.39727	2.34676
-0.177697	0.143582	2.57862
-0.164963	3.05599	2.56861
-0.142672	5.34992	2.35968
-0.113344	7.03865	1.99409
-0.0798874	8.02963	1.51318
-0.0581672	5.21286	0.964629
-0.0497124	2.02915	0.608508
-0.0532971	-0.860325	0.469868
-0.0674198	-3.38945	0.528595
-0.0901436	-5.45371	0.760061
-0.119032	-6.93334	1.1325
-0.151661	-7.83081	1.60597
-0.185978	-8.23618	2.14071
-0.21386	-6.6916	2.70309
-0.22557	-2.81036	3.15992
-0.219689	1.41127	3.35163
-0.198173	5.1639	3.25498
-0.163332	8.36179	2.90202
-0.117795	10.9291	2.33067
-0.0641886	12.8655	1.58402
-0.0076798	13.5621	0.705161
0.0375397	10.8527	-0.221208
0.0674927	7.18874	-0.962445
0.0832811	3.7892	-1.45337
0.0869523	0.881101	-1.71206
0.0805284	-1.54175	-1.77211
0.0686016	-2.86244	-1.66667
0.0532125	-3.69338	-1.47102
0.0330181	-4.84665	-1.21864
0.0108057	-5.33098	-0.887511
0.0024244	-2.01151	-0.523324
0.0115306	2.18548	-0.385891
0.0355474	5.76404	-0.535132
0.0713191	8.58521	-0.928782
0.115669	10.6439	-1.51509
0.165809	12.0337	-2.24197
0.217665	12.4453	-3.06371
0.255703	9.12927	-3.91351
0.276806	5.06459	-4.53675
0.283033	1.49456	-4.88231
0.276459	-1.57782	-4.984
0.25899	-4.19257	-4.87584
0.232398	-6.38201	-4.5891
0.198538	-8.12641	-4.15284
0.159389	-9.39579	-3.59746
0.122582	-8.83365	-2.95543
0.0973924	-6.0455	-2.35184
0.0860913	-2.71225	-1.93874
0.0864043	0.0750978	-1.75334
0.0955368	2.1918	-1.75833
0.110834	3.67133	-1.90789
0.1296	4.50379	-2.1585
0.148409	4.51432	-2.46594
0.152949	1.08947	-2.77409
0.139258	-3.2857	-2.84828
0.110154	-6.98501	-2.62364
0.0682107	-10.0665	-2.14634
0.0156727	-12.6091	-1.45861
-0.0454027	-14.6581	-0.597273
-0.112533	-16.1113	0.403949
-0.182348	-16.7556	1.50435
-0.245603	-15.1811	2.64867
-0.290089	-10.6767	3.68536
-0.316399	-6.31449	4.41431
-0.327036	-2.55294	4.84525
-0.324748	0.54926	5.01924
-0.312237	3.00253	4.98134
-0.292299	4.78524	4.77587
-0.268917	5.61156	4.44866
-0.258753	2.43938	4.06503
-0.260436	-0.403959	3.8981
-0.270899	-2.51115	3.92539
-0.287613	-4.01115	4.0966
-0.308596	-5.03598	4.37025
-0.332069	-5.63358	4.71387
-0.356337	-5.82438	5.09829
-0.379501	-5.55937	5.49571
-0.393289	-3.30902	5.87499
-0.386478	1.63457	6.10055
-0.360405	6.25748	5.98843
-0.318045	10.1665	5.56056
-0.262777	13.2642	4.86574
-0.198343	15.4643	3.95939
-0.128826	16.684	2.90284
-0.0616459	16.1232	1.76307
-0.0103087	12.3209	0.661691
0.0259305	8.6974	-0.1799
0.0488465	5.49985	-0.773932
0.0600893	2.69827	-1.14952
0.0613032	0.291338	-1.33372
0.0541613	-1.71406	-1.35352
0.0402345	-3.34241	-1.23634
0.0211603	-4.5778	-1.00794
0.00875388	-2.97755	-0.695191
0.0118345	0.739359	-0.491763
0.0287908	4.0695	-0.542223
0.056633	6.68214	-0.820132
0.0919333	8.47205	-1.27647
0.131452	9.48439	-1.85502
0.172231	9.787	-2.50268
0.209961	9.05523	-3.17095
0.228528	4.4562	-3.78918
0.229227	0.16768	-4.09325
0.215035	-3.40601	-4.10438
0.188542	-6.35835	-3.87142
0.151872	-8.80076	-3.43683
0.106888	-10.7962	-2.83545
0.0555234	-12.3275	-2.09783
0.000504962	-13.2044	-1.25567
-0.0461807	-11.2046	-0.353687
-0.0760308	-7.16402	0.411633
-0.0856861	-2.31727	0.900918
-0.0802125	1.31367	1.05912
-0.0619495	4.38313	0.969316
-0.0333924	6.85369	0.669867
0.00237845	8.58501	0.201698
0.0364045	8.16626	-0.384687
0.0553716	4.55209	-0.942426
0.0595076	0.992644	-1.25327
0.0510859	-2.0212	-1.32097
0.0321526	-4.544	-1.18281
0.00470116	-6.58835	-0.872352
-0.0274435	-7.71471	-0.422286
-0.054705	-6.54277	0.104677
-0.0817881	-6.49995	0.551554
-0.106619	-5.95937	0.99547
-0.116485	-2.36797	1.40243
-0.107211	2.2259	1.56406
-0.0815646	6.15508	1.4119
-0.0427056	9.32616	0.991392
0.00626127	11.752	0.354324
0.0583762	12.5076	-0.448388
0.102665	10.6293	-1.30264
0.130139	6.5939	-2.02853
0.141055	2.61974	-2.47875
0.137784	-0.785109	-2.65749
0.122704	-3.6192	-2.60365
0.0981011	-5.90462	-2.35625
0.0662539	-7.64333	-1.95277
0.0296695	-8.78024	-1.43056
-0.000550176	-7.25273	-0.830739
-0.017194	-3.99453	-0.335298
-0.0182313	-0.248951	-0.0624361
-0.00590661	2.95794	-0.0454255
0.0165201	5.3824	-0.247453
0.0455307	6.96255	-0.615059
0.0774725	7.66604	-1.09056
0.106918	7.06692	-1.61408
0.11955	3.0316	-2.09664
0.114482	-1.21618	-2.30353
0.0945772	-4.77721	-2.22028
0.0623445	-7.73585	-1.89382
0.0200215	-10.1575	-1.36529
-0.0301627	-12.0442	-0.671409
-0.0853748	-13.2509	0.151286
-0.141723	-13.5236	1.05634
-0.184868	-10.3548	1.97994
-0.207795	-5.50247	2.68704
-0.21271	-1.17957	3.06266
-0.20277	2.38547	3.14298
-0.180927	5.24245	2.97981
-0.150073	7.405	2.62151
-0.113529	8.77051	2.11553
-0.08231	7.49254	1.51633
-0.0646128	4.24733	1.00445
-0.0590507	1.33489	0.714278
-0.0633883	-1.04102	0.623048
-0.0751823	-2.83056	0.694105
-0.0919341	-4.02043	0.887385
-0.111241	-4.63364	1.16192
-0.130347	-4.58541	1.47832
-0.145758	-3.69876	1.79139
-0.146302	-0.130592	2.04389
-0.126248	4.81315	2.05265
-0.0876746	9.25754	1.72374
-0.0338846	12.9096	1.0913
0.0317973	15.7637	0.209472
0.10502	17.5735	-0.867228
0.180435	18.0995	-2.06746
0.247628	16.1264	-3.30352
0.294367	11.2172	-4.40473
0.322047	6.64333	-5.17053
0.333264	2.6921	-5.62388
0.330472	-0.67012	-5.80731
0.316019	-3.46865	-5.76108
0.292215	-5.71297	-5.52371
0.261451	-7.38357	-5.13307
0.226717	-8.33595	-4.62836
0.206145	-4.93739	-4.05864
0.201773	-1.04922	-3.72108
0.210545	2.10519	-3.64913
0.229128	4.45998	-3.79263
0.254415	6.06895	-4.09695
0.283496	6.97947	-4.51115
0.31325	7.14096	-4.98751
0.332753	4.68062	-5.47485
0.331858	-0.214795	-5.79412
0.313491	-4.40807	-5.77899
0.280556	-7.90448	-5.47746
0.235581	-10.7939	-4.93714
0.18087	-13.1306	-4.1995
0.11866	-14.9304	-3.30233
0.0513899	-16.1449	-2.2823
-0.0132577	-15.5154	-1.17939
-0.0666975	-12.8256	-0.119571
-0.102032	-8.48028	0.756447
-0.119263	-4.13539	1.33561
-0.120715	-0.348473	1.61796
-0.109238	2.75452	1.64164
-0.0876165	5.18905	1.45337
-0.0588572	6.90223	1.09884
-0.034876	5.7555	0.627319
-0.0237946	2.65953	0.234161
-0.0250267	-0.295716	0.0524932
-0.0363882	-2.72676	0.0726889
-0.0556747	-4.62875	0.258928
-0.080652	-5.99455	0.575061
-0.108857	-6.76911	0.984456
-0.137269	-6.81894	1.44672
-0.163057	-6.18917	1.91236
-0.173336	-2.46687	2.33494
-0.162143	2.68615	2.50325
-0.132477	7.12005	2.31959
-0.08787	10.7056	1.8331
-0.0316679	13.4885	1.10174
0.0326207	15.4293	0.180371
0.10022	16.2237	-0.873486
0.156838	13.5883	-1.98152
0.193218	8.73131	-2.90947
0.211913	4.48666	-3.50561
0.215499	0.86074	-3.81178
0.205964	-2.28833	-3.87027
0.185399	-4.93569	-3.71367
0.156034	-7.04751	-3.37626
0.120199	-8.60054	-2.89463
0.0847316	-8.51209	-2.30697
0.0776703	-1.6947	-1.7254
0.0842379	1.57623	-1.60951
0.102174	4.30457	-1.71705
0.12888	6.40945	-2.01092
0.161708	7.87871	-2.44854
0.197774	8.65604	-2.98647
0.233373	8.54363	-3.57746
0.253152	4.74689	-4.16072
0.254522	0.328823	-4.48462
0.23985	-3.52124	-4.50672
0.211289	-6.85466	-4.26586
0.170922	-9.68795	-3.79734
0.120939	-11.9961	-3.13534
0.0638691	-13.6967	-2.31574
0.00268883	-14.6833	-1.38004
-0.0503182	-12.7217	-0.377042
-0.0851496	-8.35954	0.491902
-0.102443	-4.15035	1.06284
-0.104234	-0.429937	1.34623
-0.0929993	2.69637	1.37549
-0.0711745	5.23795	1.19122
-0.0412942	7.17127	0.833368
-0.0130397	6.78108	0.343494
0.00199438	3.60818	-0.11969
0.00407279	0.498819	-0.366124
-0.0051314	-2.20901	-0.400164
-0.0236866	-4.45324	-0.249252
-0.0494736	-6.18889	0.0549335
-0.0801749	-7.36831	0.477643
-0.113298	-7.94953	0.980876
-0.146096	-7.87163	1.52377
-0.168898	-5.47241	2.0613
-0.172304	-0.817391	2.43491
-0.157506	3.55142	2.49055
-0.127031	7.31399	2.24779
-0.0837778	10.3809	1.74806
-0.0309304	12.6834	1.03889
0.0281907	14.1891	0.172516
0.0857892	13.8236	-0.796635
0.125421	9.51162	-1.74075
0.147127	5.20935	-2.39027
0.152614	1.31687	-2.74589
0.144128	-2.03642	-2.83562
0.123825	-4.87272	-2.6963
0.0938593	-7.19186	-2.36327
0.0563396	-9.00473	-1.87187
0.0137554	-10.2202	-1.25668
-0.0200998	-8.12523	-0.558525
-0.0384813	-4.41158	-0.00351179
-0.0427994	-1.03633	0.297809
-0.035434	1.76769	0.36857
-0.0188508	3.97996	0.247807
0.0042832	5.55217	-0.024049
0.0309576	6.40186	-0.403268
0.0549813	5.76567	-0.840493
0.0607648	1.38804	-1.23423
0.0494284	-2.72073	-1.32894
0.0234902	-6.22515	-1.143
-0.0148346	-9.19796	-0.717722
-0.0631992	-11.6075	-0.0894277
-0.118827	-13.3506	0.703394
-0.178046	-14.2128	1.61521
-0.236556	-14.0423	2.58584
-0.282964	-11.1379	3.54475
-0.306008	-5.53045	4.30522
-0.313572	-1.81552	4.68262
-0.304642	2.14338	4.80626
-0.281714	5.50252	4.65949
-0.24729	8.26186	4.28329
-0.204442	10.2836	3.71866
-0.162588	10.0448	3.01598
-0.133088	7.08005	2.32967
-0.114651	4.42501	1.84591
-0.105772	2.13092	1.54353
-0.104703	0.256519	1.39787
-0.109731	-1.20673	1.38024
-0.118982	-2.22026	1.46256
-0.12875	-2.34435	1.61409
-0.142113	-3.20716	1.77409
-0.144065	-0.468271	1.99301
-0.126489	4.21812	2.02484
-0.091579	8.37842	1.73657
-0.0420009	11.8987	1.16418
0.0195202	14.765	0.351386
0.0893573	16.7609	-0.657119
0.16319	17.7197	-1.80187
0.228086	15.5752	-3.01201
0.274056	11.0328	-4.07559
0.302137	6.73925	-4.82883
0.314435	2.95167	-5.28875
0.312858	-0.378454	-5.48994
0.299243	-3.26774	-5.46366
0.275512	-5.69533	-5.24003
0.243703	-7.63415	-4.85062
0.211999	-7.60894	-4.32881
0.193462	-4.44903	-3.80877
0.188475	-1.19682	-3.50459
0.194695	1.49283	-3.42257
0.209558	3.56701	-3.52426
0.230584	5.04635	-3.76762
0.25527	5.9247	-4.112
0.280024	5.94082	-4.51634
0.289128	2.1851	-4.92175
0.279853	-2.22617	-5.07061
0.254692	-6.03862	-4.91816
0.21588	-9.31477	-4.50533
0.165424	-12.1094	-3.86876
0.105248	-14.4424	-3.04136
0.0373226	-16.302	-2.05468
-0.0359861	-17.5941	-0.941063
-0.104763	-16.5064	0.260719
-0.157705	-12.7061	1.38812
-0.19284	-8.43231	2.25586
-0.211457	-4.46807	2.83162
-0.215688	-1.01555	3.13658
-0.207815	1.88957	3.2057
-0.190362	4.18856	3.07639
-0.167126	5.57663	2.79007
-0.154682	2.98674	2.40896
-0.152915	0.423994	2.20477
-0.160477	-1.81475	2.17564
-0.175634	-3.63776	2.29942
-0.196619	-5.03652	2.54771
-0.221527	-5.97775	2.89151
-0.248089	-6.375	3.29958
-0.274428	-6.32136	3.73475
-0.294772	-4.88246	4.16622
-0.295111	-0.0813876	4.49937
-0.276383	4.4948	4.50458
-0.241177	8.44923	4.19723
-0.192253	11.742	3.6198
-0.132344	14.3781	2.81752
-0.0644587	16.2924	1.83526
0.00578248	16.8579	0.722313
0.0607998	13.2042	-0.429165
0.0979256	8.91018	-1.331
0.118228	4.87246	-1.93947
0.123847	1.34856	-2.27212
0.116774	-1.69743	-2.36405
0.098921	-4.2847	-2.24792
0.0844294	-3.47799	-1.95509
0.0635279	-5.01636	-1.71738
0.0407821	-5.45899	-1.37462
0.0286201	-2.91887	-1.00165
0.0288302	0.050413	-0.80221
0.0396589	2.59889	-0.805589
0.0586788	4.56478	-0.983033
0.0829751	5.83111	-1.29474
0.107671	5.92713	-1.69291
0.122646	3.59399	-2.09761
0.120109	-0.608887	-2.34292
0.102028	-4.33949	-2.30114
0.0710192	-7.44215	-2.00457
0.02945	-9.97661	-1.4961
-0.0202522	-11.9285	-0.814559
-0.0758581	-13.3454	0.000245465
-0.134351	-14.0384	0.911762
-0.185145	-12.1904	1.87054
-0.216924	-7.62713	2.70302
-0.229721	-3.07132	3.22375
-0.225775	0.947067	3.43328
-0.207724	4.33222	3.36833
-0.178276	7.06756	3.07217
-0.140495	9.06743	2.5892
-0.100769	9.5344	1.96968
-0.0738316	6.46489	1.31831
-0.0585778	3.66092	0.876646
-0.0530367	1.32986	0.626532
-0.0556812	-0.634663	0.535653
-0.0648844	-2.20878	0.578962
-0.0790708	-3.40474	0.729782
-0.0964295	-4.16608	0.962276
-0.114417	-4.31693	1.24675
-0.11828	-0.927126	1.54151
-0.102552	3.77463	1.60472
-0.0693567	7.96689	1.34678
-0.0216333	11.4536	0.802523
0.0374512	14.1803	0.0201597
0.10402	15.9765	-0.948378
0.173376	16.6454	-2.03953
0.232339	14.1512	-3.17627
0.270439	9.14408	-4.14257
0.289743	4.63282	-4.7668
0.292789	0.731052	-5.08286
0.28161	-2.68295	-5.13239
0.258126	-5.63619	-4.94873
0.224378	-8.09945	-4.56338
0.182473	-10.0572	-4.00982
0.136745	-10.9748	-3.32258
0.103091	-8.07678	-2.57272
0.0844099	-4.48353	-2.02086
0.0785815	-1.39881	-1.71446
0.0828086	1.0145	-1.61879
0.0943335	2.76599	-1.68795
0.110439	3.86524	-1.87674
0.1277	4.14272	-2.14059
0.13717	2.27274	-2.42338
0.127436	-2.33622	-2.57842
0.101431	-6.24108	-2.41865
0.0619165	-9.48348	-1.99218
0.0111415	-12.186	-1.34428
-0.0489121	-14.4129	-0.511851
-0.115793	-16.0514	0.472614
-0.186357	-16.9353	1.56892
-0.255443	-16.5808	2.72551
-0.309224	-12.9074	3.85779
-0.342808	-8.06	4.73909
-0.357235	-3.46264	5.28923
-0.355138	0.503355	5.52532
-0.339062	3.85809	5.49051
-0.311524	6.60927	5.22657
-0.275492	8.64771	4.77474
-0.242889	7.82468	4.18371
-0.220829	5.29426	3.64895
-0.207794	3.12856	3.28705
-0.202224	1.33681	3.07311
-0.202501	-0.0666212	2.98157
-0.206893	-1.05407	2.98589
-0.213452	-1.57403	3.05765
-0.220634	-1.72362	3.16492
-0.226601	-1.43216	3.2824
-0.219728	1.64949	3.37996
-0.192777	6.46817	3.26704
-0.148145	10.7118	2.825
-0.0888738	14.225	2.09314
-0.0178359	17.0491	1.12139
0.0622084	19.2106	-0.0431831
0.146854	20.315	-1.3553
0.225063	18.7702	-2.74274
0.28373	14.0801	-4.02456
0.323025	9.4307	-4.98594
0.344814	5.22932	-5.62968
0.351282	1.55242	-5.98641
0.344567	-1.61161	-6.09197
0.326807	-4.26246	-5.98141
0.300204	-6.38483	-5.68981
0.268408	-7.63087	-5.25327
0.247231	-5.0825	-4.73165
0.240697	-1.56823	-4.38414
0.246639	1.42621	-4.27668
0.262299	3.75831	-4.37376
0.285036	5.45691	-4.63011
0.3123	6.54323	-5.00246
0.341296	6.95921	-5.44898
0.364654	5.60583	-5.92388
0.36805	0.815134	-6.3063
0.353589	-3.47066	-6.36148
0.323921	-7.12028	-6.12393
0.281372	-10.2118	-5.63712
0.228072	-12.7921	-4.9392
0.166077	-14.8787	-4.06509
0.0975984	-16.435	-3.04853
0.059671	-9.10257	-1.92575
0.0298681	-7.1527	-1.30387
0.0148954	-3.59345	-0.815229
0.0136436	-0.300414	-0.569724
0.024203	2.53424	-0.549159
0.0442609	4.8139	-0.722208
0.0710668	6.43341	-1.05095
0.100587	7.08489	-1.49028
0.120679	4.82209	-1.97407
0.122891	0.530834	-2.30327
0.109716	-3.16211	-2.33934
0.0838643	-6.20429	-2.12318
0.0476588	-8.68933	-1.69925
0.00305199	-10.7056	-1.10562
-0.0482106	-12.303	-0.374318
-0.103727	-13.3239	0.46603
-0.155915	-12.5252	1.37604
-0.190198	-8.22792	2.23142
-0.209169	-4.55301	2.79323
-0.21496	-1.38984	3.10399
-0.210389	1.09692	3.19868
-0.198491	2.85566	3.12351
-0.1835	3.59779	2.92822
-0.174704	2.11106	2.68226
-0.177307	-0.624753	2.53786
-0.188765	-2.74984	2.58034
-0.206516	-4.2603	2.76795
-0.228714	-5.32755	3.05872
-0.253985	-6.06506	3.42237
-0.281234	-6.53961	3.83636
-0.309462	-6.7749	4.28272
-0.333086	-5.6698	4.74513
-0.34343	-2.48254	5.13201
-0.340948	0.595876	5.30118
-0.327686	3.18279	5.26006
-0.306333	5.1246	5.04226
-0.279836	6.35942	4.69185
-0.251247	6.86138	4.25712
-0.224162	6.50038	3.78815
-0.208377	3.78836	3.34387
-0.202375	1.44052	3.08485
-0.203415	-0.249736	2.98622
-0.209837	-1.54116	3.00305
-0.220626	-2.58938	3.10808
-0.2351	-3.47383	3.2847
-0.252621	-4.20501	3.52171
-0.271102	-4.43551	3.80865
-0.279973	-2.12898	4.1113
-0.274965	1.20188	4.2564
-0.256687	4.38691	4.17397
-0.226991	7.12696	3.87401
-0.188333	9.27788	3.38693
-0.14345	10.772	2.75297
-0.0951429	11.5936	2.01701
-0.0521589	10.3162	1.22499
-0.0211867	7.43334	0.520284
-0.000466713	4.97279	0.0125349
0.0115071	2.87371	-0.327115
0.0156475	0.993708	-0.523367
0.0126276	-0.724781	-0.591196
0.0032358	-2.25403	-0.541645
-0.0116235	-3.56624	-0.387646
-0.0293082	-4.24432	-0.144034
-0.0360636	-1.62129	0.145874
-0.0277225	2.00186	0.256602
-0.00558403	5.31322	0.119853
0.0276274	7.97075	-0.243058
0.0686426	9.84363	-0.787453
0.113653	10.8024	-1.45973
0.158942	10.8694	-2.19743
0.173561	3.50864	-2.93966
0.174763	0.288335	-3.17907
0.161672	-3.1418	-3.19852
0.13629	-6.09154	-2.98367
0.100389	-8.61627	-2.56738
0.0556035	-10.7486	-1.97867
0.00358997	-12.4832	-1.24437
-0.0497497	-12.8015	-0.391639
-0.0896463	-9.57518	0.482759
-0.115324	-6.16275	1.13672
-0.128464	-3.15338	1.55756
-0.126975	0.357321	1.77282
-0.112648	3.4383	1.74828
-0.0958044	4.04255	1.51331
-0.0803763	3.70276	1.23708
-0.0744031	1.43356	0.984075
-0.0801515	-1.37962	0.886085
-0.0954943	-3.68227	0.980248
-0.118579	-5.54044	1.23168
-0.147791	-7.01065	1.61001
-0.181284	-8.03851	2.08872
-0.217058	-8.58574	2.6376
-0.247014	-7.18931	3.22382
-0.265346	-4.39974	3.71461
-0.266444	-0.263618	4.01483
-0.251633	3.55467	4.03252
-0.22322	6.81928	3.78942
-0.183801	9.46047	3.32336
-0.136149	11.4363	2.67693
-0.0837987	12.5642	1.8956
-0.0415877	10.1306	1.0373
-0.0127573	6.91929	0.345279
0.00403031	4.02903	-0.127346
0.00998157	1.4283	-0.402524
0.00627778	-0.88891	-0.500047
-0.00572306	-2.8802	-0.439292
-0.0293901	-5.6801	-0.242533
-0.0505581	-5.0803	0.145448
-0.0706851	-4.83049	0.492432
-0.076761	-1.45822	0.822327
-0.0658562	2.61715	0.921863
-0.0400165	6.20153	0.743037
-0.00235399	9.039	0.319405
0.0432644	10.9484	-0.297998
0.0893433	11.0589	-1.04577
0.124294	8.38826	-1.80103
0.141774	4.19522	-2.37382
0.143569	0.430647	-2.66017
0.131837	-2.81555	-2.68938
0.108657	-5.56328	-2.49686
0.0761485	-7.80203	-2.11668
0.0365604	-9.50114	-1.58362
-0.00580786	-10.1684	-0.934548
-0.039172	-8.00739	-0.239954
-0.0567141	-4.21011	0.306985
-0.059017	-0.552706	0.59452
-0.0480821	2.62439	0.632226
-0.0265735	5.16206	0.452928
0.00235038	6.94173	0.100317
0.0350408	7.84571	-0.373822
0.0615314	6.35774	-0.909666
0.0700386	2.04172	-1.34384
0.0623124	-1.85427	-1.48318
0.0407508	-5.17479	-1.35642
0.0074927	-7.98194	-1.00286
-0.0355043	-10.3193	-0.4576
-0.0855357	-12.0075	0.247263
-0.138835	-12.7919	1.06738
-0.189883	-12.2515	1.94101
-0.223035	-7.95633	2.77765
-0.237694	-3.51838	3.32087
-0.236195	0.359874	3.56092
-0.220975	3.65271	3.53607
-0.194419	6.37343	3.2863
-0.159072	8.4834	2.85073
-0.11882	9.66045	2.27108
-0.0887859	7.2082	1.61108
-0.0705428	4.37835	1.11862
-0.0626706	1.88933	0.819488
-0.0637185	-0.251497	0.690382
-0.0721072	-2.01329	0.707507
-0.085998	-3.3338	0.844964
-0.103115	-4.10805	1.0726
-0.121297	-4.36367	1.35311
-0.133806	-3.00223	1.65105
-0.130909	0.695233	1.85598
-0.109895	5.04341	1.80835
-0.0731057	8.82946	1.46374
-0.0234892	11.908	0.860558
0.0359406	14.2631	0.0471574
0.101222	15.6676	-0.927042
0.166658	15.7045	-1.99709
0.215546	11.7333	-3.06958
0.244386	6.92148	-3.87074
0.255576	2.68567	-4.34319
0.251471	-0.985307	-4.52628
0.234227	-4.1384	-4.45863
0.205947	-6.78724	-4.17561
0.168802	-8.91491	-3.71171
0.12496	-10.5221	-3.10251
0.0851085	-9.56429	-2.38359
0.0615517	-5.65361	-1.73014
0.0525534	-2.15961	-1.34385
0.0552189	0.639721	-1.19624
0.0669039	2.80442	-1.23984
0.0850445	4.35374	-1.43129
0.106787	5.21818	-1.72854
0.128054	5.10418	-2.08481
0.130737	0.643836	-2.43327
0.116049	-3.52514	-2.47706
0.0868376	-7.01071	-2.23609
0.045593	-9.89871	-1.75707
-0.00549487	-12.2611	-1.08083
-0.0644022	-14.1378	-0.243288
-0.128245	-15.3223	0.722365
-0.193352	-15.6257	1.76885
-0.247284	-12.9437	2.83598
-0.282037	-8.34067	3.71983
-0.298185	-3.87547	4.28923
-0.298076	0.0262132	4.55359
-0.284382	3.28652	4.55145
-0.25979	5.90216	4.32662
-0.227238	7.81246	3.92315
-0.194483	7.86118	3.38924
-0.174071	4.89876	2.85205
