0.468533	-3.12635e-15	0
0.470704	0.521096	0
0.473114	0.578324	0
0.475686	0.617232	0
0.478334	0.635662	0
0.480968	0.632121	0
0.483493	0.605859	0
0.485813	0.556933	0
0.487839	0.486234	0
0.489487	0.395486	0
0.490684	0.287218	0
0.49137	0.1647	0
0.491503	0.031852	0
0.491057	-0.10688	0
0.49003	-0.246666	0
0.488436	-0.382462	0
0.486314	-0.509184	0
0.483723	-0.621898	0
0.48074	-0.71601	0
0.477459	-0.787442	0
0.473989	-0.832806	0
0.470449	-0.849551	0
0.466965	-0.836082	0
0.463666	-0.791851	0
0.460677	-0.717414	0
0.458116	-0.614445	0
0.456093	-0.485712	0
0.454697	-0.335015	0
0.454001	-0.167078	0
0.454053	0.0125854	0
0.454877	0.197849	0
0.45647	0.382173	0
0.458798	0.558823	0
0.461803	0.721111	0
0.465397	0.862637	0
0.46947	0.977531	0
0.47389	1.06069	0
0.478506	1.10797	0
0.483158	1.11643	0
0.487676	1.0844	0
0.491892	1.01168	0
0.49564	0.899542	0
0.498768	0.75075	0
0.501141	0.569535	0
0.502647	0.361474	0
0.503203	0.133334	0
0.502756	-0.107133	0
0.501292	-0.351454	0
0.498831	-0.590722	0
0.495431	-0.815919	0
0.491188	-1.01825	0
0.486232	-1.1895	0
0.480722	-1.32231	0
0.474845	-1.41057	0
0.468805	-1.44959	0
0.46282	-1.43641	0
0.457112	-1.36989	0
0.4519	-1.25087	0
0.447391	-1.08217	0
0.443772	-0.86856	0
0.441203	-0.616627	0
0.439809	-0.334606	0
0.439656	-0.0365793	0
0.440758	0.264338	0
0.443104	0.563101	0
0.446665	0.854661	0
0.451368	1.12881	0
0.457069	1.36821	0
0.463581	1.56275	0
0.470679	1.70366	0
0.478112	1.78393	0
0.485606	1.79857	0
0.492877	1.74494	0
0.499639	1.62292	0
0.505618	1.43498	0
0.510561	1.18623	0
0.514245	0.884265	0
0.516491	0.539015	0
0.517168	0.162413	0
0.516201	-0.231996	0
0.513578	-0.629528	0
0.509349	-1.0149	0
0.50363	-1.37279	0
0.496594	-1.68847	0
0.488476	-1.94837	0
0.479557	-2.14063	0
0.470158	-2.25563	0
0.460632	-2.28638	0
0.451344	-2.22892	0
0.442668	-2.08247	0
0.434961	-1.84965	0
0.428559	-1.53639	0
0.423615	-1.18668	0
0.420237	-0.810501	0
0.418511	-0.414372	0
0.418492	-0.00451448	0
0.420211	0.412535	0
0.423669	0.830019	0
0.42884	1.24105	0
0.435668	1.63872	0
0.444063	2.01479	0
0.452455	2.01398	0
0.460812	2.00562	0
0.469134	1.9973	0
0.477421	1.98901	0
0.485675	1.98076	0
0.493859	1.96423	0
0.501642	1.86802	0
0.508693	1.69213	0
0.514693	1.44008	0
0.519354	1.11868	0
0.522428	0.737728	0
0.523746	0.316324	0
0.523247	-0.119743	0
0.520912	-0.560553	0
0.516728	-1.00408	0
0.510717	-1.44272	0
0.502963	-1.86076	0
0.493681	-2.22772	0
0.483602	-2.41912	0
0.473564	-2.40908	0
0.463568	-2.39908	0
0.453613	-2.38913	0
0.443946	-2.32003	0
0.434958	-2.15721	0
0.42703	-1.90259	0
0.420382	-1.59562	0
0.415168	-1.25126	0
0.41152	-0.875645	0
0.409531	-0.477309	0
0.40927	-0.0625173	0
0.41078	0.36228	0
0.414073	0.790416	0
0.419142	1.21639	0
0.425974	1.63969	0
0.432698	1.61389	0
0.438697	1.43972	0
0.444404	1.36968	0
0.450583	1.48298	0
0.457358	1.62598	0
0.464866	1.80181	0
0.454876	-2.39761	0
0.444929	-2.38707	0
0.435928	-2.16039	0
0.428034	-1.89459	0
0.421492	-1.57002	0
0.416468	-1.20581	0
0.412873	-0.86264	0
0.410783	-0.501707	0
0.410691	-0.0221284	0
0.412202	0.362694	0
0.415238	0.72858	0
0.419785	1.09126	0
0.425803	1.44445	0
0.433226	1.7815	0
0.441044	1.8762	0
0.448838	1.87058	0
0.456593	1.86133	0
0.464297	1.84885	0
0.471813	1.80389	0
0.479288	1.79407	0
0.486634	1.76306	0
0.493609	1.67399	0
0.499977	1.52823	0
0.505515	1.32912	0
0.510023	1.08197	0
0.513331	0.79396	0
0.511476	-0.445194	0
0.508007	-0.832637	0
0.503398	-1.10608	0
0.49735	-1.45153	0
0.490622	-1.61475	0
0.483352	-1.7449	0
0.475781	-1.81696	0
0.471705	-0.978241	0
0.465187	-1.56444	0
0.459588	-1.34379	0
0.454138	-1.30787	0
0.448267	-1.40916	0
0.441969	-1.51145	0
0.436359	-1.34641	0
0.43166	-1.12783	0
0.42796	-0.887797	0
0.423595	-1.04762	0
0.418898	-1.12723	0
0.415407	-0.837868	0
0.412329	-0.738758	0
0.409721	-0.625947	0
0.407386	-0.56048	0
0.405328	-0.493925	0
0.40358	-0.419347	0
0.402173	-0.337806	0
0.401127	-0.250952	0
0.40046	-0.160034	0
0.400186	-0.0658964	0
0.391091	-2.18276	0
0.382878	-1.97115	0
0.375482	-1.77492	0
0.368904	-1.57889	0
0.367963	-0.225903	0
0.36586	-0.504558	0
0.363708	-0.516546	0
0.361566	-0.514128	0
0.359431	-0.512444	0
0.357298	-0.511834	0
0.355164	-0.512162	0
0.353025	-0.513259	0
0.35088	-0.514939	0
0.348726	-0.517006	0
0.346562	-0.519214	0
0.34439	-0.5212	0
0.342212	-0.522946	0
0.340017	-0.526606	0
0.337799	-0.53229	0
0.33555	-0.539891	0
0.333261	-0.549226	0
0.330927	-0.560215	0
0.328541	-0.572813	0
0.326114	-0.582297	0
0.323639	-0.593986	0
0.321124	-0.603675	0
0.318604	-0.604772	0
0.316072	-0.607653	0
0.313528	-0.610522	0
0.310973	-0.613352	0
0.308411	-0.61479	0
0.305849	-0.614848	0
0.303289	-0.614519	0
0.300737	-0.612362	0
0.298203	-0.608269	0
0.295694	-0.602202	0
0.293218	-0.594186	0
0.290777	-0.585804	0
0.288368	-0.578052	0
0.285994	-0.569963	0
0.283653	-0.561749	0
0.281347	-0.5535	0
0.279075	-0.545312	0
0.276836	-0.537278	0
0.27463	-0.529491	0
0.272455	-0.522044	0
0.270308	-0.515297	0
0.268183	-0.509808	0
0.266076	-0.505708	0
0.26398	-0.503081	0
0.261886	-0.502636	0
0.25979	-0.502855	0
0.257688	-0.50449	0
0.255574	-0.507356	0
0.253444	-0.511323	0
0.251294	-0.516042	0
0.249122	-0.521215	0
0.246933	-0.52546	0
0.244724	-0.529952	0
0.242496	-0.534889	0
0.240245	-0.540263	0
0.237969	-0.546069	0
0.235668	-0.552299	0
0.233339	-0.558937	0
0.230992	-0.563329	0
0.228609	-0.57191	0
0.22622	-0.573341	0
0.223817	-0.576874	0
0.221393	-0.581617	0
0.218947	-0.587058	0
0.216479	-0.592353	0
0.21399	-0.597297	0
0.211488	-0.600495	0
0.208988	-0.600032	0
0.206502	-0.596603	0
0.20058	-1.42133	0
0.195331	-1.25983	0
0.19104	-1.02982	0
0.188502	-0.608928	0
0.187369	-0.272109	0
0.186776	-0.142178	0
0.186722	-0.0131306	0
0.187221	0.119892	0
0.185401	-0.43676	0
0.183651	-0.420072	0
0.181919	-0.415674	0
0.180193	-0.414284	0
0.178465	-0.414616	0
0.176732	-0.416066	0
0.174989	-0.418267	0
0.173235	-0.420932	0
0.171469	-0.42381	0
0.169691	-0.426669	0
0.167904	-0.428926	0
0.166114	-0.429599	0
0.164324	-0.429658	0
0.162534	-0.429467	0
0.160746	-0.429161	0
0.15896	-0.4288	0
0.157175	-0.428424	0
0.155391	-0.428063	0
0.153609	-0.427746	0
0.151798	-0.43445	0
0.149973	-0.438107	0
0.148169	-0.432875	0
0.14643	-0.4175	0
0.144705	-0.413987	0
0.142981	-0.413638	0
0.141274	-0.409681	0
0.139599	-0.402168	0
0.137962	-0.392682	0
0.136371	-0.38194	0
0.134821	-0.372095	0
0.133284	-0.368864	0
0.131758	-0.366184	0
0.130238	-0.364713	0
0.128722	-0.36389	0
0.127208	-0.363368	0
0.125695	-0.363073	0
0.124183	-0.363024	0
0.122669	-0.363275	0
0.119302	-0.808147	0
0.115463	-0.921339	0
0.111596	-0.927922	0
0.10781	-0.908799	0
0.104011	-0.911789	0
0.10021	-0.912194	0
0.0964167	-0.910352	0
0.0926567	-0.902414	0
0.0889543	-0.888578	0
0.0853298	-0.869884	0
0.0813995	-0.943268	0
0.0775571	-0.922168	0
0.0738116	-0.898916	0
0.0701672	-0.87466	0
0.066627	-0.849643	0
0.0631929	-0.824197	0
0.0598651	-0.798671	0
0.0566425	-0.773425	0
0.0535176	-0.749959	0
0.0506501	-0.688215	0
0.0567984	1.47559	0
0.0657984	2.16002	0
0.0747319	2.14403	0
0.0835903	2.12603	0
0.09236	2.10472	0
0.101075	2.09151	0
0.1098	2.09409	0
0.118507	2.08965	0
0.127181	2.08174	0
0.135817	2.07269	0
0.144418	2.06435	0
0.153015	2.06328	0
0.161611	2.06283	0
0.170181	2.05701	0
0.16575	-1.06361	0
0.161631	-0.988584	0
0.157814	-0.916075	0
0.154229	-0.860333	0
0.150382	-0.923317	0
0.148224	-0.517764	0
0.147853	-0.0890637	0
0.149422	0.376599	0
0.153002	0.859206	0
0.1586	1.3433	0
0.159814	0.291358	0
0.163103	0.789497	0
0.168371	1.26433	0
0.175615	1.73852	0
0.184788	2.20155	0
0.189174	1.05257	0
0.195221	1.45128	0
0.203172	1.90823	0
0.209222	1.45209	0
0.216997	1.86592	0
0.223782	1.62834	0
0.232322	2.04969	0
0.238942	1.58873	0
0.245384	1.54619	0
0.251525	1.47369	0
0.257299	1.38576	0
0.262677	1.29093	0
0.267657	1.19516	0
0.272251	1.10251	0
0.276478	1.01442	0
0.280355	0.93057	0
0.283899	0.850598	0
0.287125	0.774205	0
0.290048	0.701534	0
0.292682	0.632202	0
0.29504	0.565714	0
0.29713	0.501678	0
0.298962	0.439767	0
0.300547	0.380391	0
0.301907	0.326261	0
0.303067	0.278396	0
0.304051	0.236274	0
0.304879	0.198682	0
0.305567	0.16507	0
0.306127	0.134502	0
0.306569	0.106121	0
0.3069	0.0793022	0
0.307123	0.0536086	0
0.307245	0.029337	0
0.307286	0.00971773	0
0.307241	-0.0108074	0
0.307112	-0.0308971	0
0.306906	-0.0495554	0
0.306626	-0.0670541	0
0.306278	-0.0834628	0
0.305867	-0.0988021	0
0.305396	-0.113064	0
0.30487	-0.126237	0
0.304293	-0.13833	0
0.297106	-1.72492	0
0.291507	-1.34391	0
0.2875	-0.961537	0
0.286052	-0.34747	0
0.284492	-0.374451	0
0.288306	0.915228	0
0.283562	-1.13834	0
0.284077	0.123605	0
0.28473	0.156484	0
0.285671	0.225876	0
0.265639	-4.80769	0
0.262737	-0.696359	0
0.263242	0.121121	0
0.264199	0.229659	0
0.261548	-0.636119	0
0.261799	0.0602417	0
0.253382	-2.02024	0
0.251436	-0.466974	0
0.251454	0.00443632	0
0.231913	-4.69002	0
0.229567	-0.562926	0
0.227886	-0.403538	0
0.223202	-1.12397	0
0.218653	-1.09197	0
0.214225	-1.06261	0
0.210297	-0.942659	0
0.208362	-0.464587	0
0.204463	-0.93568	0
0.200426	-0.968788	0
0.196352	-0.977805	0
0.196814	0.110811	0
0.188001	-2.11512	0
0.181735	-1.50374	0
0.174992	-1.61828	0
0.175292	0.0720101	0
0.156027	-4.62357	0
0.133408	-5.42858	0
0.129911	-0.839306	0
0.130747	0.200603	0
0.131752	0.241076	0
0.112832	-4.54063	0
0.1122	-0.151718	0
0.106731	-1.31256	0
0.106945	0.0512345	0
0.0916858	-3.66214	0
0.0856359	-1.45196	0
0.0777563	-1.89111	0
0.0754833	-0.545511	0
0.0695726	-1.41858	0
0.0597166	-2.36544	0
0.0579433	-0.425579	0
0.0573002	-0.154337	0
0.0538727	-0.822616	0
0.0582186	1.04303	0
0.0619688	0.900049	0
0.0695547	1.82062	0
0.0795003	2.38693	0
0.0894046	2.37703	0
0.0971618	1.86172	0
0.100578	0.819849	0
0.102124	0.371175	0
0.107096	1.19316	0
0.111588	1.07809	0
0.114284	0.647046	0
0.114659	0.0900913	0
0.115833	0.281766	0
0.0905525	-6.06741	0
0.0742326	-3.91677	0
0.0637409	-2.51802	0
0.0620473	-0.406453	0
0.0606738	-0.32964	0
0.0580243	-0.635885	0
0.0589482	0.221735	0
0.0571724	-0.426179	0
0.0576842	0.122828	0
0.0567197	-0.231477	0
0.0573745	0.157136	0
0.0564088	-0.231754	0
0.0572262	0.196171	0
0.054856	-0.568845	0
0.0483182	-1.56908	0
0.0502369	0.460485	0
0.0502749	0.00912551	0
0.0546368	1.04686	0
0.0597828	1.23504	0
0.0699061	2.42959	0
0.0800613	2.43726	0
0.089809	2.33945	0
0.100013	2.44892	0
0.109832	2.3566	0
0.116742	1.65843	0
0.123484	1.61793	0
0.128234	1.14015	0
0.133448	1.25143	0
0.138812	1.28736	0
0.147065	1.98071	0
0.154985	1.90078	0
0.162308	1.75745	0
0.170166	1.88588	0
0.179694	2.28674	0
0.187673	1.91503	0
0.197092	2.26045	0
0.205802	2.09043	0
0.214789	2.15687	0
0.223503	2.09142	0
0.232809	2.23335	0
0.239932	1.70968	0
0.248624	2.08606	0
0.256454	1.8791	0
0.265465	2.16269	0
0.274598	2.19184	0
0.283117	2.04472	0
0.289895	1.62672	0
0.29759	1.84666	0
0.306418	2.11883	0
0.315443	2.16603	0
0.324164	2.09299	0
0.331119	1.66908	0
0.338986	1.88823	0
0.347593	2.06571	0
0.356275	2.08356	0
0.364945	2.08071	0
0.373447	2.04047	0
0.380052	1.58525	0
0.385781	1.3749	0
0.395563	2.34785	0
0.404117	2.05295	0
0.399647	-1.07295	0
0.397281	-0.567745	0
0.396234	-0.25137	0
0.395273	-0.230583	0
0.389349	-1.42182	0
0.382489	-1.64639	0
0.376887	-1.34437	0
0.372443	-1.06657	0
0.36912	-0.797457	0
0.369169	0.0115707	0
0.369822	0.156731	0
0.366345	-0.834431	0
0.36439	-0.469056	0
0.362431	-0.470176	0
0.357324	-1.22581	0
0.353563	-0.902676	0
0.351213	-0.563787	0
0.348078	-0.752598	0
0.345615	-0.590944	0
0.342252	-0.807243	0
0.340065	-0.524929	0
0.337247	-0.676319	0
0.334887	-0.566321	0
0.332867	-0.484902	0
0.331161	-0.409337	0
0.329695	-0.351838	0
0.328481	-0.29129	0
0.327524	-0.229843	0
0.326794	-0.175014	0
0.32627	-0.125901	0
0.325931	-0.0812907	0
0.325762	-0.0404863	0
0.32575	-0.00303765	0
0.325881	0.031381	0
0.326143	0.0630265	0
0.326527	0.0921131	0
0.327022	0.118827	0
0.328756	0.416145	0
0.326594	-0.518933	0
0.326951	0.0858372	0
0.323316	-0.872501	0
0.322325	-0.237868	0
0.320796	-0.366834	0
0.320697	-0.0237491	0
0.322038	0.321758	0
0.317565	-1.07361	0
0.313817	-0.899481	0
0.311181	-0.632583	0
0.30969	-0.357919	0
0.307006	-0.644202	0
0.304365	-0.633649	0
0.302247	-0.508365	0
0.300127	-0.508924	0
0.29802	-0.505645	0
0.295811	-0.530231	0
0.293767	-0.490553	0
0.291173	-0.622405	0
0.289174	-0.479757	0
0.287155	-0.48463	0
0.285098	-0.493738	0
0.283244	-0.44484	0
0.281484	-0.422411	0
0.279633	-0.444167	0
0.277948	-0.404529	0
0.273668	-1.02729	0
0.272535	-0.271746	0
0.269069	-0.831958	0
0.266286	-0.667947	0
0.263724	-0.614689	0
0.261202	-0.605508	0
0.258853	-0.563577	0
0.256576	-0.546624	0
0.253741	-0.680293	0
0.250341	-0.816024	0
0.248137	-0.528882	0
0.245842	-0.550937	0
0.24674	0.215494	0
0.249876	0.752719	0
0.250725	0.203679	0
0.253289	0.615531	0
0.252338	-0.228369	0
0.251599	-0.177304	0
0.251418	-0.0434568	0
0.251686	0.0643369	0
0.25216	0.113851	0
0.252749	0.141213	0
0.253462	0.171229	0
0.254323	0.206664	0
0.255601	0.306523	0
0.251794	-0.913559	0
0.249272	-0.605361	0
0.246817	-0.589149	0
0.248754	0.464777	0
0.249511	0.181766	0
0.246634	-0.690353	0
0.242384	-1.02001	0
0.238123	-1.02269	0
0.233788	-1.04039	0
0.229405	-1.05196	0
0.224934	-1.07293	0
0.219015	-1.42059	0
0.21408	-1.18451	0
0.208629	-1.30812	0
0.203455	-1.24183	0
0.198408	-1.2113	0
0.193431	-1.19435	0
0.192562	-0.208678	0
0.188243	-1.03652	0
0.183592	-1.11637	0
0.178825	-1.1439	0
0.174036	-1.14954	0
0.16927	-1.14375	0
0.166252	-0.724331	0
0.163321	-0.703476	0
0.160319	-0.720312	0
0.157253	-0.735964	0
0.154133	-0.748741	0
0.150967	-0.759878	0
0.147753	-0.771415	0
0.14449	-0.782969	0
0.14118	-0.794484	0
0.137822	-0.805903	0
0.134417	-0.817187	0
0.130966	-0.828313	0
0.129766	-0.288023	0
0.13083	0.255354	0
0.131806	0.234408	0
0.132425	0.148472	0
0.133155	0.175181	0
0.132766	-0.0932558	0
0.13427	0.360896	0
0.134351	0.0194676	0
0.134419	0.0161368	0
0.134414	-0.00118268	0
0.135919	0.361203	0
0.135288	-0.151242	0
0.1335	-0.429243	0
0.133591	0.0219534	0
0.126466	-1.71007	0
0.123824	-0.634065	0
0.116912	-1.65903	0
0.11389	-0.725232	0
0.111538	-0.564468	0
0.109436	-0.504496	0
0.109616	0.0433531	0
0.110467	0.204029	0
0.111124	0.157725	0
0.112807	0.404032	0
0.113215	0.0978935	0
0.114652	0.344874	0
0.109593	-1.21427	0
0.108978	-0.147471	0
0.110339	0.326673	0
0.107098	-0.777793	0
0.108502	0.336752	0
0.110645	0.51452	0
0.111858	0.29105	0
0.113409	0.372176	0
0.113898	0.117471	0
0.114898	0.239846	0
0.11573	0.199826	0
0.116975	0.298617	0
0.118534	0.374279	0
0.118508	-0.0061473	0
0.119038	0.127152	0
0.119481	0.106342	0
0.0786078	-9.80964	0
0.0766117	-0.479069	0
0.077841	0.295046	0
0.0717575	-1.46006	0
0.0712845	-0.113503	0
0.0726833	0.335703	0
0.0764263	0.898317	0
0.0752606	-0.279772	0
0.0794346	1.00176	0
0.0411749	-9.18232	0
0.0163287	-5.96308	0
0.0130478	-0.787416	0
-0.0246705	-9.0524	0
-0.0400908	-3.70088	0
-0.0344281	1.35905	0
-0.0298449	1.09997	0
-0.0241039	1.37783	0
-0.0196814	1.06141	0
-0.013923	1.38201	0
-0.00891951	1.20085	0
-0.00385418	1.21568	0
0.00235565	1.49036	0
0.014926	3.01689	0
0.0250983	2.44133	0
0.0352283	2.4312	0
0.0431805	1.90854	0
0.0466906	0.842408	0
0.0480883	0.335451	0
0.0442162	-0.929298	0
0.0419875	-0.534898	0
0.0358255	-1.47887	0
0.0260464	-2.34697	0
0.0314521	1.29735	0
0.0398862	2.0242	0
0.0432831	0.815253	0
0.0467258	0.826244	0
0.0371163	-2.30628	0
0.0491446	2.88678	0
0.0591748	2.40726	0
0.0691438	2.39256	0
0.0790911	2.38734	0
0.08553	1.54533	0
0.0902746	1.1387	0
0.100134	2.3663	0
0.110092	2.38984	0
0.120059	2.39205	0
0.130144	2.42047	0
0.139489	2.24274	0
0.14951	2.40522	0
0.159488	2.39467	0
0.169605	2.42803	0
0.179702	2.42334	0
0.189191	2.27724	0
0.198364	2.20157	0
0.207772	2.25804	0
0.217673	2.3762	0
0.227004	2.23943	0
0.235298	1.9905	0
0.244414	2.18773	0
0.253634	2.2128	0
0.259586	1.42867	0
0.268743	2.19769	0
0.277207	2.03133	0
0.28447	1.74304	0
0.277777	-1.60618	0
0.274976	-0.672294	0
0.272694	-0.547843	0
0.271308	-0.332575	0
0.264746	-1.57493	0
0.261707	-0.729299	0
0.260732	-0.23398	0
0.260804	0.017225	0
0.253858	-1.66705	0
0.25058	-0.78663	0
0.24743	-0.756074	0
0.245577	-0.444754	0
0.244166	-0.338515	0
0.243944	-0.0532893	0
0.244138	0.0466324	0
0.244809	0.160897	0
0.24744	0.631527	0
0.25397	1.56722	0
0.262483	2.04301	0
0.26456	0.498546	0
0.268596	0.968629	0
0.271374	0.666654	0
0.273973	0.623811	0
0.276822	0.683734	0
0.279473	0.636244	0
0.281952	0.595099	0
0.282859	0.217497	0
0.284226	0.328044	0
0.289577	1.28443	0
0.288281	-0.311053	0
0.284723	-0.854074	0
0.281142	-0.859249	0
0.277407	-0.896526	0
0.273629	-0.906758	0
0.269831	-0.91139	0
0.269228	-0.144785	0
0.269686	0.109871	0
0.269325	-0.0865343	0
0.268999	-0.0781931	0
0.271459	0.590296	0
0.2779	1.54573	0
0.286157	1.98182	0
0.295073	2.13991	0
0.304042	2.15237	0
0.312896	2.12517	0
0.313633	0.176741	0
0.316165	0.607709	0
0.320465	1.03212	0
0.322881	0.579689	0
0.325669	0.669045	0
0.324761	-0.217778	0
0.323547	-0.291388	0
0.323061	-0.116726	0
0.320549	-0.602707	0
0.318372	-0.522647	0
0.315588	-0.668059	0
0.313006	-0.61981	0
0.311347	-0.398111	0
0.317702	1.52534	0
0.313895	-0.913864	0
0.311747	-0.515438	0
0.311262	-0.116487	0
0.316612	1.28413	0
0.317611	0.239854	0
0.321639	0.96651	0
0.324828	0.765489	0
0.328643	0.91555	0
0.333407	1.14346	0
0.338052	1.11478	0
0.341998	0.946865	0
0.345786	0.909131	0
0.346222	0.104741	0
0.345303	-0.220568	0
0.345166	-0.0329265	0
0.341484	-0.883661	0
0.339984	-0.359987	0
0.33839	-0.382488	0
0.345508	1.70825	0
0.339692	-1.39574	0
0.335609	-0.980021	0
0.333258	-0.564243	0
0.332676	-0.139596	0
0.333855	0.282814	0
0.330035	-0.916768	0
0.328472	-0.375042	0
0.329716	0.298511	0
0.329378	-0.0810975	0
0.330644	0.303962	0
0.331724	0.258986	0
0.329498	-0.534051	0
0.327013	-0.5964	0
0.325666	-0.323285	0
0.321855	-0.914628	0
0.327082	1.25427	0
0.32538	-0.408252	0
0.325319	-0.0147855	0
0.323916	-0.336654	0
0.322792	-0.269774	0
0.321679	-0.267175	0
0.320444	-0.296445	0
0.318018	-0.582157	0
0.321159	0.753817	0
0.326064	1.17728	0
0.327394	0.319174	0
0.325347	-0.491395	0
0.32263	-0.651955	0
0.313626	-2.16107	0
0.31167	-0.469262	0
0.30132	-2.48416	0
0.302035	0.171533	0
0.302067	0.00770088	0
0.303117	0.251982	0
0.292079	-2.64902	0
0.289512	-0.616084	0
0.290666	0.276873	0
0.291651	0.236423	0
0.292995	0.322617	0
0.265397	-6.62349	0
0.264539	-0.206045	0
0.267096	0.613689	0
0.268574	0.354773	0
0.270229	0.397313	0
0.250945	-4.6281	0
0.231983	-4.55088	0
0.231281	-0.16856	0
0.230481	-0.191982	0
0.232152	0.400915	0
0.215784	-3.92833	0
0.187658	-6.75006	0
0.174564	-3.14273	0
0.172735	-0.43883	0
0.174252	0.363926	0
0.175376	0.269744	0
0.144299	-7.45839	0
0.143081	-0.292182	0
0.144405	0.317674	0
0.143474	-0.223368	0
0.146684	0.770183	0
0.149479	0.670902	0
0.15412	1.11388	0
0.161786	1.83984	0
0.166198	1.05889	0
0.173734	1.80865	0
0.177818	0.979981	0
0.169728	-1.94149	0
0.170517	0.189255	0
0.175928	1.2987	0
0.167296	-2.07173	0
0.173368	1.45734	0
0.172044	-0.317727	0
0.131457	-9.74081	0
0.132696	0.297355	0
0.087602	-10.8226	0
0.0892741	0.401309	0
0.0928873	0.867169	0
0.0972012	1.03533	0
0.0920141	-1.24491	0
0.0978874	1.40958	0
0.103221	1.28016	0
0.108849	1.35057	0
0.113991	1.23405	0
0.118076	0.980507	0
0.121032	0.709461	0
0.12143	0.0955097	0
0.120663	-0.184155	0
0.12287	0.529757	0
0.0839802	-9.33358	0
0.0845754	0.142853	0
0.064837	-4.73723	0
0.0623359	-0.600263	0
0.0146774	-11.438	0
0.00545375	-2.21367	0
-0.00519889	-2.55663	0
-0.00608543	-0.212768	0
-0.000763658	1.27722	0
0.00175576	0.604661	0
0.00558098	0.918053	0
0.0123642	1.62797	0
0.0196147	1.74012	0
0.0225126	0.695484	0
-0.000610593	-5.54956	0
0.000635309	0.299016	0
0.0106192	2.39613	0
0.0201823	2.29513	0
0.0299895	2.35373	0
0.0396462	2.31761	0
0.0501426	2.51914	0
0.0589091	2.10397	0
0.0658694	1.67047	0
0.073444	1.81789	0
0.0808345	1.77373	0
0.0824372	0.384651	0
0.0830215	0.14022	0
0.0696796	-3.20206	0
0.0683123	-0.328145	0
0.0679023	-0.0983997	0
0.0681969	0.0707067	0
0.0656622	-0.608339	0
0.0654816	-0.0433405	0
0.0651725	-0.0741758	0
0.06539	0.0521967	0
0.0641802	-0.290361	0
0.0640224	-0.0378636	0
0.0640732	0.0121792	0
0.0629602	-0.267111	0
0.0569322	-1.44673	0
0.0560154	-0.220027	0
0.0557605	-0.0611803	0
0.0531292	-0.631492	0
0.054615	0.356591	0
0.0543434	-0.0651878	0
0.0544905	0.035299	0
0.0549285	0.105123	0
0.0552953	0.0880292	0
0.0559497	0.157057	0
0.0563608	0.0986556	0
0.0570913	0.175316	0
0.0578907	0.191864	0
0.0574599	-0.103383	0
0.0585344	0.257863	0
0.0573371	-0.28734	0
0.052342	-1.19881	0
0.0547783	0.584704	0
0.0539233	-0.205195	0
0.0537522	-0.0410781	0
0.0365097	-4.1382	0
0.0363738	-0.0326018	0
0.0278671	-2.04162	0
0.02633	-0.368899	0
0.0248688	-0.350683	0
0.027268	0.575793	0
3.38031e-05	-6.5362	0
-0.012097	-2.9114	0
-0.0492142	-8.90813	0
-0.0924901	-10.3862	0
-0.123594	-7.46493	0
-0.131515	-1.901	0
-0.140262	-2.09937	0
-0.139462	0.192127	0
-0.138822	0.153487	0
-0.144429	-1.34575	0
-0.140749	0.883197	0
-0.131511	2.21724	0
-0.122105	2.25734	0
-0.113455	2.07615	0
-0.103951	2.28078	0
-0.0947727	2.20289	0
-0.0886132	1.47828	0
-0.0797352	2.13073	0
-0.0686658	2.65664	0
-0.0581799	2.51662	0
-0.0509192	1.74257	0
-0.041179	2.33765	0
-0.0337923	1.77282	0
-0.0259763	1.87584	0
-0.0170121	2.15139	0
-0.0169259	0.0207018	0
-0.00843955	2.03672	0
0.005088	3.24661	0
0.0158722	2.58821	0
0.0260405	2.44039	0
0.0361666	2.43027	0
0.046727	2.5345	0
0.057718	2.63784	0
0.0677127	2.39872	0
0.0773157	2.30472	0
0.0410164	-8.71182	0
0.0219474	-4.57656	0
0.0228818	0.224254	0
0.0245091	0.390538	0
0.0226375	-0.449186	0
0.0198167	-0.676981	0
0.0245959	1.14701	0
0.0328139	1.97231	0
0.0415397	2.0942	0
0.0501504	2.06657	0
0.0590203	2.12876	0
0.0607331	0.411065	0
0.0647613	0.966778	0
0.0691367	1.0501	0
0.0732276	0.981811	0
0.077621	1.0544	0
0.071212	-1.53816	0
0.0734883	0.546314	0
0.0756523	0.519353	0
0.0380892	-9.01512	0
0.0377564	-0.079893	0
0.0380923	0.0806181	0
0.0217494	-3.92228	0
0.0235025	0.420728	0
0.0256483	0.515	0
0.0281216	0.593585	0
0.0307717	0.63602	0
0.0312565	0.116364	0
0.0276934	-0.855156	0
0.0222773	-1.29985	0
0.00699602	-3.66751	0
0.00201152	-1.19628	0
0.00343078	0.340622	0
0.00708116	0.87609	0
0.0128869	1.39337	0
0.0223261	2.26542	0
0.0244938	0.520242	0
0.0297664	1.26542	0
0.0386549	2.13324	0
0.0413646	0.650332	0
0.046641	1.26634	0
0.0529446	1.51286	0
0.0603029	1.766	0
0.0645482	1.01886	0
0.0687842	1.01664	0
0.0608186	-1.91172	0
0.0473328	-3.23659	0
0.0623802	3.61136	0
0.0723555	2.39408	0
0.0822894	2.38414	0
0.0921821	2.37425	0
0.102034	2.3644	0
0.111762	2.33473	0
0.121443	2.32352	0
0.131111	2.32037	0
0.140802	2.32563	0
0.149437	2.07253	0
0.15899	2.29278	0
0.168078	2.18103	0
0.176785	2.08963	0
0.185614	2.119	0
0.194465	2.12422	0
0.203074	2.06608	0
0.211244	1.96089	0
0.218508	1.74342	0
0.225687	1.72291	0
0.2323	1.58703	0
0.239743	1.7864	0
0.247084	1.7618	0
0.25568	2.06307	0
0.263373	1.84641	0
0.25246	-2.61908	0
0.246994	-1.31193	0
0.241799	-1.24686	0
0.238277	-0.845205	0
0.238631	0.0850231	0
0.240183	0.372406	0
0.245039	1.16538	0
0.250022	1.1959	0
0.245332	-1.12551	0
0.241691	-0.873822	0
0.240079	-0.387034	0
0.233647	-1.54365	0
0.229713	-0.944088	0
0.227231	-0.59572	0
0.226395	-0.200643	0
0.225074	-0.316869	0
0.224208	-0.207928	0
0.218066	-1.474	0
0.215595	-0.59319	0
0.214215	-0.331145	0
0.213193	-0.245235	0
0.201313	-2.85124	0
0.20001	-0.312801	0
0.198252	-0.421823	0
0.198075	-0.0424944	0
0.196185	-0.453627	0
0.192475	-0.890313	0
0.188874	-0.864353	0
0.18534	-0.848233	0
0.183115	-0.534003	0
0.179612	-0.840539	0
0.176121	-0.837792	0
0.172768	-0.804909	0
0.17395	0.283742	0
0.154494	-4.66943	0
0.152684	-0.434467	0
0.15495	0.543923	0
0.15454	-0.0983988	0
0.153775	-0.183598	0
0.153541	-0.056109	0
0.153627	0.0205348	0
0.148877	-1.14005	0
0.149111	0.0562641	0
0.148887	-0.0537721	0
0.148073	-0.195269	0
0.149414	0.321634	0
0.148793	-0.148864	0
0.137378	-2.73963	0
0.120499	-4.05103	0
0.118613	-0.452596	0
0.118572	-0.00996232	0
0.119224	0.156655	0
0.118338	-0.212656	0
0.119718	0.331257	0
0.12078	0.254774	0
0.11932	-0.350343	0
0.112848	-1.55342	0
0.112306	-0.129912	0
0.107818	-1.0772	0
0.108418	0.144082	0
0.108882	0.111294	0
0.109321	0.105451	0
0.109366	0.0105829	0
0.109188	-0.0425002	0
0.109052	-0.0328179	0
0.10942	0.0882899	0
0.111379	0.470355	0
0.0953843	-3.83883	0
0.0782456	-4.11328	0
0.0774803	-0.183683	0
0.0750294	-0.588212	0
0.0754743	0.10677	0
0.0755399	0.0157611	0
0.0755604	0.00489914	0
0.0753903	-0.0408059	0
0.0742667	-0.269675	0
0.0758505	0.380105	0
0.0542089	-5.19397	0
0.0534814	-0.174599	0
0.0544232	0.226035	0
0.054849	0.102179	0
0.0562346	0.332551	0
0.0590089	0.66582	0
0.0621699	0.758655	0
0.053407	-2.1031	0
0.0559042	0.599331	0
0.0285758	-6.55884	0
0.0271001	-0.354163	0
0.0295503	0.58806	0
0.0309904	0.345628	0
0.0327275	0.416898	0
0.0288369	-0.933742	0
0.0199024	-2.14429	0
0.0185485	-0.324941	0
0.0193164	0.184315	0
0.0208928	0.378335	0
0.0245148	0.86927	0
0.0274938	0.714954	0
0.00764432	-4.76386	0
0.0084834	0.201379	0
-0.0113055	-4.74934	0
-0.012303	-0.239392	0
-0.0254364	-3.15203	0
-0.0220097	0.822419	0
-0.0207004	0.314231	0
-0.0133894	1.75464	0
-0.00982796	0.854738	0
-0.00468598	1.23407	0
0.000803246	1.31742	0
0.000357043	-0.107089	0
0.00599758	1.35373	0
0.00639715	0.0958963	0
0.00689133	0.118605	0
0.00709685	0.0493248	0
0.00690431	-0.0462111	0
0.00623898	-0.159678	0
0.00481859	-0.340893	0
-0.00300723	-1.8782	0
0.000233453	0.777764	0
0.00609402	1.40654	0
0.00616349	0.0166725	0
0.00155285	-1.10655	0
0.00150398	-0.011729	0
0.00415606	0.636499	0
0.00862257	1.07196	0
0.0184707	2.36354	0
0.0285709	2.42406	0
0.0383333	2.34297	0
0.0486261	2.47026	0
0.0585471	2.38104	0
0.0685817	2.4083	0
0.0788053	2.45367	0
0.0892777	2.51338	0
0.0996354	2.48585	0
0.109974	2.48115	0
0.120304	2.47934	0
0.128881	2.05841	0
0.139157	2.46639	0
0.148566	2.25797	0
0.15842	2.36502	0
0.166424	1.92098	0
0.17678	2.4854	0
0.185458	2.08272	0
0.194922	2.27151	0
0.204348	2.26209	0
0.213734	2.2527	0
0.223081	2.24335	0
0.23002	1.66528	0
0.2393	2.22713	0
0.248541	2.21789	0
0.257744	2.20869	0
0.264847	1.70468	0
0.273982	2.19245	0
0.266635	-1.76316	0
0.26245	-1.00447	0
0.260177	-0.545595	0
0.257772	-0.577064	0
0.2539	-0.929366	0
0.255142	0.298075	0
0.251855	-0.788911	0
0.250489	-0.327724	0
0.251226	0.176758	0
0.253931	0.649306	0
0.258535	1.10494	0
0.264985	1.54795	0
0.272731	1.85911	0
0.268004	-1.13447	0
0.265033	-0.712997	0
0.26305	-0.476069	0
0.262921	-0.0308981	0
0.261944	-0.234526	0
0.262264	0.0768629	0
0.255817	-1.54743	0
0.25754	0.413562	0
0.254283	-0.781665	0
0.25073	-0.852686	0
0.247289	-0.825856	0
0.244272	-0.723957	0
0.243287	-0.23649	0
0.244629	0.322092	0
0.24911	1.0755	0
0.258229	2.18858	0
0.267386	2.19753	0
0.27651	2.18992	0
0.285462	2.14844	0
0.294376	2.13927	0
0.303253	2.1305	0
0.312094	2.12177	0
0.311036	-0.253866	0
0.311811	0.18602	0
0.314364	0.612785	0
0.318606	1.01793	0
0.319968	0.32703	0
0.321879	0.458555	0
0.32385	0.473115	0
0.325777	0.462494	0
0.32766	0.451863	0
0.325735	-0.462081	0
0.323394	-0.56186	0
0.320539	-0.685202	0
0.317623	-0.699852	0
0.32411	1.55707	0
0.32349	-0.148792	0
0.327956	1.07175	0
0.334199	1.49832	0
0.342208	1.92213	0
0.346052	0.922656	0
0.351637	1.34028	0
0.356555	1.1804	0
0.360837	1.02762	0
0.36344	0.624746	0
0.362241	-0.287765	0
0.3617	-0.129907	0
0.360933	-0.183983	0
0.356921	-0.962989	0
0.353062	-0.925953	0
0.348966	-0.983272	0
0.345351	-0.867606	0
0.341504	-0.923141	0
0.338429	-0.737994	0
0.33499	-0.825465	0
0.331517	-0.833501	0
0.327997	-0.84471	0
0.324424	-0.857648	0
0.320797	-0.870351	0
0.317118	-0.882901	0
0.313388	-0.89532	0
0.309606	-0.907635	0
0.305773	-0.919881	0
0.302894	-0.690991	0
0.299553	-0.801966	0
0.296178	-0.80989	0
0.292757	-0.821029	0
0.291334	-0.341565	0
0.289103	-0.535491	0
0.290388	0.308474	0
0.271756	-4.47156	0
0.24311	-6.87507	0
0.23639	-1.61292	0
0.234925	-0.351472	0
0.235118	0.046115	0
0.233847	-0.305046	0
0.22575	-1.94318	0
0.224747	-0.240796	0
0.226618	0.449115	0
0.228906	0.54911	0
0.222568	-1.52121	0
0.204952	-4.22779	0
0.182005	-5.50711	0
0.180579	-0.3423	0
0.175265	-1.27552	0
0.177294	0.487159	0
0.177824	0.127062	0
0.177864	0.00961495	0
0.179834	0.472754	0
0.172866	-1.67221	0
0.173419	0.132758	0
0.174655	0.296694	0
0.152031	-5.42995	0
0.146567	-1.31138	0
0.145755	-0.194894	0
0.147113	0.326102	0
0.14854	0.342449	0
0.151406	0.68773	0
0.153561	0.517166	0
0.153107	-0.108915	0
0.156042	0.704542	0
0.156908	0.207826	0
0.157688	0.187089	0
0.132502	-6.0447	0
0.124374	-1.95071	0
0.126253	0.451112	0
0.127251	0.23949	0
0.127344	0.022361	0
0.127732	0.0929565	0
0.123936	-0.911018	0
0.129661	1.37414	0
0.118383	-2.70682	0
0.1127	-1.36378	0
0.100595	-2.90538	0
0.0875684	-3.1263	0
0.0936122	1.45051	0
0.0893452	-1.0241	0
0.0823496	-1.67895	0
0.0702776	-2.89728	0
0.0533271	-4.06811	0
0.0334758	-4.7643	0
0.0358536	0.570659	0
0.0120076	-5.72305	0
0.00816629	-0.921903	0
-0.0102247	-4.41383	0
-0.00802785	0.527233	0
-0.00257404	1.30892	0
-0.000217561	0.565554	0
0.00717328	1.7738	0
0.0138781	1.60917	0
0.0183655	1.07697	0
-0.00646146	-5.95847	0
-0.0143641	-1.89664	0
-0.0120184	0.562969	0
-0.00761921	1.05581	0
-0.00461501	0.721008	0
-0.00379087	0.197795	0
-0.00574772	-0.469644	0
-0.0108069	-1.21421	0
-0.00354066	1.7439	0
-0.00190571	0.392388	0
0.00146656	0.809344	0
0.00561496	0.995617	0
0.00588448	0.0646844	0
0.00816184	0.546565	0
0.00950505	0.322371	0
0.0103845	0.211071	0
0.0122511	0.447982	0
0.0130156	0.183479	0
0.0137795	0.183347	0
0.0139079	0.0308155	0
-0.0131603	-6.49638	0
-0.011803	0.325757	0
-0.015965	-0.998877	0
-0.0202372	-1.02534	0
-0.0197543	0.115892	0
-0.0281247	-2.00889	0
-0.027876	0.0596822	0
-0.0263015	0.377871	0
-0.0307332	-1.0636	0
-0.0303603	0.0895099	0
-0.0286311	0.414997	0
-0.0333233	-1.12612	0
-0.0335106	-0.0449602	0
-0.035128	-0.388166	0
-0.0362808	-0.27668	0
-0.0375692	-0.30922	0
-0.0384587	-0.213471	0
-0.047822	-2.24721	0
-0.0460588	0.423177	0
-0.0443945	0.399445	0
-0.0584327	-3.36918	0
-0.0583167	0.0278379	0
-0.0554617	0.685211	0
-0.0727982	-4.16077	0
-0.109068	-8.70468	0
-0.108473	0.142733	0
-0.10207	1.53682	0
-0.0984834	0.860687	0
-0.097341	0.274165	0
-0.0945679	0.665543	0
-0.0926082	0.470321	0
-0.0905309	0.49857	0
-0.0885189	0.48288	0
-0.0866595	0.44624	0
-0.0817676	1.17406	0
-0.0787476	0.724809	0
-0.0763419	0.577351	0
-0.0684403	1.89638	0
-0.0626376	1.39266	0
-0.0597224	0.69965	0
-0.0581747	0.371434	0
-0.085599	-6.58183	0
-0.100413	-3.55539	0
-0.124448	-5.76838	0
-0.12317	0.30675	0
-0.117703	1.3121	0
-0.112196	1.32176	0
-0.106471	1.37391	0
-0.1007	1.38495	0
-0.093937	1.62319	0
-0.0870697	1.64814	0
-0.0786109	2.03013	0
-0.0661398	2.99306	0
-0.0575768	2.05511	0
-0.047973	2.30493	0
-0.0394315	2.04997	0
-0.0298	2.31156	0
-0.0261061	0.886538	0
-0.022111	0.958821	0
-0.0408429	-4.49567	0
-0.0407512	0.0220178	0
-0.0388311	0.460821	0
-0.0363443	0.596837	0
-0.0337513	0.622306	0
-0.0459604	-2.93018	0
-0.0436317	0.558876	0
-0.0425174	0.26745	0
-0.0350437	1.79367	0
-0.0283188	1.61398	0
-0.0235707	1.13954	0
-0.0206814	0.693424	0
-0.0203737	0.0738567	0
-0.0235295	-0.757385	0
-0.0345969	-2.65618	0
-0.0321004	0.599152	0
-0.0303478	0.420638	0
-0.0469523	-3.98509	0
-0.0522651	-1.27506	0
-0.0508088	0.349508	0
-0.0632127	-2.97695	0
-0.0611359	0.498436	0
-0.0775055	-3.92871	0
-0.0861074	-2.06444	0
-0.10379	-4.24382	0
-0.11937	-3.73925	0
-0.117124	0.539013	0
-0.13342	-3.91094	0
-0.130334	0.740528	0
-0.127143	0.765836	0
-0.120371	1.62548	0
-0.119523	0.203312	0
-0.119447	0.018407	0
-0.111425	1.92513	0
-0.103905	1.80481	0
-0.0963131	1.82212	0
-0.0939258	0.57297	0
-0.106672	-3.05904	0
-0.104385	0.548776	0
-0.108205	-0.916654	0
-0.105798	0.577519	0
-0.103164	0.632303	0
-0.100211	0.708708	0
-0.0985589	0.396433	0
-0.116789	-4.37525	0
-0.115379	0.338543	0
-0.106462	2.14006	0
-0.0971595	2.23251	0
-0.089169	1.91772	0
-0.0842733	1.17498	0
-0.0821349	0.513206	0
-0.0785288	0.865458	0
-0.0769446	0.38023	0
-0.0902206	-3.18626	0
-0.104923	-3.52857	0
-0.102808	0.507595	0
-0.115298	-2.99765	0
-0.12739	-2.90191	0
-0.1444	-4.08256	0
-0.167592	-5.56611	0
-0.168802	-0.290266	0
-0.165876	0.70226	0
-0.160255	1.34905	0
-0.157713	0.609904	0
-0.152612	1.2243	0
-0.153678	-0.255695	0
-0.147677	1.44007	0
-0.143245	1.06379	0
-0.164977	-5.21582	0
-0.173912	-2.14428	0
-0.164333	2.29902	0
-0.182633	-4.39202	0
-0.176157	1.55427	0
-0.165191	2.63162	0
-0.15304	2.91634	0
-0.140452	3.02109	0
-0.127114	3.20107	0
-0.116353	2.58279	0
-0.107002	2.24422	0
-0.0960454	2.62955	0
-0.0854127	2.55185	0
-0.0781379	1.74595	0
-0.0744549	0.883914	0
-0.0849303	-2.51408	0
-0.0836593	0.305043	0
-0.0997472	-3.8611	0
-0.0983553	0.334039	0
-0.10085	-0.598611	0
-0.104551	-0.888294	0
-0.105891	-0.32168	0
-0.104264	0.390552	0
-0.0984015	1.40694	0
-0.0909972	1.77704	0
-0.0858506	1.23519	0
-0.0772218	2.0709	0
-0.0687836	2.02518	0
-0.0629082	1.41009	0
-0.0598024	0.74539	0
-0.0586379	0.2795	0
-0.0618441	-0.769497	0
-0.0648865	-0.730173	0
-0.0634226	0.35134	0
-0.0602953	0.750533	0
-0.0571255	0.760764	0
-0.055289	0.440764	0
-0.0527904	0.599665	0
-0.0511185	0.401249	0
-0.048137	0.715566	0
-0.0595383	-2.73632	0
-0.0582986	0.297542	0
-0.0566049	0.406484	0
-0.0764127	-4.75388	0
-0.0769954	-0.139836	0
-0.0751224	0.4495	0
-0.0895745	-3.46849	0
-0.0871539	0.580943	0
-0.0836132	0.849757	0
-0.100242	-3.99102	0
-0.0989826	0.302369	0
-0.0964051	0.618598	0
-0.0960307	0.0898589	0
-0.0961085	-0.0186599	0
-0.0956302	0.114784	0
-0.0943954	0.296353	0
-0.0930339	0.326751	0
-0.0921069	0.222494	0
-0.102667	-2.53453	0
-0.100421	0.539235	0
-0.0974661	0.709076	0
-0.0913448	1.46911	0
-0.0856078	1.37688	0
-0.0806321	1.19418	0
-0.0785993	0.487872	0
-0.0811873	-0.621123	0
-0.0840733	-0.692647	0
-0.087181	-0.745849	0
-0.0904304	-0.779842	0
-0.093801	-0.808965	0
-0.0972812	-0.835238	0
-0.0995141	-0.535895	0
-0.100665	-0.276173	0
-0.100484	0.0433221	0
-0.1013	-0.19578	0
-0.102093	-0.190314	0
-0.102877	-0.188069	0
-0.103661	-0.188182	0
-0.10445	-0.189378	0
-0.105246	-0.190991	0
-0.106049	-0.192764	0
-0.10686	-0.19458	0
-0.107678	-0.196389	0
-0.108504	-0.198176	0
-0.109339	-0.200388	0
-0.110185	-0.203086	0
-0.111044	-0.206128	0
-0.111916	-0.209436	0
-0.112804	-0.212977	0
-0.114892	-0.501285	0
-0.116242	-0.324002	0
-0.117949	-0.40962	0
-0.119187	-0.297121	0
-0.121311	-0.509773	0
-0.123641	-0.559254	0
-0.126304	-0.639089	0
-0.129115	-0.674583	0
-0.132042	-0.702381	0
-0.135096	-0.733094	0
-0.133775	0.317	0
-0.132261	0.363434	0
-0.146385	-3.38987	0
-0.145388	0.239319	0
-0.143305	0.5	0
-0.14554	-0.536296	0
-0.16746	-5.26084	0
-0.16568	0.427252	0
-0.164195	0.356263	0
-0.162025	0.520702	0
-0.163306	-0.307289	0
-0.181117	-4.2747	0
-0.180238	0.211072	0
-0.176007	1.01536	0
-0.172726	0.787514	0
-0.169367	0.806169	0
-0.17196	-0.622353	0
-0.19151	-4.69215	0
-0.21468	-5.56078	0
-0.243173	-6.83822	0
-0.274379	-7.48956	0
-0.271362	0.724142	0
-0.265738	1.34986	0
-0.257344	2.01459	0
-0.247132	2.45074	0
-0.237828	2.23297	0
-0.230698	1.71111	0
-0.22329	1.77807	0
-0.215752	1.80897	0
-0.207881	1.88919	0
-0.202189	1.36612	0
-0.198219	0.952823	0
-0.208568	-2.48385	0
-0.206001	0.61604	0
-0.201027	1.19381	0
-0.19414	1.6528	0
-0.187725	1.53955	0
-0.180756	1.67258	0
-0.172623	1.95193	0
-0.165594	1.68716	0
-0.160772	1.15712	0
-0.157243	0.847113	0
-0.152586	1.11765	0
-0.14945	0.752446	0
-0.147392	0.493973	0
-0.14214	1.26048	0
-0.132805	2.2405	0
-0.124978	1.87854	0
-0.115357	2.30899	0
-0.106718	2.0733	0
-0.0966803	2.40906	0
-0.0869435	2.33684	0
-0.0766535	2.46958	0
-0.0662148	2.50529	0
-0.0557059	2.52214	0
-0.0463461	2.24635	0
-0.0389733	1.76948	0
-0.0349556	0.964229	0
-0.0311404	0.915662	0
-0.0273212	0.916602	0
-0.02005	1.74509	0
-0.0179581	0.50205	0
-0.0146107	0.80338	0
-0.01178	0.679361	0
-0.00998533	0.43073	0
-0.000886557	2.1837	0
0.00712711	1.92328	0
0.0166731	2.29103	0
0.0268115	2.43321	0
0.0367622	2.38818	0
0.0468438	2.41959	0
0.0551498	1.99343	0
0.0641443	2.15867	0
0.0738166	2.32136	0
0.0824271	2.06651	0
0.0908036	2.01037	0
0.0993355	2.04764	0
0.108026	2.08564	0
0.116194	1.96045	0
0.125838	2.31443	0
0.135509	2.32121	0
0.143783	1.98561	0
0.152623	2.12162	0
0.161285	2.07899	0
0.169421	1.95257	0
0.178604	2.20387	0
0.18805	2.26714	0
0.196556	2.04129	0
0.204697	1.95389	0
0.213487	2.10956	0
0.222764	2.2265	0
0.232071	2.23379	0
0.241361	2.22967	0
0.250597	2.21666	0
0.258435	1.88101	0
0.266803	2.00831	0
0.275101	1.99155	0
0.283693	2.06194	0
0.292422	2.09507	0
0.301137	2.09164	0
0.309813	2.08226	0
0.318457	2.07448	0
0.327055	2.06361	0
0.335603	2.05145	0
0.344106	2.04084	0
0.35257	2.03118	0
0.360988	2.02028	0
0.369361	2.00955	0
0.377691	1.9993	0
0.385975	1.98824	0
0.381806	-1.00058	0
0.376847	-1.19037	0
0.372047	-1.1519	0
0.369876	-0.521078	0
0.368833	-0.250356	0
0.367936	-0.215146	0
0.366447	-0.357369	0
0.364915	-0.367686	0
0.363159	-0.421365	0
0.3616	-0.374302	0
0.360266	-0.320096	0
0.358818	-0.347569	0
0.355387	-0.823368	0
0.353134	-0.540766	0
0.349825	-0.794188	0
0.346258	-0.856117	0
0.34268	-0.858552	0
0.33906	-0.868818	0
0.335595	-0.831797	0
0.332204	-0.813773	0
0.328879	-0.797844	0
0.325616	-0.783233	0
0.322547	-0.736507	0
0.319648	-0.695871	0
0.316835	-0.675056	0
0.314237	-0.623415	0
0.311808	-0.583009	0
0.309569	-0.537466	0
0.307315	-0.540964	0
0.305292	-0.485575	0
0.303269	-0.485313	0
0.301371	-0.455734	0
0.299642	-0.414771	0
0.298106	-0.36871	0
0.296658	-0.347565	0
0.295468	-0.28566	0
0.294431	-0.248894	0
0.293501	-0.223178	0
0.292781	-0.172749	0
0.292227	-0.13289	0
0.291825	-0.096519	0
0.29156	-0.0635016	0
0.29142	-0.0335796	0
0.291394	-0.00638086	0
0.291478	0.0202803	0
0.291678	0.0479478	0
0.291996	0.0763747	0
0.290534	-0.350888	0
0.29044	-0.0225645	0
0.290796	0.0854689	0
0.291476	0.163055	0
0.292367	0.213835	0
0.293401	0.248257	0
0.294532	0.271489	0
0.29573	0.287389	0
0.296995	0.303715	0
0.298371	0.330265	0
0.299876	0.361205	0
0.301473	0.383096	0
0.303131	0.397911	0
0.304864	0.415995	0
0.306683	0.436646	0
0.308596	0.459039	0
0.310592	0.478974	0
0.312658	0.495988	0
0.314787	0.510801	0
0.316918	0.511417	0
0.320063	0.754946	0
0.32394	0.9304	0
0.328542	1.1045	0
0.333857	1.2757	0
0.339874	1.44408	0
0.34658	1.60945	0
0.353935	1.76519	0
0.361872	1.90483	0
0.370113	1.97787	0
0.371911	0.431536	0
0.374285	0.569643	0
0.376918	0.632037	0
0.379716	0.671441	0
0.382613	0.695354	0
0.385597	0.716194	0
0.388635	0.729123	0
0.391695	0.734284	0
0.394745	0.732093	0
0.397758	0.723043	0
0.400707	0.707734	0
0.403576	0.688452	0
0.406352	0.66635	0
0.409025	0.64146	0
0.411583	0.61395	0
0.414016	0.584	0
0.416315	0.551808	0
0.418473	0.517752	0
0.420483	0.482507	0
0.422344	0.446569	0
0.424059	0.411706	0
0.425642	0.379875	0
0.427134	0.358164	0
0.428555	0.340908	0
0.429903	0.323593	0
0.431185	0.307532	0
0.43242	0.296466	0
0.433628	0.29006	0
0.43434	0.170884	0
0.435019	0.162815	0
0.435549	0.127124	0
0.435943	0.0946243	0
0.436239	0.0711683	0
0.436478	0.0573499	0
0.436569	0.0217889	0
0.436739	0.040802	0
0.43685	0.0265465	0
0.436771	-0.0190064	0
0.436766	-0.00119408	0
0.436688	-0.0185664	0
0.436539	-0.0358705	0
0.43632	-0.0524724	0
0.435865	-0.109206	0
0.435517	-0.0836322	0
0.43512	-0.0951336	0
0.434567	-0.132825	0
0.434051	-0.123741	0
0.433369	-0.163708	0
0.432736	-0.151813	0
0.431934	-0.192519	0
0.431204	-0.175312	0
0.430404	-0.192037	0
0.429665	-0.177231	0
0.429046	-0.148617	0
0.428314	-0.175713	0
0.427582	-0.175691	0
0.426588	-0.238492	0
0.425069	-0.364646	0
0.42279	-0.546869	0
0.419753	-0.728986	0
0.416007	-0.898907	0
0.411592	-1.05954	0
0.406547	-1.21099	0
0.400897	-1.35584	0
0.394445	-1.54857	0
0.387592	-1.64466	0
0.380163	-1.78312	0
0.373109	-1.69282	0
0.365651	-1.79005	0
0.358104	-1.81116	0
0.350211	-1.89428	0
0.342282	-1.90306	0
0.341071	-0.29063	0
0.336987	-0.980128	0
0.336145	-0.202053	0
0.334132	-0.483262	0
0.330152	-0.955031	0
0.321009	-2.19438	0
0.311753	-2.22152	0
0.304341	-1.77878	0
0.29735	-1.6779	0
0.290799	-1.57228	0
0.284699	-1.46389	0
0.279061	-1.35314	0
0.277529	-0.36769	0
0.275391	-0.513157	0
0.272999	-0.574014	0
0.270727	-0.545356	0
0.271101	0.0897763	0
0.243689	-6.57894	0
0.21159	-7.70365	0
0.206305	-1.26841	0
0.206092	-0.0510814	0
0.203171	-0.701144	0
0.202083	-0.260993	0
0.200631	-0.348579	0
0.198841	-0.429493	0
0.199142	0.072112	0
0.178113	-5.04702	0
0.176527	-0.380518	0
0.156784	-4.73826	0
0.154068	-0.65199	0
0.155013	0.226797	0
0.153464	-0.371667	0
0.137605	-3.80621	0
0.141634	0.966947	0
0.137444	-1.00559	0
0.136891	-0.132685	0
0.128493	-2.01551	0
0.132697	1.00884	0
0.11881	-3.3329	0
0.122703	0.934354	0
0.112068	-2.55243	0
0.11376	0.406133	0
0.109925	-0.920233	0
0.0984209	-2.7611	0
0.0941564	-1.02347	0
0.0849072	-2.2198	0
0.075547	-2.24647	0
0.0639866	-2.77448	0
0.0493967	-3.50158	0
0.0340015	-3.69485	0
0.0165566	-4.18678	0
-0.00426647	-4.99753	0
0.00328043	1.81125	0
0.0132847	2.40103	0
0.0215558	1.98507	0
0.0236887	0.511898	0
0.0181651	-1.32568	0
0.0173139	-0.204282	0
0.0249899	1.84224	0
0.0260508	0.25461	0
0.0276196	0.376512	0
0.019564	-1.93335	0
-0.00282255	-5.37276	0
-0.00132324	0.359834	0
-0.000116533	0.28961	0
0.00143885	0.373291	0
0.00410383	0.639597	0
0.00587262	0.424509	0
0.00874394	0.689117	0
0.0105339	0.429594	0
0.0123101	0.426273	0
-0.00861285	-5.0215	0
-0.00549838	0.747474	0
-0.00392417	0.37781	0
0.00034349	1.02424	0
0.00133329	0.237552	0
-0.0205859	-5.2606	0
-0.0338322	-3.17911	0
-0.0347702	-0.225137	0
-0.0331137	0.397577	0
-0.038661	-1.33136	0
-0.0385702	0.0217834	0
-0.0373718	0.287621	0
-0.0519204	-3.49166	0
-0.0590919	-1.72117	0
-0.0609422	-0.444053	0
-0.0745105	-3.2564	0
-0.0760249	-0.363459	0
-0.0785762	-0.612305	0
-0.0926929	-3.38801	0
-0.0949368	-0.538539	0
-0.0974478	-0.602654	0
-0.0980126	-0.135529	0
-0.0984673	-0.109143	0
-0.112703	-3.41662	0
-0.113413	-0.170386	0
-0.11415	-0.1768	0
-0.110743	0.817538	0
-0.106499	1.01877	0
-0.102298	1.00822	0
-0.0987403	0.853754	0
-0.0934529	1.26899	0
-0.0865252	1.66264	0
-0.0801328	1.53417	0
-0.0915698	-2.74486	0
-0.0875002	0.976708	0
-0.104637	-4.11285	0
-0.103119	0.36425	0
-0.128915	-6.19085	0
-0.147435	-4.44498	0
-0.17427	-6.44027	0
-0.17337	0.215872	0
-0.211532	-9.1587	0
-0.209398	0.512073	0
-0.20392	1.31466	0
-0.206627	-0.649636	0
-0.203633	0.718473	0
-0.195964	1.84075	0
-0.190491	1.31333	0
-0.181718	2.1055	0
-0.173503	1.97179	0
-0.167072	1.54345	0
-0.164279	0.670275	0
-0.158125	1.47697	0
-0.155112	0.723055	0
-0.148729	1.53182	0
-0.144385	1.0427	0
-0.13986	1.08598	0
-0.137321	0.609321	0
-0.137911	-0.141509	0
-0.140976	-0.735791	0
-0.138824	0.516623	0
-0.136102	0.653169	0
-0.151497	-3.69463	0
-0.147863	0.871973	0
-0.145689	0.521859	0
-0.142261	0.822595	0
-0.162221	-4.79035	0
-0.179594	-4.16945	0
-0.201874	-5.34726	0
-0.201294	0.139239	0
-0.199402	0.454184	0
-0.197355	0.491184	0
-0.193772	0.859999	0
-0.191595	0.522482	0
-0.189626	0.472439	0
-0.186729	0.695433	0
-0.185817	0.218864	0
-0.204217	-4.41616	0
-0.225303	-5.06065	0
-0.237088	-2.82823	0
-0.249739	-3.03635	0
-0.250609	-0.208716	0
-0.247157	0.828307	0
-0.24822	-0.254988	0
-0.240982	1.73707	0
-0.234064	1.66031	0
-0.226536	1.80672	0
-0.216041	2.51879	0
-0.209979	1.45504	0
-0.201842	1.95279	0
-0.19286	2.15571	0
-0.183657	2.20877	0
-0.174884	2.10539	0
-0.165573	2.23457	0
-0.155574	2.39976	0
-0.148311	1.74319	0
-0.141164	1.71531	0
-0.133994	1.72088	0
-0.125999	1.91871	0
-0.11767	1.99908	0
-0.111586	1.46003	0
-0.103988	1.82362	0
-0.101312	0.642204	0
-0.0999104	0.336341	0
-0.0983377	0.377454	0
-0.0935212	1.15595	0
-0.0882465	1.26593	0
-0.0820769	1.48071	0
-0.0785095	0.856173	0
-0.0762275	0.547693	0
-0.0799105	-0.883928	0
-0.0786415	0.304557	0
-0.0735869	1.21311	0
-0.0664806	1.7055	0
-0.0573919	2.18129	0
-0.0470536	2.4812	0
-0.0366242	2.50306	0
-0.0265703	2.41293	0
-0.0207658	1.39307	0
-0.0178451	0.700975	0
-0.0142361	0.866162	0
-0.0158384	-0.38455	0
-0.0170512	-0.291064	0
-0.0174456	-0.0946639	0
-0.0162541	0.285965	0
-0.0183319	-0.498666	0
-0.0180516	0.0672499	0
-0.0170273	0.245841	0
-0.0155204	0.361659	0
-0.0140898	0.343345	0
-0.0189323	-1.16221	0
-0.0188148	0.0282042	0
-0.017621	0.286504	0
-0.014491	0.751205	0
-0.0085171	1.43374	0
0.000100162	2.06814	0
0.00894773	2.12342	0
0.0191448	2.44729	0
0.0292995	2.43713	0
0.0384354	2.19262	0
0.0472914	2.12544	0
0.0565241	2.21585	0
0.0654655	2.14594	0
0.0737063	1.97778	0
0.0835607	2.36506	0
0.0934481	2.37298	0
0.103034	2.30056	0
0.11284	2.35359	0
0.122606	2.34383	0
0.132332	2.3341	0
0.142017	2.32442	0
0.151574	2.29363	0
0.160754	2.20324	0
0.169129	2.01003	0
0.177561	2.02382	0
0.186074	2.0429	0
0.195419	2.24279	0
0.204745	2.23834	0
0.211727	1.67567	0
0.219637	1.89834	0
0.22874	2.18476	0
0.237959	2.2126	0
0.244737	1.62681	0
0.252442	1.84905	0
0.260794	2.00447	0
0.269346	2.05267	0
0.277877	2.04734	0
0.286391	2.04327	0
0.294847	2.02949	0
0.303207	2.00643	0
0.311522	1.99556	0
0.319802	1.98731	0
0.328135	1.99987	0
0.336505	2.00876	0
0.344874	2.00864	0
0.353709	2.12035	0
0.360898	1.72525	0
0.367473	1.57798	0
0.37306	1.34096	0
0.378241	1.24356	0
0.382837	1.10299	0
0.387121	1.02819	0
0.382517	-1.105	0
0.377436	-1.21943	0
0.37196	-1.31433	0
0.366247	-1.37111	0
0.360472	-1.38593	0
0.356203	-1.02465	0
0.351875	-1.03869	0
0.347467	-1.05779	0
0.343033	-1.06436	0
0.338663	-1.04858	0
0.334362	-1.03227	0
0.330149	-1.01112	0
0.325964	-1.00447	0
0.321918	-0.971087	0
0.318004	-0.939322	0
0.31424	-0.903277	0
0.310639	-0.864205	0
0.307208	-0.823516	0
0.303949	-0.78217	0
0.300836	-0.747217	0
0.297842	-0.718521	0
0.295008	-0.680127	0
0.292338	-0.640819	0
0.289914	-0.581716	0
0.2876	-0.555285	0
0.285555	-0.490809	0
0.283699	-0.44552	0
0.282009	-0.405636	0
0.280536	-0.353607	0
0.27667	-0.927731	0
0.273573	-0.743339	0
0.270934	-0.633211	0
0.268858	-0.4984	0
0.267025	-0.439771	0
0.264364	-0.638718	0
0.261576	-0.669155	0
0.258756	-0.676867	0
0.255941	-0.675496	0
0.253148	-0.670328	0
0.250384	-0.663462	0
0.247678	-0.649338	0
0.245126	-0.612394	0
0.242634	-0.598125	0
0.240179	-0.589344	0
0.237758	-0.580956	0
0.235371	-0.572793	0
0.233013	-0.566	0
0.230674	-0.561431	0
0.227857	-0.675926	0
0.225008	-0.683761	0
0.222168	-0.681781	0
0.219365	-0.672535	0
0.216299	-0.735847	0
0.213263	-0.728624	0
0.210043	-0.772838	0
0.206894	-0.755816	0
0.204207	-0.644933	0
0.201794	-0.57908	0
0.19955	-0.538555	0
0.197298	-0.540539	0
0.195537	-0.422617	0
0.193474	-0.495156	0
0.191263	-0.530425	0
0.188969	-0.550709	0
0.185267	-0.888552	0
0.182685	-0.619656	0
0.179383	-0.792506	0
0.175882	-0.840128	0
0.172312	-0.856922	0
0.16873	-0.859492	0
0.165165	-0.855668	0
0.161628	-0.848907	0
0.158125	-0.840799	0
0.158479	0.0850599	0
0.159277	0.191638	0
0.159897	0.148648	0
0.162934	0.728856	0
0.165625	0.645829	0
0.146432	-4.60622	0
0.130254	-3.88277	0
0.129546	-0.169926	0
0.131625	0.498945	0
0.131931	0.0734732	0
0.129758	-0.521617	0
0.127322	-0.584425	0
0.124651	-0.641098	0
0.121802	-0.683775	0
0.114325	-1.79453	0
0.117023	0.647563	0
0.10599	-2.64805	0
0.0943997	-2.78157	0
0.0967523	0.564628	0
0.0706793	-6.25751	0
0.0516744	-4.56118	0
0.0343593	-4.15563	0
0.0341766	-0.043854	0
0.0343617	0.0444329	0
0.0317846	-0.618508	0
0.0304265	-0.325953	0
0.0283885	-0.48911	0
0.0261022	-0.548709	0
0.00333674	-5.46371	0
0.00241616	-0.220937	0
0.011815	2.25572	0
0.0168151	1.20002	0
0.0187072	0.454105	0
0.0307983	2.90186	0
0.0409047	2.42553	0
0.0492719	2.00815	0
0.052724	0.828503	0
0.0595658	1.64204	0
0.0660161	1.54805	0
0.0732281	1.7309	0
0.0759067	0.642867	0
0.0776986	0.430043	0
0.0797437	0.490822	0
0.0544294	-6.07544	0
0.0469794	-1.788	0
0.0479266	0.22735	0
0.0498392	0.459005	0
0.0064472	-10.4141	0
-0.0129583	-4.65732	0
-0.0333258	-4.88821	0
-0.0318263	0.359883	0
-0.0372946	-1.31239	0
-0.0353926	0.456469	0
-0.0338843	0.361997	0
-0.0319454	0.465332	0
-0.0388616	-1.65988	0
-0.0355173	0.802634	0
-0.0578583	-5.36184	0
-0.05507	0.669194	0
-0.0806625	-6.14222	0
-0.0776052	0.733752	0
-0.0796123	-0.481682	0
-0.0735877	1.4459	0
-0.0733446	0.058341	0
-0.0747977	-0.348749	0
-0.0732859	0.362819	0
-0.0690463	1.01752	0
-0.063036	1.44247	0
-0.0623241	0.170858	0
-0.0631571	-0.199938	0
-0.0589383	1.01251	0
-0.060798	-0.446329	0
-0.0695433	-2.09887	0
-0.0715268	-0.47603	0
-0.0705657	0.230663	0
-0.060342	2.45369	0
-0.0520833	1.98209	0
-0.0416993	2.49217	0
-0.0315869	2.42697	0
-0.021424	2.43911	0
-0.0111749	2.45977	0
-0.00072819	2.50722	0
0.00970364	2.50364	0
0.0200556	2.48447	0
0.0287532	2.08742	0
0.0391799	2.50242	0
0.0494584	2.46682	0
0.0588637	2.25729	0
0.0692898	2.50226	0
0.0798586	2.53651	0
0.0904607	2.5445	0
0.10095	2.51749	0
0.111424	2.51373	0
0.115885	1.07072	0
0.120711	1.15817	0
0.126591	1.41117	0
0.135361	2.10469	0
0.145033	2.3214	0
0.154665	2.31177	0
0.164258	2.30217	0
0.17381	2.29262	0
0.183323	2.28311	0
0.192797	2.27364	0
0.200531	1.85619	0
0.207046	1.56359	0
0.216421	2.25001	0
0.225757	2.24068	0
0.235055	2.23138	0
0.244313	2.22212	0
0.252169	1.88536	0
0.247842	-1.03839	0
0.243733	-0.986288	0
0.241111	-0.629241	0
0.238971	-0.513642	0
0.238821	-0.036011	0
0.239578	0.181642	0
0.23684	-0.657081	0
0.235102	-0.417121	0
0.235901	0.191789	0
0.239292	0.813935	0
0.24484	1.3315	0
0.25236	1.80465	0
0.249374	-0.716646	0
0.246673	-0.648185	0
0.245965	-0.169843	0
0.244522	-0.346406	0
0.244727	0.0493308	0
0.246753	0.486114	0
0.250582	0.919092	0
0.256195	1.34705	0
0.251815	-1.05115	0
0.251758	-0.0138264	0
0.253476	0.41243	0
0.246389	-1.70104	0
0.240634	-1.38109	0
0.243044	0.578356	0
0.240721	-0.557406	0
0.24042	-0.0723513	0
0.238222	-0.527491	0
0.237269	-0.228802	0
0.236708	-0.134506	0
0.235528	-0.283236	0
0.234808	-0.172901	0
0.234129	-0.162892	0
0.233803	-0.0782041	0
0.233307	-0.119048	0
0.233176	-0.031348	0
0.228652	-1.08596	0
0.227898	-0.18087	0
0.219675	-1.97344	0
0.217762	-0.459081	0
0.216953	-0.194312	0
0.216983	0.00713444	0
0.217046	0.0151559	0
0.218135	0.261421	0
0.223941	1.39339	0
0.233208	2.22407	0
0.241684	2.03431	0
0.250834	2.19612	0
0.259916	2.17968	0
0.26898	2.17524	0
0.278029	2.17173	0
0.28699	2.15056	0
0.295957	2.15217	0
0.304963	2.16147	0
0.313932	2.1525	0
0.322773	2.12201	0
0.331668	2.13476	0
0.340526	2.12591	0
0.338799	-0.414429	0
0.339111	0.0746739	0
0.339209	0.0237221	0
0.335118	-0.981928	0
0.332092	-0.726149	0
0.328844	-0.779518	0
0.32547	-0.809826	0
0.323699	-0.425099	0
0.31901	-1.12546	0
0.314231	-1.14695	0
0.310543	-0.885079	0
0.307198	-0.802745	0
0.306321	-0.21044	0
0.303416	-0.697284	0
0.301317	-0.503705	0
0.304385	0.736403	0
0.301707	-0.642814	0
0.300722	-0.236421	0
0.301437	0.171727	0
0.300057	-0.331342	0
0.299607	-0.108059	0
0.299006	-0.144046	0
0.302546	0.849403	0
0.306014	0.832424	0
0.309773	0.9022	0
0.313687	0.939318	0
0.311158	-0.607005	0
0.308451	-0.649664	0
0.310816	0.567597	0
0.315092	1.02633	0
0.312395	-0.647266	0
0.311488	-0.217676	0
0.312293	0.193146	0
0.310186	-0.505658	0
0.309846	-0.0815623	0
0.30802	-0.438314	0
0.306345	-0.401981	0
0.304723	-0.389247	0
0.300753	-0.952871	0
0.297447	-0.793497	0
0.304928	1.7954	0
0.302479	-0.58772	0
0.301995	-0.116153	0
0.303486	0.357792	0
0.31246	2.15397	0
0.316604	0.994391	0
0.322529	1.42207	0
0.327026	1.0793	0
0.331692	1.11973	0
0.336432	1.13771	0
0.341092	1.11846	0
0.345677	1.10024	0
0.350106	1.06308	0
0.354299	1.0062	0
0.358175	0.930413	0
0.361688	0.843	0
0.3648	0.746937	0
0.367479	0.642955	0
0.369695	0.531852	0
0.36837	-0.318091	0
0.364178	-1.00599	0
0.359925	-1.02083	0
0.355315	-1.10636	0
0.353969	-0.323067	0
0.351768	-0.528157	0
0.347736	-0.967666	0
0.343291	-1.06686	0
0.339043	-1.0194	0
0.334347	-1.12721	0
0.335638	0.309997	0
0.335171	-0.112039	0
0.341729	1.57382	0
0.340015	-0.41125	0
0.33935	-0.159695	0
0.337479	-0.449078	0
0.335522	-0.469555	0
0.333413	-0.506233	0
0.331103	-0.554546	0
0.328567	-0.608487	0
0.325816	-0.660368	0
0.324198	-0.388291	0
0.322457	-0.417832	0
0.320775	-0.403565	0
0.319117	-0.39798	0
0.317777	-0.32157	0
0.317407	-0.0887475	0
0.316603	-0.193082	0
0.314097	-0.601507	0
0.310995	-0.744289	0
0.311968	0.233384	0
0.284165	-6.67271	0
0.283173	-0.238145	0
0.284234	0.254665	0
0.281283	-0.708221	0
0.273359	-1.9018	0
0.274695	0.320748	0
0.273002	-0.406414	0
0.27154	-0.35089	0
0.256694	-3.56305	0
0.244473	-2.93286	0
0.242707	-0.423937	0
0.242732	0.00613314	0
0.241423	-0.314194	0
0.240994	-0.102942	0
0.247012	1.44418	0
0.229385	-4.2305	0
0.213044	-3.92168	0
0.198304	-3.53768	0
0.195508	-0.671071	0
0.192209	-0.791799	0
0.188852	-0.805661	0
0.18541	-0.825933	0
0.183804	-0.385463	0
0.185267	0.351139	0
0.183538	-0.414998	0
0.142484	-9.85307	0
0.140204	-0.547192	0
0.140932	0.174847	0
0.136146	-1.14867	0
0.112957	-5.56546	0
0.111152	-0.433098	0
0.112206	0.252799	0
0.108333	-0.929467	0
0.114097	1.38337	0
0.118816	1.13264	0
0.109767	-2.17189	0
0.110198	0.103647	0
0.105368	-1.15927	0
0.109991	1.10941	0
0.0964231	-3.25623	0
0.089972	-1.54827	0
0.0834691	-1.56069	0
0.0789246	-1.09068	0
0.0843284	1.2969	0
0.0855177	0.285437	0
0.0782165	-1.75228	0
0.0797819	0.37569	0
0.079631	-0.0362133	0
0.0806679	0.248861	0
0.0754526	-1.25167	0
0.051701	-5.7004	0
0.0536381	0.464911	0
0.0509461	-0.646077	0
0.0435871	-1.76615	0
0.0327278	-2.60624	0
0.0196722	-3.13333	0
0.0050953	-3.49846	0
-0.0109745	-3.85674	0
-0.0161629	-1.24522	0
-0.0104739	1.36535	0
-0.0171515	-1.60261	0
-0.00846704	2.08426	0
-0.00207284	1.53461	0
0.00284841	1.1811	0
0.00977747	1.66297	0
0.0165494	1.62527	0
0.0218018	1.26057	0
0.0249841	0.763752	0
0.0259181	0.224147	0
0.0233852	-0.607881	0
0.0284906	1.22528	0
0.0334967	1.20146	0
0.0370363	0.849517	0
0.0376555	0.148612	0
0.039523	0.44818	0
0.0409504	0.342582	0
0.0431616	0.530686	0
0.0425806	-0.139439	0
0.0443051	0.413877	0
0.0463161	0.482648	0
0.0463296	0.00324671	0
0.0484239	0.502629	0
0.0490271	0.144764	0
0.0492305	0.0488263	0
0.0501779	0.227377	0
0.0500269	-0.0362552	0
0.049361	-0.159817	0
0.0506378	0.306449	0
0.0309317	-4.72948	0
0.0298553	-0.25834	0
0.0315422	0.404875	0
0.0316501	0.0258938	0
0.0329979	0.32347	0
0.0316999	-0.311529	0
0.0319236	0.0536965	0
0.0248041	-1.70868	0
0.0142315	-2.53745	0
0.00960612	-1.11008	0
0.00738634	-0.532749	0
0.00751784	0.0315609	0
0.0070964	-0.101145	0
0.00684906	-0.0593616	0
0.00582371	-0.246084	0
0.00610668	0.0679124	0
0.00377664	-0.559209	0
0.0055989	0.437341	0
-0.00642129	-2.88484	0
-0.0260823	-4.71863	0
-0.0412433	-3.63866	0
-0.0640731	-5.47915	0
-0.0832127	-4.5935	0
-0.100134	-4.06122	0
-0.112914	-3.06718	0
-0.12623	-3.19578	0
-0.134168	-1.90518	0
-0.145113	-2.62664	0
-0.154415	-2.23252	0
-0.151272	0.754243	0
-0.140502	2.58496	0
-0.130247	2.46112	0
-0.124856	1.29371	0
-0.116282	2.05793	0
-0.106665	2.30801	0
-0.0995822	1.69988	0
-0.0913131	1.98459	0
-0.0832047	1.94602	0
-0.0753485	1.88547	0
-0.0676916	1.83766	0
-0.0595651	1.95036	0
-0.0517121	1.88472	0
-0.0536108	-0.455686	0
-0.0489822	1.11087	0
-0.0441251	1.16569	0
-0.0382273	1.41549	0
-0.0324014	1.3982	0
-0.029541	0.686504	0
-0.0337233	-1.00376	0
-0.0321855	0.369077	0
-0.0406508	-2.03167	0
-0.0450692	-1.06041	0
-0.0558995	-2.59926	0
-0.0660952	-2.44697	0
-0.0639383	0.517647	0
-0.0655064	-0.376332	0
-0.0599948	1.32277	0
-0.0550351	1.19032	0
-0.0523221	0.651122	0
-0.0434373	2.13235	0
-0.0392066	1.01537	0
-0.0339695	1.2569	0
-0.0256411	1.99882	0
-0.0156445	2.3992	0
-0.00632069	2.23771	0
-5.23658e-05	1.5044	0
0.00541379	1.31188	0
0.00768529	0.54516	0
0.0108786	0.766402	0
0.0137881	0.69828	0
0.00388965	-2.37563	0
0.00550866	0.38856	0
0.00569448	0.044597	0
0.00824845	0.612953	0
0.00907947	0.199446	0
0.0116311	0.612399	0
0.0102083	-0.34149	0
0.0182355	1.92653	0
0.0283005	2.41561	0
0.0382106	2.37842	0
0.0479878	2.34652	0
0.0578488	2.36665	0
0.0676045	2.34136	0
0.0775869	2.3958	0
0.0877221	2.43243	0
0.0965478	2.11818	0
0.106895	2.4834	0
0.116384	2.27721	0
0.125988	2.30509	0
0.135797	2.35401	0
0.145446	2.31588	0
0.155425	2.39496	0
0.163887	2.03093	0
0.173924	2.40882	0
0.183689	2.34353	0
0.189892	1.48885	0
0.196581	1.60537	0
0.206	2.26043	0
0.215379	2.25105	0
0.22472	2.24171	0
0.234022	2.23241	0
0.241693	1.84124	0
0.24946	1.86405	0
0.257382	1.90127	0
0.265216	1.88017	0
0.273016	1.87185	0
0.280794	1.86684	0
0.288525	1.85553	0
0.296215	1.84556	0
0.303867	1.83635	0
0.296915	-1.66831	0
0.291995	-1.18091	0
0.288958	-0.728803	0
0.279629	-2.23905	0
0.270437	-2.20595	0
0.261284	-2.1968	0
0.253812	-1.79334	0
0.247866	-1.4269	0
0.243966	-0.936115	0
0.24212	-0.442947	0
0.241466	-0.156983	0
0.23472	-1.61909	0
0.231168	-0.852364	0
0.232375	0.289528	0
0.230155	-0.532827	0
0.227404	-0.660216	0
0.223757	-0.875331	0
0.220131	-0.870165	0
0.216582	-0.85168	0
0.213126	-0.829425	0
0.209767	-0.806133	0
0.206505	-0.782873	0
0.20334	-0.759659	0
0.200271	-0.736577	0
0.197297	-0.713746	0
0.194418	-0.69092	0
0.191639	-0.667014	0
0.188958	-0.643433	0
0.186378	-0.61918	0
0.183916	-0.590913	0
0.183184	-0.175609	0
0.181224	-0.470614	0
0.179872	-0.324356	0
0.178127	-0.41878	0
0.176074	-0.492767	0
0.17396	-0.507241	0
0.171884	-0.498287	0
0.169891	-0.478376	0
0.167932	-0.470096	0
0.165946	-0.476598	0
0.163952	-0.47875	0
0.161959	-0.478207	0
0.159973	-0.476676	0
0.157994	-0.47493	0
0.156022	-0.473317	0
0.154055	-0.471967	0
0.152093	-0.470896	0
0.150134	-0.470145	0
0.148169	-0.471807	0
0.146195	-0.473623	0
0.144215	-0.475352	0
0.142227	-0.477096	0
0.140215	-0.482699	0
0.138159	-0.49356	0
0.136041	-0.508206	0
0.133856	-0.524413	0
0.131605	-0.540409	0
0.12924	-0.567455	0
0.126768	-0.593417	0
0.124212	-0.613418	0
0.121592	-0.628642	0
0.118921	-0.641129	0
0.116205	-0.651866	0
0.113449	-0.661364	0
0.110658	-0.669951	0
0.107833	-0.677918	0
0.104977	-0.685362	0
0.102092	-0.692401	0
0.0991794	-0.699124	0
0.0962392	-0.705644	0
0.0932724	-0.712023	0
0.0902804	-0.718092	0
0.0872687	-0.722801	0
0.0842396	-0.72698	0
0.081194	-0.730948	0
0.0781312	-0.735087	0
0.0761346	-0.479174	0
0.0742805	-0.444983	0
0.0723406	-0.465575	0
0.0703238	-0.484023	0
0.0682427	-0.499469	0
0.0661018	-0.513833	0
0.0639024	-0.527838	0
0.0606136	-0.789314	0
0.0587348	-0.450908	0
0.0572474	-0.356982	0
0.0544941	-0.660796	0
0.051624	-0.688825	0
0.048818	-0.673429	0
0.0463108	-0.601726	0
0.0436743	-0.632779	0
0.0410095	-0.639536	0
0.0383789	-0.631351	0
0.0357796	-0.623837	0
0.0332166	-0.615114	0
0.0306856	-0.607453	0
0.03177	0.260272	0
0.0298625	-0.457809	0
0.0313337	0.353089	0
0.0329107	0.378484	0
0.035567	0.637515	0
0.0371842	0.388132	0
0.0394013	0.532093	0
0.0411798	0.426835	0
0.040067	-0.267069	0
0.0397148	-0.0845199	0
0.0413096	0.382754	0
0.0425372	0.294622	0
0.0418742	-0.15913	0
0.0429871	0.267096	0
0.0410681	-0.460555	0
0.0401545	-0.219273	0
0.0400558	-0.0236818	0
0.040269	0.0511617	0
0.0421403	0.449129	0
0.0306115	-2.76693	0
0.0329515	0.561613	0
0.0357116	0.662407	0
0.0296048	-1.46562	0
0.0217962	-1.87407	0
0.00196316	-4.75992	0
0.00177274	-0.0457007	0
0.00284193	0.256607	0
0.00360388	0.182868	0
0.00447741	0.209646	0
0.00553534	0.253903	0
0.00619159	0.1575	0
0.0081752	0.476068	0
-0.0166791	-5.96504	0
-0.0213269	-1.11547	0
-0.0200656	0.302717	0
-0.0175826	0.595916	0
-0.019071	-0.357199	0
-0.020696	-0.390016	0
-0.0197922	0.216913	0
-0.0260005	-1.48999	0
-0.0340607	-1.93446	0
-0.0275223	1.56923	0
-0.0250352	0.596916	0
-0.0320741	-1.68934	0
-0.0301808	0.454389	0
-0.0278517	0.55897	0
-0.0262756	0.378266	0
-0.0496181	-5.60218	0
-0.0479164	0.40841	0
-0.0399885	1.90269	0
-0.0342126	1.38622	0
-0.0239619	2.46016	0
-0.0176705	1.50994	0
-0.0374164	-4.73901	0
-0.0395439	-0.510607	0
-0.0428229	-0.786968	0
-0.0475098	-1.12485	0
-0.0454642	0.490961	0
-0.0505638	-1.22391	0
-0.072042	-5.15477	0
-0.0769918	-1.18795	0
-0.0760338	0.229933	0
-0.0758367	0.0473035	0
-0.0787058	-0.688599	0
-0.0928929	-3.40491	0
-0.0955722	-0.643019	0
-0.0976007	-0.486854	0
-0.0960647	0.368655	0
-0.0915068	1.09389	0
-0.0843412	1.71975	0
-0.0811641	0.762495	0
-0.0745053	1.59811	0
-0.0690469	1.31003	0
-0.0632542	1.39024	0
-0.0577316	1.32542	0
-0.0524261	1.27332	0
-0.0470867	1.28145	0
-0.0414964	1.34167	0
-0.0359138	1.33984	0
-0.0289363	1.6746	0
-0.0373403	-2.01696	0
-0.0307317	1.58605	0
-0.0271909	0.849796	0
-0.0382533	-2.65498	0
-0.0399214	-0.400346	0
-0.0406569	-0.176523	0
-0.0428321	-0.522027	0
-0.0459167	-0.740319	0
-0.0508211	-1.17704	0
-0.0572889	-1.55229	0
-0.0647108	-1.78124	0
-0.0639419	0.184519	0
-0.0590028	1.18541	0
-0.0523809	1.58924	0
-0.0440004	2.01134	0
-0.0404386	0.854813	0
-0.0344721	1.43196	0
-0.0268006	1.84116	0
-0.0186169	1.9641	0
-0.00869254	2.38184	0
-0.0100432	-0.324158	0
0.000135451	2.44288	0
0.0102765	2.43384	0
0.0203752	2.42369	0
0.0305248	2.43591	0
0.0405888	2.41535	0
0.0503562	2.3442	0
0.0598355	2.27502	0
0.069409	2.29765	0
0.0797706	2.48678	0
0.090082	2.47474	0
0.100028	2.38709	0
0.107483	1.78908	0
0.118071	2.5411	0
0.128017	2.38724	0
0.138463	2.50699	0
0.148555	2.42194	0
0.158948	2.49445	0
0.168261	2.23517	0
0.178754	2.51832	0
0.183327	1.09741	0
0.193488	2.43867	0
0.202919	2.26351	0
0.212195	2.22604	0
0.22036	1.95967	0
0.22968	2.23675	0
0.238961	2.22747	0
0.248203	2.21823	0
0.255243	1.6895	0
0.264418	2.20201	0
0.273555	2.19288	0
0.282654	2.18378	0
0.275977	-1.60255	0
0.272397	-0.859043	0
0.270862	-0.368499	0
0.264463	-1.5358	0
0.262504	-0.470078	0
0.262456	-0.0115023	0
0.264339	0.451802	0
0.260952	-0.812908	0
0.259421	-0.367264	0
0.259879	0.109916	0
0.259684	-0.0469552	0
0.260493	0.194229	0
0.254365	-1.47082	0
0.253421	-0.226417	0
0.252039	-0.331635	0
0.253118	0.258815	0
0.255403	0.548403	0
0.248693	-1.61025	0
0.250048	0.324964	0
0.249356	-0.165883	0
0.240883	-2.03361	0
0.239087	-0.431058	0
0.238234	-0.204775	0
0.239334	0.264066	0
0.24125	0.459815	0
0.248892	1.83405	0
0.258053	2.1988	0
0.267078	2.16593	0
0.276064	2.1567	0
0.285013	2.14769	0
0.293924	2.13872	0
0.302798	2.12967	0
0.311633	2.1203	0
0.310728	-0.217035	0
0.310918	0.0454788	0
0.310196	-0.173334	0
0.305913	-1.0277	0
0.302905	-0.721912	0
0.299707	-0.767563	0
0.296202	-0.841253	0
0.292422	-0.907139	0
0.288472	-0.948098	0
0.288478	0.0014092	0
0.282647	-1.39943	0
0.280127	-0.604747	0
0.28071	0.139989	0
0.285757	1.21116	0
0.294805	2.17163	0
0.296942	0.512816	0
0.300556	0.867312	0
0.305625	1.21661	0
0.307728	0.504624	0
0.310584	0.685606	0
0.312474	0.453512	0
0.313931	0.349697	0
0.3157	0.424475	0
0.317556	0.445636	0
0.319626	0.496611	0
0.316281	-0.802794	0
0.316709	0.10275	0
0.320999	1.02971	0
0.329901	2.13653	0
0.338767	2.12767	0
0.339107	0.0816272	0
0.338759	-0.0834631	0
0.33876	0.000136044	0
0.339167	0.0978106	0
0.340375	0.289799	0
0.341925	0.372176	0
0.340588	-0.320922	0
0.339569	-0.244707	0
0.338901	-0.160269	0
0.336502	-0.575717	0
0.334001	-0.600211	0
0.331058	-0.706271	0
0.327823	-0.776596	0
0.324527	-0.790966	0
0.32115	-0.810501	0
0.321943	0.190458	0
0.320951	-0.238057	0
0.326438	1.31686	0
0.325789	-0.15576	0
0.325825	0.00861909	0
0.332635	1.63441	0
0.334696	0.49463	0
0.33593	0.296196	0
0.336403	0.113483	0
0.336646	0.058197	0
0.33672	0.017936	0
0.336761	0.00981442	0
0.336778	0.00410339	0
0.336776	-0.00048098	0
0.33676	-0.00403963	0
0.336724	-0.00866671	0
0.335957	-0.183939	0
0.335031	-0.222201	0
0.333901	-0.271293	0
0.332639	-0.302742	0
0.330891	-0.41972	0
0.331537	0.1552	0
0.331127	-0.0985342	0
0.332563	0.344652	0
0.332074	-0.117325	0
0.331092	-0.235641	0
0.332162	0.256844	0
0.333827	0.399466	0
0.335681	0.445145	0
0.337668	0.476778	0
0.339329	0.39866	0
0.340883	0.373008	0
0.34236	0.354312	0
0.343756	0.335035	0
0.345041	0.308502	0
0.345071	0.00710266	0
0.344845	-0.0542597	0
0.344189	-0.157325	0
0.343235	-0.228957	0
0.341946	-0.309334	0
0.340284	-0.399025	0
0.33824	-0.490398	0
0.335659	-0.619478	0
0.332447	-0.770867	0
0.330857	-0.381698	0
0.328753	-0.504906	0
0.326942	-0.434701	0
0.32334	-0.864367	0
0.319204	-0.992637	0
0.314632	-1.09739	0
0.309763	-1.16856	0
0.304899	-1.16736	0
0.301846	-0.732543	0
0.298333	-0.843164	0
0.293786	-1.09124	0
0.294083	0.0712426	0
0.292656	-0.342475	0
0.29122	-0.344798	0
0.287598	-0.869214	0
0.286052	-0.371101	0
0.282285	-0.904051	0
0.283454	0.280631	0
0.284712	0.301808	0
0.291294	1.57979	0
0.300163	2.1286	0
0.304147	0.956022	0
0.309153	1.20151	0
0.3124	0.779252	0
0.315062	0.639016	0
0.317141	0.498777	0
0.318674	0.368052	0
0.31972	0.251012	0
0.32034	0.148867	0
0.320602	0.062878	0
0.321379	0.186277	0
0.324975	0.863168	0
0.321705	-0.784746	0
0.317802	-0.936745	0
0.313871	-0.943528	0
0.31055	-0.796874	0
0.308396	-0.517127	0
0.308559	0.0391956	0
0.311242	0.64395	0
0.3167	1.30984	0
0.32562	2.14081	0
0.33406	2.0257	0
0.335462	0.336486	0
0.336393	0.223467	0
0.336868	0.113852	0
0.335638	-0.295268	0
0.334786	-0.204484	0
0.333582	-0.28877	0
0.332421	-0.278773	0
0.3313	-0.268937	0
0.33023	-0.256857	0
0.32921	-0.244708	0
0.328241	-0.232767	0
0.32732	-0.220998	0
0.326448	-0.209249	0
0.325624	-0.197596	0
0.324848	-0.186307	0
0.324117	-0.1755	0
0.321474	-0.634214	0
0.317679	-0.910954	0
0.316129	-0.371918	0
0.310232	-1.41523	0
0.303462	-1.62492	0
0.30505	0.38105	0
0.307186	0.512716	0
0.313763	1.57857	0
0.322644	2.13132	0
0.331525	2.13153	0
0.33283	0.313097	0
0.334567	0.41687	0
0.336684	0.508145	0
0.33717	0.116658	0
0.335932	-0.29707	0
0.334661	-0.305032	0
0.333395	-0.303916	0
0.332159	-0.296651	0
0.330976	-0.283989	0
0.32985	-0.270151	0
0.328785	-0.255679	0
0.327781	-0.240791	0
0.326841	-0.22577	0
0.325962	-0.210869	0
0.325144	-0.1964	0
0.322485	-0.638025	0
0.318682	-0.912801	0
0.314374	-1.034	0
0.297363	-4.08261	0
0.287356	-2.40149	0
0.287168	-0.0453405	0
0.286695	-0.113395	0
0.28445	-0.538858	0
0.283693	-0.181607	0
0.28249	-0.288725	0
0.282972	0.11567	0
0.282074	-0.215465	0
0.280499	-0.378175	0
0.280432	-0.01598	0
0.282192	0.422463	0
0.268311	-3.33142	0
0.265579	-0.65565	0
0.265404	-0.0421503	0
0.263448	-0.469508	0
0.263514	0.0159424	0
0.262319	-0.286906	0
0.263619	0.312178	0
0.263069	-0.132074	0
0.262243	-0.198175	0
0.261347	-0.215204	0
0.258697	-0.635783	0
0.259384	0.164875	0
0.238494	-5.01361	0
0.230781	-1.8513	0
0.223452	-1.75895	0
0.224411	0.23019	0
0.22588	0.352584	0
0.225154	-0.174151	0
0.226228	0.257731	0
0.223833	-0.574943	0
0.225163	0.319205	0
0.212183	-3.11509	0
0.21238	0.0472381	0
0.203846	-2.04805	0
0.203149	-0.167341	0
0.203538	0.0933764	0
0.195877	-1.83865	0
0.183104	-3.0656	0
0.182523	-0.139365	0
0.184354	0.43942	0
0.186552	0.527533	0
0.182816	-0.896673	0
0.183839	0.24554	0
0.186203	0.567443	0
0.187876	0.401548	0
0.166001	-5.25016	0
0.166932	0.223516	0
0.168428	0.359126	0
0.169146	0.172218	0
0.156234	-3.09896	0
0.149885	-1.52375	0
0.15307	0.764564	0
0.153543	0.113433	0
0.15259	-0.22884	0
0.152005	-0.140325	0
0.154935	0.703318	0
0.162147	1.73079	0
0.169437	1.74957	0
0.177617	1.96323	0
0.184967	1.76407	0
0.192822	1.88515	0
0.196458	0.872581	0
0.197057	0.143917	0
0.198368	0.314577	0
0.205382	1.68342	0
0.213621	1.97729	0
0.222969	2.24346	0
0.232278	2.23415	0
0.241548	2.22488	0
0.25078	2.21565	0
0.259974	2.20646	0
0.269129	2.1973	0
0.276993	1.88728	0
0.284948	1.90934	0
0.293393	2.02662	0
0.301816	2.02153	0
0.310121	1.99331	0
0.31839	1.98458	0
0.32663	1.9776	0
0.334893	1.98309	0
0.343087	1.9665	0
0.351244	1.95781	0
0.357945	1.60824	0
0.366535	2.06139	0
0.361706	-1.15894	0
0.357202	-1.08091	0
0.349874	-1.75858	0
0.344758	-1.22802	0
0.337891	-1.6479	0
0.331731	-1.4785	0
0.327538	-1.00623	0
0.323403	-0.992531	0
0.31871	-1.12624	0
0.314682	-0.96679	0
0.311427	-0.78106	0
0.309042	-0.572469	0
0.307605	-0.345018	0
0.308446	0.202008	0
0.302895	-1.3323	0
0.303342	0.107318	0
0.303499	0.0377219	0
0.303787	0.0690919	0
0.280004	-5.70792	0
0.277467	-0.609043	0
0.278071	0.145024	0
0.277829	-0.0580265	0
0.277114	-0.171658	0
0.278048	0.224272	0
0.26296	-3.62126	0
0.259032	-0.942544	0
0.258897	-0.0326015	0
0.235553	-5.6025	0
0.233057	-0.599066	0
0.234316	0.302331	0
0.23518	0.207328	0
0.236747	0.375978	0
0.237415	0.160349	0
0.212243	-6.04132	0
0.178449	-8.11041	0
0.157938	-4.92265	0
0.140804	-4.11236	0
0.140192	-0.146676	0
0.14096	0.184121	0
0.139996	-0.231358	0
0.140861	0.207594	0
0.140433	-0.102696	0
0.142349	0.459921	0
0.144633	0.548163	0
0.142132	-0.600243	0
0.139789	-0.562374	0
0.139906	0.0282013	0
0.141374	0.352149	0
0.142788	0.339559	0
0.146021	0.775699	0
0.134034	-2.87677	0
0.140301	1.50406	0
0.141461	0.278316	0
0.128821	-3.03339	0
0.120318	-2.04095	0
0.0764434	-10.5298	0
0.0549635	-5.15517	0
0.0592967	1.03996	0
0.0617368	0.585637	0
0.0386832	-5.53289	0
0.0411824	0.599811	0
-0.0126198	-12.9125	0
-0.0367613	-5.79396	0
-0.0669141	-7.23665	0
-0.0648595	0.493103	0
-0.0626856	0.521724	0
-0.0566051	1.45932	0
-0.0539934	0.626818	0
-0.0489219	1.21717	0
-0.0439581	1.19129	0
-0.0379803	1.43468	0
-0.0310037	1.67439	0
-0.0220463	2.14976	0
-0.00936138	3.04439	0
-0.00986408	-0.12065	0
-0.00660439	0.782327	0
-0.00135763	1.25922	0
-0.0065113	-1.23688	0
-0.0257283	-4.61209	0
-0.0128753	3.08473	0
-0.00654821	1.5185	0
0.00092296	1.79308	0
0.00255367	0.391372	0
0.00498459	0.58342	0
0.00810391	0.748635	0
0.00936681	0.303097	0
0.000291323	-2.17812	0
0.00421899	0.94264	0
0.00574626	0.366544	0
0.00455147	-0.286748	0
-0.00158426	-1.47258	0
-0.0255161	-5.74364	0
-0.0233481	0.520311	0
-0.0228294	0.124503	0
-0.0230925	-0.0631612	0
-0.0154855	1.82569	0
-0.00563366	2.36444	0
0.00579957	2.74398	0
0.016735	2.6245	0
0.0242831	1.81154	0
0.0282396	0.949564	0
0.0281236	-0.0278239	0
0.027655	-0.112479	0
0.0272187	-0.104704	0
0.0267774	-0.105906	0
0.0263165	-0.110631	0
0.0258239	-0.118211	0
0.0252893	-0.128305	0
0.0246869	-0.144585	0
0.024043	-0.154527	0
0.0233602	-0.163885	0
0.0226333	-0.174438	0
0.021867	-0.183933	0
0.0210665	-0.1921	0
0.0202372	-0.19905	0
0.019384	-0.204757	0
0.0185125	-0.209162	0
0.0176291	-0.212021	0
0.0167358	-0.214386	0
0.015838	-0.215482	0
0.0149432	-0.21474	0
0.0140607	-0.211798	0
0.013197	-0.2073	0
0.0114939	-0.408733	0
0.00929769	-0.527096	0
0.00869619	-0.144359	0
0.00612825	-0.616307	0
0.00540425	-0.173758	0
0.00471092	-0.166399	0
0.00404877	-0.158916	0
0.00342263	-0.150274	0
0.0028343	-0.141199	0
0.00228585	-0.131628	0
0.00177913	-0.121614	0
0.00131565	-0.111234	0
0.000896687	-0.100551	0
0.000522961	-0.0896942	0
-0.0128916	-3.21951	0
-0.0132372	-0.0829312	0
-0.0134404	-0.0487722	0
-0.0135688	-0.0308061	0
-0.0136417	-0.0175064	0
-0.0136656	-0.00572173	0
-0.0136409	0.00592747	0
-0.0135655	0.0180896	0
-0.0134407	0.0299355	0
-0.0132691	0.0411919	0
-0.0130553	0.0513221	0
-0.0128051	0.0600442	0
-0.0125478	0.0617512	0
-0.0123062	0.0579875	0
-0.0120759	0.0552572	0
-0.0118473	0.0548656	0
-0.0116141	0.0559686	0
-0.0117725	-0.0380019	0
-0.0113727	0.0959463	0
-0.0120873	-0.171507	0
-0.0110717	0.243748	0
-0.0191125	-1.92979	0
-0.0190945	0.00431882	0
-0.0188744	0.0528307	0
-0.0187797	0.0227127	0
-0.01876	0.00474317	0
-0.0187988	-0.0093222	0
-0.0188886	-0.0215423	0
-0.0190254	-0.0328506	0
-0.0192073	-0.0436502	0
-0.0194329	-0.0541433	0
-0.0197014	-0.0644499	0
-0.0200125	-0.0746432	0
-0.0203657	-0.0847679	0
-0.0207609	-0.094851	0
-0.021198	-0.104908	0
-0.0216769	-0.114949	0
-0.0221932	-0.123904	0
-0.0227452	-0.132477	0
-0.0233322	-0.140878	0
-0.0239539	-0.149219	0
-0.0246103	-0.157533	0
-0.0253013	-0.165832	0
-0.026026	-0.173937	0
-0.0267742	-0.179564	0
-0.0275502	-0.186229	0
-0.0283554	-0.193245	0
-0.0291866	-0.199494	0
-0.0300328	-0.203103	0
-0.0308805	-0.203441	0
-0.031715	-0.200266	0
-0.0325211	-0.193474	0
-0.0332838	-0.183038	0
-0.0341473	-0.207249	0
-0.0346326	-0.116469	0
-0.0353931	-0.182519	0
-0.0357438	-0.0841636	0
-0.0363801	-0.152724	0
-0.0366396	-0.0622787	0
-0.0371585	-0.124532	0
-0.0380078	-0.203839	0
-0.0369221	0.260571	0
-0.0401088	-0.764802	0
-0.0400851	0.0056879	0
-0.0398904	0.0467097	0
-0.0380692	0.437103	0
-0.0572099	-4.59378	0
-0.0568488	0.0866776	0
-0.0563396	0.122207	0
-0.0568725	-0.127907	0
-0.0546438	0.534909	0
-0.0718598	-4.13185	0
-0.0711258	0.176163	0
-0.0703144	0.194722	0
-0.0678776	0.584853	0
-0.0790328	-2.67727	0
-0.0787743	0.0620453	0
-0.0773151	0.350218	0
-0.0737501	0.855582	0
-0.0717283	0.485238	0
-0.0868941	-3.63979	0
-0.0864688	0.102087	0
-0.0853232	0.274922	0
-0.0840766	0.299186	0
-0.0837675	0.0741981	0
-0.0808886	0.690932	0
-0.0781502	0.657221	0
-0.0761957	0.469078	0
-0.0767514	-0.133362	0
-0.0757943	0.22969	0
-0.0766631	-0.208503	0
-0.0778735	-0.290494	0
-0.0783087	-0.104448	0
-0.0793795	-0.256999	0
-0.0792846	0.0227872	0
-0.0800989	-0.195434	0
-0.0774922	0.625613	0
-0.0919755	-3.47599	0
-0.0901152	0.446463	0
-0.0888901	0.294019	0
-0.108343	-4.66868	0
-0.119729	-2.73259	0
-0.119106	0.149347	0
-0.117219	0.452931	0
-0.122055	-1.16057	0
-0.122052	0.00078687	0
-0.121379	0.161433	0
-0.11926	0.508651	0
-0.117127	0.511811	0
-0.115015	0.50699	0
-0.112929	0.500507	0
-0.110873	0.493575	0
-0.110506	0.0880893	0
-0.111379	-0.20967	0
-0.109077	0.552644	0
-0.108025	0.252289	0
-0.105615	0.578538	0
-0.12276	-4.11478	0
-0.122162	0.143333	0
-0.134983	-3.07698	0
-0.132476	0.601672	0
-0.138605	-1.47089	0
-0.136597	0.481895	0
-0.134861	0.416556	0
-0.131836	0.726186	0
-0.143023	-2.68489	0
-0.140849	0.521615	0
-0.145845	-1.19907	0
-0.14273	0.747733	0
-0.139207	0.845494	0
-0.134489	1.13236	0
-0.128072	1.53992	0
-0.116929	2.67441	0
-0.10621	2.57264	0
-0.097152	2.17386	0
-0.0922108	1.18588	0
-0.0884905	0.892874	0
-0.0835799	1.17856	0
-0.0779055	1.36184	0
-0.0708103	1.70286	0
-0.0676191	0.765881	0
-0.0816292	-3.36243	0
-0.0796666	0.471046	0
-0.104755	-6.0213	0
-0.103531	0.293845	0
-0.0995241	0.961648	0
-0.0953439	1.00324	0
-0.0915708	0.905557	0
-0.088506	0.735538	0
-0.0863386	0.520179	0
-0.078038	1.99216	0
-0.0707142	1.75769	0
-0.0634893	1.73399	0
-0.0570259	1.55121	0
-0.048697	1.99895	0
-0.0439623	1.13632	0
-0.041986	0.474324	0
-0.0417359	0.0600136	0
-0.0391927	0.610362	0
-0.0364272	0.663722	0
-0.030065	1.52694	0
-0.0213872	2.08266	0
-0.0124711	2.13987	0
-0.00368121	2.10958	0
0.00656823	2.45986	0
0.0167751	2.44966	0
0.02646	2.32437	0
0.0351463	2.08471	0
0.0444619	2.23573	0
0.0545115	2.41192	0
0.0643073	2.35099	0
0.0737336	2.2623	0
0.0834686	2.33642	0
0.0934261	2.38979	0
0.103062	2.31273	0
0.11263	2.29625	0
0.121559	2.14301	0
0.130544	2.15637	0
0.140111	2.29599	0
0.149488	2.25045	0
0.15903	2.29003	0
0.168604	2.29783	0
0.178138	2.28829	0
0.187448	2.2344	0
0.196905	2.26953	0
0.206322	2.26011	0
0.215063	2.09795	0
0.223796	2.0958	0
0.232466	2.0809	0
0.241162	2.08706	0
0.249839	2.08231	0
0.258422	2.05993	0
0.265156	1.61634	0
0.272959	1.87269	0
0.280764	1.87302	0
0.289833	2.1766	0
0.298495	2.07897	0
0.304981	1.55663	0
0.312068	1.70096	0
0.318546	1.55471	0
0.325297	1.62005	0
0.334181	2.13225	0
0.341285	1.70508	0
0.348202	1.65992	0
0.355105	1.65675	0
0.361472	1.52804	0
0.352789	-2.08386	0
0.351088	-0.408225	0
0.349912	-0.282264	0
0.348128	-0.428172	0
0.342747	-1.29147	0
0.337999	-1.13945	0
0.330367	-1.8316	0
0.324135	-1.49568	0
0.315816	-1.99658	0
0.309043	-1.62561	0
0.304116	-1.18245	0
0.296968	-1.7156	0
0.288659	-1.99414	0
0.28888	0.053128	0
0.285431	-0.827751	0
0.284527	-0.216938	0
0.28878	1.02052	0
0.294362	1.33978	0
0.290586	-0.906304	0
0.287994	-0.621999	0
0.289772	0.426629	0
0.292941	0.760573	0
0.29287	-0.0168869	0
0.294102	0.29565	0
0.293776	-0.0783676	0
0.291127	-0.635773	0
0.287888	-0.777389	0
0.289379	0.357906	0
0.295489	1.46655	0
0.291063	-1.06223	0
0.287967	-0.743088	0
0.286308	-0.398237	0
0.290233	0.941993	0
0.285656	-1.09848	0
0.286235	0.138985	0
0.288396	0.518717	0
0.284263	-0.991979	0
0.281648	-0.627616	0
0.280612	-0.248709	0
0.280851	0.0575248	0
0.278747	-0.505025	0
0.278721	-0.00633426	0
0.280047	0.318356	0
0.277906	-0.513831	0
0.275757	-0.51573	0
0.273418	-0.561528	0
0.2709	-0.60438	0
0.268284	-0.627761	0
0.265593	-0.645881	0
0.262821	-0.665287	0
0.259966	-0.685207	0
0.257788	-0.522539	0
0.255284	-0.600961	0
0.251963	-0.797018	0
0.248576	-0.812964	0
0.245125	-0.828229	0
0.241614	-0.842601	0
0.238054	-0.854572	0
0.234484	-0.85675	0
0.230906	-0.858607	0
0.227307	-0.863809	0
0.223689	-0.868259	0
0.22007	-0.86874	0
0.216445	-0.86981	0
0.212809	-0.872782	0
0.209181	-0.87077	0
0.205577	-0.864966	0
0.202007	-0.856678	0
0.19848	-0.846601	0
0.195	-0.835186	0
0.191572	-0.822566	0
0.188203	-0.808586	0
0.184893	-0.794475	0
0.18164	-0.780762	0
0.17844	-0.76784	0
0.175297	-0.754295	0
0.173536	-0.422647	0
0.170902	-0.632254	0
0.167183	-0.892601	0
0.163957	-0.774219	0
0.160695	-0.782955	0
0.157977	-0.652196	0
0.154744	-0.775965	0
0.152045	-0.64781	0
0.149178	-0.688012	0
0.146188	-0.71757	0
0.143133	-0.733156	0
0.140049	-0.740323	0
0.13684	-0.770004	0
0.13364	-0.768007	0
0.130369	-0.785076	0
0.127126	-0.778313	0
0.123845	-0.787437	0
0.120625	-0.772912	0
0.117447	-0.762725	0
0.114316	-0.751388	0
0.114635	0.0766253	0
0.111521	-0.747421	0
0.111501	-0.00488295	0
0.110751	-0.179842	0
0.110398	-0.0847769	0
0.110839	0.105903	0
0.10918	-0.398279	0
0.109204	0.0059254	0
0.106933	-0.545123	0
0.105964	-0.232592	0
0.107142	0.282629	0
0.107276	0.0323355	0
0.107527	0.0601382	0
0.108824	0.311372	0
0.107607	-0.292082	0
0.107946	0.0813174	0
0.10941	0.351423	0
0.109906	0.119071	0
0.111793	0.452807	0
0.102016	-2.34646	0
0.0926977	-2.23644	0
0.0840019	-2.08699	0
0.0856856	0.404083	0
0.084972	-0.171258	0
0.0858052	0.19996	0
0.0858469	0.00999294	0
0.0861487	0.0724434	0
0.0868238	0.162021	0
0.0821491	-1.12191	0
0.0681471	-3.36048	0
0.0581786	-2.39245	0
0.0576155	-0.135135	0
0.0571755	-0.105612	0
0.0567489	-0.102389	0
0.0511492	-1.34393	0
0.0530354	0.452702	0
0.0388224	-3.41113	0
0.030793	-1.92706	0
0.031408	0.147607	0
0.0323196	0.21879	0
0.0312778	-0.250041	0
0.0331561	0.450803	0
0.035013	0.445644	0
0.0142456	-4.98417	0
0.00725958	-1.67664	0
0.00723901	-0.00493603	0
0.00788898	0.155992	0
0.00616528	-0.413687	0
0.0065554	0.0936278	0
0.00726296	0.169815	0
0.0154287	1.95978	0
0.0265886	2.67836	0
0.0333885	1.63199	0
0.0340825	0.166562	0
0.0457884	2.80939	0
0.0536587	1.88888	0
0.0581952	1.08876	0
0.0627394	1.0906	0
0.0626883	-0.0122492	0
0.0669181	1.01515	0
0.0674199	0.120421	0
0.0685317	0.266844	0
0.0439102	-5.90918	0
0.00984613	-8.17537	0
-0.0005929	-2.50537	0
-0.0222487	-5.19738	0
-0.0296266	-1.77071	0
-0.045318	-3.76592	0
-0.0439526	0.327681	0
-0.0392755	1.12251	0
-0.0334673	1.39397	0
-0.0260637	1.77686	0
-0.0202336	1.39923	0
-0.0106478	2.3006	0
-0.00744156	0.769498	0
-0.00349089	0.94816	0
0.00203905	1.32719	0
0.011388	2.24374	0
0.014275	0.6929	0
0.0191194	1.16264	0
0.0236079	1.07724	0
0.0276905	0.979834	0
0.0309612	0.784968	0
0.0327455	0.428239	0
0.03264	-0.0253254	0
0.0290006	-0.873474	0
0.0259791	-0.725152	0
0.0399078	3.34288	0
0.0506628	2.58121	0
0.0536008	0.705109	0
0.046762	-1.64129	0
0.0480073	0.298859	0
0.0381377	-2.36869	0
0.0309527	-1.7244	0
0.0322116	0.302137	0
0.00592724	-6.30826	0
0.00714077	0.291248	0
0.00942001	0.547016	0
-0.0221517	-7.57721	0
-0.021139	0.243043	0
-0.0392058	-4.33603	0
-0.0497429	-2.5289	0
-0.0558219	-1.45895	0
-0.0529531	0.688507	0
-0.0502583	0.646745	0
-0.0468862	0.809301	0
-0.0439611	0.702031	0
-0.0436708	0.0696733	0
-0.0457125	-0.490013	0
-0.0547674	-2.17318	0
-0.0527609	0.48156	0
-0.0546006	-0.441509	0
-0.0717684	-4.12028	0
-0.0719706	-0.0485238	0
-0.0723908	-0.100861	0
-0.0724844	-0.0224621	0
-0.0721343	0.0840263	0
-0.0725528	-0.10043	0
-0.0736983	-0.274924	0
-0.0823555	-2.07774	0
-0.0790843	0.785086	0
-0.0749853	0.983758	0
-0.0684817	1.56086	0
-0.0617958	1.60464	0
-0.0559165	1.41101	0
-0.0513182	1.10361	0
-0.0483529	0.711665	0
-0.0471882	0.279532	0
-0.0460918	0.263141	0
-0.0449055	0.284692	0
-0.0433408	0.375532	0
-0.0417799	0.374621	0
-0.0445137	-0.656107	0
-0.0421276	0.572672	0
-0.0402512	0.45033	0
-0.0490477	-2.11116	0
-0.0536929	-1.11485	0
-0.0525001	0.286272	0
-0.0564159	-0.939799	0
-0.0602601	-0.922609	0
-0.0660775	-1.39616	0
-0.0713151	-1.25702	0
-0.070272	0.250332	0
-0.068638	0.39216	0
-0.0662239	0.579387	0
-0.0639174	0.553567	0
-0.072552	-2.07231	0
-0.070024	0.606713	0
-0.074974	-1.188	0
-0.0759809	-0.241639	0
-0.0911256	-3.63475	0
-0.0888356	0.549608	0
-0.114952	-6.26793	0
-0.137384	-5.38371	0
-0.172527	-8.43419	0
-0.210555	-9.12679	0
-0.206901	0.877034	0
-0.198717	1.96405	0
-0.191631	1.70067	0
-0.198359	-1.6147	0
-0.191174	1.72425	0
-0.187659	0.843643	0
-0.189473	-0.435385	0
-0.195512	-1.44931	0
-0.204119	-2.06577	0
-0.204976	-0.205607	0
-0.205635	-0.158199	0
-0.212698	-1.69507	0
-0.208842	0.925428	0
-0.204586	1.02138	0
-0.199735	1.16437	0
-0.195269	1.0717	0
-0.190299	1.19284	0
-0.187261	0.729215	0
-0.188581	-0.3168	0
-0.192787	-1.00946	0
-0.19356	-0.185442	0
-0.19254	0.244618	0
-0.196009	-0.832366	0
-0.200629	-1.10887	0
-0.19849	0.513331	0
-0.20409	-1.34412	0
-0.209438	-1.28351	0
-0.213729	-1.02982	0
-0.216862	-0.751837	0
-0.21834	-0.354829	0
-0.218031	0.0741487	0
-0.215489	0.61031	0
-0.213659	0.439187	0
-0.211932	0.414344	0
-0.213825	-0.454254	0
-0.208679	1.23512	0
-0.200849	1.8791	0
-0.194957	1.41394	0
-0.190526	1.06345	0
-0.189207	0.316748	0
-0.185634	0.857422	0
-0.180939	1.12688	0
-0.176058	1.17144	0
-0.172321	0.896805	0
-0.188465	-3.87456	0
-0.209223	-4.98191	0
-0.205976	0.779254	0
-0.202552	0.82178	0
-0.217881	-3.67902	0
-0.224644	-1.62312	0
-0.220556	0.981179	0
-0.216357	1.00776	0
-0.215484	0.209607	0
-0.208917	1.5761	0
-0.199031	2.37261	0
-0.189532	2.27958	0
-0.179814	2.33237	0
-0.170256	2.29386	0
-0.160899	2.24586	0
-0.151185	2.3312	0
-0.141189	2.39925	0
-0.132037	2.19638	0
-0.12168	2.48571	0
-0.111918	2.3428	0
-0.102086	2.35961	0
-0.0933086	2.10669	0
-0.0840708	2.21707	0
-0.0744885	2.29975	0
-0.0649643	2.2858	0
-0.0544606	2.52089	0
-0.045071	2.25349	0
-0.0355336	2.28897	0
-0.0258426	2.32585	0
-0.0155611	2.46756	0
-0.00528493	2.46627	0
0.00504332	2.47878	0
0.0152566	2.45118	0
0.0254274	2.44101	0
0.0355561	2.43088	0
0.0452161	2.31841	0
0.0549867	2.34495	0
0.0649927	2.40144	0
0.0749572	2.39148	0
0.0846524	2.32683	0
0.0941022	2.26797	0
0.103823	2.33298	0
0.11327	2.26721	0
0.122025	2.10139	0
0.130963	2.14501	0
0.14106	2.42322	0
0.150149	2.18132	0
0.158988	2.1214	0
0.168176	2.20529	0
0.177309	2.19179	0
0.186657	2.24365	0
0.196082	2.26185	0
0.205513	2.26348	0
0.213422	1.89807	0
0.221488	1.936	0
0.229992	2.04085	0
0.238664	2.08136	0
0.247467	2.11277	0
0.256268	2.11225	0
0.265004	2.09662	0
0.273669	2.07961	0
0.282268	2.0636	0
0.290803	2.04838	0
0.299474	2.08122	0
0.307516	1.92989	0
0.314909	1.77431	0
0.321876	1.67218	0
0.327939	1.45506	0
0.333463	1.32595	0
0.338559	1.22303	0
0.343212	1.11668	0
0.34733	0.988176	0
0.351261	0.943449	0
0.354262	0.720325	0
0.356272	0.482286	0
0.357219	0.227462	0
0.357071	-0.0355237	0
0.355823	-0.299574	0
0.353487	-0.560621	0
0.350095	-0.814177	0
0.345697	-1.05557	0
0.340383	-1.27519	0
0.334497	-1.41268	0
0.328215	-1.5076	0
0.324306	-0.938288	0
0.322264	-0.489957	0
0.321222	-0.250234	0
0.315172	-1.45196	0
0.310495	-1.12251	0
0.305419	-1.21817	0
0.299835	-1.34029	0
0.294265	-1.33666	0
0.288899	-1.28798	0
0.283849	-1.21179	0
0.279211	-1.11315	0
0.275018	-1.00641	0
0.2713	-0.892408	0
0.268124	-0.762171	0
0.265717	-0.577661	0
0.261899	-0.916396	0
0.256703	-1.24687	0
0.251904	-1.1519	0
0.247646	-1.02184	0
0.244547	-0.74367	0
0.241394	-0.75691	0
0.238734	-0.638246	0
0.246229	1.79866	0
0.24448	-0.419763	0
0.244402	-0.0186341	0
0.246033	0.391373	0
0.249371	0.801256	0
0.250823	0.348511	0
0.252793	0.472732	0
0.254961	0.520386	0
0.257196	0.536176	0
0.25947	0.545949	0
0.261771	0.55205	0
0.264079	0.554141	0
0.266378	0.551659	0
0.268646	0.544433	0
0.270866	0.532646	0
0.266658	-1.00985	0
0.263003	-0.877318	0
0.260008	-0.718671	0
0.2572	-0.673875	0
0.254515	-0.644388	0
0.251811	-0.649149	0
0.248999	-0.67486	0
0.246136	-0.687101	0
0.243318	-0.676199	0
0.240529	-0.669448	0
0.237772	-0.661557	0
0.235047	-0.654052	0
0.232352	-0.646918	0
0.229684	-0.640143	0
0.227044	-0.633727	0
0.224429	-0.627676	0
0.221837	-0.621997	0
0.217427	-1.05837	0
0.215512	-0.459636	0
0.213719	-0.430272	0
0.212541	-0.282763	0
0.211819	-0.173208	0
0.21094	-0.210987	0
0.207588	-0.804543	0
0.205192	-0.574924	0
0.203034	-0.518048	0
0.200697	-0.560742	0
0.198294	-0.576904	0
0.195859	-0.584277	0
0.193418	-0.585937	0
0.190983	-0.58435	0
0.188562	-0.581116	0
0.186276	-0.54846	0
0.183975	-0.552413	0
0.181439	-0.608576	0
0.179503	-0.464563	0
0.177237	-0.544011	0
0.175363	-0.449746	0
0.173372	-0.477752	0
0.171319	-0.492674	0
0.169233	-0.500599	0
0.167137	-0.503123	0
0.165046	-0.501925	0
0.162971	-0.497965	0
0.160917	-0.492844	0
0.1572	-0.892032	0
0.160961	0.902627	0
0.165185	1.01372	0
0.16799	0.673248	0
0.154169	-3.31709	0
0.13452	-4.71587	0
0.139752	1.2558	0
0.140451	0.167611	0
0.140369	-0.0196296	0
0.121384	-4.55626	0
0.118381	-0.720726	0
0.105212	-3.16072	0
0.106661	0.347735	0
0.105077	-0.380076	0
0.10245	-0.63047	0
0.101818	-0.151742	0
0.10387	0.492593	0
0.107206	0.80051	0
0.110922	0.891789	0
0.0799725	-7.42777	0
0.0817885	0.435845	0
0.0841356	0.563308	0
0.0856832	0.371435	0
0.0696787	-3.8411	0
0.0697905	0.0268418	0
0.0710632	0.305451	0
0.0448938	-6.28065	0
0.045603	0.170196	0
0.0459689	0.0878107	0
0.0443171	-0.396416	0
0.0279888	-3.91881	0
-0.00975859	-9.05936	0
-0.030163	-4.89706	0
-0.072805	-10.2341	0
-0.0722322	0.137475	0
-0.0681726	0.974309	0
-0.0683333	-0.0385775	0
-0.0624734	1.40639	0
-0.0596054	0.688311	0
-0.0660629	-1.54979	0
-0.0617958	1.0241	0
-0.0503753	2.74092	0
-0.0388691	2.76149	0
-0.0320393	1.63914	0
-0.0243647	1.84191	0
-0.0171646	1.72802	0
-0.0108154	1.52381	0
-0.00544994	1.28772	0
-0.00114384	1.03346	0
0.00141557	0.614259	0
0.00232711	0.218769	0
-0.000357925	-0.644407	0
-0.00673663	-1.53089	0
-0.00749528	-0.182075	0
-0.0115632	-0.976311	0
-0.0177676	-1.48906	0
-0.0361578	-4.41363	0
-0.044903	-2.09886	0
-0.0371619	1.85786	0
-0.0279007	2.2227	0
-0.0196406	1.98241	0
-0.0133916	1.49975	0
-0.00587067	1.80503	0
0.00450671	2.49057	0
0.0148822	2.49013	0
0.0199639	1.2196	0
0.030422	2.50995	0
0.0410927	2.56096	0
0.0517148	2.54932	0
0.0623757	2.5586	0
0.0729559	2.53926	0
0.0835881	2.55172	0
0.0893076	1.37267	0
0.0985057	2.20755	0
0.105227	1.61312	0
0.111927	1.60805	0
0.121274	2.24324	0
0.131639	2.48767	0
0.141941	2.47253	0
0.151587	2.31485	0
0.161917	2.47931	0
0.171479	2.29495	0
0.181855	2.49015	0
0.191335	2.2751	0
0.200775	2.26566	0
0.210176	2.25626	0
0.219538	2.24689	0
0.228861	2.23757	0
0.23553	1.60042	0
0.244787	2.22165	0
0.254005	2.21243	0
0.263185	2.20325	0
0.272327	2.19411	0
0.279072	1.6188	0
0.288049	2.15444	0
0.287931	-0.0282922	0
0.288639	0.169775	0
0.282477	-1.47878	0
0.275843	-1.59212	0
0.270653	-1.24557	0
0.262875	-1.86678	0
0.259965	-0.698477	0
0.258594	-0.328989	0
0.258605	0.0025693	0
0.253734	-1.16906	0
0.251358	-0.570104	0
0.249927	-0.343568	0
0.249024	-0.216677	0
0.248258	-0.183857	0
0.244074	-1.00396	0
0.241525	-0.611938	0
0.239171	-0.564848	0
0.232747	-1.54181	0
0.23136	-0.332765	0
0.231486	0.0301061	0
0.23328	0.430617	0
0.228028	-1.26055	0
0.229362	0.320273	0
0.229857	0.11878	0
0.228973	-0.212299	0
0.226121	-0.68449	0
0.224102	-0.484449	0
0.222899	-0.288624	0
0.223075	0.0421111	0
0.222605	-0.112732	0
0.223074	0.112449	0
0.232382	2.23405	0
0.241652	2.22478	0
0.250766	2.18739	0
0.259836	2.17662	0
0.268869	2.16808	0
0.277875	2.16138	0
0.279746	0.448972	0
0.284415	1.12052	0
0.283367	-0.251452	0
0.283234	-0.0319933	0
0.283882	0.15571	0
0.285314	0.343633	0
0.285668	0.0849535	0
0.288742	0.737626	0
0.288263	-0.11485	0
0.287961	-0.0724388	0
0.286983	-0.234755	0
0.277234	-2.33976	0
0.276355	-0.210991	0
0.274447	-0.457883	0
0.272305	-0.513985	0
0.268786	-0.84472	0
0.265203	-0.859882	0
0.261615	-0.861211	0
0.258012	-0.864544	0
0.254395	-0.868249	0
0.250759	-0.872651	0
0.247504	-0.781169	0
0.246188	-0.315849	0
0.243035	-0.756575	0
0.241278	-0.421665	0
0.240173	-0.265342	0
0.237793	-0.571098	0
0.235121	-0.641375	0
0.230955	-0.999711	0
0.227486	-0.83262	0
0.225426	-0.494371	0
0.215327	-2.42391	0
0.213382	-0.466773	0
0.212721	-0.158545	0
0.210146	-0.618092	0
0.208982	-0.279264	0
0.205961	-0.725097	0
0.202793	-0.76018	0
0.200164	-0.630977	0
0.198264	-0.456099	0
0.196035	-0.534973	0
0.192773	-0.782773	0
0.190879	-0.454613	0
0.190173	-0.169456	0
0.189839	-0.080285	0
0.186202	-0.872748	0
0.186476	0.0656906	0
0.18313	-0.802982	0
0.179638	-0.838175	0
0.178534	-0.264967	0
0.177592	-0.225961	0
0.175748	-0.44248	0
0.172223	-0.846171	0
0.170468	-0.421081	0
0.168094	-0.569819	0
0.165924	-0.52085	0
0.165815	-0.0261896	0
0.153681	-2.91206	0
0.151834	-0.443183	0
0.145401	-1.54404	0
0.141776	-0.870042	0
0.140336	-0.345514	0
0.140612	0.066233	0
0.133062	-1.81197	0
0.13185	-0.29103	0
0.132592	0.178222	0
0.132196	-0.0951817	0
0.12887	-0.798065	0
0.126186	-0.644168	0
0.123119	-0.736278	0
0.122514	-0.145061	0
0.111191	-2.71748	0
0.0953856	-3.79337	0
0.0922927	-0.742282	0
0.0931421	0.203854	0
0.0890338	-0.98599	0
0.0853449	-0.885348	0
0.0832313	-0.507263	0
0.0806772	-0.612974	0
0.0777164	-0.710596	0
0.0785121	0.190974	0
0.059905	-4.46572	0
0.0285466	-7.52602	0
0.015644	-3.0966	0
0.00573372	-2.37848	0
0.00378155	-0.468521	0
0.00502758	0.299047	0
0.00549973	0.113317	0
-0.00399422	-2.27855	0
-0.0050303	-0.248659	0
-0.0170135	-2.87596	0
-0.0159494	0.255384	0
-0.0150016	0.227465	0
-0.0283316	-3.19921	0
-0.0279596	0.0892784	0
-0.025697	0.543039	0
-0.0580096	-7.75503	0
-0.0578063	0.0487972	0
-0.0696199	-2.83526	0
-0.0695373	0.0198226	0
-0.067041	0.599102	0
-0.0657053	0.320585	0
-0.0683269	-0.629191	0
-0.0991023	-7.38609	0
-0.122637	-5.64825	0
-0.132636	-2.39976	0
-0.126996	1.35351	0
-0.121181	1.3957	0
-0.123215	-0.488256	0
-0.115522	1.84624	0
-0.118014	-0.597953	0
-0.114686	0.798566	0
-0.106637	1.93181	0
-0.0989715	1.83977	0
-0.0978901	0.259551	0
-0.0943224	0.856232	0
-0.0846286	2.32652	0
-0.0867224	-0.502509	0
-0.0780389	2.08403	0
-0.0723098	1.37498	0
-0.0704326	0.450535	0
-0.0893936	-4.55063	0
-0.0868171	0.61836	0
-0.0800794	1.61705	0
-0.0743586	1.37298	0
-0.0716082	0.660111	0
-0.0677591	0.923771	0
-0.0616245	1.47231	0
-0.0584648	0.758315	0
-0.050483	1.91564	0
-0.0428048	1.84277	0
-0.0329734	2.35952	0
-0.0261757	1.63146	0
-0.0143088	2.84806	0
-0.0123887	0.460817	0
-0.00368055	2.08995	0
0.00406678	1.85936	0
0.016536	2.99261	0
0.0286714	2.91249	0
0.0197487	-2.14144	0
0.014155	-1.34248	0
-0.0164466	-7.3444	0
-0.016967	-0.124878	0
-0.0154783	0.35729	0
-0.0141716	0.313593	0
-0.0136576	0.123354	0
-0.0128082	0.203864	0
-0.00935166	0.829573	0
0.00073196	2.42007	0
0.0110378	2.4734	0
0.020964	2.38229	0
0.0321664	2.68858	0
0.0417892	2.30947	0
0.0515599	2.34496	0
0.0614401	2.37125	0
0.0712824	2.36216	0
0.0807105	2.26274	0
0.0900388	2.23879	0
0.0992461	2.20976	0
0.10841	2.19941	0
0.116662	1.98042	0
0.126637	2.3939	0
0.136502	2.36772	0
0.146498	2.39902	0
0.15515	2.07648	0
0.154896	-0.0609648	0
0.155575	0.162969	0
0.15763	0.493111	0
0.162048	1.06047	0
0.168528	1.55507	0
0.17696	2.02382	0
0.186906	2.38685	0
0.197073	2.44022	0
0.205873	2.11206	0
0.216066	2.44629	0
0.225154	2.18105	0
0.23525	2.42301	0
0.245464	2.45151	0
0.254499	2.16827	0
0.264534	2.40834	0
0.263162	-0.329188	0
0.261871	-0.309772	0
0.262313	0.105905	0
0.261033	-0.307224	0
0.26116	0.0307064	0
0.262619	0.350152	0
0.265319	0.647834	0
0.26918	0.926748	0
0.265428	-0.900576	0
0.264121	-0.313641	0
0.264233	0.026786	0
0.260952	-0.7874	0
0.258133	-0.676463	0
0.254306	-0.918589	0
0.251714	-0.621902	0
0.248959	-0.661242	0
0.245829	-0.75126	0
0.24399	-0.441274	0
0.244795	0.19302	0
0.246017	0.293446	0
0.251016	1.19981	0
0.259838	2.11714	0
0.268777	2.14531	0
0.277823	2.17103	0
0.286904	2.17953	0
0.295948	2.17049	0
0.30462	2.08139	0
0.311357	1.61673	0
0.309299	-0.493749	0
0.306605	-0.646703	0
0.304425	-0.523083	0
0.302305	-0.508831	0
0.300069	-0.536752	0
0.297729	-0.561386	0
0.294502	-0.774666	0
0.294737	0.0564887	0
0.302281	1.81048	0
0.309982	1.84823	0
0.317585	1.82482	0
0.315444	-0.51374	0
0.311856	-0.86115	0
0.307908	-0.947646	0
0.315118	1.73054	0
0.313431	-0.404903	0
0.311076	-0.565351	0
0.307614	-0.830715	0
0.304167	-0.827381	0
0.300324	-0.922243	0
0.296279	-0.9708	0
0.292167	-0.986957	0
0.288055	-0.986909	0
0.283941	-0.987216	0
0.279837	-0.984974	0
0.275675	-0.99896	0
0.27206	-0.867635	0
0.268321	-0.897268	0
0.264557	-0.903404	0
0.260756	-0.912162	0
0.256903	-0.924748	0
0.252984	-0.94069	0
0.249052	-0.943632	0
0.24513	-0.941144	0
0.241213	-0.940078	0
0.2373	-0.939167	0
0.233392	-0.938059	0
0.229489	-0.936683	0
0.225593	-0.934897	0
0.221708	-0.932563	0
0.217834	-0.929651	0
0.21399	-0.922514	0
0.210202	-0.909288	0
0.206489	-0.891031	0
0.203534	-0.709213	0
0.200602	-0.703703	0
0.197649	-0.708772	0
0.194715	-0.704089	0
0.192681	-0.48817	0
0.189705	-0.714142	0
0.18736	-0.562989	0
0.185877	-0.355758	0
0.183553	-0.55776	0
0.183604	0.0122417	0
0.180903	-0.648343	0
0.180457	-0.106947	0
0.178619	-0.441092	0
0.177777	-0.202252	0
0.175965	-0.434725	0
0.173374	-0.62193	0
0.171512	-0.446795	0
0.16895	-0.615	0
0.167006	-0.466409	0
0.164723	-0.547973	0
0.162459	-0.543386	0
0.160153	-0.55352	0
0.157876	-0.546506	0
0.155672	-0.528989	0
0.153197	-0.593785	0
0.150672	-0.606017	0
0.147499	-0.761529	0
0.145436	-0.495247	0
0.141745	-0.885761	0
0.139606	-0.513303	0
0.134794	-1.15485	0
0.132557	-0.536964	0
0.130073	-0.596067	0
0.127452	-0.629169	0
0.124897	-0.613111	0
0.122349	-0.611518	0
0.119788	-0.614637	0
0.119993	0.0491151	0
0.120117	0.0298678	0
0.117052	-0.735771	0
0.117603	0.132296	0
0.11663	-0.233597	0
0.118015	0.332492	0
0.119588	0.377574	0
0.119568	-0.00490153	0
0.120442	0.209816	0
0.118774	-0.400343	0
0.118453	-0.076934	0
0.115815	-0.633102	0
0.114597	-0.292414	0
0.111667	-0.703177	0
0.109685	-0.475792	0
0.108974	-0.170531	0
0.107431	-0.370391	0
0.108025	0.142509	0
0.109285	0.302522	0
0.109592	0.0736679	0
0.109131	-0.110554	0
0.108289	-0.202203	0
0.106357	-0.463583	0
0.103849	-0.601988	0
0.10305	-0.191883	0
0.102029	-0.245045	0
0.100018	-0.482566	0
0.0975765	-0.585931	0
0.0948059	-0.664943	0
0.0917831	-0.725457	0
0.092308	0.125958	0
0.0929958	0.165091	0
0.075806	-4.12557	0
0.0765116	0.16935	0
0.0770414	0.127148	0
0.0762969	-0.178667	0
0.0777189	0.341263	0
0.0777788	0.0143701	0
0.0783171	0.12921	0
0.0790637	0.179178	0
0.0767174	-0.563114	0
0.0770909	0.0896514	0
0.064006	-3.14038	0
0.0578164	-1.4855	0
0.0520536	-1.38309	0
0.0509036	-0.27599	0
0.0515518	0.155549	0
0.0395897	-2.87089	0
0.0395949	0.00123857	0
0.0374593	-0.512527	0
0.0379159	0.109579	0
0.0389996	0.26009	0
0.039962	0.230976	0
0.0408879	0.222217	0
0.0358566	-1.20753	0
0.0343102	-0.371115	0
0.0300476	-1.02303	0
0.0288911	-0.277558	0
0.0263939	-0.599342	0
-0.0087829	-8.44242	0
-0.0205286	-2.81898	0
-0.0195174	0.242699	0
-0.0463325	-6.43562	0
-0.0451228	0.290323	0
-0.0722593	-6.51276	0
-0.0709513	0.313927	0
-0.0680115	0.705551	0
-0.0721644	-0.996701	0
-0.065089	1.69811	0
-0.0556539	2.26442	0
-0.0543582	0.310964	0
-0.047718	1.59364	0
-0.0349121	3.07343	0
-0.0263626	2.05186	0
-0.022699	0.879269	0
-0.0587134	-8.64344	0
-0.0571751	0.369187	0
-0.0490475	1.95061	0
-0.0428611	1.48476	0
-0.0381333	1.13467	0
-0.0334255	1.12986	0
-0.028905	1.08494	0
-0.0268267	0.49877	0
-0.0271556	-0.0789133	0
-0.0264402	0.171679	0
-0.0300511	-0.866606	0
-0.0297173	0.080117	0
-0.0326447	-0.702582	0
-0.0367583	-0.987269	0
-0.0450523	-1.99055	0
-0.051928	-1.65018	0
-0.0584414	-1.56322	0
-0.0645761	-1.47233	0
-0.0616077	0.712421	0
-0.0513731	2.45631	0
-0.0439648	1.77799	0
-0.033641	2.47771	0
-0.0232975	2.48244	0
-0.0155862	1.85071	0
-0.00520331	2.49189	0
0.000973747	1.48249	0
0.00772036	1.61919	0
0.0156053	1.89239	0
0.0246516	2.1711	0
0.0318568	1.72925	0
0.0400265	1.96074	0
0.0491549	2.19082	0
0.0582767	2.18922	0
0.0673558	2.17898	0
0.0763904	2.16831	0
0.085381	2.15775	0
0.0943202	2.14541	0
0.103235	2.1396	0
0.112105	2.12885	0
0.120936	2.11937	0
0.129729	2.11021	0
0.138483	2.10107	0
0.147199	2.09187	0
0.155866	2.08008	0
0.164892	2.1662	0
0.174442	2.29199	0
0.183952	2.28248	0
0.193423	2.27301	0
0.202855	2.26358	0
0.212247	2.25419	0
0.221407	2.19829	0
0.228267	1.64654	0
0.234135	1.40825	0
0.240859	1.61379	0
0.247816	1.66954	0
0.255166	1.76401	0
0.263176	1.92258	0
0.27168	2.04086	0
0.280309	2.07091	0
0.288711	2.01646	0
0.297451	2.09758	0
0.305789	2.00124	0
0.301597	-1.00606	0
0.299827	-0.424757	0
0.29817	-0.397787	0
0.296626	-0.370618	0
0.295291	-0.320297	0
0.294406	-0.212333	0
0.294179	-0.0545138	0
0.294412	0.0559175	0
0.294788	0.0901057	0
0.295512	0.173882	0
0.297148	0.392662	0
0.298617	0.352506	0
0.300985	0.568384	0
0.303077	0.502057	0
0.305837	0.662319	0
0.308494	0.637621	0
0.311122	0.630796	0
0.312815	0.406235	0
0.315121	0.553612	0
0.317438	0.555981	0
0.317274	-0.0394703	0
0.317085	-0.045186	0
0.316775	-0.0744936	0
0.316272	-0.120574	0
0.315534	-0.177203	0
0.30894	-1.58259	0
0.302032	-1.65781	0
0.294799	-1.73598	0
0.288225	-1.57777	0
0.280526	-1.84791	0
0.273161	-1.76756	0
0.266133	-1.68667	0
0.257275	-2.12592	0
0.249163	-1.94684	0
0.241814	-1.76386	0
0.23335	-2.03123	0
0.225209	-1.9538	0
0.217446	-1.86327	0
0.209944	-1.80051	0
0.202539	-1.777	0
0.201688	-0.204391	0
0.198405	-0.78782	0
0.195449	-0.709426	0
0.1966	0.27627	0
0.194104	-0.599112	0
0.192528	-0.378292	0
0.191962	-0.13578	0
0.191187	-0.185932	0
0.190404	-0.188148	0
0.189669	-0.17626	0
0.189007	-0.159013	0
0.188413	-0.142446	0
0.18843	0.00417578	0
0.192038	0.865758	0
0.200155	1.94818	0
0.209948	2.35033	0
0.219045	2.18326	0
0.228236	2.20579	0
0.237424	2.20515	0
0.246584	2.1983	0
0.255728	2.19458	0
0.259568	0.92171	0
0.264516	1.18738	0
0.266618	0.504623	0
0.268294	0.402182	0
0.269793	0.359816	0
0.271134	0.321839	0
0.272306	0.281189	0
0.271965	-0.0819081	0
0.269107	-0.685886	0
0.269339	0.0557653	0
0.261955	-1.7722	0
0.25857	-0.812405	0
0.255055	-0.843466	0
0.25148	-0.858203	0
0.247831	-0.875639	0
0.244111	-0.892818	0
0.240322	-0.909303	0
0.236468	-0.925073	0
0.232553	-0.939638	0
0.228588	-0.951446	0
0.224616	-0.953354	0
0.220655	-0.950528	0
0.216712	-0.946478	0
0.21279	-0.941245	0
0.208908	-0.931538	0
0.205086	-0.917429	0
0.201339	-0.899121	0
0.197683	-0.877538	0
0.19489	-0.670276	0
0.192072	-0.676258	0
0.189367	-0.649373	0
0.186693	-0.641757	0
0.186687	-0.00131982	0
0.184946	-0.417809	0
0.18238	-0.615936	0
0.179459	-0.701015	0
0.17642	-0.729461	0
0.173369	-0.732065	0
0.170356	-0.723242	0
0.167398	-0.70986	0
0.164493	-0.697255	0
0.161637	-0.685368	0
0.158828	-0.674202	0
0.157046	-0.427575	0
0.155443	-0.384769	0
0.153882	-0.374761	0
0.152372	-0.362432	0
0.150928	-0.346374	0
0.149467	-0.350707	0
0.147936	-0.367446	0
0.14636	-0.378215	0
0.144745	-0.387656	0
0.143083	-0.398946	0
0.141367	-0.411832	0
0.139574	-0.430172	0
0.137696	-0.450777	0
0.135753	-0.46626	0
0.133748	-0.48127	0
0.131682	-0.495897	0
0.129558	-0.509658	0
0.127378	-0.523161	0
0.125143	-0.536566	0
0.122879	-0.543377	0
0.120557	-0.557208	0
0.118185	-0.569323	0
0.118233	0.0114661	0
0.119096	0.20733	0
0.119607	0.122488	0
0.120133	0.12638	0
0.120658	0.125881	0
0.121202	0.130693	0
0.120254	-0.227673	0
0.119739	-0.123622	0
0.11751	-0.534813	0
0.116252	-0.302057	0
0.113165	-0.740893	0
0.112127	-0.24898	0
0.109429	-0.647633	0
0.109908	0.115054	0
0.107697	-0.530612	0
0.10419	-0.841793	0
0.100715	-0.834018	0
0.0979468	-0.664319	0
0.0967283	-0.292449	0
0.093554	-0.761828	0
0.0903651	-0.765342	0
0.0884785	-0.452783	0
0.0864579	-0.484945	0
0.0853741	-0.260105	0
0.0857811	0.0976826	0
0.0857023	-0.0189062	0
0.0812969	-1.05731	0
0.0801498	-0.27529	0
0.0772097	-0.705621	0
0.0762873	-0.221381	0
0.0769146	0.150544	0
0.0768585	-0.0134701	0
0.0674624	-2.25506	0
0.065475	-0.476986	0
0.062913	-0.614869	0
0.0638844	0.233134	0
0.052417	-2.75216	0
0.0516907	-0.174312	0
0.0518703	0.0430957	0
0.0520774	0.0496935	0
0.0522115	0.0321913	0
0.0518309	-0.091353	0
0.0506859	-0.274781	0
0.0496037	-0.259737	0
0.0508479	0.298599	0
0.0200489	-7.39176	0
0.00818705	-2.84684	0
0.00755214	-0.152379	0
-0.0238696	-7.54121	0
-0.0400709	-3.88831	0
-0.0440017	-0.943387	0
-0.0435186	0.115947	0
-0.0401628	0.805379	0
-0.0338826	1.50724	0
-0.0408424	-1.67035	0
-0.037447	0.814907	0
-0.0350765	0.568914	0
-0.0337468	0.319128	0
-0.0334207	0.0782785	0
-0.0440684	-2.55546	0
-0.0553522	-2.70812	0
-0.0822386	-6.45272	0
-0.101746	-4.68186	0
-0.102298	-0.132373	0
-0.0960845	1.49123	0
-0.0893759	1.61006	0
-0.0876402	0.416559	0
-0.0818111	1.39898	0
-0.0746142	1.72726	0
-0.0668795	1.85632	0
-0.0585372	2.00215	0
-0.0546114	0.942202	0
-0.0462022	2.01821	0
-0.0416842	1.08431	0
-0.0425679	-0.212078	0
-0.0381881	1.05115	0
-0.0287182	2.27277	0
-0.0260652	0.63672	0
-0.0191131	1.66852	0
-0.0143023	1.15459	0
-0.0130604	0.298039	0
-0.0170722	-0.96283	0
-0.014299	0.665567	0
-0.0143139	-0.00355839	0
-0.0163496	-0.48857	0
-0.01542	0.223111	0
-0.00834558	1.69785	0
0.00163889	2.39627	0
0.0113925	2.34087	0
0.0211277	2.33644	0
0.0308259	2.32756	0
0.0404838	2.31791	0
0.0501024	2.30845	0
0.059123	2.16495	0
0.0680368	2.13932	0
0.0769348	2.13552	0
0.0856753	2.0977	0
0.0944738	2.11164	0
0.10319	2.09185	0
0.111884	2.08662	0
0.113818	0.464238	0
0.117628	0.914409	0
