0.468533	3.50166e-15	0
0.467126	-0.337744	0
0.465914	-0.290936	0
0.464941	-0.233444	0
0.464246	-0.166781	0
0.463859	-0.0928026	0
0.463802	-0.0136556	0
0.464087	0.0682821	0
0.464714	0.150472	0
0.465673	0.230294	0
0.466945	0.305128	0
0.468497	0.372441	0
0.470288	0.429874	0
0.472268	0.475321	0
0.474381	0.507012	0
0.476562	0.523581	0
0.478746	0.524118	0
0.480864	0.508219	0
0.482847	0.476009	0
0.484631	0.428156	0
0.486156	0.365857	0
0.487367	0.290819	0
0.488222	0.205207	0
0.488687	0.111585	0
0.488741	0.0128374	0
0.488374	-0.0879185	0
0.487593	-0.187435	0
0.486417	-0.282439	0
0.484876	-0.369739	0
0.483016	-0.446337	0
0.480893	-0.509526	0
0.478572	-0.556989	0
0.476127	-0.586884	0
0.473636	-0.597909	0
0.47118	-0.589362	0
0.468842	-0.561174	0
0.466701	-0.513925	0
0.46483	-0.448843	0
0.463298	-0.367776	0
0.46216	-0.273153	0
0.46146	-0.167912	0
0.461229	-0.055418	0
0.461482	0.0606336	0
0.462217	0.176338	0
0.463415	0.287707	0
0.465044	0.390798	0
0.467052	0.481861	0
0.469374	0.557465	0
0.471935	0.614632	0
0.474648	0.650954	0
0.477417	0.664691	0
0.480146	0.654851	0
0.482734	0.621246	0
0.485086	0.564515	0
0.487112	0.486124	0
0.48873	0.388332	0
0.489872	0.274126	0
0.490485	0.147137	0
0.490533	0.0115249	0
0.489999	-0.128155	0
0.488886	-0.267098	0
0.487218	-0.40041	0
0.485037	-0.523376	0
0.482406	-0.631466	0
0.479405	-0.720308	0
0.47613	-0.786061	0
0.472689	-0.82569	0
0.469201	-0.837149	0
0.465788	-0.819127	0
0.462574	-0.771278	0
0.459682	-0.69427	0
0.457224	-0.589798	0
0.455305	-0.460575	0
0.454012	-0.310278	0
0.453414	-0.143463	0
0.453558	0.0345549	0
0.454466	0.217862	0
0.456133	0.400132	0
0.458529	0.574838	0
0.461593	0.73549	0
0.465243	0.87587	0
0.469369	0.990278	0
0.473843	1.07376	0
0.478519	1.12232	0
0.48324	1.13311	0
0.487843	1.10452	0
0.492161	1.03634	0
0.496035	0.929741	0
0.499315	0.787293	0
0.501869	0.612882	0
0.503584	0.411599	0
0.504373	0.189578	0
0.504177	-0.0471289	0
0.502969	-0.289995	0
0.500758	-0.530528	0
0.497589	-0.760732	0
0.493536	-0.972719	0
0.488707	-1.15897	0
0.483237	-1.31258	0
0.47729	-1.4275	0
0.47105	-1.49748	0
0.464686	-1.52728	0
0.458421	-1.50372	0
0.452483	-1.42517	0
0.447099	-1.29209	0
0.442487	-1.10689	0
0.438845	-0.874135	0
0.436337	-0.601869	0
0.435038	-0.3117	0
0.434994	-0.0105704	0
0.436232	0.297076	0
0.438759	0.606524	0
0.442557	0.911493	0
0.447586	1.20695	0
0.453773	1.48478	0
0.460944	1.72119	0
0.46889	1.90703	0
0.477179	1.98925	0
0.485433	1.981	0
0.493651	1.97246	0
0.501575	1.90171	0
0.508906	1.75932	0
0.515353	1.5474	0
0.520653	1.27201	0
0.524575	0.941189	0
0.526971	0.574988	0
0.527789	0.196481	0
0.527011	-0.186874	0
0.524621	-0.573433	0
0.520622	-0.959933	0
0.515014	-1.34575	0
0.507834	-1.7233	0
0.499224	-2.06638	0
0.489423	-2.35215	0
0.479711	-2.3309	0
0.485822	1.46646	0
0.490425	1.10474	0
0.4961	1.36202	0
0.500466	1.04785	0
0.503224	0.661998	0
0.504153	0.222861	0
0.508609	1.06954	0
0.513679	1.21683	0
0.517793	0.987399	0
0.520857	0.735182	0
0.522733	0.450334	0
0.523353	0.148883	0
0.522744	-0.146153	0
0.521135	-0.38633	0
0.519287	-0.443418	0
0.517914	-0.329564	0
0.516389	-0.366078	0
0.514675	-0.411289	0
0.512772	-0.456811	0
0.510672	-0.503991	0
0.508188	-0.596064	0
0.505243	-0.706727	0
0.501879	-0.807317	0
0.498121	-0.902016	0
0.493964	-0.997613	0
0.489444	-1.08482	0
0.484574	-1.16891	0
0.479352	-1.25326	0
0.473784	-1.3363	0
0.467882	-1.41638	0
0.461668	-1.49157	0
0.455169	-1.55973	0
0.446936	-1.97583	0
0.438497	-2.0253	0
0.434546	-0.948419	0
0.425822	-2.0936	0
0.426525	0.168677	0
0.424171	-0.564957	0
0.422708	-0.35104	0
0.425458	0.659817	0
0.434863	2.25717	0
0.443326	2.03129	0
0.451761	2.02428	0
0.460042	1.98748	0
0.468913	2.12914	0
0.477232	1.99658	0
0.485534	1.99246	0
0.493822	1.98896	0
0.501951	1.9511	0
0.509998	1.93128	0
0.517419	1.781	0
0.523792	1.52948	0
0.529038	1.25897	0
0.533185	0.99527	0
0.536266	0.739439	0
0.538292	0.486342	0
0.539271	0.235027	0
0.539211	-0.0145216	0
0.538118	-0.262178	0
0.536003	-0.50778	0
0.532484	-0.844552	0
0.527897	-1.10071	0
0.522217	-1.36335	0
0.515458	-1.62206	0
0.509899	-1.33425	0
0.503306	-1.58226	0
0.495624	-1.84381	0
0.487048	-2.05808	0
0.477819	-2.21502	0
0.468202	-2.30802	0
0.458485	-2.33224	0
0.448964	-2.28485	0
0.439943	-2.16516	0
0.431715	-1.97466	0
0.42453	-1.72443	0
0.418497	-1.44784	0
0.413713	-1.14819	0
0.410273	-0.825574	0
0.408258	-0.483757	0
0.407728	-0.127142	0
0.408712	0.236231	0
0.411226	0.603255	0
0.415281	0.9733	0
0.420862	1.33943	0
0.427916	1.69294	0
0.436128	1.97082	0
0.444362	1.97625	0
0.452561	1.9677	0
0.460719	1.95782	0
0.46883	1.94671	0
0.476893	1.9352	0
0.484907	1.9233	0
0.492878	1.91313	0
0.500612	1.8561	0
0.507858	1.73894	0
0.514372	1.5634	0
0.519927	1.33317	0
0.524318	1.054	0
0.527408	0.741532	0
0.529156	0.419616	0
0.529561	0.0970012	0
0.52862	-0.225864	0
0.526334	-0.548528	0
0.522707	-0.870541	0
0.517742	-1.19145	0
0.511448	-1.51055	0
0.503899	-1.81178	0
0.495295	-2.06505	0
0.485874	-2.26093	0
0.47591	-2.39155	0
0.465874	-2.40852	0
0.455905	-2.39257	0
0.446318	-2.30094	0
0.437425	-2.13432	0
0.429526	-1.89576	0
0.422827	-1.60783	0
0.417431	-1.29488	0
0.413427	-0.960911	0
0.410885	-0.610192	0
0.409855	-0.247283	0
0.410367	0.123029	0
0.412433	0.495802	0
0.416041	0.86601	0
0.421161	1.2286	0
0.427705	1.57062	0
0.435583	1.89071	0
0.44377	1.96504	0
0.451942	1.96114	0
0.460077	1.95243	0
0.468172	1.94274	0
0.476225	1.93278	0
0.484235	1.92235	0
0.492194	1.91008	0
0.499839	1.83501	0
0.506911	1.69714	0
0.510168	0.781695	0
0.512189	0.485027	0
0.512792	0.144836	0
0.512268	-0.125805	0
0.510598	-0.400953	0
0.50767	-0.702722	0
0.503519	-0.996139	0
0.498237	-1.26772	0
0.492591	-1.355	0
0.486297	-1.51044	0
0.479532	-1.62361	0
0.472481	-1.69245	0
0.465338	-1.71421	0
0.458308	-1.68716	0
0.451596	-1.61084	0
0.445404	-1.48616	0
0.439923	-1.31542	0
0.43533	-1.1023	0
0.431761	-0.856698	0
0.429268	-0.598207	0
0.427895	-0.32956	0
0.42767	-0.0538683	0
0.42861	0.225551	0
0.430715	0.505269	0
0.433973	0.781807	0
0.438355	1.05168	0
0.443819	1.31146	0
0.450308	1.55723	0
0.457699	1.77395	0
0.465632	1.90383	0
0.473592	1.91046	0
0.48152	1.90257	0
0.489406	1.89264	0
0.497112	1.84963	0
0.504412	1.752	0
0.511086	1.60166	0
0.516927	1.40174	0
0.521746	1.15657	0
0.525376	0.871257	0
0.527749	0.569504	0
0.528852	0.264851	0
0.528685	-0.0402408	0
0.527245	-0.3455	0
0.524534	-0.650564	0
0.520555	-0.955038	0
0.515311	-1.25852	0
0.508159	-1.71646	0
0.499401	-2.10208	0
0.490347	-2.17285	0
0.481298	-2.17176	0
0.472289	-2.16222	0
0.463319	-2.15278	0
0.45448	-2.12125	0
0.446067	-2.01931	0
0.438358	-1.85011	0
0.431616	-1.61795	0
0.42595	-1.36001	0
0.421551	-1.05566	0
0.418494	-0.733797	0
0.416834	-0.398329	0
0.416609	-0.0538622	0
0.417839	0.295062	0
0.420521	0.643795	0
0.424637	0.987644	0
0.430071	1.30428	0
0.439113	2.16996	0
0.438558	-0.133076	0
0.432556	-1.44038	0
0.426072	-1.55633	0
0.419226	-1.64309	0
0.412233	-1.67822	0
0.405282	-1.66815	0
0.398392	-1.65356	0
0.391582	-1.63448	0
0.384841	-1.61793	0
0.37821	-1.59143	0
0.371721	-1.5573	0
0.365359	-1.527	0
0.359097	-1.50278	0
0.35304	-1.45361	0
0.362982	2.38592	0
0.371773	2.11002	0
0.380586	2.11504	0
0.389461	2.13008	0
0.387511	-0.468142	0
0.387177	-0.0801755	0
0.386831	-0.0830168	0
0.386641	-0.0454833	0
0.386926	0.068325	0
0.387652	0.174372	0
0.39006	0.577865	0
0.392876	0.675813	0
0.396079	0.768724	0
0.399667	0.861199	0
0.403625	0.949907	0
0.408257	1.11151	0
0.41325	1.1983	0
0.418617	1.28809	0
0.424231	1.34748	0
0.430212	1.43551	0
0.43648	1.5042	0
0.443002	1.56539	0
0.449192	1.48556	0
0.455114	1.42119	0
0.460874	1.38237	0
0.466457	1.33995	0
0.471865	1.29786	0
0.477092	1.25466	0
0.482137	1.21082	0
0.487013	1.17001	0
0.491731	1.13249	0
0.496307	1.09814	0
0.500751	1.06672	0
0.505074	1.03733	0
0.50928	1.00949	0
0.513375	0.982864	0
0.517363	0.957186	0
0.521248	0.932197	0
0.525032	0.908279	0
0.528731	0.887788	0
0.532363	0.87159	0
0.535943	0.859342	0
0.539486	0.850175	0
0.542997	0.842604	0
0.546478	0.835619	0
0.54993	0.828433	0
0.553349	0.820395	0
0.556728	0.810992	0
0.560058	0.799345	0
0.563307	0.77981	0
0.566465	0.757887	0
0.569511	0.730934	0
0.572421	0.698427	0
0.575176	0.661186	0
0.577755	0.619089	0
0.580141	0.572517	0
0.582316	0.521971	0
0.584266	0.468049	0
0.58598	0.41142	0
0.583831	-0.515946	0
0.580188	-0.874236	0
0.575059	-1.23084	0
0.571102	-0.949744	0
0.566696	-1.05757	0
0.563827	-0.688369	0
0.567413	0.86053	0
0.565878	-0.368381	0
0.565048	-0.19914	0
0.564816	-0.0557393	0
0.56209	-0.654212	0
0.560996	-0.262627	0
0.560635	-0.0867122	0
0.56053	-0.0251009	0
0.568121	1.82186	0
0.567261	-0.206292	0
0.574709	1.78747	0
0.581959	1.7399	0
0.58017	-0.429269	0
0.585519	1.28364	0
0.584591	-0.222642	0
0.58243	-0.518545	0
0.578143	-1.02891	0
0.572477	-1.35985	0
0.565441	-1.68881	0
0.573429	1.91716	0
0.571994	-0.344354	0
0.568708	-0.78874	0
0.564066	-1.11388	0
0.558101	-1.4317	0
0.556579	-0.365233	0
0.558673	0.502615	0
0.557281	-0.334194	0
0.550785	-1.55902	0
0.549807	-0.23469	0
0.548698	-0.266159	0
0.546191	-0.601634	0
0.548516	0.557925	0
0.548749	0.0558403	0
0.549072	0.0775402	0
0.555619	1.5714	0
0.554423	-0.287116	0
0.552607	-0.435765	0
0.551995	-0.146926	0
0.550231	-0.42337	0
0.556548	1.51607	0
0.551265	-1.26784	0
0.551349	0.0200574	0
0.547536	-0.915141	0
0.551796	1.02251	0
0.554079	0.54783	0
0.552369	-0.410401	0
0.552382	0.00324624	0
0.557022	1.11345	0
0.538788	-4.37609	0
0.545796	1.68197	0
0.554261	2.03161	0
0.562678	2.01999	0
0.571271	2.06224	0
0.571483	0.0509585	0
0.578547	1.69543	0
0.585581	1.68821	0
0.586023	0.105957	0
0.594526	2.04074	0
0.603048	2.0453	0
0.603494	0.106979	0
0.59734	-1.47683	0
0.590797	-1.57052	0
0.586292	-1.08119	0
0.594317	1.92599	0
0.602295	1.91483	0
0.610316	1.92513	0
0.610685	0.0884135	0
0.616582	1.41531	0
0.615912	-0.160694	0
0.623651	1.85721	0
0.623413	-0.0569467	0
0.631126	1.85098	0
0.630882	-0.0585612	0
0.633625	0.658384	0
0.638078	1.06858	0
0.641424	0.803113	0
0.640312	-0.266901	0
0.639734	-0.138653	0
0.644236	1.08046	0
0.643801	-0.104298	0
0.64358	-0.0531431	0
0.643272	-0.073954	0
0.639344	-0.942741	0
0.647286	1.90602	0
0.634816	-2.99274	0
0.641888	1.69729	0
0.650025	1.95299	0
0.648809	-0.291921	0
0.643494	-1.27559	0
0.653366	2.3694	0
0.648784	-1.09973	0
0.647395	-0.333405	0
0.64422	-0.762115	0
0.652156	1.90468	0
0.650039	-0.508059	0
0.648064	-0.473857	0
0.645845	-0.532746	0
0.645762	-0.0198631	0
0.647799	0.488958	0
0.645125	-0.641763	0
0.642304	-0.677139	0
0.649887	1.82005	0
0.64686	-0.72652	0
0.642584	-1.02627	0
0.636717	-1.40817	0
0.638036	0.316663	0
0.634385	-0.876353	0
0.631181	-0.768987	0
0.62673	-1.0682	0
0.622745	-0.956396	0
0.619253	-0.837942	0
0.634335	3.61955	0
0.63066	-0.882004	0
0.625739	-1.18101	0
0.619419	-1.51671	0
0.61162	-1.87182	0
0.60732	-1.03191	0
0.600026	-1.75077	0
0.592556	-1.79264	0
0.585341	-1.73161	0
0.593489	1.95537	0
0.5927	-0.189197	0
0.589316	-0.812304	0
0.581644	-1.84125	0
0.589589	1.90692	0
0.590578	0.237303	0
0.589747	-0.199486	0
0.587437	-0.554284	0
0.583599	-0.921077	0
0.578217	-1.29179	0
0.574113	-0.984843	0
0.571497	-0.627865	0
0.573035	0.369053	0
0.570888	-0.515261	0
0.566746	-0.994159	0
0.563812	-0.704218	0
0.559901	-0.938577	0
0.567549	1.83549	0
0.568231	0.163703	0
0.5668	-0.343449	0
0.56601	-0.189576	0
0.56466	-0.323921	0
0.563828	-0.199746	0
0.563291	-0.128937	0
0.562745	-0.131022	0
0.562207	-0.128992	0
0.561774	-0.104111	0
0.561309	-0.11142	0
0.560861	-0.107496	0
0.560435	-0.102398	0
0.56003	-0.0972329	0
0.559646	-0.0921038	0
0.559283	-0.0871171	0
0.55894	-0.0823583	0
0.558615	-0.077885	0
0.558308	-0.0737318	0
0.558017	-0.0699164	0
0.55774	-0.0664449	0
0.557321	-0.100407	0
0.55746	0.0333543	0
0.555415	-0.490892	0
0.553773	-0.394002	0
0.555062	0.309283	0
0.553877	-0.284423	0
0.551315	-0.614925	0
0.547385	-0.94304	0
0.545356	-0.487118	0
0.541683	-0.881435	0
0.536499	-1.24429	0
0.529826	-1.60133	0
0.522884	-1.66617	0
0.525412	0.606639	0
0.526797	0.332603	0
0.527055	0.0618065	0
0.526172	-0.211939	0
0.524022	-0.516048	0
0.520728	-0.790443	0
0.526322	1.34251	0
0.530838	1.08384	0
0.530393	-0.106864	0
0.528557	-0.440484	0
0.525567	-0.71769	0
0.521399	-1.00033	0
0.515922	-1.31451	0
0.509335	-1.58094	0
0.518124	2.1094	0
0.517674	-0.108015	0
0.51609	-0.380193	0
0.513524	-0.615735	0
0.509959	-0.855624	0
0.505377	-1.09971	0
0.499979	-1.29557	0
0.49384	-1.47319	0
0.495397	0.373529	0
0.497356	0.470143	0
0.499457	0.504416	0
0.501342	0.452334	0
0.50282	0.354789	0
0.502381	-0.105531	0
0.502127	-0.0608236	0
0.501306	-0.197172	0
0.500061	-0.298611	0
0.498453	-0.385902	0
0.496515	-0.465133	0
0.494248	-0.544259	0
0.49161	-0.632944	0
0.488629	-0.715612	0
0.485382	-0.779227	0
0.481962	-0.820895	0
0.487406	1.3066	0
0.490495	0.741441	0
0.49409	0.862863	0
0.497575	0.836279	0
0.499684	0.506129	0
0.501008	0.317748	0
0.502786	0.426803	0
0.50218	-0.145546	0
0.500522	-0.397879	0
0.497849	-0.641539	0
0.494225	-0.869697	0
0.489741	-1.07602	0
0.485474	-1.02415	0
0.480656	-1.15638	0
0.475995	-1.11852	0
0.471403	-1.10215	0
0.466961	-1.06603	0
0.462787	-1.00189	0
0.459841	-0.706947	0
0.454734	-1.22583	0
0.449192	-1.33001	0
0.443519	-1.36148	0
0.437851	-1.3603	0
0.43223	-1.34896	0
0.426707	-1.32551	0
0.420787	-1.42086	0
0.414757	-1.44725	0
0.408728	-1.44698	0
0.402758	-1.43268	0
0.396871	-1.41298	0
0.391065	-1.3935	0
0.385338	-1.37437	0
0.37969	-1.35558	0
0.374119	-1.33711	0
0.368623	-1.31894	0
0.363202	-1.30107	0
0.359004	-1.0075	0
0.358465	-0.129434	0
0.358584	0.0285376	0
0.358901	0.0762362	0
0.359111	0.0503292	0
0.368046	2.14448	0
0.36484	-0.769421	0
0.373649	2.11405	0
0.370289	-0.806314	0
0.379268	2.15497	0
0.377531	-0.416908	0
0.376723	-0.194067	0
0.385933	2.21043	0
0.385531	-0.0964414	0
0.387966	0.584387	0
0.398699	2.57602	0
0.400879	0.523152	0
0.400434	-0.106895	0
0.397407	-0.726528	0
0.393898	-0.84213	0
0.405811	2.85926	0
0.404248	-0.37511	0
0.402621	-0.390584	0
0.403899	0.306819	0
0.412746	2.12312	0
0.412258	-0.117033	0
0.412659	0.0963393	0
0.421537	2.13057	0
0.421244	-0.0702391	0
0.419705	-0.369395	0
0.419975	0.0647829	0
0.429387	2.25896	0
0.429832	0.106811	0
0.430872	0.249577	0
0.440309	2.2649	0
0.439881	-0.102733	0
0.449249	2.24826	0
0.449206	-0.0103954	0
0.45848	2.22575	0
0.457853	-0.150291	0
0.467132	2.22697	0
0.4662	-0.223697	0
0.468126	0.462072	0
0.476587	2.03066	0
0.477545	0.230029	0
0.477975	0.103081	0
0.479229	0.300958	0
0.479592	0.0872756	0
0.480641	0.251801	0
0.463275	-4.1679	0
0.464145	0.208771	0
0.461294	-0.68415	0
0.465546	1.02026	0
0.469692	0.995227	0
0.452408	-4.14831	0
0.424372	-6.72846	0
0.424802	0.103173	0
0.41988	-1.18147	0
0.420162	0.0677637	0
0.413152	-1.68247	0
0.413286	0.0323602	0
0.414078	0.189946	0
0.415846	0.424378	0
0.419892	0.970988	0
0.426534	1.5941	0
0.435341	2.11373	0
0.444299	2.1498	0
0.453324	2.1661	0
0.462345	2.16497	0
0.471372	2.16646	0
0.476129	1.14176	0
0.481282	1.23664	0
0.48324	0.469932	0
0.482343	-0.215154	0
0.483413	0.256656	0
0.482683	-0.175081	0
0.482521	-0.038878	0
0.479712	-0.674156	0
0.43449	-10.8535	0
0.438882	1.05419	0
0.447588	2.08945	0
0.456502	2.13936	0
0.465358	2.12548	0
0.474233	2.13005	0
0.483105	2.12929	0
0.491794	2.08527	0
0.491103	-0.165807	0
0.490372	-0.17543	0
0.491086	0.171256	0
0.492157	0.257028	0
0.491406	-0.180291	0
0.491918	0.122937	0
0.492617	0.167823	0
0.493284	0.160057	0
0.501833	2.05184	0
0.50545	0.868059	0
0.50997	1.08488	0
0.507975	-0.478876	0
0.516439	2.03129	0
0.516616	0.0425296	0
0.51203	-1.1007	0
0.506124	-1.4175	0
0.498449	-1.84194	0
0.498154	-0.0708684	0
0.496256	-0.455324	0
0.488105	-1.95639	0
0.491318	0.77122	0
0.488785	-0.607992	0
0.486648	-0.512962	0
0.494158	1.8026	0
0.50521	2.65244	0
0.501779	-0.823557	0
0.498079	-0.887832	0
0.494876	-0.768896	0
0.491081	-0.910709	0
0.489113	-0.472431	0
0.484781	-1.03952	0
0.480045	-1.13671	0
0.488978	2.14387	0
0.497416	2.02518	0
0.505753	2.00083	0
0.502382	-0.808974	0
0.503047	0.159558	0
0.511859	2.11483	0
0.514237	0.570866	0
0.516662	0.582036	0
0.517664	0.240414	0
0.517865	0.0482627	0
0.523016	1.23619	0
0.525479	0.590996	0
0.5266	0.269183	0
0.526386	-0.0513609	0
0.528627	0.537901	0
0.539049	2.50117	0
0.543401	1.04446	0
0.546075	0.641741	0
0.547059	0.236156	0
0.546572	-0.116806	0
0.544642	-0.463214	0
0.541316	-0.798193	0
0.536616	-1.12808	0
0.537811	0.286758	0
0.538815	0.240962	0
0.546659	1.88253	0
0.543087	-0.857278	0
0.543799	0.17106	0
0.553593	2.35047	0
0.555369	0.426263	0
0.553921	-0.347574	0
0.550991	-0.703215	0
0.557786	1.63091	0
0.565554	1.86429	0
0.571928	1.52982	0
0.576915	1.19684	0
0.581188	1.02546	0
0.5843	0.746836	0
0.582853	-0.347256	0
0.581076	-0.426551	0
0.578122	-0.708802	0
0.57315	-1.19325	0
0.566999	-1.47633	0
0.568342	0.322434	0
0.568501	0.0379694	0
0.568312	-0.0453794	0
0.564162	-0.995902	0
0.56044	-0.893265	0
0.555352	-1.22125	0
0.548901	-1.54804	0
0.549615	0.171208	0
0.550469	0.205073	0
0.558666	1.96713	0
0.566319	1.83677	0
0.572833	1.56348	0
0.578599	1.38373	0
0.58342	1.15717	0
0.58691	0.83762	0
0.589081	0.52096	0
0.589723	0.154016	0
0.598805	2.17959	0
0.605405	1.58413	0
0.610724	1.27663	0
0.609632	-0.262147	0
0.607267	-0.567549	0
0.599368	-1.89573	0
0.592234	-1.71217	0
0.583431	-2.1128	0
0.573064	-2.48812	0
0.562784	-2.46724	0
0.552591	-2.44634	0
0.543913	-2.08253	0
0.542055	-0.445995	0
0.543791	0.416537	0
0.555379	2.78114	0
0.563481	1.94451	0
0.57091	1.78303	0
0.576583	1.36152	0
0.580795	1.0108	0
0.584746	0.948166	0
0.586252	0.361521	0
0.586585	0.0798965	0
0.586437	-0.0354637	0
0.584739	-0.407455	0
0.582152	-0.620881	0
0.578317	-0.92054	0
0.573174	-1.23423	0
0.566719	-1.54924	0
0.57863	2.85873	0
0.581073	0.586192	0
0.581881	0.193912	0
0.582304	0.101556	0
0.581008	-0.310971	0
0.578044	-0.711378	0
0.585322	1.74681	0
0.58485	-0.113495	0
0.582588	-0.542797	0
0.582185	-0.0967063	0
0.583814	0.390901	0
0.584298	0.116174	0
0.580465	-0.919946	0
0.58604	1.33804	0
0.583386	-0.636806	0
0.583573	0.0446889	0
0.584184	0.146628	0
0.579585	-1.10375	0
0.587598	1.92312	0
0.585727	-0.448905	0
0.586948	0.293082	0
0.588756	0.433847	0
0.587927	-0.198953	0
0.596566	2.07334	0
0.596043	-0.12561	0
0.59449	-0.37272	0
0.59583	0.3216	0
0.595083	-0.179156	0
0.602055	1.6732	0
0.602766	0.170659	0
0.600132	-0.632027	0
0.601069	0.224761	0
0.60119	0.0291368	0
0.600545	-0.154985	0
0.598118	-0.582298	0
0.594931	-0.764944	0
0.591599	-0.799768	0
0.592913	0.31552	0
0.590089	-0.677893	0
0.590117	0.00673727	0
0.591779	0.398813	0
0.59248	0.168359	0
0.594209	0.414924	0
0.594869	0.158381	0
0.551346	-10.4454	0
0.532643	-4.4889	0
0.533509	0.207989	0
0.499671	-8.12117	0
0.500794	0.269508	0
0.503494	0.648101	0
0.503543	0.0115371	0
0.511501	1.91005	0
0.511481	-0.00473856	0
0.519336	1.88508	0
0.526329	1.67843	0
0.526928	0.143648	0
0.494149	-7.86692	0
0.493295	-0.204936	0
0.494238	0.226231	0
0.495293	0.253269	0
0.494468	-0.198026	0
0.491099	-0.80861	0
0.485579	-1.32461	0
0.475201	-2.49086	0
0.464543	-2.55785	0
0.46723	0.644821	0
0.470497	0.783988	0
0.478757	1.98247	0
0.482344	0.860906	0
0.491586	2.21806	0
0.455101	-8.75637	0
0.443518	-2.77981	0
0.43946	-0.974047	0
0.445116	1.35747	0
0.449055	0.945248	0
0.450545	0.357793	0
0.455085	1.08943	0
0.460976	1.41383	0
0.469835	2.12624	0
0.47875	2.13964	0
0.481178	0.582628	0
0.489398	1.97283	0
0.485696	-0.888388	0
0.480328	-1.28832	0
0.474505	-1.39766	0
0.468247	-1.50179	0
0.470667	0.580753	0
0.475232	1.09566	0
0.476047	0.195543	0
0.47482	-0.294386	0
0.471169	-0.876379	0
0.470681	-0.117176	0
0.471029	0.0836052	0
0.473661	0.631722	0
0.474037	0.0901687	0
0.472223	-0.435336	0
0.471248	-0.233944	0
0.470608	-0.153565	0
0.468955	-0.396917	0
0.467296	-0.398002	0
0.466127	-0.280654	0
0.465377	-0.180008	0
0.464017	-0.326362	0
0.462639	-0.330718	0
0.462017	-0.149202	0
0.459149	-0.688331	0
0.456464	-0.644552	0
0.454661	-0.432593	0
0.457567	0.697472	0
0.458054	0.116826	0
0.456837	-0.292027	0
0.455376	-0.350721	0
0.454304	-0.257313	0
0.453196	-0.26595	0
0.452368	-0.198706	0
0.451324	-0.25054	0
0.450591	-0.175846	0
0.450013	-0.138677	0
0.456146	1.47176	0
0.455708	-0.105101	0
0.46489	2.20368	0
0.47301	1.94881	0
0.474781	0.425136	0
0.48565	2.60858	0
0.494567	2.14005	0
0.499384	1.15617	0
0.507794	2.01832	0
0.512702	1.17782	0
0.518415	1.37118	0
0.514595	-0.916878	0
0.516463	0.448424	0
0.513045	-0.820231	0
0.511907	-0.273226	0
0.506276	-1.35153	0
0.508012	0.416645	0
0.508268	0.0614289	0
0.508292	0.00584298	0
0.509208	0.219978	0
0.517693	2.03627	0
0.526088	2.01472	0
0.523003	-0.740321	0
0.523945	0.226067	0
0.522636	-0.31404	0
0.52189	-0.179125	0
0.525471	0.859446	0
0.533518	1.93134	0
0.53611	0.621924	0
0.53711	0.240014	0
0.535684	-0.342086	0
0.537748	0.4952	0
0.546112	2.00733	0
0.543955	-0.517457	0
0.554384	2.50276	0
0.558864	1.07537	0
0.562037	0.761542	0
0.559963	-0.497862	0
0.558713	-0.300073	0
0.557528	-0.284273	0
0.558959	0.343373	0
0.559839	0.211183	0
0.568074	1.97639	0
0.576388	1.99546	0
0.577282	0.214579	0
0.58196	1.12275	0
0.590096	1.9525	0
0.598019	1.90156	0
0.588689	-2.23927	0
0.583521	-1.24023	0
0.587466	0.946752	0
0.589773	0.553614	0
0.5854	-1.04946	0
0.579343	-1.45362	0
0.579605	0.0629062	0
0.581743	0.51308	0
0.582658	0.219616	0
0.579466	-0.766226	0
0.582869	0.816823	0
0.576159	-1.61048	0
0.571799	-1.04637	0
0.569011	-0.669067	0
0.567751	-0.302366	0
0.569145	0.334454	0
0.53747	-7.60182	0
0.53738	-0.0216907	0
0.541055	0.881951	0
0.485494	-13.3346	0
0.48573	0.0565651	0
0.494415	2.08451	0
0.500108	1.36636	0
0.508172	1.93522	0
0.513094	1.18131	0
0.521102	1.92205	0
0.529037	1.90436	0
0.535268	1.49534	0
0.539557	1.02945	0
0.542192	0.632252	0
0.541779	-0.0990171	0
0.541328	-0.108283	0
0.54883	1.80049	0
0.549711	0.21138	0
0.550814	0.264885	0
0.556217	1.29665	0
0.557232	0.243522	0
0.558425	0.286281	0
0.563396	1.19316	0
0.564668	0.305157	0
0.566092	0.341783	0
0.569669	0.858665	0
0.570002	0.0799068	0
0.5703	0.0714925	0
0.567885	-0.57966	0
0.545098	-5.46876	0
0.49343	-12.4004	0
0.495899	0.592646	0
0.504276	2.01041	0
0.512917	2.07375	0
0.521365	2.02758	0
0.528723	1.76583	0
0.537249	2.0464	0
0.545748	2.03975	0
0.55418	2.02354	0
0.562506	1.99835	0
0.558386	-0.988834	0
0.552769	-1.34808	0
0.547257	-1.32295	0
0.541395	-1.4068	0
0.535206	-1.48525	0
0.528694	-1.56296	0
0.525252	-0.826231	0
0.515382	-2.36872	0
0.505213	-2.44052	0
0.49469	-2.52541	0
0.484107	-2.54001	0
0.473414	-2.56641	0
0.463147	-2.46399	0
0.456336	-1.63462	0
0.445778	-2.5339	0
0.440536	-1.25811	0
0.437319	-0.772171	0
0.435477	-0.442015	0
0.435218	-0.0621925	0
0.433069	-0.515762	0
0.436515	0.82704	0
0.435486	-0.246885	0
0.444308	2.11736	0
0.455142	2.59998	0
0.463529	2.01295	0
0.471937	2.01797	0
0.469972	-0.471744	0
0.46752	-0.5884	0
0.464589	-0.703513	0
0.461935	-0.636966	0
0.457156	-1.14686	0
0.451788	-1.28834	0
0.458578	1.62962	0
0.455676	-0.696553	0
0.463942	1.98385	0
0.471955	1.92327	0
0.480914	2.14995	0
0.477869	-0.730802	0
0.48217	1.03226	0
0.481923	-0.0593063	0
0.480889	-0.247995	0
0.479257	-0.391805	0
0.477512	-0.418812	0
0.475695	-0.436063	0
0.471191	-1.08101	0
0.466415	-1.14614	0
0.461804	-1.10665	0
0.457249	-1.09327	0
0.45788	0.151476	0
0.45998	0.504163	0
0.462384	0.576777	0
0.46362	0.2968	0
0.461326	-0.550542	0
0.46007	-0.30162	0
0.459433	-0.152702	0
0.459103	-0.0793233	0
0.45975	0.155257	0
0.461712	0.470815	0
0.460594	-0.268138	0
0.459355	-0.297553	0
0.459983	0.150802	0
0.461467	0.356221	0
0.464208	0.657852	0
0.462765	-0.346311	0
0.463627	0.206778	0
0.461889	-0.417027	0
0.461512	-0.0904545	0
0.462128	0.147653	0
0.465988	0.926622	0
0.46635	0.0867077	0
0.472452	1.46456	0
0.471174	-0.30674	0
0.473195	0.485076	0
0.471315	-0.451194	0
0.470969	-0.0831017	0
0.472336	0.328094	0
0.47545	0.747377	0
0.474174	-0.306145	0
0.474066	-0.0261276	0
0.475638	0.377411	0
0.475206	-0.103808	0
0.476408	0.288633	0
0.478683	0.546007	0
0.480126	0.346207	0
0.477887	-0.537224	0
0.477229	-0.157936	0
0.476303	-0.2222	0
0.476335	0.00750916	0
0.476759	0.101822	0
0.477853	0.262589	0
0.478813	0.23038	0
0.479458	0.154861	0
0.482044	0.620509	0
0.479595	-0.587733	0
0.476589	-0.721433	0
0.475439	-0.275884	0
0.475486	0.0112387	0
0.478215	0.655039	0
0.481147	0.703561	0
0.484334	0.764836	0
0.484532	0.0475232	0
0.48347	-0.254727	0
0.483006	-0.111544	0
0.483936	0.223251	0
0.483846	-0.0216069	0
0.483768	-0.0187458	0
0.488655	1.17291	0
0.488387	-0.0642205	0
0.484479	-0.937971	0
0.483048	-0.343488	0
0.489802	1.62098	0
0.488116	-0.404597	0
0.490557	0.585833	0
0.491525	0.232266	0
0.492576	0.252273	0
0.487676	-1.17603	0
0.488638	0.230814	0
0.488466	-0.0410896	0
0.491305	0.681152	0
0.471288	-4.80391	0
0.474398	0.746362	0
0.461108	-3.18967	0
0.461915	0.193737	0
0.462727	0.194893	0
0.452449	-2.4667	0
0.452977	0.126684	0
0.453695	0.172209	0
0.45441	0.171647	0
0.455171	0.182779	0
0.456032	0.206469	0
0.457003	0.233177	0
0.45819	0.284908	0
0.438688	-4.68059	0
0.439617	0.223074	0
0.448098	2.03536	0
0.449338	0.297492	0
0.441877	-1.79056	0
0.431213	-2.55938	0
0.421588	-2.31005	0
0.420524	-0.255181	0
0.419432	-0.262196	0
0.420137	0.169152	0
0.420796	0.158194	0
0.422121	0.31814	0
0.425921	0.911961	0
0.427467	0.370959	0
0.428595	0.270845	0
0.429528	0.223721	0
0.43076	0.295664	0
0.431783	0.245532	0
0.432741	0.230103	0
0.429222	-0.844656	0
0.430163	0.225894	0
0.438985	2.11722	0
0.440387	0.336488	0
0.449118	2.09537	0
0.448582	-0.128595	0
0.457281	2.08776	0
0.466011	2.09534	0
0.474666	2.07716	0
0.482331	1.83956	0
0.487955	1.34964	0
0.478965	-2.15738	0
0.479288	0.0773445	0
0.48179	0.600461	0
0.483535	0.418952	0
0.474089	-2.26701	0
0.472121	-0.472441	0
0.468835	-0.788697	0
0.477123	1.98931	0
0.485432	1.99413	0
0.479017	-1.53961	0
0.475023	-0.958691	0
0.473234	-0.429193	0
0.473511	0.0662688	0
0.472307	-0.288965	0
0.471229	-0.258716	0
0.470322	-0.217551	0
0.469599	-0.173506	0
0.469053	-0.13099	0
0.467139	-0.459497	0
0.478669	2.76729	0
0.479937	0.304302	0
0.488261	1.99762	0
0.496598	2.00106	0
0.490677	-1.42117	0
0.484138	-1.5694	0
0.48977	1.35176	0
0.497735	1.91166	0
0.506061	1.99813	0
0.51438	1.99674	0
0.522677	1.99127	0
0.530815	1.95301	0
0.527744	-0.737144	0
0.535282	1.80911	0
0.537117	0.44041	0
0.545564	2.02747	0
0.552975	1.77848	0
0.558676	1.36838	0
0.562797	0.988968	0
0.565342	0.610839	0
0.566305	0.231191	0
0.565683	-0.149407	0
0.567389	0.409367	0
0.567433	0.0107124	0
0.565866	-0.376177	0
0.562777	-0.741351	0
0.559825	-0.708492	0
0.555715	-0.986281	0
0.550383	-1.27985	0
0.543808	-1.57784	0
0.536004	-1.87311	0
0.527086	-2.14023	0
0.517425	-2.31859	0
0.508298	-2.19059	0
0.49966	-2.07318	0
0.490147	-2.28293	0
0.489865	-0.0678234	0
0.49834	2.03407	0
0.506505	1.95957	0
0.514086	1.81955	0
0.522123	1.92882	0
0.529065	1.666	0
0.535209	1.47452	0
0.539888	1.12297	0
0.542804	0.699967	0
0.543479	0.161956	0
0.543379	-0.0239994	0
0.541779	-0.383875	0
0.537405	-1.04992	0
0.531576	-1.39885	0
0.524353	-1.73355	0
0.524052	-0.0723897	0
0.522387	-0.399372	0
0.530807	2.0207	0
0.537858	1.69212	0
0.543561	1.36874	0
0.547907	1.04306	0
0.550891	0.716333	0
0.552512	0.389037	0
0.55277	0.0616963	0
0.551665	-0.265165	0
0.549202	-0.59103	0
0.545388	-0.915389	0
0.553703	1.99567	0
0.560598	1.65479	0
0.566133	1.32835	0
0.570298	0.999549	0
0.567066	-0.77568	0
0.566104	-0.230906	0
0.568133	0.48709	0
0.568092	-0.00981272	0
0.566335	-0.421796	0
0.563313	-0.725342	0
0.562444	-0.208361	0
0.562209	-0.0566083	0
0.565031	0.677341	0
0.563976	-0.253227	0
0.561325	-0.636073	0
0.563723	0.575454	0
0.566654	0.703314	0
0.569274	0.628919	0
0.571618	0.562459	0
0.571993	0.0901273	0
0.570121	-0.449286	0
0.567829	-0.550222	0
0.570288	0.590348	0
0.574239	0.948183	0
0.574754	0.123683	0
0.574331	-0.101542	0
0.57642	0.501368	0
0.584223	1.87261	0
0.587012	0.66927	0
0.589736	0.653803	0
0.588675	-0.254472	0
0.585946	-0.654995	0
0.586565	0.14857	0
0.594178	1.82706	0
0.593635	-0.130301	0
0.594432	0.191333	0
0.601873	1.78583	0
0.603292	0.340362	0
0.611694	2.01671	0
0.613023	0.318752	0
0.612592	-0.103363	0
0.619885	1.7504	0
0.621918	0.487729	0
0.619863	-0.492979	0
0.616215	-0.875513	0
0.616505	0.0695027	0
0.615646	-0.20628	0
0.617339	0.406522	0
0.578121	-9.4123	0
0.566596	-2.76617	0
0.548779	-4.27599	0
0.542727	-1.45246	0
0.548637	1.41831	0
0.549337	0.168024	0
0.550133	0.19115	0
0.546404	-0.895009	0
0.524862	-5.17001	0
0.497035	-6.67857	0
0.50399	1.66914	0
0.503914	-0.0182977	0
0.503279	-0.152306	0
0.498611	-1.12033	0
0.506613	1.92051	0
0.511742	1.23094	0
0.51413	0.573118	0
0.520625	1.5587	0
0.525348	1.13362	0
0.533818	2.03269	0
0.5347	0.211713	0
0.529968	-1.13555	0
0.529944	-0.00583626	0
0.5281	-0.44256	0
0.525295	-0.673218	0
0.522039	-0.781362	0
0.518879	-0.758426	0
0.505795	-3.14009	0
0.505185	-0.146511	0
0.50686	0.402148	0
0.506839	-0.00505377	0
0.504293	-0.611223	0
0.502929	-0.327328	0
0.504363	0.344228	0
0.50563	0.304132	0
0.506329	0.167588	0
0.506727	0.0955208	0
0.508411	0.404224	0
0.511542	0.751478	0
0.513047	0.361145	0
0.512775	-0.0652606	0
0.512992	0.0521011	0
0.513695	0.168659	0
0.51526	0.375581	0
0.517696	0.584645	0
0.51672	-0.23413	0
0.516494	-0.0543555	0
0.516454	-0.00951728	0
0.51635	-0.0249089	0
0.516712	0.0869345	0
0.516777	0.0155274	0
0.516494	-0.0678942	0
0.514533	-0.470747	0
0.522888	2.00515	0
0.531145	1.98182	0
0.539377	1.97564	0
0.547523	1.95505	0
0.554308	1.62836	0
0.562244	1.90478	0
0.570155	1.89857	0
0.576116	1.43061	0
0.583608	1.79801	0
0.58643	0.677382	0
0.58513	-0.311998	0
0.582478	-0.636586	0
0.583334	0.205496	0
0.58275	-0.140083	0
0.580168	-0.619863	0
0.575592	-1.09801	0
0.578016	0.581686	0
0.581326	0.794469	0
0.584661	0.800398	0
0.587993	0.799643	0
0.591307	0.795309	0
0.595729	1.06134	0
0.599037	0.793855	0
0.60235	0.795023	0
0.607537	1.24489	0
0.611028	0.837863	0
0.614373	0.802862	0
0.617608	0.776445	0
0.61178	-1.39881	0
0.610107	-0.401404	0
0.604436	-1.36106	0
0.609403	1.19192	0
0.610624	0.293069	0
0.612483	0.446242	0
0.614458	0.473887	0
0.616446	0.477227	0
0.618831	0.572386	0
0.621351	0.604903	0
0.62627	1.18056	0
0.635614	2.24253	0
0.641933	1.51652	0
0.649179	1.73893	0
0.655641	1.551	0
0.664601	2.15039	0
0.671076	1.55408	0
0.67855	1.7937	0
0.676725	-0.438137	0
0.680215	0.837644	0
0.687091	1.65028	0
0.694011	1.66091	0
0.700918	1.65746	0
0.696965	-0.948608	0
0.700091	0.750143	0
0.703075	0.716171	0
0.702506	-0.136473	0
0.69986	-0.634996	0
0.695583	-1.02648	0
0.689752	-1.39952	0
0.682841	-1.65855	0
0.674693	-1.95564	0
0.672947	-0.418916	0
0.675781	0.680053	0
0.679371	0.861624	0
0.678448	-0.221546	0
0.68076	0.555005	0
0.684634	0.929584	0
0.68614	0.361621	0
0.689519	0.810763	0
0.688377	-0.274052	0
0.689891	0.363415	0
0.692279	0.573263	0
0.694835	0.613232	0
0.701905	1.69697	0
0.698663	-0.778141	0
0.699775	0.266776	0
0.707335	1.8144	0
0.703775	-0.854289	0
0.676805	-6.4727	0
0.647578	-7.01454	0
0.653846	1.50422	0
0.661569	1.8536	0
0.665128	0.854102	0
0.671511	1.53195	0
0.669255	-0.541386	0
0.676361	1.70538	0
0.68032	0.950083	0
0.687438	1.7085	0
0.694435	1.67917	0
0.700509	1.45768	0
0.705222	1.13124	0
0.695743	-2.27511	0
0.698939	0.767088	0
0.698892	-0.0111277	0
0.696839	-0.492763	0
0.693511	-0.798687	0
0.689002	-1.08216	0
0.68406	-1.18611	0
0.686001	0.465735	0
0.689735	0.896267	0
0.690697	0.23084	0
0.691812	0.267537	0
0.695121	0.794204	0
0.692079	-0.730009	0
0.689665	-0.579544	0
0.685428	-1.01685	0
0.683478	-0.468019	0
0.689121	1.35444	0
0.694598	1.31442	0
0.695711	0.267261	0
0.68895	-1.62278	0
0.690157	0.289791	0
0.649575	-9.73972	0
0.651796	0.532996	0
0.659272	1.79418	0
0.652653	-1.58848	0
0.647308	-1.28272	0
0.650716	0.817933	0
0.584635	-15.8596	0
0.585463	0.198809	0
0.593902	2.02544	0
0.598067	0.999423	0
0.603071	1.20105	0
0.610222	1.71625	0
0.618326	1.94507	0
0.625241	1.65952	0
0.631065	1.39777	0
0.639202	1.95296	0
0.647001	1.87171	0
0.654535	1.80807	0
0.658753	1.01243	0
0.666164	1.77855	0
0.66881	0.635089	0
0.675835	1.68598	0
0.681632	1.3914	0
0.686624	1.19792	0
0.692715	1.462	0
0.692671	-0.0107533	0
0.696512	0.921871	0
0.700967	1.06914	0
0.705333	1.048	0
0.705733	0.09588	0
0.703812	-0.461053	0
0.699165	-1.11522	0
0.692286	-1.65101	0
0.683677	-2.06613	0
0.673952	-2.33395	0
0.663567	-2.4924	0
0.665201	0.392089	0
0.662631	-0.616729	0
0.660462	-0.520649	0
0.661848	0.332829	0
0.664632	0.667993	0
0.666971	0.561464	0
0.670975	0.960941	0
0.669558	-0.340159	0
0.67136	0.432639	0
0.669768	-0.382085	0
0.666184	-0.860141	0
0.664745	-0.345432	0
0.665667	0.221189	0
0.665939	0.0654112	0
0.669513	0.85759	0
0.673657	0.99472	0
0.673669	0.00274265	0
0.680986	1.75625	0
0.68826	1.7456	0
0.695506	1.73904	0
0.701	1.31863	0
0.707068	1.45629	0
0.712984	1.41976	0
0.718874	1.4137	0
0.724929	1.45312	0
0.719191	-1.377	0
0.722638	0.827281	0
0.726218	0.859069	0
0.726394	0.0423379	0
0.725529	-0.207519	0
0.723297	-0.535762	0
0.719871	-0.822361	0
0.715634	-1.0167	0
0.71092	-1.13132	0
0.705904	-1.20391	0
0.700721	-1.24396	0
0.695396	-1.27805	0
0.68995	-1.30693	0
0.68634	-0.866546	0
0.684118	-0.533144	0
0.682363	-0.421274	0
0.68008	-0.547973	0
0.677905	-0.521937	0
0.675782	-0.509549	0
0.673682	-0.503901	0
0.671596	-0.500764	0
0.669518	-0.498705	0
0.667447	-0.497013	0
0.665383	-0.495333	0
0.663327	-0.493496	0
0.661279	-0.49143	0
0.659236	-0.490258	0
0.657195	-0.489998	0
0.655152	-0.490217	0
0.653108	-0.490709	0
0.65106	-0.49138	0
0.648007	-0.732758	0
0.645557	-0.588107	0
0.642765	-0.669865	0
0.640492	-0.54563	0
0.637404	-0.741107	0
0.633303	-0.984326	0
0.627799	-1.32097	0
0.620925	-1.64963	0
0.612699	-1.97418	0
0.603157	-2.29023	0
0.602455	-0.168502	0
0.603596	0.273949	0
0.601944	-0.396561	0
0.601124	-0.196814	0
0.603335	0.530635	0
0.604708	0.32958	0
0.604829	0.0289632	0
0.608346	0.844053	0
0.608491	0.034884	0
0.609901	0.338402	0
0.61056	0.15828	0
0.609575	-0.236529	0
0.609243	-0.0797243	0
0.607994	-0.299736	0
0.611607	0.867289	0
0.6157	0.982133	0
0.618746	0.73122	0
0.616478	-0.54433	0
0.61732	0.202026	0
0.61607	-0.300021	0
0.613089	-0.715506	0
0.619973	1.65229	0
0.626873	1.65595	0
0.631364	1.07772	0
0.639362	1.91972	0
0.646255	1.65416	0
0.652857	1.5846	0
0.658661	1.39279	0
0.664886	1.49399	0
0.670876	1.43773	0
0.676979	1.46464	0
0.683138	1.47819	0
0.679181	-0.949626	0
0.682976	0.910813	0
0.685034	0.493772	0
0.686896	0.446983	0
0.688945	0.491647	0
0.690771	0.438453	0
0.692224	0.348628	0
0.696247	0.965418	0
0.697558	0.314804	0
0.698955	0.335326	0
0.700111	0.277421	0
0.702055	0.466479	0
0.706101	0.970929	0
0.70519	-0.218529	0
0.703878	-0.314984	0
0.704266	0.0932545	0
0.704515	0.059603	0
0.708321	0.913532	0
0.710657	0.560743	0
0.710988	0.0792727	0
0.710267	-0.173019	0
0.707441	-0.678198	0
0.702022	-1.3005	0
0.698983	-0.729444	0
0.696775	-0.529836	0
0.698176	0.336289	0
0.699452	0.306232	0
0.699482	0.00700716	0
0.700594	0.266995	0
0.700286	-0.0739773	0
0.698818	-0.352249	0
0.696654	-0.519326	0
0.69382	-0.680318	0
0.691024	-0.670851	0
0.697267	1.4983	0
0.704558	1.74982	0
0.71022	1.35883	0
0.717731	1.80273	0
0.725292	1.8146	0
0.72313	-0.518856	0
0.722572	-0.134017	0
0.720577	-0.478767	0
0.719847	-0.175101	0
0.718976	-0.209045	0
0.718257	-0.172726	0
0.717496	-0.18269	0
0.716432	-0.255149	0
0.714039	-0.574396	0
0.710016	-0.965444	0
0.708266	-0.420099	0
0.706424	-0.442012	0
0.704817	-0.385682	0
0.703385	-0.343797	0
0.700599	-0.668527	0
0.696429	-1.00085	0
0.694396	-0.487921	0
0.693267	-0.270911	0
0.690705	-0.614914	0
0.686813	-0.934089	0
0.681465	-1.28364	0
0.674571	-1.65452	0
0.666106	-2.03146	0
0.673192	1.70057	0
0.673784	0.142012	0
0.670322	-0.830825	0
0.666343	-0.954885	0
0.662138	-1.00937	0
0.657749	-1.05314	0
0.653208	-1.09	0
0.648539	-1.12045	0
0.643757	-1.14779	0
0.63887	-1.17286	0
0.63389	-1.19515	0
0.628827	-1.21505	0
0.623687	-1.23364	0
0.618475	-1.25087	0
0.613197	-1.2668	0
0.607855	-1.28204	0
0.604939	-0.699879	0
0.600265	-1.12172	0
0.594102	-1.47924	0
0.592005	-0.503258	0
0.592178	0.041589	0
0.591164	-0.243225	0
0.588695	-0.592737	0
0.584942	-0.900647	0
0.579909	-1.20785	0
0.573651	-1.50196	0
0.56612	-1.80744	0
0.557288	-2.11968	0
0.56525	1.91092	0
0.564835	-0.0996956	0
0.563738	-0.263274	0
0.561302	-0.584531	0
0.557623	-0.883106	0
0.552692	-1.1833	0
0.546531	-1.47863	0
0.539118	-1.77922	0
0.530473	-2.07477	0
0.520611	-2.36694	0
0.510392	-2.45257	0
0.50017	-2.45317	0
0.490091	-2.41895	0
0.47994	-2.43634	0
0.469812	-2.43066	0
0.460004	-2.35396	0
0.45079	-2.21134	0
0.442525	-1.98357	0
0.445781	0.781254	0
0.450268	1.07698	0
0.45595	1.36378	0
0.462771	1.63691	0
0.470613	1.88218	0
0.478989	2.01019	0
0.487388	2.01579	0
0.495803	2.0196	0
0.504177	2.00962	0
0.512404	1.97465	0
0.520238	1.87997	0
0.527432	1.72665	0
0.533755	1.51757	0
0.538994	1.25737	0
0.54305	0.973294	0
0.545916	0.687835	0
0.547588	0.401365	0
0.547532	-0.0133559	0
0.546626	-0.217421	0
0.54453	-0.50312	0
0.541209	-0.797013	0
0.536657	-1.09251	0
0.530864	-1.39018	0
0.523829	-1.68861	0
0.515561	-1.98427	0
0.506248	-2.235	0
0.496424	-2.35796	0
0.486552	-2.36909	0
0.476708	-2.36254	0
0.466905	-2.35281	0
0.457402	-2.28077	0
0.44848	-2.14122	0
0.440412	-1.93635	0
0.433347	-1.69545	0
0.427384	-1.43114	0
0.422608	-1.14632	0
0.419113	-0.838738	0
0.417125	-0.477131	0
0.416639	-0.116767	0
0.417678	0.249459	0
0.420246	0.616267	0
0.424325	0.978911	0
0.429877	1.33265	0
0.436841	1.67124	0
0.445127	1.98872	0
0.453899	2.10531	0
0.46238	2.03539	0
0.471191	2.11461	0
0.479901	2.0904	0
0.488472	2.05696	0
0.496958	2.03682	0
0.505389	2.0234	0
0.513542	1.9566	0
0.521158	1.82793	0
0.52799	1.63955	0
0.533804	1.39541	0
0.538393	1.10128	0
0.541671	0.786842	0
0.543627	0.469514	0
0.544252	0.149803	0
0.543536	-0.171709	0
0.541476	-0.49444	0
0.538068	-0.817807	0
0.533314	-1.1411	0
0.527216	-1.46345	0
0.519782	-1.78416	0
0.511114	-2.08024	0
0.501433	-2.32357	0
0.491379	-2.41301	0
0.481307	-2.41721	0
0.471271	-2.40876	0
0.461356	-2.37951	0
0.451861	-2.27888	0
0.443078	-2.10786	0
0.449848	1.62487	0
0.457682	1.88019	0
0.465937	1.98115	0
0.474231	1.9906	0
0.482513	1.98763	0
0.490778	1.98364	0
0.499174	2.01507	0
0.507436	1.9829	0
0.515301	1.88755	0
0.52254	1.73722	0
0.528966	1.54224	0
0.534315	1.28386	0
0.538409	0.982537	0
0.541203	0.670699	0
0.542679	0.354103	0
0.542911	0.0557035	0
0.541838	-0.257522	0
0.539444	-0.574532	0
0.535784	-0.878488	0
0.530806	-1.19454	0
0.524577	-1.49513	0
0.51705	-1.80639	0
0.508458	-2.062	0
0.498978	-2.27532	0
0.489052	-2.38216	0
0.484978	-0.977877	0
0.493042	1.93538	0
0.501175	1.95194	0
0.509091	1.89991	0
0.516381	1.74963	0
0.522793	1.5387	0
0.528086	1.27045	0
0.532091	0.961193	0
0.53467	0.618932	0
0.535768	0.263603	0
0.535399	-0.0885771	0
0.533516	-0.451921	0
0.530241	-0.786053	0
0.525548	-1.12635	0
0.519449	-1.46369	0
0.512168	-1.74739	0
0.503983	-1.96456	0
0.495004	-2.15497	0
0.485563	-2.26581	0
0.486902	0.321301	0
0.493651	1.61991	0
0.49418	0.127003	0
0.504451	2.46492	0
0.502318	-0.512027	0
0.501358	-0.230294	0
0.500765	-0.142342	0
0.499348	-0.340103	0
0.497608	-0.417567	0
0.495587	-0.485111	0
0.493336	-0.540039	0
0.490918	-0.580374	0
0.489253	-0.399725	0
0.487237	-0.483692	0
0.48507	-0.520263	0
0.482345	-0.653866	0
0.485495	0.755857	0
0.490872	1.29058	0
0.496031	1.23814	0
0.500052	0.965134	0
0.502829	0.666486	0
0.502327	-0.120437	0
0.50076	-0.376086	0
0.498141	-0.628771	0
0.494733	-0.817712	0
0.497027	0.55044	0
0.492729	-1.03143	0
0.495581	0.684379	0
0.492396	-0.764279	0
0.500634	1.97711	0
0.501282	0.155551	0
0.501589	0.0734915	0
0.45012	-12.3524	0
0.450757	0.152782	0
0.448471	-0.548678	0
0.447132	-0.321246	0
0.44129	-1.40221	0
0.447078	1.38915	0
0.448239	0.278725	0
0.453721	1.31558	0
0.440096	-3.26981	0
0.437965	-0.511442	0
0.434308	-0.877731	0
0.427151	-1.71765	0
0.423313	-0.921316	0
0.417952	-1.28657	0
0.413035	-1.18	0
0.407923	-1.2268	0
0.402547	-1.2904	0
0.396868	-1.36301	0
0.390253	-1.5874	0
0.382251	-1.92064	0
0.388628	1.5305	0
0.389898	0.304897	0
0.392308	0.578297	0
0.392739	0.10344	0
0.394055	0.315814	0
0.363513	-7.32991	0
0.360035	-0.834747	0
0.369755	2.33281	0
0.3701	0.0827921	0
0.366921	-0.763095	0
0.360245	-1.6021	0
0.365111	1.16766	0
0.362154	-0.709685	0
0.362702	0.131532	0
0.370009	1.75374	0
0.368383	-0.390292	0
0.374942	1.5743	0
0.374066	-0.210294	0
0.386172	2.90549	0
0.385714	-0.109878	0
0.394326	2.06678	0
0.403733	2.2576	0
0.40616	0.582502	0
0.415476	2.23588	0
0.391799	-5.68247	0
0.390001	-0.431403	0
0.392017	0.483665	0
0.392306	0.0694971	0
0.373234	-4.57732	0
0.382262	2.16657	0
0.391107	2.1228	0
0.398104	1.67937	0
0.405974	1.88885	0
0.414589	2.06754	0
0.421635	1.69111	0
0.4302	2.05552	0
0.438555	2.00525	0
0.445053	1.55957	0
0.453571	2.04419	0
0.461632	1.93466	0
0.470545	2.13909	0
0.47893	2.01243	0
0.483848	1.18028	0
0.492204	2.00564	0
0.501154	2.1478	0
0.504113	0.710227	0
0.506729	0.62782	0
0.508964	0.536417	0
0.510889	0.462014	0
0.512651	0.42286	0
0.514217	0.375901	0
0.516778	0.614519	0
0.521831	1.21283	0
0.525495	0.879315	0
0.525682	0.0449675	0
0.529059	0.810489	0
0.526378	-0.643559	0
0.525854	-0.125752	0
0.523491	-0.567052	0
0.531617	1.95016	0
0.478329	-12.789	0
0.486595	1.98385	0
0.493168	1.57743	0
0.47938	-3.30917	0
0.487843	2.0311	0
0.49615	1.99384	0
0.503193	1.69026	0
0.511372	1.96279	0
0.519726	2.00511	0
0.527886	1.95842	0
0.534692	1.63346	0
0.542555	1.88712	0
0.549109	1.57284	0
0.557486	2.0105	0
0.565481	1.91877	0
0.573791	1.99438	0
0.582092	1.99221	0
0.589867	1.86619	0
0.589149	-0.172533	0
0.591262	0.507232	0
0.595331	0.976665	0
0.595469	0.0329531	0
0.599412	0.946493	0
0.603654	1.01807	0
0.607208	0.852893	0
0.604626	-0.61981	0
0.603298	-0.318593	0
0.600555	-0.658351	0
0.607462	1.65759	0
0.614187	1.61416	0
0.621159	1.67318	0
0.627262	1.46464	0
0.633811	1.5719	0
0.64068	1.6486	0
0.646609	1.42299	0
0.652948	1.52118	0
0.648505	-1.06624	0
0.639299	-2.20951	0
0.633574	-1.3739	0
0.626126	-1.78749	0
0.609673	-3.94885	0
0.615176	1.3207	0
0.588402	-6.42555	0
0.596309	1.89757	0
0.596221	-0.0210253	0
0.60339	1.72047	0
0.611852	2.03096	0
0.618243	1.53372	0
0.625295	1.69264	0
0.632369	1.69762	0
0.640155	1.86865	0
0.647232	1.69856	0
0.654039	1.63357	0
0.662159	1.94876	0
0.668704	1.57098	0
0.675448	1.61857	0
0.677577	0.510862	0
0.680139	0.614817	0
0.683211	0.737253	0
0.685011	0.432013	0
0.68457	-0.105722	0
0.688216	0.875041	0
0.691478	0.782824	0
0.69363	0.516454	0
0.694853	0.293639	0
0.695678	0.198022	0
0.697498	0.436768	0
0.696469	-0.246961	0
0.6966	0.0314282	0
0.702021	1.30105	0
0.702352	0.0793095	0
0.702615	0.0630696	0
0.703136	0.125147	0
0.706772	0.872524	0
0.704974	-0.431497	0
0.700707	-1.02402	0
0.698722	-0.476333	0
0.699106	0.0921176	0
0.695822	-0.788058	0
0.694148	-0.401917	0
0.701146	1.67955	0
0.70842	1.74567	0
0.70589	-0.607044	0
0.707129	0.29722	0
0.702779	-1.04401	0
0.701747	-0.247529	0
0.702568	0.197042	0
0.705715	0.755307	0
0.705741	0.00617752	0
0.704782	-0.23022	0
0.706676	0.454563	0
0.708019	0.322422	0
0.708495	0.114276	0
0.708975	0.115041	0
0.709684	0.170132	0
0.713639	0.949195	0
0.715768	0.511092	0
0.716041	0.0654297	0
0.715931	-0.0263431	0
0.716185	0.0609314	0
0.716883	0.167585	0
0.716694	-0.0453897	0
0.719074	0.571219	0
0.72677	1.84703	0
0.734299	1.80689	0
0.73261	-0.405364	0
0.729212	-0.815358	0
0.724101	-1.22676	0
0.71728	-1.63695	0
0.708759	-2.04512	0
0.707004	-0.421151	0
0.705642	-0.326892	0
0.708218	0.618242	0
0.705849	-0.56859	0
0.70352	-0.558996	0
0.699924	-0.862908	0
0.69488	-1.21071	0
0.693745	-0.272445	0
0.691258	-0.596739	0
0.687425	-0.919939	0
0.682168	-1.26176	0
0.681121	-0.251188	0
0.678682	-0.585301	0
0.674909	-0.905673	0
0.671649	-0.782298	0
0.667445	-1.00904	0
0.662352	-1.22218	0
0.656475	-1.41055	0
0.649879	-1.58296	0
0.642578	-1.75225	0
0.634591	-1.91709	0
0.625864	-2.09439	0
0.616424	-2.26558	0
0.606743	-2.32343	0
0.602304	-1.06537	0
0.597779	-1.08603	0
0.593475	-1.033	0
0.590149	-0.79819	0
0.58777	-0.570983	0
0.584178	-0.861923	0
0.579396	-1.14781	0
0.575433	-0.951073	0
0.570094	-1.28145	0
0.56335	-1.61837	0
0.555196	-1.95699	0
0.545635	-2.29483	0
0.535363	-2.46529	0
0.525101	-2.46284	0
0.518574	-1.56642	0
0.511046	-1.80671	0
0.502686	-2.00638	0
0.494675	-1.92266	0
0.486327	-2.00341	0
0.48729	0.23092	0
0.488427	0.272968	0
0.489703	0.306162	0
0.491089	0.332788	0
0.492555	0.35182	0
0.494063	0.361856	0
0.495571	0.36206	0
0.497038	0.352037	0
0.498422	0.332074	0
0.499688	0.303826	0
0.500795	0.265678	0
0.501732	0.225024	0
0.502409	0.162387	0
0.50287	0.110568	0
0.50306	0.0456266	0
0.50296	-0.0238573	0
0.502584	-0.0903023	0
0.502262	-0.0773785	0
0.501622	-0.153532	0
0.500736	-0.212581	0
0.499595	-0.274016	0
0.497831	-0.423231	0
0.49562	-0.530629	0
0.49311	-0.602509	0
0.490402	-0.649742	0
0.487583	-0.676667	0
0.484732	-0.684251	0
0.48193	-0.672539	0
0.479214	-0.651883	0
0.476499	-0.651413	0
0.473873	-0.630281	0
0.471428	-0.586834	0
0.469255	-0.521553	0
0.467439	-0.435734	0
0.466059	-0.331356	0
0.465179	-0.211087	0
0.46524	0.014538	0
0.466014	0.185727	0
0.467467	0.348898	0
0.469568	0.504067	0
0.472152	0.620144	0
0.475295	0.754356	0
0.478829	0.848317	0
0.482781	0.948509	0
0.481153	-0.390866	0
0.478578	-0.61804	0
0.475839	-0.657178	0
0.473032	-0.673797	0
0.469728	-0.792907	0
0.465976	-0.900478	0
0.461955	-0.965151	0
0.45777	-1.00432	0
0.454133	-0.872804	0
0.450706	-0.822671	0
0.445869	-1.16084	0
0.440794	-1.21792	0
0.43565	-1.23462	0
0.430518	-1.23164	0
0.425437	-1.2194	0
0.420424	-1.20304	0
0.415488	-1.18479	0
0.416904	0.339784	0
0.417804	0.216134	0
0.412679	-1.23013	0
0.413955	0.306342	0
0.422196	1.9779	0
0.41989	-0.553592	0
0.421466	0.378414	0
0.430644	2.20269	0
0.434342	0.887351	0
0.434977	0.152547	0
0.432837	-0.513636	0
0.429487	-0.8039	0
0.425441	-0.971253	0
0.421168	-1.02545	0
0.396938	-5.81526	0
0.405236	1.9915	0
0.411396	1.47844	0
0.405804	-1.34198	0
0.414285	2.03535	0
0.416614	0.559105	0
0.413681	-0.704083	0
0.412502	-0.282808	0
0.412251	-0.0604029	0
0.413264	0.243186	0
0.414605	0.321942	0
0.412366	-0.537329	0
0.40935	-0.723945	0
0.406059	-0.789834	0
0.398549	-1.80242	0
0.399544	0.238769	0
0.403446	0.936636	0
0.412658	2.21089	0
0.415868	0.770334	0
0.41867	0.672451	0
0.4276	2.14328	0
0.429706	0.505386	0
0.438892	2.20458	0
0.440411	0.364646	0
0.449434	2.16534	0
0.450621	0.285062	0
0.459698	2.17837	0
0.462595	0.695332	0
0.470757	1.95886	0
0.470662	-0.0227173	0
0.476556	1.41441	0
0.479403	0.683412	0
0.481263	0.446306	0
0.467031	-3.41577	0
0.456147	-2.6121	0
0.41915	-8.8793	0
0.420597	0.347297	0
0.416105	-1.07804	0
0.416257	0.0365705	0
0.425041	2.10798	0
0.425456	0.0998022	0
0.395901	-7.09328	0
0.396384	0.115879	0
0.397181	0.191192	0
0.405534	2.00485	0
0.40484	-0.16661	0
0.413098	1.98197	0
0.40651	-1.5812	0
0.406138	-0.0893461	0
0.389585	-3.97268	0
0.383762	-1.39751	0
0.376892	-1.64864	0
0.372415	-1.07447	0
0.381599	2.2041	0
0.376066	-1.32801	0
0.370033	-1.44784	0
0.378781	2.09955	0
0.374428	-1.04485	0
0.365154	-2.2256	0
0.354723	-2.50352	0
0.345481	-2.21814	0
0.342573	-0.697859	0
0.343835	0.302895	0
0.347404	0.856583	0
0.352699	1.27078	0
0.357973	1.26584	0
0.362892	1.18043	0
0.367388	1.07917	0
0.371742	1.04488	0
0.3756	0.925994	0
0.375831	0.0553617	0
0.378714	0.691814	0
0.381998	0.788141	0
0.381697	-0.0722169	0
0.383892	0.526866	0
0.386351	0.590282	0
0.388345	0.478448	0
0.389954	0.386094	0
0.391826	0.449344	0
0.388504	-0.797273	0
0.384426	-0.978724	0
0.380139	-1.02898	0
0.386009	1.40885	0
0.395065	2.17354	0
0.40405	2.15643	0
0.412988	2.14514	0
0.421883	2.13477	0
0.430727	2.12237	0
0.439336	2.06632	0
0.43465	-1.12474	0
0.42657	-1.93909	0
0.433459	1.65339	0
0.442237	2.10671	0
0.450969	2.09549	0
0.459198	1.97503	0
0.467195	1.91934	0
0.464523	-0.64132	0
0.475198	2.56212	0
0.48352	1.99718	0
0.482354	-0.279818	0
0.481169	-0.284425	0
0.480323	-0.203075	0
0.480713	0.0936525	0
0.458235	-5.39469	0
0.456629	-0.385507	0
0.455596	-0.2478	0
0.454792	-0.19312	0
0.454117	-0.161987	0
0.45542	0.312888	0
0.454079	-0.322002	0
0.452758	-0.316946	0
0.461219	2.03057	0
0.469689	2.03281	0
0.477683	1.91867	0
0.483977	1.51055	0
0.488041	0.975207	0
0.480959	-1.69957	0
0.48933	2.00891	0
0.497713	2.01206	0
0.508278	2.53563	0
0.516403	1.95003	0
0.524228	1.8779	0
0.533382	2.19684	0
0.541097	1.85172	0
0.538676	-0.58111	0
0.538032	-0.154542	0
0.537947	-0.0202761	0
0.538779	0.199554	0
0.539968	0.285356	0
0.540828	0.206485	0
0.541502	0.161755	0
0.542361	0.206218	0
0.543223	0.206747	0
0.542044	-0.282918	0
0.549898	1.88488	0
0.554659	1.1426	0
0.566982	2.95766	0
0.575589	2.06563	0
0.575734	0.0347579	0
0.576602	0.208481	0
0.578463	0.446565	0
0.579498	0.248311	0
0.587768	1.98496	0
0.587256	-0.123018	0
0.585139	-0.508041	0
0.581441	-0.887432	0
0.576172	-1.26463	0
0.569341	-1.63949	0
0.567664	-0.402436	0
0.569558	0.454485	0
0.569929	0.0891053	0
0.5688	-0.270974	0
0.571679	0.691043	0
0.57312	0.345751	0
0.57464	0.3648	0
0.585748	2.66604	0
0.587086	0.320995	0
0.586056	-0.247063	0
0.583252	-0.673182	0
0.579883	-0.808444	0
0.575193	-1.12557	0
0.56921	-1.43591	0
0.572935	0.893863	0
0.574231	0.311073	0
0.574192	-0.00935878	0
0.574054	-0.0330642	0
0.573887	-0.0399954	0
0.572455	-0.343889	0
0.569436	-0.724328	0
0.565669	-0.904206	0
0.558791	-1.65065	0
0.552002	-1.6294	0
0.543884	-1.94845	0
0.534449	-2.26432	0
0.525131	-2.23621	0
0.515217	-2.37937	0
0.505488	-2.33513	0
0.517096	2.78608	0
0.525855	2.10211	0
0.53394	1.9403	0
0.541058	1.70838	0
0.544584	0.846326	0
0.547205	0.628965	0
0.548059	0.204852	0
0.547315	-0.178546	0
0.546177	-0.273082	0
0.543409	-0.664276	0
0.539144	-1.0236	0
0.534304	-1.16161	0
0.527916	-1.53319	0
0.520625	-1.74984	0
0.512191	-2.02407	0
0.502811	-2.25126	0
0.493431	-2.25116	0
0.484759	-2.08129	0
0.475495	-2.22337	0
0.46732	-1.96193	0
0.459365	-1.90912	0
0.451897	-1.79236	0
0.459777	1.89114	0
0.470113	2.48074	0
0.478731	2.06827	0
0.48799	2.22209	0
0.49682	2.11929	0
0.505556	2.09649	0
0.513975	2.02069	0
0.521865	1.89354	0
0.528953	1.70102	0
0.534976	1.44554	0
0.539696	1.13282	0
0.543032	0.80061	0
0.54496	0.462818	0
0.545461	0.120286	0
0.544519	-0.226127	0
0.541343	-0.76234	0
0.53595	-1.29423	0
0.529673	-1.50642	0
0.522065	-1.82591	0
0.512623	-2.26619	0
0.50333	-2.23028	0
0.4941	-2.21524	0
0.484637	-2.27099	0
0.475222	-2.2596	0
0.467182	-1.92975	0
0.475207	1.926	0
0.483455	1.97958	0
0.492047	2.06216	0
0.502348	2.47222	0
0.510637	1.98924	0
0.518796	1.95831	0
0.526217	1.78086	0
0.532635	1.54053	0
0.537822	1.24471	0
0.541633	0.914705	0
0.544068	0.584439	0
0.554769	2.56831	0
0.563266	2.03927	0
0.570506	1.7376	0
0.576478	1.43323	0
0.577781	0.312589	0
0.579844	0.495263	0
0.579401	-0.106411	0
0.57724	-0.51857	0
0.579984	0.65844	0
0.582052	0.496307	0
0.577642	-1.0584	0
0.585519	1.89062	0
0.584134	-0.332419	0
0.583995	-0.0333155	0
0.581078	-0.700192	0
0.588571	1.79825	0
0.589605	0.248319	0
0.590843	0.296971	0
0.584697	-1.47501	0
0.586406	0.410159	0
0.592587	1.4835	0
0.590041	-0.611094	0
0.588151	-0.453434	0
0.587646	-0.121417	0
0.587021	-0.149792	0
0.587206	0.0443547	0
0.585473	-0.415891	0
0.582875	-0.623593	0
0.584775	0.455965	0
0.585024	0.059755	0
0.583741	-0.307985	0
0.580924	-0.675875	0
0.581506	0.139676	0
0.583622	0.507645	0
0.583513	-0.0260036	0
0.574328	-2.20436	0
0.575965	0.392649	0
0.584535	2.05681	0
0.581823	-0.650662	0
0.570953	-2.60893	0
0.578259	1.75333	0
0.578859	0.144076	0
0.565045	-3.31522	0
0.564915	-0.0313771	0
0.566265	0.324151	0
0.535363	-7.41654	0
0.528048	-1.75573	0
0.515502	-3.01087	0
0.516012	0.12232	0
0.480472	-8.52953	0
0.469877	-2.54285	0
0.453688	-3.88535	0
0.447502	-1.48468	0
0.442508	-1.19851	0
0.439615	-0.694358	0
0.443249	0.872116	0
0.451523	1.98589	0
0.460445	2.1411	0
0.468613	1.96047	0
0.473622	1.20222	0
0.474254	0.151604	0
0.482243	1.91724	0
0.487596	1.28475	0
0.490478	0.691767	0
0.491378	0.216086	0
0.490835	-0.130361	0
0.489119	-0.411946	0
0.486147	-0.71319	0
0.478981	-1.71999	0
0.479389	0.0980405	0
0.465234	-3.39712	0
0.472726	1.79794	0
0.474704	0.474809	0
0.475552	0.203389	0
0.473447	-0.505195	0
0.470072	-0.809865	0
0.466205	-0.928185	0
0.4622	-0.961176	0
0.458228	-0.953217	0
0.437959	-4.86452	0
0.433398	-1.09469	0
0.430517	-0.691492	0
0.427045	-0.833207	0
0.427189	0.034594	0
0.424561	-0.630926	0
0.425653	0.26211	0
0.428977	0.797749	0
0.428174	-0.192556	0
0.429687	0.362971	0
0.428082	-0.385008	0
0.431445	0.807051	0
0.432666	0.292881	0
0.434678	0.482996	0
0.439507	1.15884	0
0.440271	0.183592	0
0.440874	0.144495	0
0.444725	0.924231	0
0.445782	0.253737	0
0.443017	-0.663651	0
0.451369	2.0045	0
0.452825	0.349619	0
0.462254	2.26288	0
0.463374	0.268842	0
0.471111	1.85676	0
0.479436	1.99811	0
0.486416	1.6752	0
0.491491	1.21802	0
0.499498	1.92161	0
0.507733	1.97629	0
0.515712	1.91513	0
0.52378	1.93622	0
0.531808	1.92672	0
0.539703	1.89496	0
0.5476	1.89508	0
0.556119	2.04455	0
0.557819	0.408118	0
0.552699	-1.2289	0
0.543312	-2.2528	0
0.536025	-1.74899	0
0.525112	-2.61908	0
0.520062	-1.21194	0
0.515636	-1.06225	0
0.513396	-0.537624	0
0.510313	-0.739846	0
0.51068	0.0881035	0
0.508477	-0.528663	0
0.507076	-0.336363	0
0.507433	0.0857336	0
0.513146	1.37117	0
0.517944	1.15132	0
0.519641	0.407329	0
0.521226	0.380372	0
0.520117	-0.26605	0
0.520261	0.0345965	0
0.524027	0.903744	0
0.524893	0.207829	0
0.526	0.265806	0
0.527474	0.353718	0
0.528871	0.335299	0
0.530929	0.493869	0
0.491348	-9.49939	0
0.487747	-0.864344	0
0.490102	0.565359	0
0.485643	-1.07028	0
0.487521	0.450631	0
0.496172	2.07631	0
0.498463	0.549816	0
0.505542	1.69905	0
0.503852	-0.405534	0
0.505539	0.404765	0
0.501444	-0.982877	0
0.497673	-0.904999	0
0.494465	-0.769981	0
0.48028	-3.40434	0
0.476826	-0.828828	0
0.47769	0.20719	0
0.470455	-1.73638	0
0.478016	1.81462	0
0.476271	-0.41871	0
0.476859	0.141085	0
0.474835	-0.485788	0
0.484278	2.26649	0
0.492584	1.99343	0
0.489676	-0.698133	0
0.486709	-0.711996	0
0.474872	-2.84093	0
0.476087	0.29178	0
0.485037	2.14794	0
0.487202	0.519614	0
0.495234	1.92768	0
0.503849	2.06764	0
0.511708	1.88607	0
0.520325	2.06815	0
0.528075	1.85997	0
0.527255	-0.196883	0
0.529536	0.547368	0
0.533684	0.995552	0
0.536866	0.76386	0
0.540502	0.872529	0
0.543922	0.8208	0
0.547333	0.818594	0
0.549992	0.638166	0
0.551496	0.360913	0
0.558859	1.76716	0
0.559576	0.172202	0
0.563645	0.976404	0
0.563002	-0.154297	0
0.561889	-0.26695	0
0.55927	-0.628654	0
0.557493	-0.426517	0
0.564369	1.65038	0
0.562282	-0.501037	0
0.559538	-0.658643	0
0.554011	-1.32642	0
0.545984	-1.92645	0
0.546314	0.0792302	0
0.550741	1.06243	0
0.552787	0.491013	0
0.551612	-0.281992	0
0.542252	-2.24644	0
0.532772	-2.27521	0
0.522898	-2.36955	0
0.512997	-2.3763	0
0.503146	-2.36439	0
0.49334	-2.35324	0
0.483523	-2.35627	0
0.473725	-2.35136	0
0.463968	-2.34181	0
0.460976	-0.718096	0
0.469292	1.99588	0
0.477654	2.00683	0
0.486314	2.07854	0
0.494519	1.96912	0
0.502684	1.95957	0
0.500132	-0.612309	0
0.496331	-0.912282	0
0.491951	-1.05118	0
0.48712	-1.15953	0
0.482493	-1.11048	0
0.479744	-0.659806	0
0.476794	-0.708006	0
0.484744	1.90795	0
0.492904	1.95844	0
0.491323	-0.379408	0
0.489179	-0.514516	0
0.486857	-0.557207	0
0.484451	-0.57748	0
0.482047	-0.576972	0
0.479731	-0.555812	0
0.477587	-0.51457	0
0.475696	-0.453913	0
0.474133	-0.37514	0
0.472966	-0.280157	0
0.472252	-0.171233	0
0.472041	-0.0506902	0
0.472364	0.0774551	0
0.473238	0.209881	0
0.474665	0.342465	0
0.473088	-0.378389	0
0.471092	-0.479108	0
0.469044	-0.491638	0
0.466412	-0.631605	0
0.463406	-0.721357	0
0.46034	-0.735842	0
0.457339	-0.720384	0
0.454466	-0.689321	0
0.451611	-0.685383	0
0.448728	-0.691928	0
0.445844	-0.692158	0
0.442972	-0.689101	0
0.440119	-0.684828	0
0.437284	-0.680353	0
0.434467	-0.676107	0
0.431666	-0.672244	0
0.42888	-0.668771	0
0.426107	-0.665515	0
0.423341	-0.663792	0
0.420583	-0.661804	0
0.417835	-0.659569	0
0.415096	-0.657324	0
0.412336	-0.662472	0
0.409523	-0.675039	0
0.406638	-0.69249	0
0.403677	-0.710635	0
0.400641	-0.728524	0
0.397464	-0.762648	0
0.394156	-0.793768	0
0.390753	-0.816872	0
0.387279	-0.833653	0
0.383751	-0.846801	0
0.380178	-0.857578	0
0.376566	-0.866664	0
0.372923	-0.874502	0
0.36925	-0.881461	0
0.365551	-0.887708	0
0.361829	-0.893405	0
0.358084	-0.898677	0
0.354319	-0.903647	0
0.350534	-0.908391	0
0.346731	-0.912745	0
0.342916	-0.915469	0
0.339093	-0.917589	0
0.335262	-0.919468	0
0.331423	-0.92142	0
0.328143	-0.787165	0
0.324853	-0.789602	0
0.321471	-0.811696	0
0.318041	-0.823195	0
0.314586	-0.829046	0
0.311109	-0.834527	0
0.30761	-0.839846	0
0.304158	-0.828577	0
0.301261	-0.695188	0
0.298549	-0.650856	0
0.295394	-0.75731	0
0.292234	-0.758235	0
0.289081	-0.756815	0
0.285904	-0.762498	0
0.282629	-0.785872	0
0.279365	-0.78354	0
0.276164	-0.768105	0
0.273022	-0.754032	0
0.269943	-0.738994	0
0.26692	-0.725614	0
0.269028	0.505956	0
0.272461	0.823881	0
0.275408	0.70723	0
0.277073	0.399672	0
0.279519	0.586998	0
0.280645	0.270382	0
0.282556	0.458692	0
0.283964	0.337876	0
0.283284	-0.163326	0
0.295346	2.89487	0
0.29665	0.313007	0
0.29749	0.201585	0
0.307729	2.45734	0
0.317821	2.42217	0
0.327095	2.22571	0
0.336277	2.2037	0
0.345368	2.18188	0
0.354376	2.1618	0
0.356098	0.413418	0
0.357093	0.238645	0
0.359377	0.548252	0
0.362575	0.767518	0
0.362905	0.0791219	0
0.363757	0.20446	0
0.372348	2.06201	0
0.381162	2.11534	0
0.381947	0.188305	0
0.3906	2.07673	0
0.399286	2.08459	0
0.40788	2.06275	0
0.415913	1.92776	0
0.417742	0.439077	0
0.412655	-1.22086	0
0.414501	0.443001	0
0.422631	1.95123	0
0.425096	0.59158	0
0.423577	-0.36468	0
0.427929	1.0446	0
0.429478	0.371626	0
0.42089	-2.06113	0
0.407774	-3.14764	0
0.397066	-2.57009	0
0.406384	2.2364	0
0.412279	1.41484	0
0.420556	1.98643	0
0.428842	1.98853	0
0.436032	1.72583	0
0.429199	-1.64	0
0.432409	0.770408	0
0.4279	-1.08211	0
0.430223	0.557335	0
0.431682	0.35026	0
0.440624	2.14618	0
0.441529	0.217073	0
0.445178	0.875706	0
0.447037	0.446215	0
0.447139	0.0244656	0
0.448283	0.274711	0
0.442989	-1.27066	0
0.438974	-0.963729	0
0.442635	0.878709	0
0.446672	0.968847	0
0.44634	-0.0796879	0
0.44223	-0.986368	0
0.438296	-0.944076	0
0.444082	1.38872	0
0.443862	-0.0528486	0
0.448565	1.12855	0
0.448624	0.0143662	0
0.446718	-0.457596	0
0.438798	-1.90083	0
0.43777	-0.24674	0
0.435852	-0.460185	0
0.434945	-0.21775	0
0.433997	-0.227354	0
0.433431	-0.136003	0
0.433825	0.0945841	0
0.43458	0.181168	0
0.435324	0.178682	0
0.434006	-0.316328	0
0.404868	-6.99315	0
0.405896	0.24665	0
0.414928	2.16784	0
0.416308	0.331065	0
0.420818	1.08237	0
0.425727	1.17818	0
0.429014	0.78893	0
0.431309	0.550686	0
0.431606	0.0713231	0
0.43004	-0.375755	0
0.427211	-0.679056	0
0.424926	-0.548425	0
0.425876	0.228076	0
0.425678	-0.0475563	0
0.433483	1.87322	0
0.434967	0.356069	0
0.43517	0.0487483	0
0.434233	-0.224713	0
0.433542	-0.165998	0
0.430521	-0.72496	0
0.393972	-8.77179	0
0.403172	2.20794	0
0.412307	2.19245	0
0.421391	2.18007	0
0.430328	2.14496	0
0.438297	1.91261	0
0.434574	-0.89345	0
0.430572	-0.960587	0
0.426763	-0.914199	0
0.42607	-0.166292	0
0.42564	-0.103183	0
0.425114	-0.126286	0
0.418291	-1.63747	0
0.417914	-0.0904973	0
0.417253	-0.15872	0
0.417557	0.0729974	0
0.418049	0.118241	0
0.418765	0.17171	0
0.423371	1.10553	0
0.423274	-0.0233184	0
0.422544	-0.17528	0
0.422342	-0.0482987	0
0.431191	2.12357	0
0.435014	0.917573	0
0.450928	3.81951	0
0.459713	2.10837	0
0.468393	2.0831	0
0.476122	1.85496	0
0.469352	-1.62487	0
0.472105	0.660816	0
0.477806	1.36814	0
0.483137	1.27941	0
0.480102	-0.728246	0
0.488352	1.98	0
0.496626	1.98566	0
0.492622	-0.960976	0
0.490238	-0.57213	0
0.487757	-0.595316	0
0.485341	-0.579997	0
0.485589	0.0595626	0
0.482944	-0.634827	0
0.480452	-0.598105	0
0.475266	-1.24462	0
0.470072	-1.24646	0
0.467975	-0.503402	0
0.466367	-0.385776	0
0.474777	2.01837	0
0.482864	1.94078	0
0.491303	2.02545	0
0.501342	2.40934	0
0.509268	1.90225	0
0.517219	1.90821	0
0.522371	1.23648	0
0.530129	1.86184	0
0.537803	1.84178	0
0.539324	0.365231	0
0.540937	0.387103	0
0.545022	0.980368	0
0.548013	0.717842	0
0.549604	0.381721	0
0.549645	0.00998892	0
0.548134	-0.362626	0
0.54507	-0.735566	0
0.540452	-1.10827	0
0.534284	-1.48016	0
0.529129	-1.23729	0
0.524615	-1.08334	0
0.532804	1.96535	0
0.541517	2.09108	0
0.548627	1.70644	0
0.549684	0.253577	0
0.549377	-0.0736536	0
0.547746	-0.391272	0
0.544841	-0.697203	0
0.543073	-0.424334	0
0.539266	-0.913733	0
0.535239	-0.966507	0
0.543034	1.87081	0
0.541697	-0.320864	0
0.550085	2.01309	0
0.555349	1.2634	0
0.559034	0.884358	0
0.562595	0.854529	0
0.566158	0.855275	0
0.568695	0.608834	0
0.571637	0.705977	0
0.574527	0.693709	0
0.577098	0.616947	0
0.578269	0.2811	0
0.579137	0.20839	0
0.576063	-0.737875	0
0.583754	1.84584	0
0.58177	-0.476051	0
0.588264	1.55844	0
0.593209	1.1868	0
0.596482	0.785679	0
0.597345	0.207095	0
0.596575	-0.184885	0
0.594234	-0.561754	0
0.593269	-0.231739	0
0.590683	-0.62065	0
0.599387	2.08895	0
0.599394	0.00174992	0
0.597861	-0.367997	0
0.595809	-0.492309	0
0.591958	-0.924304	0
0.586928	-1.20731	0
0.580521	-1.53753	0
0.572828	-1.84639	0
0.581855	2.16655	0
0.581251	-0.145004	0
0.5798	-0.34833	0
0.576688	-0.746832	0
0.572908	-0.907039	0
0.567686	-1.25346	0
0.57588	1.96654	0
0.582801	1.66109	0
0.587205	1.05698	0
0.59086	0.877126	0
0.593109	0.539969	0
0.593888	0.186861	0
0.593324	-0.135491	0
0.591425	-0.455576	0
0.5882	-0.774101	0
0.583655	-1.09087	0
0.587244	0.861413	0
0.587225	-0.00455869	0
0.586947	-0.0667561	0
0.586316	-0.151329	0
0.585306	-0.242412	0
0.583432	-0.449703	0
0.58426	0.198707	0
0.583534	-0.174396	0
0.580803	-0.655337	0
0.577096	-0.88957	0
0.571799	-1.27137	0
0.574916	0.748087	0
0.576585	0.400492	0
0.576903	0.0764083	0
0.580289	0.812626	0
0.582292	0.480568	0
0.58294	0.155675	0
0.582233	-0.169809	0
0.580167	-0.495647	0
0.588844	2.08233	0
0.596	1.71748	0
0.601749	1.37975	0
0.602655	0.217533	0
0.602068	-0.141072	0
0.600024	-0.490355	0
0.596513	-0.842721	0
0.591542	-1.19297	0
0.585122	-1.5408	0
0.577295	-1.87866	0
0.581126	0.919496	0
0.58355	0.581926	0
0.582348	-0.288489	0
0.579908	-0.585779	0
0.57633	-0.858732	0
0.57138	-1.18781	0
0.564987	-1.53451	0
0.557331	-1.83732	0
0.547821	-2.28241	0
0.538453	-2.24846	0
0.533388	-1.21544	0
0.541077	1.84533	0
0.547022	1.42678	0
0.551366	1.04262	0
0.553668	0.552361	0
0.549339	-1.03899	0
0.543058	-1.50724	0
0.544717	0.397995	0
0.546739	0.48542	0
0.549695	0.709371	0
0.553516	0.916935	0
0.560662	1.71516	0
0.565559	1.17528	0
0.570034	1.07401	0
0.574056	0.965172	0
0.577529	0.83367	0
0.580459	0.703146	0
0.582885	0.58211	0
0.584856	0.473057	0
0.586446	0.381563	0
0.587986	0.369749	0
0.587746	-0.0575852	0
0.584073	-0.881662	0
0.578742	-1.27927	0
0.57179	-1.66846	0
0.571124	-0.159992	0
0.569446	-0.402761	0
0.577201	1.86131	0
0.583076	1.41008	0
0.581305	-0.425045	0
0.588409	1.70491	0
0.591738	0.799038	0
0.594696	0.709812	0
0.595528	0.199589	0
0.595238	-0.0694611	0
0.595178	-0.0143902	0
0.59484	-0.0811037	0
0.594543	-0.0714641	0
0.594148	-0.0946795	0
0.593712	-0.104549	0
0.593252	-0.110464	0
0.592768	-0.116253	0
0.592259	-0.122073	0
0.591727	-0.127714	0
0.591174	-0.132746	0
0.590602	-0.137155	0
0.590014	-0.141176	0
0.589411	-0.144847	0
0.586016	-0.814625	0
0.581718	-1.03169	0
0.581122	-0.142893	0
0.582135	0.24317	0
0.590068	1.90374	0
0.590749	0.163463	0
0.588901	-0.443418	0
0.58521	-0.885784	0
0.583409	-0.432359	0
0.587446	0.968814	0
0.591847	1.05629	0
0.59469	0.682253	0
0.596978	0.549326	0
0.597603	0.149797	0
0.5977	0.0234043	0
0.59752	-0.0433029	0
0.59715	-0.0888374	0
0.596686	-0.111268	0
0.596172	-0.123426	0
0.595617	-0.133113	0
0.595029	-0.141054	0
0.594414	-0.147586	0
0.593777	-0.153	0
0.593121	-0.157527	0
0.592448	-0.161444	0
0.589032	-0.819694	0
0.584706	-1.03845	0
0.579182	-1.32557	0
0.579069	-0.0272062	0
0.586371	1.75259	0
0.587617	0.29883	0
0.583626	-0.957764	0
0.577634	-1.43793	0
0.57892	0.308561	0
0.578452	-0.112353	0
0.57897	0.124276	0
0.580353	0.332027	0
0.577417	-0.704778	0
0.577075	-0.0819967	0
0.579769	0.646504	0
0.582814	0.730771	0
0.583218	0.0969349	0
0.585423	0.529403	0
0.586038	0.147575	0
0.58593	-0.0259268	0
0.583243	-0.644895	0
0.588967	1.37365	0
0.588307	-0.158358	0
0.586954	-0.324826	0
0.585394	-0.374373	0
0.583736	-0.397935	0
0.584784	0.251626	0
0.585068	0.0680348	0
0.583432	-0.392537	0
0.577575	-1.40573	0
0.585112	1.80906	0
0.58337	-0.418237	0
0.579739	-0.871384	0
0.581431	0.406183	0
0.584572	0.753723	0
0.587476	0.697	0
0.596075	2.06363	0
0.597824	0.419757	0
0.596141	-0.403801	0
0.594891	-0.300076	0
0.595139	0.0595702	0
0.600114	1.19404	0
0.599743	-0.0889861	0
0.598574	-0.280701	0
0.60121	0.632808	0
0.604475	0.783432	0
0.607672	0.767234	0
0.608686	0.243407	0
0.606099	-0.620837	0
0.608631	0.607798	0
0.60526	-0.809043	0
0.612672	1.77866	0
0.6146	0.462759	0
0.617868	0.784408	0
0.61924	0.32918	0
0.626584	1.76258	0
0.626328	-0.0614085	0
0.627022	0.166535	0
0.627821	0.191882	0
0.635071	1.73989	0
0.635964	0.21425	0
0.636289	0.0780881	0
0.631168	-1.2291	0
0.631047	-0.0289137	0
0.639114	1.93593	0
0.636135	-0.714963	0
0.636816	0.163525	0
0.637316	0.120077	0
0.638382	0.255894	0
0.644686	1.51279	0
0.646201	0.363668	0
0.646148	-0.0128173	0
0.644491	-0.397547	0
0.641232	-0.782201	0
0.636373	-1.16606	0
0.629922	-1.54841	0
0.621886	-1.92855	0
0.62674	1.16484	0
0.62641	-0.0791281	0
0.625286	-0.269807	0
0.622644	-0.634009	0
0.619026	-0.868269	0
0.614557	-1.07256	0
0.609308	-1.25971	0
0.603235	-1.45754	0
0.59629	-1.6668	0
0.588647	-1.83435	0
0.581474	-1.72162	0
0.57771	-0.903353	0
0.577558	-0.0365461	0
0.574711	-0.683178	0
0.575572	0.206605	0
0.572182	-0.813453	0
0.576485	1.03263	0
0.581128	1.11433	0
0.577414	-0.89134	0
0.574216	-0.767582	0
0.575962	0.419052	0
0.576249	0.0689841	0
0.575082	-0.280177	0
0.572466	-0.627887	0
0.568409	-0.97363	0
0.567601	-0.193806	0
0.566957	-0.154732	0
0.567397	0.105552	0
0.567853	0.109463	0
0.568769	0.219849	0
0.566415	-0.564902	0
0.565609	-0.193364	0
0.573391	1.8677	0
0.571744	-0.395241	0
0.566552	-1.24618	0
0.568107	0.373148	0
0.566386	-0.412914	0
0.56067	-1.37188	0
0.562217	0.371237	0
0.560223	-0.478515	0
0.558063	-0.518553	0
0.56541	1.76348	0
0.563032	-0.5709	0
0.557149	-1.41194	0
0.558281	0.271781	0
0.557907	-0.0898376	0
0.556502	-0.337167	0
0.553409	-0.742394	0
0.548734	-1.12187	0
0.556828	1.9426	0
0.556538	-0.0697002	0
0.554636	-0.456362	0
0.555485	0.203704	0
0.55519	-0.0708654	0
0.557655	0.591527	0
0.560699	0.730656	0
0.563879	0.76331	0
0.567376	0.839113	0
0.566879	-0.119278	0
0.568845	0.471972	0
0.57196	0.747496	0
0.569977	-0.4759	0
0.520336	-11.9138	0
0.521183	0.203268	0
0.528514	1.7594	0
0.53276	1.01921	0
0.537199	1.06526	0
0.502495	-8.32885	0
0.45484	-11.4374	0
0.455846	0.241426	0
0.463106	1.74252	0
0.425274	-9.0798	0
0.426399	0.27015	0
0.380972	-10.9026	0
0.360153	-4.99645	0
0.353066	-1.70089	0
0.36192	2.12489	0
0.370729	2.11419	0
0.372556	0.43848	0
0.373777	0.293122	0
0.374567	0.18947	0
0.375152	0.140408	0
0.375804	0.156514	0
0.376767	0.2311	0
0.378533	0.423796	0
0.381857	0.797742	0
0.358337	-5.64482	0
0.360183	0.443244	0
0.36944	2.22149	0
0.358189	-2.70014	0
0.315468	-10.2531	0
0.312486	-0.715753	0
0.313808	0.317284	0
0.323458	2.31608	0
0.325124	0.399841	0
0.334781	2.31777	0
0.344345	2.29522	0
0.344918	0.137461	0
0.334129	-2.58925	0
0.334111	-0.0043692	0
0.343116	2.16127	0
0.352754	2.31309	0
0.353285	0.127553	0
0.358356	1.21693	0
0.367264	2.13783	0
0.376635	2.24919	0
0.386242	2.3056	0
0.385568	-0.161655	0
0.384417	-0.276251	0
0.383846	-0.137099	0
0.383698	-0.0354458	0
0.382827	-0.209164	0
0.382125	-0.168376	0
0.38186	-0.0637878	0
0.381232	-0.150694	0
0.380598	-0.15206	0
0.379954	-0.154462	0
0.379285	-0.160699	0
0.378577	-0.169959	0
0.377824	-0.180641	0
0.377012	-0.194845	0
0.37615	-0.206818	0
0.375238	-0.219013	0
0.374271	-0.232086	0
0.373255	-0.243867	0
0.372196	-0.254121	0
0.3711	-0.262922	0
0.369974	-0.270223	0
0.368825	-0.275953	0
0.36765	-0.281821	0
0.366457	-0.286459	0
0.365257	-0.28786	0
0.364068	-0.285367	0
0.362898	-0.280842	0
0.361748	-0.276018	0
0.358447	-0.792255	0
0.354089	-1.04589	0
0.353236	-0.204725	0
0.352301	-0.224411	0
0.351301	-0.240035	0
0.350336	-0.231504	0
0.349409	-0.222544	0
0.348524	-0.212408	0
0.347683	-0.201878	0
0.346888	-0.190866	0
0.34614	-0.17941	0
0.345442	-0.16758	0
0.344794	-0.155435	0
0.344198	-0.143072	0
0.344117	-0.0193614	0
0.343558	-0.134316	0
0.343145	-0.0989974	0
0.342817	-0.0788092	0
0.342551	-0.063718	0
0.342342	-0.0503318	0
0.342187	-0.0371027	0
0.34209	-0.0233207	0
0.342048	-0.00993786	0
0.34206	0.0027479	0
0.342119	0.0141354	0
0.342218	0.023918	0
0.342311	0.0223145	0
0.342376	0.015485	0
0.342431	0.0132004	0
0.342493	0.014863	0
0.342571	0.0187737	0
0.34297	0.095769	0
0.343457	0.116733	0
0.346816	0.8063	0
0.347664	0.203574	0
0.348159	0.118821	0
0.348539	0.0909957	0
0.348557	0.0042934	0
0.348448	-0.0259385	0
0.348264	-0.0442617	0
0.348018	-0.0589271	0
0.347718	-0.0720655	0
0.347366	-0.0844655	0
0.346964	-0.096459	0
0.346513	-0.108213	0
0.346014	-0.119821	0
0.345467	-0.131342	0
0.344872	-0.142808	0
0.344229	-0.154239	0
0.343539	-0.165646	0
0.342801	-0.177034	0
0.342021	-0.187195	0
0.341201	-0.19694	0
0.34034	-0.2065	0
0.33944	-0.216002	0
0.338501	-0.225478	0
0.337522	-0.23494	0
0.336499	-0.245613	0
0.335406	-0.262258	0
0.334245	-0.2786	0
0.333011	-0.296087	0
0.33172	-0.309838	0
0.330398	-0.317452	0
0.329072	-0.318068	0
0.327775	-0.311339	0
0.326537	-0.297134	0
0.325389	-0.275461	0
0.327167	0.426755	0
0.326344	-0.197629	0
0.32832	0.474215	0
0.327694	-0.150147	0
0.329678	0.476177	0
0.329157	-0.125198	0
0.330991	0.4403	0
0.329862	-0.271129	0
0.330619	0.181754	0
0.331893	0.305674	0
0.333112	0.292678	0
0.337929	1.15598	0
0.339503	0.377925	0
0.34134	0.440699	0
0.342317	0.234613	0
0.341792	-0.126008	0
0.351036	2.21858	0
0.35308	0.490416	0
0.355969	0.693562	0
0.358038	0.496467	0
0.362088	0.97198	0
0.364244	0.517394	0
0.365386	0.274136	0
0.368001	0.627671	0
0.37346	1.31008	0
0.377008	0.851456	0
0.385004	1.91904	0
0.387779	0.66607	0
0.388349	0.136816	0
0.390009	0.398323	0
0.390555	0.131104	0
0.390332	-0.0534765	0
0.388957	-0.330123	0
0.391472	0.603596	0
0.40024	2.10439	0
0.409282	2.17019	0
0.418241	2.14996	0
0.427174	2.14404	0
0.436067	2.13441	0
0.444914	2.12318	0
0.453713	2.1118	0
0.462474	2.1025	0
0.471175	2.0883	0
0.474334	0.758113	0
0.476521	0.524916	0
0.477475	0.229051	0
0.480285	0.674472	0
0.481993	0.409739	0
0.483333	0.321606	0
0.487249	0.940018	0
0.488983	0.416032	0
0.49123	0.539192	0
0.493139	0.458172	0
0.495092	0.468897	0
0.497023	0.463269	0
0.498967	0.466702	0
0.500883	0.459696	0
0.502759	0.450344	0
0.504593	0.440215	0
0.511272	1.60299	0
0.513367	0.502787	0
0.515527	0.518313	0
0.517541	0.483427	0
0.519827	0.548703	0
0.519042	-0.188613	0
0.522294	0.780492	0
0.526953	1.11835	0
0.52958	0.630431	0
0.536982	1.77647	0
0.53971	0.654695	0
0.547507	1.8712	0
0.549222	0.41177	0
0.549378	0.0372993	0
0.554719	1.28178	0
0.553962	-0.181589	0
0.557615	0.876713	0
0.561926	1.03476	0
0.56271	0.187977	0
0.566593	0.931986	0
0.574992	2.01585	0
0.583299	1.99348	0
0.591657	2.00609	0
0.599652	1.91869	0
0.60755	1.89561	0
0.614666	1.70776	0
0.619833	1.24	0
0.627783	1.90821	0
0.635534	1.86009	0
0.63455	-0.236127	0
0.640463	1.41911	0
0.629932	-2.52741	0
0.63284	0.697918	0
0.635918	0.738656	0
0.639066	0.755532	0
0.642236	0.760754	0
0.645405	0.760598	0
0.64856	0.757303	0
0.653764	1.249	0
0.655186	0.341196	0
0.656845	0.398106	0
0.658658	0.435145	0
0.661181	0.60551	0
0.662622	0.345842	0
0.662544	-0.0186852	0
0.661299	-0.298679	0
0.661516	0.0519166	0
0.662236	0.172771	0
0.662982	0.179163	0
0.663632	0.155838	0
0.66488	0.299657	0
0.66612	0.297528	0
0.665203	-0.220084	0
0.673006	1.87273	0
0.674033	0.246587	0
0.683087	2.17296	0
0.683863	0.186299	0
0.683396	-0.11212	0
0.683766	0.0886102	0
0.6838	0.00833297	0
0.684825	0.245828	0
0.686071	0.299179	0
0.690088	0.964016	0
0.690063	-0.00588667	0
0.690615	0.132425	0
0.693891	0.786262	0
0.693716	-0.0420959	0
0.699107	1.2939	0
0.706823	1.85182	0
0.71442	1.82319	0
0.721974	1.81306	0
0.717775	-1.00787	0
0.711869	-1.41735	0
0.704259	-1.82629	0
0.699385	-1.16982	0
0.694663	-1.13327	0
0.689694	-1.19256	0
0.684448	-1.25896	0
0.678886	-1.33496	0
0.673176	-1.37047	0
0.661283	-2.85432	0
0.64975	-2.76785	0
0.638266	-2.7562	0
0.634258	-0.961967	0
0.632075	-0.523936	0
0.620193	-2.85169	0
0.608769	-2.74173	0
0.596416	-2.96475	0
0.584208	-2.92995	0
0.577915	-1.51014	0
0.565437	-2.99476	0
0.553102	-2.96046	0
0.540178	-3.10161	0
0.527419	-3.06224	0
0.534778	1.7662	0
0.533997	-0.187575	0
0.53497	0.233608	0
0.536081	0.266689	0
0.537799	0.412258	0
0.535604	-0.526739	0
0.535541	-0.0152648	0
0.533803	-0.417069	0
0.541541	1.85723	0
0.537021	-1.08483	0
0.532608	-1.05924	0
0.540431	1.8776	0
0.5483	1.88851	0
0.547478	-0.197272	0
0.544987	-0.597767	0
0.540723	-1.02328	0
0.534758	-1.43165	0
0.527226	-1.80779	0
0.51964	-1.8207	0
0.510513	-2.19033	0
0.514948	1.06429	0
0.518402	0.829052	0
0.521992	0.861686	0
0.524331	0.561283	0
0.525857	0.366125	0
0.525785	-0.0173108	0
0.525107	-0.162496	0
0.522686	-0.581097	0
0.518029	-1.11769	0
0.513448	-1.09938	0
0.507649	-1.39175	0
0.500793	-1.64544	0
0.492138	-2.0772	0
0.484238	-1.8961	0
0.475151	-2.18082	0
0.465985	-2.19985	0
0.457982	-1.92082	0
0.450528	-1.789	0
0.458693	1.95979	0
0.468119	2.26202	0
0.478006	2.37289	0
0.487339	2.24	0
0.496545	2.20954	0
0.505819	2.2256	0
0.513555	1.85663	0
0.520483	1.6627	0
0.526467	1.43632	0
0.531361	1.17441	0
0.535012	0.876237	0
0.537367	0.565321	0
0.538438	0.256954	0
0.53658	-0.445899	0
0.533257	-0.797606	0
0.52863	-1.11044	0
0.522786	-1.40246	0
0.515703	-1.69999	0
0.507525	-1.96278	0
0.498449	-2.17804	0
0.489189	-2.22241	0
0.479962	-2.21453	0
0.470779	-2.20397	0
0.461737	-2.17012	0
0.45311	-2.07047	0
0.44514	-1.91265	0
0.438064	-1.69834	0
0.432019	-1.45079	0
0.427102	-1.18001	0
0.423394	-0.890027	0
0.420957	-0.58486	0
0.419838	-0.268565	0
0.420067	0.0550169	0
0.421658	0.381818	0
0.424606	0.707373	0
0.428887	1.02746	0
0.434461	1.33796	0
0.441273	1.63484	0
0.438904	-0.568593	0
0.434871	-0.967937	0
0.431716	-0.757164	0
0.427541	-1.00216	0
0.424628	-0.699046	0
0.420829	-0.911836	0
0.418219	-0.626239	0
0.414799	-0.820854	0
0.411075	-0.893782	0
0.407293	-0.90765	0
0.403548	-0.898755	0
0.399889	-0.878213	0
0.396472	-0.820102	0
0.393401	-0.736978	0
0.389703	-0.887649	0
0.386021	-0.883522	0
0.382319	-0.888622	0
0.3787	-0.868536	0
0.375142	-0.85382	0
0.371649	-0.83832	0
0.373213	0.375256	0
0.375876	0.639174	0
0.378893	0.724054	0
0.387708	2.11552	0
0.389067	0.326195	0
0.391031	0.471523	0
0.400094	2.17492	0
0.399618	-0.11423	0
0.399746	0.0308597	0
0.397275	-0.593099	0
0.398254	0.235068	0
0.406882	2.07073	0
0.40657	-0.075092	0
0.407686	0.26795	0
0.405958	-0.414675	0
0.414694	2.09656	0
0.416029	0.320424	0
0.419584	0.853223	0
0.421361	0.426367	0
0.429774	2.01925	0
0.429015	-0.182146	0
0.429184	0.0405178	0
0.430715	0.367438	0
0.429993	-0.17319	0
0.43871	2.09192	0
0.437324	-0.33264	0
0.437856	0.12781	0
0.446443	2.06081	0
0.446677	0.056113	0
0.450114	0.824877	0
0.454259	0.99497	0
0.453355	-0.21704	0
0.455157	0.432377	0
0.460399	1.2582	0
0.458241	-0.517942	0
0.460278	0.488807	0
0.460449	0.041195	0
0.46877	1.997	0
0.46807	-0.167985	0
0.468754	0.164146	0
0.47879	2.40858	0
0.478423	-0.0882005	0
0.480428	0.481361	0
0.482143	0.41156	0
0.484784	0.633729	0
0.488918	0.992236	0
0.489324	0.0974012	0
0.497777	2.02888	0
0.497032	-0.17879	0
0.497546	0.123303	0
0.502539	1.19828	0
0.509728	1.72546	0
0.518301	2.05733	0
0.519454	0.276845	0
0.526963	1.80221	0
0.535933	2.1528	0
0.536101	0.0403302	0
0.544633	2.04752	0
0.546405	0.425311	0
0.553154	1.61986	0
0.550897	-0.541709	0
0.557656	1.62204	0
0.551672	-1.43601	0
0.548336	-0.800692	0
0.555725	1.77331	0
0.561545	1.39694	0
0.568862	1.75602	0
0.575899	1.6888	0
0.573643	-0.541493	0
0.5745	0.205731	0
0.575674	0.281881	0
0.572744	-0.703314	0
0.571938	-0.193432	0
0.577842	1.41706	0
0.576716	-0.270231	0
0.570964	-1.38055	0
0.569897	-0.256218	0
0.575937	1.44971	0
0.574828	-0.266108	0
0.571802	-0.726249	0
0.568693	-0.746266	0
0.565469	-0.773793	0
0.561651	-0.916264	0
0.556558	-1.22235	0
0.549401	-1.71748	0
0.519452	-7.18792	0
0.502966	-3.95655	0
0.513575	2.54602	0
0.520336	1.62275	0
0.52873	2.01451	0
0.536668	1.90517	0
0.544827	1.95811	0
0.552616	1.8695	0
0.560431	1.87544	0
0.568455	1.92593	0
0.571159	0.648961	0
0.579127	1.91232	0
0.579335	0.049721	0
0.580929	0.382676	0
0.588846	1.90012	0
0.594006	1.23843	0
0.601419	1.77908	0
0.608939	1.80484	0
0.613865	1.18204	0
0.613893	0.00674365	0
0.614095	0.0486294	0
0.61316	-0.224515	0
0.603006	-2.43698	0
0.580086	-5.50073	0
0.52459	-13.3191	0
0.532714	1.9498	0
0.540097	1.77181	0
0.541644	0.371263	0
0.549919	1.98616	0
0.557658	1.8572	0
0.56468	1.68545	0
0.571912	1.73563	0
0.579216	1.75292	0
0.585908	1.60602	0
0.584998	-0.218335	0
0.584133	-0.207703	0
0.585846	0.411313	0
0.586348	0.120479	0
0.586912	0.135359	0
0.587551	0.15331	0
0.588204	0.156767	0
0.588818	0.147246	0
0.591014	0.527009	0
0.593898	0.692297	0
0.595375	0.354429	0
0.59392	-0.349277	0
0.59095	-0.712766	0
0.587038	-0.938826	0
0.590319	0.787272	0
0.592722	0.576819	0
0.594678	0.4695	0
0.595861	0.283761	0
0.597345	0.356297	0
0.599473	0.510704	0
0.601594	0.509147	0
0.603712	0.5082	0
0.605859	0.515311	0
0.606121	0.0629091	0
0.607584	0.350987	0
0.610877	0.790299	0
0.613939	0.734926	0
0.61626	0.557099	0
0.619758	0.839622	0
0.622635	0.690276	0
0.625986	0.804329	0
0.628449	0.591193	0
0.631943	0.838576	0
0.627886	-0.97372	0
0.630092	0.52934	0
0.627766	-0.558169	0
0.625668	-0.503438	0
0.633184	1.80379	0
0.643041	2.36563	0
0.650776	1.8564	0
0.590396	-14.4912	0
0.594039	0.874327	0
0.589965	-0.977832	0
0.562274	-6.64564	0
0.524868	-8.97744	0
0.530548	1.36301	0
0.539174	2.07039	0
0.547796	2.06933	0
0.529422	-4.4098	0
0.537858	2.02449	0
0.54583	1.91329	0
0.553614	1.86829	0
0.561411	1.8713	0
0.569413	1.92053	0
0.577277	1.88727	0
0.583763	1.55667	0
0.587714	0.9483	0
0.595918	1.9688	0
0.602149	1.49552	0
0.606855	1.1294	0
0.610847	0.958145	0
0.618494	1.8352	0
0.622247	0.900772	0
0.62538	0.751847	0
0.628144	0.663396	0
0.630674	0.607098	0
0.633264	0.621745	0
0.636038	0.665606	0
0.640323	1.0285	0
0.645429	1.22542	0
0.649816	1.05295	0
0.646019	-0.91129	0
0.649062	0.730285	0
0.647491	-0.376921	0
0.643554	-0.944877	0
0.637955	-1.34391	0
0.640262	0.553616	0
0.6434	0.753242	0
0.647024	0.869783	0
0.650539	0.843537	0
0.653921	0.811611	0
0.651775	-0.514897	0
0.649412	-0.567064	0
0.648915	-0.119315	0
0.651205	0.549596	0
0.650028	-0.282624	0
0.652754	0.654316	0
0.656083	0.799026	0
0.658957	0.689689	0
0.661191	0.536273	0
0.660082	-0.266279	0
0.661249	0.280059	0
0.662045	0.191105	0
0.662819	0.185672	0
0.664082	0.30328	0
0.665537	0.349166	0
0.667327	0.42941	0
0.668935	0.385958	0
0.670808	0.449511	0
0.674432	0.869938	0
0.675925	0.358179	0
0.67761	0.404546	0
0.679331	0.413013	0
0.68131	0.475001	0
0.683291	0.475211	0
0.685386	0.502892	0
0.693196	1.87434	0
0.694678	0.355791	0
0.701758	1.69925	0
0.702875	0.267886	0
0.704739	0.447429	0
0.712503	1.86332	0
0.720323	1.87677	0
0.727882	1.81418	0
0.735411	1.80702	0
0.742901	1.79758	0
0.739209	-0.886149	0
0.737463	-0.419014	0
0.734046	-0.819977	0
0.728949	-1.22328	0
0.727025	-0.4618	0
0.724663	-0.566886	0
0.72256	-0.504734	0
0.723446	0.212704	0
0.72223	-0.291917	0
0.721855	-0.0898317	0
0.721486	-0.0886009	0
0.729063	1.8183	0
0.731255	0.526136	0
0.732031	0.186181	0
0.729536	-0.598696	0
0.725407	-0.990875	0
0.719605	-1.39248	0
0.712168	-1.78483	0
0.715586	0.820251	0
0.713754	-0.439735	0
0.710997	-0.661717	0
0.707737	-0.782302	0
0.704159	-0.858838	0
0.700372	-0.908723	0
0.696409	-0.951333	0
0.692289	-0.988692	0
0.688033	-1.02141	0
0.683657	-1.05025	0
0.681168	-0.597269	0
0.680246	-0.22144	0
0.679331	-0.21954	0
0.678668	-0.159079	0
0.67669	-0.474768	0
0.673228	-0.83083	0
0.66818	-1.21161	0
0.6616	-1.57911	0
0.653491	-1.94614	0
0.659779	1.50912	0
0.657478	-0.552297	0
0.654223	-0.781259	0
0.649477	-1.13892	0
0.643618	-1.40614	0
0.636758	-1.64659	0
0.628955	-1.87252	0
0.620255	-2.08811	0
0.610604	-2.31625	0
0.600116	-2.51716	0
0.589379	-2.57679	0
0.578631	-2.57967	0
0.571903	-1.61456	0
0.566524	-1.29101	0
0.563051	-0.833634	0
0.558807	-1.01844	0
0.557584	-0.293622	0
0.556123	-0.350493	0
0.55314	-0.716007	0
0.548734	-1.05743	0
0.54291	-1.39776	0
0.535678	-1.73565	0
0.527041	-2.07281	0
0.516976	-2.41572	0
0.506684	-2.46991	0
0.49641	-2.46592	0
0.491767	-1.11415	0
0.488871	-0.695213	0
0.485805	-0.735788	0
0.482876	-0.703038	0
0.480374	-0.600339	0
0.479613	-0.182707	0
0.479773	0.0384505	0
0.480581	0.193815	0
0.480783	0.0484957	0
0.482753	0.472857	0
0.48521	0.589793	0
0.488087	0.690304	0
0.491295	0.769868	0
0.495073	0.906756	0
0.498839	0.903902	0
0.50246	0.869067	0
0.505831	0.809111	0
0.508856	0.725934	0
0.511425	0.616439	0
0.513436	0.482769	0
0.514804	0.328235	0
0.515458	0.156959	0
0.515348	-0.0262518	0
0.510883	-1.07175	0
0.506448	-1.06445	0
0.500491	-1.42946	0
0.493829	-1.59896	0
0.486384	-1.78685	0
0.478457	-1.90252	0
0.470372	-1.94035	0
0.462826	-1.81112	0
0.455724	-1.70432	0
0.449303	-1.541	0
0.443783	-1.32499	0
0.43925	-1.08779	0
0.435776	-0.833712	0
0.433419	-0.565892	0
0.43222	-0.287694	0
0.432209	-0.00264967	0
0.433399	0.285576	0
0.43629	0.693918	0
0.440917	1.11043	0
0.446697	1.38722	0
0.453838	1.71386	0
0.462203	2.00769	0
0.471218	2.16356	0
0.479598	2.01118	0
0.481682	0.500205	0
0.478684	-0.719569	0
0.475408	-0.786326	0
0.471951	-0.82972	0
0.468408	-0.850209	0
0.464845	-0.855229	0
0.461292	-0.852527	0
0.457764	-0.846857	0
0.454141	-0.869464	0
0.450377	-0.903445	0
0.446718	-0.878104	0
0.442953	-0.903662	0
0.439205	-0.899371	0
0.435382	-0.91765	0
0.431411	-0.952984	0
0.427382	-0.967032	0
0.423355	-0.966408	0
0.419379	-0.95423	0
0.415483	-0.935101	0
0.411686	-0.911181	0
0.407995	-0.885859	0
0.403952	-0.970305	0
0.402126	-0.438164	0
0.402237	0.0265284	0
0.407538	1.27216	0
0.377944	-7.10235	0
0.319722	-13.9734	0
0.321695	0.47349	0
0.330755	2.17441	0
0.340031	2.2263	0
0.348147	1.94775	0
0.357501	2.24507	0
0.365792	1.98982	0
0.374743	2.14816	0
0.383413	2.08087	0
0.392001	2.06102	0
0.392554	0.132837	0
0.394642	0.501112	0
0.396662	0.484775	0
0.399341	0.642973	0
0.398683	-0.157852	0
0.400539	0.445468	0
0.403006	0.591972	0
0.405446	0.585492	0
0.405519	0.017505	0
0.414529	2.16244	0
0.41613	0.384288	0
0.422834	1.60898	0
0.431745	2.13874	0
0.441166	2.26102	0
0.449748	2.05966	0
0.448813	-0.224468	0
0.445385	-0.822695	0
0.444889	-0.119149	0
0.446212	0.317569	0
0.455291	2.17909	0
0.456073	0.187515	0
0.442485	-3.26097	0
0.440114	-0.569165	0
0.432737	-1.77051	0
0.404549	-6.76511	0
0.399266	-1.26788	0
0.407304	1.9292	0
0.4106	0.790997	0
0.406851	-0.899637	0
0.408214	0.327105	0
0.408261	0.0111664	0
0.407293	-0.23219	0
0.404976	-0.556168	0
0.401797	-0.762955	0
0.397037	-1.1424	0
0.391201	-1.40078	0
0.382126	-2.17782	0
0.370623	-2.76075	0
0.380195	2.29721	0
0.389854	2.3183	0
0.399091	2.21673	0
0.381799	-4.15012	0
0.372012	-2.34874	0
0.380012	1.92003	0
0.384771	1.14202	0
0.391208	1.54486	0
0.394622	0.819498	0
0.403976	2.24484	0
0.407068	0.742118	0
0.409261	0.526238	0
0.403371	-1.41344	0
0.405894	0.605374	0
0.408118	0.533879	0
0.410243	0.509956	0
0.412423	0.523156	0
0.414538	0.507549	0
0.416115	0.378504	0
0.409957	-1.47785	0
0.413542	0.860335	0
0.408367	-1.24201	0
0.40337	-1.19923	0
0.408925	1.3333	0
0.411257	0.559536	0
0.413948	0.645871	0
0.422836	2.13318	0
0.424355	0.364507	0
0.433177	2.11739	0
0.433747	0.136672	0
0.442523	2.10622	0
0.451294	2.10518	0
0.460013	2.0926	0
0.468679	2.07969	0
0.477292	2.06719	0
0.468185	-2.18566	0
0.474132	1.4273	0
0.482725	2.06222	0
0.491275	2.0521	0
0.498627	1.76437	0
0.489241	-2.2525	0
0.492242	0.720116	0
0.500986	2.09864	0
0.509312	1.99814	0
0.506657	-0.637135	0
0.503916	-0.657789	0
0.512059	1.95437	0
0.520044	1.91625	0
0.517854	-0.525447	0
0.515183	-0.641208	0
0.512065	-0.748198	0
0.510379	-0.404658	0
0.508408	-0.473192	0
0.505525	-0.691783	0
0.510732	1.24973	0
0.504722	-1.44243	0
0.496736	-1.91667	0
0.49084	-1.41502	0
0.487343	-0.839264	0
0.483054	-1.02935	0
0.481008	-0.491025	0
0.478471	-0.60907	0
0.475724	-0.65914	0
0.472932	-0.670199	0
0.474622	0.40573	0
0.475229	0.145551	0
0.479261	0.967855	0
0.477133	-0.510906	0
0.478285	0.276501	0
0.476693	-0.382122	0
0.476829	0.0327007	0
0.479222	0.574425	0
0.48575	1.56664	0
0.494421	2.08118	0
0.502952	2.04734	0
0.511551	2.06385	0
0.52012	2.05649	0
0.528646	2.04625	0
0.5371	2.02903	0
0.550081	3.1153	0
0.551976	0.454847	0
0.553984	0.481849	0
0.554303	0.0765788	0
0.553081	-0.293198	0
0.550318	-0.663165	0
0.547784	-0.608057	0
0.547659	-0.0299965	0
0.546251	-0.338027	0
0.545782	-0.112583	0
0.553817	1.92832	0
0.549967	-0.923894	0
0.558097	1.95118	0
0.56494	1.64224	0
0.564413	-0.126288	0
0.562219	-0.526538	0
0.558668	-0.85244	0
0.553775	-1.17435	0
0.547546	-1.49487	0
0.539992	-1.81293	0
0.531139	-2.12485	0
0.539175	1.92872	0
0.537974	-0.288209	0
0.53513	-0.682516	0
0.533481	-0.395868	0
0.531873	-0.385863	0
0.529759	-0.507344	0
0.527984	-0.425947	0
0.5262	-0.428278	0
0.521161	-1.20937	0
0.518208	-0.708658	0
0.526152	1.90655	0
0.523507	-0.634779	0
0.519784	-0.893593	0
0.524821	1.20903	0
0.52389	-0.223549	0
0.521417	-0.593458	0
0.517807	-0.866309	0
0.52185	0.970273	0
0.521364	-0.116641	0
0.517742	-0.869429	0
0.51283	-1.17885	0
0.510176	-0.636963	0
0.509078	-0.263429	0
0.508546	-0.127781	0
0.520445	2.85573	0
0.519763	-0.163671	0
0.516567	-0.76694	0
0.51227	-1.03126	0
0.510601	-0.400487	0
0.512851	0.539996	0
0.510131	-0.652942	0
0.506201	-0.943069	0
0.506691	0.117619	0
0.503438	-0.780713	0
0.500442	-0.719224	0
0.500024	-0.100354	0
0.502227	0.528835	0
0.500407	-0.436808	0
0.49536	-1.21118	0
0.489678	-1.36378	0
0.487682	-0.478979	0
0.487838	0.0373864	0
0.487697	-0.0337664	0
0.487273	-0.101852	0
0.488088	0.195707	0
0.491375	0.788755	0
0.490348	-0.246554	0
0.487412	-0.704461	0
0.483356	-0.973542	0
0.482388	-0.232218	0
0.480375	-0.483151	0
0.477666	-0.650201	0
0.476132	-0.36815	0
0.477024	0.213995	0
0.4808	0.90633	0
0.480354	-0.107102	0
0.477558	-0.671066	0
0.474287	-0.785089	0
0.470979	-0.793808	0
0.471786	0.193688	0
0.471986	0.0479209	0
0.471371	-0.147489	0
0.471912	0.1299	0
0.473082	0.280679	0
0.473357	0.0659221	0
0.474815	0.350058	0
0.48013	1.27559	0
0.478438	-0.406063	0
0.478331	-0.0257131	0
0.476681	-0.395896	0
0.477085	0.096741	0
0.478763	0.402773	0
0.486365	1.8246	0
0.486674	0.0740323	0
0.488857	0.523867	0
0.489256	0.095806	0
0.488155	-0.264288	0
0.505232	4.09856	0
0.505308	0.0182967	0
0.503791	-0.364058	0
0.50156	-0.535496	0
0.498723	-0.680835	0
0.484298	-3.46201	0
0.489644	1.28296	0
0.491701	0.493653	0
0.491837	0.0328457	0
0.490796	-0.249987	0
0.457896	-7.89593	0
0.45675	-0.275089	0
0.432506	-5.81852	0
0.422363	-2.43445	0
0.424202	0.441451	0
0.423723	-0.114837	0
0.411123	-3.02405	0
0.402783	-2.00167	0
0.405369	0.620725	0
0.370426	-8.38635	0
0.371768	0.32203	0
0.380959	2.2058	0
0.390149	2.20555	0
0.397568	1.78058	0
0.406339	2.10508	0
0.409193	0.684981	0
0.40635	-0.682255	0
0.398297	-1.93283	0
0.39198	-1.51607	0
0.389598	-0.571706	0
0.381766	-1.87972	0
0.381367	-0.0955793	0
0.378815	-0.612453	0
0.379868	0.252513	0
0.375768	-0.983785	0
0.381538	1.38478	0
0.366623	-3.57967	0
0.368976	0.564738	0
0.370121	0.274854	0
0.379519	2.25543	0
0.38611	1.58183	0
0.366033	-4.81852	0
0.326389	-9.51461	0
0.333979	1.82165	0
0.343273	2.2307	0
0.352854	2.29931	0
0.362467	2.30721	0
0.372192	2.33405	0
0.380893	2.08824	0
0.381646	0.180689	0
0.384838	0.766104	0
0.387576	0.656966	0
0.387351	-0.0539923	0
0.387706	0.0852616	0
0.389856	0.515954	0
0.392847	0.717808	0
0.395341	0.598616	0
0.398414	0.737482	0
0.40242	0.961579	0
0.406656	1.0166	0
0.411088	1.06362	0
0.415686	1.10363	0
0.418372	0.644451	0
0.41945	0.258899	0
0.421078	0.390584	0
0.422712	0.392136	0
0.427001	1.02946	0
0.430503	0.840471	0
0.432039	0.368714	0
0.4333	0.302544	0
0.433975	0.162072	0
0.43516	0.284446	0
0.436604	0.3464	0
0.43942	0.675802	0
0.440964	0.37058	0
0.454539	3.25817	0
0.454785	0.0589505	0
0.460018	1.25594	0
0.460785	0.184036	0
0.460672	-0.0270901	0
0.465846	1.24177	0
0.465653	-0.0463443	0
0.468047	0.574506	0
0.467036	-0.242472	0
0.471777	1.13762	0
0.480145	2.00845	0
0.488517	2.00931	0
0.496885	2.00816	0
0.504065	1.72329	0
0.509206	1.23397	0
0.503288	-1.42055	0
0.511517	1.97507	0
0.519751	1.97611	0
0.530822	2.65708	0
0.537708	1.6527	0
0.546186	2.03476	0
0.554317	1.95131	0
0.562363	1.93117	0
0.570377	1.92315	0
0.567625	-0.66028	0
0.568838	0.290944	0
0.570324	0.356831	0
0.571139	0.195615	0
0.576265	1.23006	0
0.583484	1.73264	0
0.585102	0.38834	0
0.585205	0.0247107	0
0.583787	-0.340264	0
0.581372	-0.579577	0
0.578494	-0.690829	0
0.580938	0.586572	0
0.581595	0.157729	0
0.582417	0.197264	0
0.583599	0.283659	0
0.584829	0.295151	0
0.58612	0.309776	0
0.585874	-0.0590538	0
0.584182	-0.405863	0
0.58168	-0.600561	0
0.577768	-0.938829	0
0.572461	-1.27385	0
0.574462	0.480317	0
0.574855	0.0943816	0
0.573767	-0.261148	0
0.572151	-0.387735	0
0.570664	-0.356888	0
0.568554	-0.506414	0
0.56541	-0.754757	0
0.559827	-1.33988	0
0.552847	-1.67507	0
0.54439	-2.02977	0
0.534868	-2.28519	0
0.525389	-2.27511	0
0.515951	-2.26509	0
0.506556	-2.25483	0
0.497262	-2.23047	0
0.498212	0.228082	0
0.498828	0.147674	0
0.499103	0.0660199	0
0.499003	-0.0239385	0
0.498501	-0.120376	0
0.497584	-0.22014	0
0.496298	-0.308689	0
0.494686	-0.386852	0
0.492781	-0.457344	0
0.490625	-0.517249	0
0.488274	-0.564278	0
0.485788	-0.596619	0
0.483235	-0.612879	0
0.480684	-0.612133	0
0.478209	-0.59397	0
0.475891	-0.556262	0
0.473815	-0.498321	0
0.472057	-0.421834	0
0.470805	-0.300542	0
0.469864	-0.225853	0
0.469326	-0.129062	0
0.469257	-0.0166729	0
0.466415	-0.682167	0
0.463925	-0.597483	0
0.460511	-0.819302	0
0.457801	-0.650349	0
0.454768	-0.728066	0
0.451259	-0.842121	0
0.448993	-0.543748	0
0.447733	-0.302536	0
0.445296	-0.58475	0
0.443829	-0.352255	0
0.441106	-0.653335	0
0.439276	-0.439277	0
0.436406	-0.688898	0
0.434498	-0.457861	0
0.432517	-0.475373	0
0.429844	-0.641619	0
0.426977	-0.68794	0
0.424071	-0.697433	0
0.421205	-0.687887	0
0.418429	-0.666283	0
0.415615	-0.675479	0
0.412744	-0.688863	0
0.410002	-0.65809	0
0.406986	-0.723816	0
0.404268	-0.652382	0
0.401186	-0.739652	0
0.398689	-0.599326	0
0.395521	-0.760384	0
0.392522	-0.719583	0
0.389595	-0.702567	0
0.386738	-0.685818	0
0.383889	-0.683727	0
0.381029	-0.68632	0
0.382405	0.330337	0
0.384565	0.518403	0
0.386885	0.556768	0
0.388684	0.431719	0
0.402776	3.38199	0
0.404297	0.365096	0
0.405961	0.399367	0
0.414226	1.9835	0
0.415021	0.190956	0
0.424084	2.17507	0
0.426807	0.653585	0
0.430227	0.820641	0
0.429349	-0.210619	0
0.429367	0.00441891	0
0.42612	-0.779383	0
0.428155	0.48841	0
0.426241	-0.459449	0
0.426685	0.106514	0
0.436047	2.24691	0
0.435592	-0.109087	0
0.434829	-0.183048	0
0.438492	0.879064	0
0.438537	0.0108449	0
0.436597	-0.465655	0
0.435386	-0.290745	0
0.439539	0.996895	0
0.440048	0.121972	0
0.438085	-0.471032	0
0.434442	-0.874413	0
0.429773	-1.12045	0
0.430133	0.086438	0
0.431458	0.31806	0
0.429506	-0.468697	0
0.438134	2.07077	0
0.440278	0.514647	0
0.439125	-0.276783	0
0.440565	0.345653	0
0.45474	3.40186	0
0.454355	-0.0921953	0
0.450804	-0.852273	0
0.449899	-0.217294	0
0.450069	0.0409058	0
0.451132	0.255142	0
0.452814	0.40359	0
0.45543	0.62776	0
0.454461	-0.232424	0
0.454955	0.118449	0
0.462994	1.92945	0
0.462845	-0.0357796	0
0.471406	2.05464	0
0.471329	-0.0185793	0
0.4724	0.257039	0
0.470278	-0.509184	0
0.48388	3.26444	0
0.482885	-0.238736	0
0.487782	1.17513	0
0.488456	0.161826	0
0.485859	-0.623312	0
0.482757	-0.744298	0
0.446224	-8.76796	0
0.453662	1.78495	0
0.462361	2.08788	0
0.465762	0.816141	0
0.474321	2.05415	0
0.47838	0.974312	0
0.487013	2.07182	0
0.488318	0.313286	0
0.444288	-10.5673	0
0.443462	-0.198277	0
0.450429	1.67205	0
0.429016	-5.13906	0
0.428066	-0.227859	0
0.442059	3.35826	0
0.451618	2.29405	0
0.460563	2.14683	0
0.460319	-0.0585822	0
0.468845	2.04628	0
0.478619	2.34576	0
0.478403	-0.0518065	0
0.475874	-0.60692	0
0.473213	-0.63862	0
0.469873	-0.801652	0
0.460939	-2.14425	0
0.452158	-2.10741	0
0.446904	-1.26097	0
0.438019	-2.13234	0
0.447486	2.27205	0
0.457118	2.31166	0
0.466075	2.14964	0
0.455981	-2.42248	0
0.446054	-2.38249	0
0.436253	-2.35233	0
0.4271	-2.19654	0
0.427678	0.138547	0
0.428913	0.296375	0
0.428505	-0.0977419	0
0.432182	0.882337	0
0.436448	1.02399	0
0.434522	-0.462348	0
0.4381	0.858846	0
0.433835	-1.02364	0
0.429853	-0.955802	0
0.410569	-4.62819	0
0.396254	-3.43542	0
0.392692	-0.854951	0
0.391755	-0.224948	0
0.392426	0.161195	0
0.394604	0.522584	0
0.398283	0.883038	0
0.403462	1.24288	0
0.410135	1.60156	0
0.418294	1.95826	0
0.42684	2.05104	0
0.435356	2.04386	0
0.443837	2.03523	0
0.45228	2.0265	0
0.460688	2.0178	0
0.469059	2.00916	0
0.477368	1.99397	0
0.486835	2.27219	0
0.495449	2.06739	0
0.504003	2.05302	0
0.512514	2.04258	0
0.520978	2.03126	0
0.529391	2.01926	0
0.536308	1.65994	0
0.529056	-1.74036	0
0.521235	-1.87717	0
0.51047	-2.58355	0
0.499256	-2.69142	0
0.487841	-2.73957	0
0.478032	-2.35419	0
0.46863	-2.25639	0
0.459442	-2.20512	0
0.450185	-2.22162	0
0.441321	-2.12738	0
0.433387	-1.90419	0
0.430532	-0.685205	0
0.430295	-0.056792	0
0.429917	-0.0907418	0
0.429556	-0.0867663	0
0.42924	-0.0756963	0
0.42914	-0.0240024	0
0.429723	0.139906	0
0.430221	0.119506	0
0.430853	0.151738	0
0.431501	0.155422	0
0.432715	0.291252	0
0.433579	0.207421	0
0.43472	0.273877	0
0.435339	0.148512	0
0.440591	1.26058	0
0.4414	0.194107	0
0.442292	0.214032	0
0.446327	0.968509	0
0.454908	2.05932	0
0.454147	-0.182587	0
0.462634	2.03695	0
0.471087	2.02877	0
0.479498	2.01861	0
0.486723	1.73387	0
0.491822	1.22374	0
0.48623	-1.3421	0
0.481062	-1.24029	0
0.475497	-1.3355	0
0.483758	1.98267	0
0.480582	-0.76229	0
0.476774	-0.913863	0
0.472685	-0.981532	0
0.469622	-0.734917	0
0.465799	-0.917665	0
0.461868	-0.943459	0
0.457539	-1.03891	0
0.452519	-1.20478	0
0.448687	-0.919677	0
0.444959	-0.894826	0
0.44122	-0.89724	0
0.4506	2.25117	0
0.459676	2.1782	0
0.469399	2.33362	0
0.478594	2.20674	0
0.488174	2.29928	0
0.497267	2.18231	0
0.49641	-0.205731	0
0.495378	-0.247779	0
0.494326	-0.252406	0
0.493334	-0.238	0
0.492429	-0.217259	0
0.491612	-0.196042	0
0.492215	0.144598	0
0.493557	0.322117	0
0.497244	0.884879	0
0.499627	0.571887	0
0.506503	1.65019	0
0.512809	1.51347	0
0.51826	1.30833	0
0.522648	1.05319	0
0.525795	0.755086	0
0.528384	0.621562	0
0.529501	0.268073	0
0.530092	0.141654	0
0.529474	-0.148261	0
0.527576	-0.455577	0
0.524392	-0.764044	0
0.519953	-1.06531	0
0.520216	0.0631518	0
0.526614	1.53538	0
0.532082	1.31243	0
0.534935	0.684647	0
0.536715	0.427266	0
0.53708	0.087519	0
0.536033	-0.251214	0
0.533575	-0.589993	0
0.529714	-0.926622	0
0.524463	-1.26018	0
0.517838	-1.59006	0
0.509947	-1.89377	0
0.501015	-2.14378	0
0.491788	-2.21441	0
0.48261	-2.20277	0
0.473474	-2.1926	0
0.464421	-2.17264	0
0.455739	-2.08368	0
0.447712	-1.9267	0
0.440607	-1.70502	0
0.43465	-1.42986	0
0.440989	1.52136	0
0.448627	1.83333	0
0.457504	2.13039	0
0.466444	2.14557	0
0.466358	-0.0204987	0
0.463981	-0.570515	0
0.460466	-0.84359	0
0.456501	-0.9517	0
0.45241	-0.981735	0
0.448334	-0.978301	0
0.444333	-0.960273	0
0.44043	-0.936702	0
0.436619	-0.914565	0
0.432895	-0.893748	0
0.429253	-0.874227	0
0.42632	-0.70377	0
0.423477	-0.682403	0
0.42071	-0.664112	0
0.418072	-0.633074	0
0.41559	-0.595736	0
0.413155	-0.584446	0
0.410655	-0.599993	0
0.408122	-0.607868	0
0.405569	-0.612763	0
0.402982	-0.620728	0
0.400354	-0.630932	0
0.397651	-0.648607	0
0.394858	-0.670285	0
0.391997	-0.686656	0
0.389076	-0.70095	0
0.386101	-0.714206	0
0.383077	-0.725753	0
0.380008	-0.736589	0
0.376895	-0.747028	0
0.373754	-0.753754	0
0.370553	-0.768281	0
0.367302	-0.78025	0
0.368115	0.195017	0
0.370272	0.517777	0
0.371853	0.379318	0
0.373444	0.381859	0
0.375012	0.376418	0
0.376636	0.389777	0
0.385462	2.11818	0
0.385228	-0.0560573	0
0.394248	2.16472	0
0.39271	-0.369124	0
0.401615	2.13729	0
0.411422	2.3537	0
0.415914	1.07789	0
0.416515	0.144252	0
0.412153	-1.04683	0
0.408818	-0.800395	0
0.406802	-0.483788	0
0.41607	2.22435	0
0.414486	-0.380157	0
0.41359	-0.215206	0
0.413933	0.0823894	0
0.411204	-0.654945	0
0.412193	0.237338	0
0.410765	-0.342772	0
0.411027	0.0630101	0
0.42091	2.37196	0
0.418983	-0.462568	0
0.418341	-0.154133	0
0.416905	-0.344574	0
0.415683	-0.293287	0
0.416194	0.122584	0
0.421827	1.35199	0
0.42276	0.223855	0
0.421457	-0.312675	0
0.419231	-0.534206	0
0.420198	0.232187	0
0.420292	0.0223245	0
0.421926	0.39222	0
0.422723	0.191372	0
0.431535	2.11489	0
0.431062	-0.11362	0
0.43163	0.136377	0
0.430174	-0.349496	0
0.431047	0.20955	0
0.433142	0.502743	0
0.428312	-1.15912	0
0.436078	1.86384	0
0.436466	0.0931799	0
0.429971	-1.55897	0
0.437881	1.89855	0
0.441493	0.866768	0
0.442149	0.157526	0
0.444245	0.503064	0
0.444138	-0.025687	0
0.392873	-12.3036	0
0.386418	-1.54921	0
0.395834	2.25995	0
0.404754	2.1408	0
0.413505	2.10006	0
0.421276	1.86503	0
0.428955	1.84307	0
0.435324	1.5286	0
0.442241	1.66002	0
0.435601	-1.59356	0
0.430943	-1.11803	0
0.428628	-0.555606	0
0.415727	-3.09617	0
0.413339	-0.573046	0
0.412658	-0.163448	0
0.412469	-0.045398	0
0.412299	-0.0406921	0
0.404288	-1.92287	0
0.404208	-0.0190383	0
0.397278	-1.66327	0
0.383541	-3.29684	0
0.377729	-1.39496	0
0.379593	0.447506	0
0.371068	-2.04614	0
0.370621	-0.107218	0
0.367933	-0.645156	0
0.361758	-1.48207	0
0.349224	-3.00795	0
0.358924	2.32789	0
0.368641	2.33219	0
0.37796	2.23635	0
0.374765	-0.766676	0
0.373327	-0.345127	0
0.370839	-0.597202	0
0.368949	-0.453544	0
0.367299	-0.396089	0
0.365904	-0.334769	0
0.364747	-0.277698	0
0.363812	-0.22431	0
0.364492	0.163116	0
0.365102	0.146521	0
0.366528	0.342152	0
0.368038	0.362386	0
0.369858	0.436923	0
0.371701	0.442173	0
0.373607	0.457528	0
0.376537	0.703261	0
0.3792	0.639026	0
