-0.313963	0.278548	0.375671
1.1385e-19	1.8216e-17	0.340361
0.00263633	0.632719	0.340262
0.00757335	1.18488	0.259994
0.013894	1.51696	0.109786
0.0202874	1.5344	-0.0824565
0.0253697	1.21977	-0.276855
0.0283831	0.723217	-0.431334
0.0287726	0.0934751	-0.522854
0.0273174	-0.349259	-0.534557
0.0245957	-0.653202	-0.49016
0.0212769	-0.79651	-0.407264
0.0180936	-0.763987	-0.306233
0.0155404	-0.61277	-0.209351
0.0136792	-0.446692	-0.131656
0.0121345	-0.37072	-0.0750253
0.0103486	-0.428622	-0.0280369
0.00819651	-0.516502	0.026275
0.00601149	-0.524405	0.0917071
0.00443595	-0.37813	0.158123
0.00415897	-0.0664738	0.205986
0.00550821	0.323817	0.214347
0.00951653	0.961998	0.173253
0.0163207	1.633	0.0513101
0.0249426	2.06925	-0.155618
0.0336883	2.09898	-0.417765
0.0404412	1.62069	-0.683605
0.0427036	0.542973	-0.888769
0.039495	-0.770068	-0.957324
0.031107	-2.0131	-0.859491
0.0183822	-3.05395	-0.604184
0.00323242	-3.63596	-0.217067
-0.0116116	-3.56256	0.243686
-0.0229823	-2.72898	0.695011
-0.027503	-1.08496	1.04059
-0.0238408	0.878936	1.17777
-0.0127845	2.65351	1.06608
0.00465217	4.18479	0.729561
0.0259275	5.10609	0.199119
0.0471234	5.087	-0.447909
0.0639595	4.04066	-1.09234
0.0731383	2.20291	-1.60401
0.074447	0.314109	-1.88269
0.069137	-1.27441	-1.92197
0.0580934	-2.65046	-1.75997
0.0424724	-3.74906	-1.42366
0.0239375	-4.44836	-0.948237
0.00420171	-4.73659	-0.384344
-0.0130732	-4.14597	0.215912
-0.0242645	-2.68591	0.741166
-0.0275361	-0.785202	1.08128
-0.0234473	0.981315	1.18046
-0.0134288	2.40444	1.0558
0.00103002	3.47012	0.750842
0.0171845	3.87707	0.310946
0.0316173	3.46388	-0.18039
0.0420717	2.50905	-0.619236
0.046935	1.1672	-0.936978
0.0464466	-0.117228	-1.08461
0.0414558	-1.19777	-1.06946
0.033246	-1.97035	-0.917405
0.0229479	-2.47156	-0.667499
0.0128252	-2.42943	-0.354157
0.00506598	-1.86222	-0.0462392
0.0007906	-1.02609	0.189725
0.000268298	-0.125352	0.319681
0.00230894	0.489754	0.33547
0.00644885	0.993578	0.273318
0.0114495	1.20016	0.147346
0.0153886	0.945381	-0.00476667
0.0173856	0.479277	-0.124555
0.0173856	0	-0.185252
0.0161656	-0.292807	-0.185205
0.0144916	-0.401748	-0.148058
0.0129566	-0.368403	-0.0971177
0.0121813	-0.186079	-0.0504167
0.0122334	0.012512	-0.0268301
0.0143097	0.498312	-0.0284127
0.017884	0.857835	-0.0915482
0.0218203	0.944703	-0.20022
0.0252622	0.826065	-0.319867
0.0274735	0.530702	-0.42445
0.0277665	0.070322	-0.491579
0.0261911	-0.378094	-0.500357
0.0216306	-1.09451	-0.452316
0.0143359	-1.75074	-0.313514
0.00592017	-2.01977	-0.0916012
-0.00191451	-1.88032	0.164337
-0.00759283	-1.3628	0.402536
-0.0096488	-0.493432	0.575096
-0.00764544	0.480806	0.637455
-0.00120344	1.54608	0.576354
0.00933857	2.53008	0.380293
0.0227065	3.2083	0.0596079
0.0365599	3.32481	-0.346922
0.0483798	2.83679	-0.768101
0.0558096	1.78314	-1.12733
0.057838	0.486831	-1.35295
0.0544214	-0.819995	-1.41426
0.0454628	-2.15007	-1.30998
0.0319184	-3.25066	-1.03719
0.0145484	-4.16878	-0.625032
-0.00441915	-4.55222	-0.0966538
-0.0436074	-9.40517	0.480162
-0.0781885	-8.29948	1.67171
-0.103528	-6.08147	2.72283
-0.119386	-3.80591	3.49263
-0.125427	-1.44979	3.97388
-0.12361	0.436114	4.15647
-0.114589	2.16492	4.10006
-0.0990742	3.72358	3.82461
-0.0780228	5.05233	3.35174
-0.0533766	5.91509	2.71065
-0.0300677	5.59414	1.96042
-0.00513954	5.98276	1.25106
0.0217191	6.44608	0.492665
0.0481757	6.34958	-0.324229
0.0706054	5.38312	-1.12867
0.0866752	3.85677	-1.81043
0.0965205	2.36285	-2.2986
0.101146	1.11025	-2.59735
0.101146	0	-2.73731
0.09718	-0.951963	-2.73655
0.0892344	-1.90694	-2.61518
0.0773505	-2.85213	-2.37284
0.0614855	-3.80761	-2.0108
0.0418001	-4.72448	-1.5278
0.0180817	-5.69244	-0.928761
-0.00886371	-6.46689	-0.207243
-0.0350043	-6.27374	0.612201
-0.0556873	-4.96391	1.40694
-0.0685421	-3.08515	2.03551
-0.0739704	-1.30281	2.42584
-0.0734171	0.1328	2.59024
-0.0668052	1.58685	2.57269
-0.0566263	2.44295	2.37091
-0.0394094	4.13205	2.06071
-0.0158964	5.64312	1.53658
0.0129777	6.92978	0.82114
0.0449883	7.68255	-0.0571327
0.0748323	7.16256	-1.03054
0.0958042	5.03324	-1.93779
0.107833	2.88695	-2.575
0.1112	0.808096	-2.94008
0.107713	-0.83697	-3.04165
0.0982368	-2.27425	-2.93476
0.0802277	-4.32218	-2.64579
0.0564672	-5.70252	-2.09742
0.0295198	-6.46736	-1.3743
0.000911845	-6.86592	-0.554468
-0.0267724	-6.64422	0.315632
-0.0491712	-5.37571	1.1574
-0.0632111	-3.36958	1.83821
-0.0692367	-1.44614	2.26464
-0.0684114	0.198076	2.44724
-0.0613281	1.69998	2.42146
-0.0491871	2.91384	2.20539
-0.0329378	3.89985	1.83557
-0.0128846	4.81276	1.34093
0.0107651	5.67593	0.730748
0.0357376	5.9934	0.0113699
0.0580617	5.35779	-0.748033
0.0744349	3.92957	-1.42669
0.084517	2.41969	-1.92419
0.0300976	1.28634	-0.383921
0.0321963	0.503679	-0.546805
0.0321228	-0.017645	-0.610477
0.0285118	-0.866632	-0.608076
0.0214614	-1.6921	-0.498105
0.0118732	-2.30116	-0.283571
0.00156739	-2.47339	0.00807451
-0.00667297	-1.97769	0.321462
-0.010552	-0.930961	0.571954
-0.00985761	0.166647	0.68975
-0.00497607	1.17157	0.668441
-0.00341381	0.374942	0.519807
-3.91057e-06	0.818375	0.472152
0.0011866	0.285723	0.368323
0.00446929	0.787845	0.332013
0.00866358	1.00663	0.232092
0.00944078	0.186527	0.104477
0.00838153	-0.254221	0.0808091
0.00615735	-0.533802	0.112993
0.00284488	-0.794995	0.180593
-0.000742162	-0.860889	0.28127
-0.0040056	-0.783226	0.390269
-0.00608449	-0.498933	0.489397
-0.00595752	0.0304712	0.552477
-0.00381924	0.513189	0.54846
-0.000365236	0.82896	0.48328
0.0020096	0.56996	0.378107
0.0042008	0.525889	0.30578
0.00828593	0.98043	0.239057
0.0130965	1.15454	0.11476
0.0172411	0.994696	-0.0315627
0.0166307	-0.146484	-0.157592
0.0121654	-1.07167	-0.138993
0.0059335	-1.49566	-0.00317126
-0.000474315	-1.53788	0.186336
-0.0059741	-1.31995	0.381139
-0.00937169	-0.815423	0.548275
-0.00937988	-0.00196567	0.651439
-0.00587499	0.841173	0.651505
0.00114392	1.68454	0.544738
0.0121986	2.65313	0.331142
0.0244679	2.94463	-0.00512012
0.0352143	2.57914	-0.378223
0.0361487	0.224248	-0.704913
0.032737	-0.818794	-0.733135
0.0254132	-1.75771	-0.629191
0.0151286	-2.4683	-0.406308
0.00339635	-2.81575	-0.093451
-0.00738438	-2.58737	0.263343
-0.0141388	-1.62107	0.591102
-0.0148419	-0.168748	0.796333
-0.00990679	1.18444	0.817491
-0.00680331	0.744837	0.667185
0.000546451	1.76394	0.572622
0.00587854	1.2797	0.348957
0.0116682	1.38952	0.18671
0.0158636	1.00689	0.0105938
0.0180529	0.525446	-0.116992
0.0185612	0.121989	-0.183541
0.0180872	-0.113767	-0.198952
0.0166028	-0.356247	-0.184486
0.0139777	-0.630023	-0.139301
0.0107411	-0.7768	-0.0594398
0.00783358	-0.697794	0.0389975
0.00659244	-0.297872	0.127397
0.00722747	0.152405	0.165099
0.00657746	-0.156002	0.145738
0.00605976	-0.124247	0.165458
0.00610253	0.0102641	0.18115
0.00570204	-0.0961173	0.179794
0.00663995	0.225099	0.191918
0.00818417	0.370612	0.163339
0.00972401	0.369561	0.11633
0.0110123	0.309184	0.0694672
0.0066992	-1.03514	0.0302678
-0.000620225	-1.75666	0.161414
-0.0087595	-1.95343	0.383945
-0.0159499	-1.7257	0.631346
-0.0198093	-0.92625	0.849824
-0.0193819	0.102585	0.966946
-0.0151511	1.01538	0.953677
-0.00756253	1.82126	0.824755
0.00282096	2.49204	0.593758
0.0141275	2.71358	0.277834
0.0160298	0.456546	-0.0660728
0.0164952	0.111692	-0.123906
0.0162366	-0.0620676	-0.138028
0.0151011	-0.272524	-0.130131
0.0128613	-0.537529	-0.095569
0.00994129	-0.700814	-0.0274393
0.00471213	-1.255	0.0613614
-0.00100767	-1.37275	0.220357
-0.00431504	-0.793768	0.394228
-0.00551149	-0.287148	0.494691
-0.00615306	-0.153977	0.530935
-0.00484279	0.314466	0.550295
-0.00107522	0.904218	0.510295
0.00451322	1.34123	0.39558
0.00941752	1.17703	0.225524
0.0124971	0.739101	0.0763206
0.0138386	0.321946	-0.0173535
0.013985	0.0351413	-0.0581457
0.0129353	-0.251924	-0.062587
0.0107112	-0.533793	-0.0306543
0.00796506	-0.659062	0.0369842
0.00541492	-0.612033	0.120477
0.00422395	-0.285834	0.197988
0.00578591	0.374869	0.234145
0.00567628	-0.0263089	0.186577
0.00567627	-2.82766e-06	0.189854
0.00733733	0.398654	0.189796
0.0105938	0.781553	0.139227
0.014745	0.996299	0.0401567
0.0184588	0.891308	-0.0860957
0.0205553	0.503161	-0.19901
0.0206178	0.0149814	-0.262713
0.0190635	-0.373013	-0.264543
0.0162236	-0.681578	-0.217211
0.0129392	-0.788263	-0.130796
0.0101455	-0.670479	-0.0308862
0.00937654	-0.184558	0.0540719
0.0109562	0.379114	0.0774365
0.0129977	0.489971	0.0293743
0.0154426	0.586758	-0.0327206
0.0193984	0.949412	-0.107062
0.0238046	1.05747	-0.227332
0.0269481	0.754454	-0.361261
0.0272043	0.0614775	-0.456759
0.0255244	-0.403166	-0.464426
0.0217021	-0.917361	-0.413218
0.018026	-0.882268	-0.296873
0.0141886	-0.920968	-0.185007
0.0101557	-0.967891	-0.068268
0.00344813	-1.60982	0.0543846
-0.00186599	-1.27539	0.258341
-0.00463444	-0.664427	0.419865
-0.0049395	-0.0732134	0.503933
-0.00304734	0.454118	0.513067
0.000624069	0.881137	0.455382
0.00290726	0.547966	0.343606
0.00216756	-0.177529	0.274075
0.0017178	-0.107942	0.296488
0.00205614	0.0812009	0.310077
0.00218889	0.0318604	0.299697
0.000816212	-0.329442	0.295572
-0.00118914	-0.481283	0.33723
-0.00279169	-0.384612	0.398115
-0.00352199	-0.175274	0.446735
-0.003088	0.10416	0.468817
-0.0029964	0.0219837	0.455487
-0.0029964	-1.22835e-06	0.452573
-0.00253846	0.109905	0.452445
-0.00169725	0.201892	0.438392
-0.000547827	0.275861	0.412687
0.000822675	0.328921	0.377615
0.00419574	0.809536	0.335829
0.00842056	1.01396	0.233159
0.0123009	0.931277	0.104615
0.0153738	0.73749	-0.0134162
0.017366	0.478146	-0.106861
0.0182216	0.205348	-0.16742
0.0182216	0	-0.193397
0.0182216	0	-0.193348
0.018308	0.0207192	-0.193299
0.0194036	0.262942	-0.195875
0.0214876	0.500161	-0.229142
0.0242912	0.672871	-0.292456
0.0271112	0.676794	-0.377635
0.0291239	0.483047	-0.463288
0.029283	0.0381997	-0.524369
0.0268754	-0.577843	-0.529068
0.0215028	-1.28942	-0.45571
0.0137885	-1.85143	-0.292211
0.00499384	-2.11072	-0.0575469
-0.00349564	-2.03747	0.209906
-0.0101861	-1.60571	0.468004
-0.0135653	-0.811001	0.671324
-0.0130878	0.114605	0.773894
-0.0073811	1.3696	0.759156
0.00348128	2.60697	0.585405
0.0176619	3.40336	0.25492
0.0328878	3.65422	-0.176379
0.0396681	1.62726	-0.639343
0.0411605	0.358195	-0.845352
0.0394151	-0.418909	-0.890507
0.0338734	-1.33	-0.837186
0.024469	-2.25706	-0.668439
0.0123405	-2.91085	-0.382275
0.00572283	-1.58823	-0.0133512
-0.000911011	-1.59212	0.187887
-0.00747561	-1.5755	0.389563
-0.0150529	-1.81855	0.589077
-0.0212922	-1.49744	0.819331
-0.0264389	-1.2352	1.00884
-0.030197	-0.901943	1.16506
-0.032521	-0.557768	1.27901
-0.033542	-0.24503	1.34933
-0.033499	0.0103115	1.38
-0.0325105	0.237239	1.37831
-0.0307076	0.432712	1.34786
-0.0229763	1.85549	1.29266
-0.0105941	2.97174	1.05719
0.00495185	3.73102	0.680359
0.0103105	1.28609	0.207425
0.012962	0.636352	0.0444084
0.0121349	-0.1985	-0.0362379
0.00928564	-0.683828	-0.0110816
0.00542098	-0.92752	0.0755623
0.00194538	-0.834143	0.19306
0.00194538	0	0.298694
0.00558705	0.873999	0.298606
0.0122973	1.61047	0.187778
0.021261	2.15127	-0.0163336
0.0310644	2.35282	-0.288912
0.0392368	1.96139	-0.58695
0.0430237	0.908847	-0.835311
0.0418447	-0.282957	-0.950239
0.0358265	-1.44438	-0.914127
0.0251099	-2.57197	-0.730867
0.0106867	-3.46159	-0.404784
-0.00491583	-3.7446	0.0339271
-0.0187083	-3.31019	0.508376
-0.0272446	-2.04871	0.92765
-0.0279211	-0.162365	1.18697
-0.0217683	1.47666	1.20721
-0.00947902	2.94944	1.01977
0.00862114	4.34404	0.645777
0.0301361	5.16359	0.0951796
0.0312926	0.277547	-0.559106
0.0307053	-0.140941	-0.594122
0.0274875	-0.772279	-0.576104
0.02211	-1.2906	-0.478097
0.0151388	-1.67308	-0.314441
0.00729898	-1.88155	-0.102368
-6.33751e-05	-1.76697	0.136061
-0.00538876	-1.27809	0.359905
-0.00751133	-0.509416	0.521744
-0.00597247	0.369326	0.586142
-0.00280947	0.75912	0.539182
-0.00238467	0.101951	0.442843
-0.00169715	0.165006	0.4298
-0.000758093	0.225373	0.408771
0.000142712	0.216193	0.3801
0.00350166	0.806148	0.352596
0.0081436	1.11407	0.25035
0.0125635	1.06076	0.109118
0.0157434	0.763179	-0.0253215
0.0172528	0.362264	-0.122018
0.0111331	-1.46872	-0.16789
0.00213227	-2.16021	0.0182482
-0.00704326	-2.20213	0.291951
-0.0140087	-1.67171	0.570889
-0.0166186	-0.626376	0.782543
-0.0145942	0.485862	0.861688
-0.00859307	1.44027	0.799885
0.0013096	2.37664	0.617169
0.0122813	2.6332	0.31586
0.0222869	2.40135	-0.0178729
0.0290838	1.63126	-0.322136
0.0320812	0.719392	-0.52874
0.0312751	-0.193484	-0.619749
0.0267759	-1.07979	-0.595066
0.0191657	-1.82646	-0.458089
0.00954591	-2.30875	-0.226543
-0.00037898	-2.38197	0.0660478
-0.00821968	-1.88177	0.367836
-0.0131453	-1.18214	0.606162
-0.0148909	-0.418951	0.755775
-0.013662	0.294935	0.808646
-0.00981429	0.923454	0.77105
-0.00380672	1.44182	0.653825
0.00315197	1.67009	0.470953
0.00867003	1.32433	0.259209
0.0114831	0.675137	0.091332
0.0117605	0.0665817	0.00575836
0.0100814	-0.402988	-0.00268428
0.00704503	-0.72873	0.0483724
0.00318933	-0.92537	0.14069
-0.000926031	-0.987686	0.257897
-0.00460824	-0.883731	0.382969
-0.00641973	-0.434757	0.494834
-0.00512625	0.310435	0.54978
-0.00643488	-0.314072	0.510291
-0.00734789	-0.219121	0.549942
-0.00786677	-0.124531	0.577551
-0.00800012	-0.032005	0.593167
-0.00787406	0.0302556	0.597056
-0.00770197	0.0413007	0.593054
-0.00587047	0.43956	0.587654
-0.00266313	0.769761	0.531793
0.00213575	1.15173	0.434109
0.00861208	1.55432	0.288053
0.00570595	-0.69747	0.0910274
0.00315673	-0.611813	0.179372
0.00196653	-0.285647	0.256839
0.0037521	0.428536	0.292957
0.00946718	1.37162	0.238573
0.0182845	2.11616	0.0647104
0.0192064	0.221249	-0.203441
0.0196914	0.116411	-0.231423
0.0196915	2.40785e-06	-0.246113
0.0190106	-0.163396	-0.24605
0.0163466	-0.639377	-0.225283
0.0116411	-1.12932	-0.144213
0.00587316	-1.3843	-0.00108469
0.000303805	-1.33665	0.174311
-0.00365079	-0.949103	0.34362
-0.00470201	-0.252293	0.463779
-0.00816604	-0.831367	0.495615
-0.00671103	0.349201	0.600814
-0.00555789	0.276754	0.556399
-0.000419493	1.23322	0.521177
0.00683089	1.74009	0.364772
0.0160375	2.20959	0.144187
0.0256599	2.30937	-0.135824
0.032615	1.66923	-0.428401
0.0355358	0.700983	-0.639786
0.0345383	-0.239387	-0.728431
0.0335172	-0.245069	-0.697902
0.0289039	-1.1072	-0.666661
0.0214491	-1.78915	-0.526192
0.0125796	-2.12867	-0.299353
0.00425542	-1.99781	-0.0295592
-0.00122435	-1.31515	0.223579
-0.00339959	-0.522056	0.390151
-0.00504077	-0.393884	0.456188
-0.00615361	-0.267082	0.505967
-0.00669144	-0.129078	0.539665
-0.00627629	0.0996345	0.555868
-0.00527124	0.241211	0.543087
-0.00374367	0.366617	0.512371
-0.000439773	0.792936	0.465774
0.00432158	1.14272	0.36517
0.00684751	0.606223	0.220275
0.00697469	0.0305239	0.143397
0.00697468	-1.36452e-06	0.139485
0.00734523	0.088931	0.139442
0.0081706	0.19809	0.12813
0.00920377	0.247961	0.102991
0.0107841	0.379289	0.0715392
0.0141079	0.797702	0.0234567
0.0184069	1.03177	-0.0776276
0.022655	1.01954	-0.208341
0.0257155	0.734527	-0.337469
0.0252253	-0.117667	-0.430448
0.0231934	-0.487652	-0.415424
0.0194139	-0.907068	-0.353525
0.013886	-1.3267	-0.238501
0.00757286	-1.51515	-0.0703373
0.00166388	-1.41816	0.121658
-0.00282018	-1.07618	0.30131
-0.00488526	-0.495619	0.437581
-0.00386938	0.243811	0.500255
-0.00320967	0.158331	0.469222
-0.00233843	0.209099	0.449028
0.00205694	1.05489	0.422407
0.00791133	1.40505	0.288625
0.0163905	2.03501	0.110512
0.0257639	2.24961	-0.147369
0.0332555	1.79798	-0.43237
0.0371472	0.933998	-0.660069
0.0371472	-1.38778e-17	-0.778233
0.0332515	-0.934955	-0.778021
0.0257256	-1.80622	-0.659345
0.0152866	-2.50536	-0.430308
0.00358476	-2.80845	-0.112748
-0.00651261	-2.42337	0.243126
-0.0123936	-1.41144	0.55011
-0.013149	-0.181299	0.728791
-0.00918657	0.950988	0.751558
-0.000853151	2.00002	0.630851
0.010946	2.83181	0.377258
0.0143916	0.826943	0.0183431
0.0145982	0.0495666	-0.0864448
0.0114887	-0.746267	-0.0927058
0.00848313	-0.721341	0.00187222
0.00638492	-0.503571	0.0932661
0.00568134	-0.168859	0.157042
-8.33833e-05	-1.38353	0.178388
-0.00573363	-1.35606	0.353638
-0.0107072	-1.19366	0.525357
-0.0138425	-0.752466	0.676453
-0.0139109	-0.0164077	0.771604
-0.0154529	-0.370088	0.773467
-0.0161434	-0.165724	0.820142
-0.0161434	-1.61841e-06	0.84091
-0.0157099	0.104056	0.840674
-0.0150402	0.160724	0.827254
-0.0108705	1.00072	0.806658
-0.0036623	1.72997	0.679633
-0.00392894	-0.0639933	0.460244
-0.00560763	-0.402885	0.468222
-0.00894579	-0.801159	0.519138
-0.01293	-0.956201	0.620502
-0.0160509	-0.749029	0.741484
-0.016104	-0.0127327	0.836182
-0.0127479	0.805452	0.83756
-0.00642993	1.51632	0.73527
0.00219451	2.06986	0.542936
0.0123169	2.42937	0.280517
0.022311	2.3986	-0.0273791
0.0299808	1.84074	-0.331292
0.0310382	0.253766	-0.564435
0.0293575	-0.403359	-0.596437
0.0250141	-1.0424	-0.545168
0.018576	-1.54514	-0.412942
0.0109282	-1.8355	-0.217053
0.00311084	-1.87616	0.0155719
-0.00249038	-1.34429	0.253284
-0.00405693	-0.375972	0.423541
-0.00202684	0.487222	0.471059
0.00326168	1.26924	0.409191
0.0111283	1.88798	0.248252
0.0164665	1.28118	0.00896151
0.0179413	0.353951	-0.153378
0.0180369	0.0229406	-0.198187
0.0177259	-0.0746341	-0.201043
0.0170367	-0.165405	-0.191536
0.0163514	-0.164481	-0.170529
0.0159108	-0.105742	-0.149646
0.0156768	-0.056152	-0.136211
0.0154433	-0.0560361	-0.129063
0.0153936	-0.0119434	-0.121932
0.0148113	-0.139747	-0.120389
0.0135403	-0.305046	-0.102654
0.0125082	-0.247692	-0.0639793
0.0116259	-0.211752	-0.0325824
0.0108094	-0.195956	-0.00574795
0.00825624	-0.612768	0.0190776
0.00738205	-0.209807	0.0967095
0.00738205	0	0.123262
0.00738205	0	0.123223
0.00744715	0.0156249	0.123184
0.00771094	0.0633088	0.121165
0.00804054	0.0791046	0.113105
0.00437019	-0.880885	0.103046
-0.00288615	-1.74152	0.214627
-0.00927901	-1.53429	0.435226
-0.0125115	-0.775801	0.629505
-0.0124999	0.00279291	0.727626
-0.00958953	0.698485	0.727068
-0.00417649	1.29913	0.638361
0.00353479	1.85071	0.473573
0.0114219	1.89289	0.238942
0.0172283	1.39356	-0.00096852
0.0204798	0.78035	-0.177544
0.0212522	0.185379	-0.276374
0.0197509	-0.360307	-0.29979
0.0156725	-0.978826	-0.254059
0.00886514	-1.63377	-0.129969
0.000708448	-1.95761	0.0770712
-0.00606754	-1.62624	0.325087
-0.0103942	-1.0384	0.531047
-0.012324	-0.463141	0.662468
-0.012279	0.0107878	0.720965
-0.0102006	0.49881	0.719395
-0.00576772	1.0639	0.655991
0.00110171	1.64866	0.521003
0.00760626	1.56109	0.311959
0.0122247	1.10842	0.114069
0.014865	0.633688	-0.0264096
0.0165023	0.392951	-0.106699
0.0165023	-2.58528e-06	-0.156463
0.0151757	-0.318394	-0.156423
0.0129201	-0.541334	-0.116042
0.0105934	-0.558421	-0.0474247
0.00942495	-0.280421	0.0233392
0.0100168	0.142034	0.0588588
0.0122658	0.539767	0.0408413
0.0153344	0.736461	-0.0275661
0.0187735	0.8254	-0.120877
0.0146752	-0.983594	-0.22543
0.0112098	-0.831697	-0.100744
0.00850177	-0.649933	0.00466054
0.00623624	-0.543726	0.0870055
0.00467741	-0.37412	0.155871
0.0041799	-0.119402	0.203226
0.0041799	6.93889e-18	0.218294
0.00485552	0.162151	0.218228
0.0025392	-0.555917	0.197618
-1.14626e-05	-0.61216	0.267998
-0.000869563	-0.205944	0.345485
0.000904269	0.42572	0.371481
0.00518749	1.02797	0.317432
0.0107213	1.32811	0.18709
0.0181572	1.78462	0.018755
0.0160723	-0.500387	-0.207376
0.0132989	-0.665599	-0.143921
0.0102439	-0.733201	-0.0595506
0.00757497	-0.640548	0.0333628
0.00581029	-0.423524	0.114511
0.00491381	-0.215155	0.168138
0.00491381	0	0.195348
0.00392709	-0.236812	0.195288
0.00143292	-0.598603	0.225235
-9.62063e-05	-0.366989	0.301016
2.05731e-05	0.0280271	0.34743
-0.00139489	-0.339712	0.343777
-0.00237511	-0.235251	0.386723
-0.00293517	-0.134416	0.416421
-0.000785836	0.51584	0.433335
0.00305295	0.921309	0.36785
0.0056395	0.620772	0.251008
0.0059592	0.0767282	0.172279
0.00370806	-0.540273	0.162504
0.0017836	-0.461872	0.230912
0.000357304	-0.34231	0.289366
-2.46663e-05	-0.091673	0.332656
0.00184333	0.44832	0.344177
0.00652366	1.12328	0.287273
0.0137239	1.72807	0.144863
0.0221662	2.02615	-0.0741376
0.0303336	1.96017	-0.330846
0.0295386	-0.190816	-0.579122
0.0259808	-0.853855	-0.554788
0.0194743	-1.56157	-0.446451
0.010898	-2.05831	-0.248471
0.00179086	-2.18571	0.012395
-0.00603153	-1.87737	0.289331
-0.0111679	-1.23274	0.527122
-0.0119147	-0.179214	0.683167
-0.0076622	1.02059	0.705683
0.00118971	2.12446	0.576169
0.010264	2.17783	0.306824
0.0134642	0.768054	0.0307917
0.0158968	0.583821	-0.066538
0.0181598	0.543118	-0.140497
0.0194314	0.305196	-0.209279
0.0194314	0	-0.247895
0.0180045	-0.342468	-0.247831
0.0158876	-0.50805	-0.204374
0.0134727	-0.579573	-0.139949
0.0110093	-0.591232	-0.0664797
0.00852359	-0.596561	0.00844688
0.00598412	-0.609474	0.0840283
0.00478604	-0.287539	0.161225
0.00564552	0.206276	0.197608
0.00801421	0.568484	0.171412
0.0111757	0.75877	0.0993301
0.00777972	-0.815046	0.00315762
0.00527278	-0.601665	0.106424
0.00413172	-0.273854	0.182626
0.00413172	0	0.217269
0.00449162	0.0863742	0.217204
0.0003051	-1.00476	0.206195
-0.0060414	-1.52316	0.333444
-0.0129501	-1.6581	0.526342
-0.0202254	-1.74607	0.736284
-0.026412	-1.48477	0.957313
-0.0297003	-0.789209	1.14517
-0.0297002	2.73176e-05	1.24485
-0.0262947	0.817327	1.2445
-0.0197642	1.56732	1.14059
-0.0107618	2.16057	0.941683
-0.00910337	0.398032	0.667662
-0.00819025	0.21915	0.617041
-0.00881687	-0.15039	0.5891
-0.00654459	0.545349	0.60799
-0.00119549	1.28378	0.538719
0.00668293	1.89082	0.375903
0.00641624	-0.0640051	0.136217
0.00680965	0.0944178	0.144284
0.00627159	-0.129136	0.132276
0.00693121	0.15831	0.148597
0.00853844	0.385736	0.128492
0.0111317	0.622383	0.0795771
0.0133709	0.5374	0.000691079
0.0157815	0.578551	-0.0674052
0.0180304	0.539743	-0.140697
0.0192558	0.294084	-0.20905
0.0192558	0	-0.246259
0.0182268	-0.246951	-0.246195
0.0164995	-0.414557	-0.214841
0.012163	-1.04076	-0.162259
0.00770368	-1.07024	-0.0303474
0.00386937	-0.920233	0.105263
0.00110765	-0.662813	0.22183
0.000678288	-0.103048	0.305748
0.00316407	0.596588	0.318715
0.00791155	1.13939	0.243031
0.0136079	1.36712	0.0985913
0.0138273	0.0526711	-0.074662
0.0137893	-0.00913313	-0.0813196
0.0137893	0	-0.0801444
0.0133167	-0.113421	-0.0801267
0.0123476	-0.232577	-0.065738
0.0110749	-0.305443	-0.0362556
0.00995464	-0.268874	0.00245105
0.00922759	-0.174492	0.0365135
0.0065007	-0.654454	0.0586077
0.00178384	-1.13205	0.141511
-0.00142023	-0.768977	0.284906
-0.00316806	-0.419479	0.382259
-0.00357561	-0.097811	0.435301
-0.00276924	0.193528	0.447571
-0.000570103	0.527793	0.422924
0.00247363	0.730495	0.355927
0.00455189	0.498784	0.263266
0.00526833	0.171945	0.19999
0.00521283	-0.0133197	0.178143
0.00473755	-0.114067	0.179777
0.00402299	-0.171496	0.194175
0.00290831	-0.267522	0.215846
0.0015154	-0.334299	0.249678
0.000254339	-0.302655	0.291963
0.000761641	0.121752	0.330227
0.00301626	0.541109	0.314704
0.00613489	0.74847	0.246051
0.0051908	-0.226581	0.151143
0.00435011	-0.201766	0.179805
0.00147678	-0.6896	0.205315
0.00147678	0	0.292632
0.00296682	0.357611	0.292546
0.00511553	0.51569	0.247148
0.00780686	0.645918	0.181734
0.0108472	0.729688	0.099838
0.0100551	-0.190114	0.00735027
0.00508169	-1.19361	0.0314321
-0.0016105	-1.60612	0.182658
-0.00594369	-1.03997	0.38611
-0.00641602	-0.11336	0.51777
-0.00302204	0.814557	0.531988
0.00310149	1.46965	0.428627
0.011303	1.96837	0.242291
0.020837	2.28816	-0.00718328
0.0297962	2.1502	-0.297108
0.0291438	-0.156571	-0.569472
0.0255591	-0.860334	-0.54948
0.0211146	-1.06669	-0.440323
0.015034	-1.45934	-0.305049
0.00805443	-1.6751	-0.120062
0.000988271	-1.69588	0.0922135
-0.0032114	-1.00792	0.307063
-0.00576429	-0.612692	0.434684
-0.00628082	-0.123968	0.512193
-0.00768193	-0.336266	0.527756
-0.00844809	-0.183879	0.570214
-0.00858113	-0.0319302	0.593353
-0.00825914	0.077279	0.597232
-0.004204	0.973233	0.587272
0.00250636	1.61049	0.463791
0.0108988	2.01419	0.2596
0.01515	1.0203	0.00431551
0.0171785	0.486822	-0.124967
0.0181324	0.228955	-0.18662
0.0180385	-0.0225426	-0.215582
0.0173474	-0.165867	-0.212671
0.0168197	-0.126652	-0.1916
0.0168197	0	-0.175504
0.0173161	0.119151	-0.17546
0.0180053	0.165398	-0.190512
0.0186711	0.15979	-0.211421
0.0167795	-0.45399	-0.231613
0.0148238	-0.469353	-0.17403
0.012447	-0.570445	-0.114517
0.00943999	-0.721677	-0.0422109
0.0064381	-0.720455	0.0492375
0.0041478	-0.549672	0.140506
0.00290678	-0.297843	0.21011
0.00290678	0	0.247786
0.00482875	0.461273	0.247713
0.00376374	-0.255603	0.189193
0.00279023	-0.233641	0.221522
0.00324325	0.108724	0.25106
0.00535572	0.506992	0.237209
0.00938744	0.967613	0.1729
0.0151674	1.3872	0.050246
0.0209733	1.39341	-0.125538
0.0251613	1.00512	-0.302059
0.0269419	0.42735	-0.429334
0.0266898	-0.0605092	-0.483366
0.0245964	-0.502421	-0.47557
0.0207497	-0.923209	-0.411783
0.015404	-1.28296	-0.294697
0.0119137	-0.837663	-0.132059
0.00953929	-0.569862	-0.02589
0.00875178	-0.189003	0.0463177
0.00878758	0.00859232	0.0702479
0.00921455	0.102474	0.069135
0.00731841	-0.455075	0.0561272
0.00579833	-0.364818	0.113768
0.00582214	0.00571377	0.159956
0.00684004	0.244295	0.159183
0.00793719	0.263316	0.128181
0.00898497	0.251468	0.094777
0.00996397	0.234959	0.0628837
0.0109728	0.242125	0.0330911
0.00995913	-0.243286	0.00239875
0.00600822	-0.948218	0.0332191
0.00259118	-0.82009	0.153351
0.00145444	-0.272817	0.257216
0.00365287	0.527622	0.291708
0.00883922	1.24472	0.22477
0.0164448	1.82534	0.0669898
0.0148356	-0.386211	-0.164313
0.0126171	-0.53244	-0.115337
0.0104211	-0.527027	-0.0478466
0.00781394	-0.625727	0.0189397
0.00522839	-0.620532	0.0982138
0.00305637	-0.521284	0.176808
0.00156908	-0.356949	0.242806
0.00148593	-0.0199578	0.287963
-0.00149862	-0.71629	0.290407
-0.0057596	-1.02264	0.381082
-0.0079531	-0.526441	0.510547
-0.00816583	-0.0510562	0.577106
-0.00657232	0.382443	0.583413
-0.00280603	0.903909	0.534792
0.00317494	1.43543	0.420109
0.00922606	1.45227	0.238111
0.0138253	1.10381	0.0540294
0.0167683	0.706321	-0.0858482
0.0185053	0.41689	-0.175323
0.019103	0.14344	-0.228101
0.0180348	-0.256366	-0.246217
0.0155924	-0.58618	-0.21367
0.0126055	-0.716835	-0.139343
0.0107776	-0.438712	-0.0484814
0.0104456	-0.0796788	0.00711466
0.0105903	0.0347269	0.0172038
0.0109568	0.0879554	0.0127943
0.0118167	0.206378	0.00164179
0.013404	0.38095	-0.0245124
0.0101707	-0.77599	-0.0727785
0.00745023	-0.652904	0.0255604
0.00513569	-0.55549	0.108276
0.00382272	-0.315114	0.178627
0.00382272	0	0.218499
-0.001841	-1.35929	0.218434
-0.00824641	-1.5373	0.390601
-0.0137837	-1.32894	0.585274
-0.0161757	-0.574087	0.753494
-0.0143886	0.428895	0.826022
-0.00900326	1.29249	0.771447
-0.000823737	1.96309	0.607464
0.00924755	2.41711	0.358557
0.0104736	0.294262	0.0521926
0.0118218	0.323556	0.0148889
0.012558	0.1767	-0.026116
0.0126319	0.0177335	-0.0485021
0.0126319	0	-0.0507402
0.0126319	0	-0.0507306
0.0125438	-0.0211438	-0.0507211
0.0124331	-0.0265653	-0.0480325
0.0125279	0.0227451	-0.0446578
0.0132465	0.172457	-0.0475319
0.013315	0.0164523	-0.0693745
0.013315	0	-0.0714443
0.013315	-6.93889e-18	-0.071429
0.013315	1.38778e-17	-0.0714137
0.013315	2.32784e-11	-0.0713985
0.0121037	-0.290712	-0.0713832
0.00905917	-0.730698	-0.0345332
0.00494919	-0.986394	0.0580565
0.000810311	-0.993331	0.183019
-0.00262829	-0.825263	0.308827
-0.00538478	-0.661559	0.413304
-0.00759659	-0.530835	0.497011
-0.0081664	-0.136753	0.56413
-0.0059612	0.529249	0.581299
-0.0011218	1.16146	0.514076
0.00599723	1.70857	0.366766
0.0143464	2.00381	0.150175
0.0139258	-0.100954	-0.103765
0.0135393	-0.0927579	-0.090949
0.0125118	-0.246614	-0.0791753
0.0108718	-0.393583	-0.0479106
0.00901681	-0.445205	0.00196719
0.00753826	-0.354851	0.0583721
0.00704891	-0.117445	0.103313
5.1568e-05	-1.67936	0.11816
-0.00452761	-1.099	0.33091
-0.00707165	-0.610569	0.470065
-0.00858722	-0.363736	0.547295
-0.00721059	0.33039	0.593229
-0.00366538	0.85085	0.5512
0.0015301	1.24692	0.443235
0.00683628	1.27348	0.285117
0.0108207	0.956266	0.123676
0.0132327	0.578864	0.00247295
0.014218	0.236485	-0.0708774
0.014241	0.00551529	-0.100826
0.0135905	-0.156114	-0.101501
0.0122937	-0.311233	-0.0816973
0.0102498	-0.490535	-0.0422443
0.00774197	-0.601883	0.0199167
0.00641464	-0.318557	0.0961693
0.00638852	-0.00626899	0.136501
0.00692792	0.129456	0.137253
0.00789451	0.231981	0.120807
0.00562276	-0.54522	0.0913759
0.00345004	-0.521451	0.16043
0.000929437	-0.604946	0.226453
-0.00066951	-0.383747	0.303038
-0.00066951	0	0.351574
0.000734612	0.336989	0.351475
0.00399606	0.782748	0.308674
0.00917785	1.24363	0.209406
0.00590602	-0.78524	0.0517684
0.00281102	-0.7428	0.151245
0.000533985	-0.546489	0.245318
0.000323142	-0.0506023	0.314491
0.00311864	0.670918	0.32081
0.0081894	1.21698	0.235708
0.00703972	-0.275924	0.0814393
0.00594744	-0.262146	0.116373
0.00405561	-0.454039	0.149551
0.00368934	-0.0879069	0.207036
0.00368934	0	0.218112
0.00383372	0.0346514	0.218047
0.00432066	0.116866	0.213591
0.00534485	0.245805	0.198719
0.00670632	0.326753	0.167515
0.000699761	-1.44157	0.126062
-0.00441713	-1.22805	0.30868
-0.00704972	-0.631821	0.464194
-0.00747046	-0.100979	0.544118
-0.0061816	0.309327	0.55676
-0.00307292	0.746082	0.51741
0.0018893	1.19093	0.422729
0.00816183	1.50541	0.27171
0.0136356	1.31371	0.0808867
0.0171354	0.839936	-0.0855945
0.0186826	0.371331	-0.191999
0.018959	0.0663411	-0.239
0.0135008	-1.30996	-0.247344
0.00785874	-1.3541	-0.0812999
0.00413334	-0.894095	0.0902926
0.000720653	-0.819045	0.203552
-0.00206592	-0.668777	0.307271
-0.0040577	-0.478028	0.391921
-0.0054051	-0.323375	0.452379
-0.00617144	-0.183922	0.493225
-0.00643102	-0.0622991	0.51639
-0.00642511	0.00141675	0.524138
-0.00666955	-0.0586641	0.523811
-0.00666955	0	0.531097
-0.00440152	0.544326	0.530948
-0.000166125	1.0165	0.461828
0.00575722	1.4216	0.3329
0.0126036	1.64314	0.152678
0.00902865	-0.857997	-0.0555635
0.00572929	-0.791847	0.0531617
0.00327166	-0.58983	0.153476
0.00287417	-0.0953974	0.228165
0.00545029	0.618269	0.240184
0.0104373	1.19689	0.161775
0.0170226	1.58047	0.010073
0.0212703	1.01945	-0.190189
0.0213656	0.0228591	-0.31931
0.0205019	-0.20728	-0.322122
0.0179407	-0.614698	-0.295773
0.013905	-0.968575	-0.21781
0.0088123	-1.22224	-0.0950287
0.00354953	-1.26306	0.059859
-0.00113196	-1.12356	0.219877
-0.00408208	-0.708029	0.362175
-0.00509914	-0.244095	0.451783
-0.00787425	-0.666027	0.482584
-0.00870429	-0.199207	0.566837
-0.00785765	0.203192	0.591919
-0.00544733	0.578477	0.566007
-0.00145965	0.957043	0.49255
0.00375808	1.25226	0.371146
0.00824223	1.07619	0.212371
0.0109049	0.639051	0.0759481
0.0119997	0.262739	-0.00504866
0.012179	0.0430399	-0.0383421
0.0118327	-0.0831092	-0.0437894
0.0108212	-0.242763	-0.0332513
0.0091379	-0.403997	-0.00248729
0.00733916	-0.431696	0.0486976
0.00667343	-0.159777	0.103378
0.00783997	0.279971	0.123589
0.0102809	0.585832	0.0880767
0.0127571	0.594279	0.0138196
0.0111145	-0.394214	-0.061487
0.00845488	-0.63832	-0.0115254
0.00738241	-0.257392	0.0693528
0.00738241	0	0.101942
0.00738241	0	0.101909
0.00738241	0	0.101876
0.00746019	0.0186668	0.101843
0.00750369	0.0104411	0.0994453
0.00112228	-1.53154	0.0980902
-0.00598563	-1.7059	0.292115
-0.0106242	-1.11327	0.508179
-0.0112088	-0.140299	0.649092
-0.00822196	0.716848	0.666687
-0.00229512	1.42244	0.57567
0.00550047	1.87094	0.395275
0.0061597	0.158216	0.158102
0.00602182	-0.0330918	0.138007
0.00606291	0.00986049	0.142157
0.00625137	0.0452312	0.140864
0.00677176	0.124894	0.135089
0.0075958	0.19777	0.119222
0.00830194	0.169474	0.0941261
0.00852693	0.0539973	0.0726221
0.0080588	-0.112352	0.0657557
0.00534809	-0.650571	0.0799685
0.0040414	-0.313605	0.162374
0.00371421	-0.0785255	0.20206
0.00410235	0.0931539	0.211949
0.00489139	0.189369	0.200082
0.00646533	0.377747	0.176028
0.00567607	-0.189423	0.128112
0.00567607	0	0.152073
0.0048422	-0.200128	0.152026
0.00121932	-0.869492	0.177337
-0.0022468	-0.831867	0.287455
-0.00517663	-0.703161	0.392775
-0.00753565	-0.566164	0.481759
-0.00912882	-0.382359	0.553359
-0.00881341	0.0756964	0.60165
-0.00550547	0.793907	0.59189
0.000417803	1.42158	0.49113
0.00813315	1.85168	0.310867
0.0090549	0.22122	0.0761576
0.00966385	0.146147	0.0481021
0.0104746	0.194586	0.0295667
0.0104746	0	0.00489894
0.0101963	-0.0667927	0.00489309
0.00988744	-0.0741308	0.0133502
0.00988744	0	0.0227348
0.00988744	0	0.022724
0.00670587	-0.763577	0.0227132
0.00196432	-1.13797	0.119453
-0.000464601	-0.582942	0.263605
-0.00122118	-0.181579	0.337392
-9.27637e-05	0.27082	0.360304
0.0023722	0.591592	0.325885
0.00648682	0.987508	0.250832
0.0112359	1.13978	0.125635
0.0147674	0.847556	-0.0188212
0.0165305	0.423143	-0.12621
0.0167343	0.0489184	-0.179794
0.0160939	-0.153694	-0.185947
0.0148146	-0.307039	-0.166426
0.012913	-0.456373	-0.12748
0.010228	-0.644417	-0.0696244
0.00749541	-0.655815	0.0120424
0.0059199	-0.378123	0.0951312
0.00574615	-0.041701	0.143011
0.00593683	0.0457632	0.14825
0.00661696	0.163231	0.142406
0.0046241	-0.478286	0.12168
0.00229941	-0.557926	0.182244
-0.00116676	-0.831881	0.252884
-0.00242943	-0.30304	0.358215
-0.00236974	0.014326	0.396511
-0.000701471	0.400385	0.394584
0.00264567	0.803313	0.343739
-0.000790889	-0.824773	0.241855
-0.00548702	-1.12707	0.34629
-0.0094436	-0.949579	0.488998
-0.0110365	-0.382284	0.609177
-0.00824339	0.670335	0.657443
-0.00296574	1.26664	0.572322
0.00465027	1.82784	0.411669
0.00536682	0.171971	0.179953
0.00494967	-0.100114	0.158109
0.00572837	0.186888	0.170746
0.00659505	0.208003	0.147014
0.00728588	0.165798	0.120613
0.00755351	0.0642331	0.099568
0.00758847	0.0083884	0.0913971
0.00758847	0	0.0903044
0.00758847	0	0.0902748
0.00758847	0	0.0902452
0.00611974	-0.352495	0.0902157
0.00481893	-0.312193	0.134849
0.00463437	-0.0442963	0.174364
0.00536759	0.175973	0.179923
0.00758323	0.531755	0.157572
0.0106852	0.744477	0.0901477
0.0133477	0.638988	-0.00421094
0.0143684	0.244983	-0.0851774
0.0141757	-0.0462586	-0.116199
0.0131516	-0.245784	-0.11031
0.0115781	-0.377639	-0.0791414
0.00948192	-0.503083	-0.031275
0.00671911	-0.663073	0.032473
0.00378729	-0.703638	0.116476
0.00184876	-0.465248	0.205596
0.00184876	0	0.264485
0.00383892	0.477639	0.264407
0.00617425	0.560478	0.20381
0.00407522	-0.503768	0.132733
0.00195346	-0.509222	0.196523
-0.000932761	-0.692693	0.260988
-0.00130393	-0.0890809	0.348681
-0.000528929	0.186001	0.35987
0.00129174	0.43696	0.336201
0.00416323	0.689157	0.280738
-0.00209465	-1.50189	0.193335
-0.00933838	-1.73849	0.383577
-0.0163755	-1.68891	0.603746
-0.0208875	-1.08289	0.817569
-0.0208288	0.0140901	0.954548
-0.0170279	0.912207	0.952496
-0.00897289	1.93321	0.836647
-0.00358646	1.29274	0.591462
-0.00142076	0.51977	0.427496
-9.61594e-06	0.338674	0.361516
0.00187035	0.451191	0.318499
0.00465299	0.667835	0.261238
0.00808492	0.823662	0.176543
0.0115778	0.838288	0.0721267
0.0143605	0.667859	-0.0341133
0.0157925	0.343674	-0.118729
0.0163235	0.12744	-0.162246
0.0169047	0.139485	-0.178353
0.0157802	-0.269885	-0.195981
0.0150871	-0.166344	-0.161735
0.0149729	-0.0274029	-0.140618
0.0149729	0	-0.137111
0.0152182	0.0588828	-0.137078
0.0156203	0.0964943	-0.144505
0.0156203	0	-0.156695
0.0151326	-0.117053	-0.156656
0.0134927	-0.39357	-0.141786
0.0112414	-0.540305	-0.0918833
0.00864404	-0.623374	-0.0234024
0.00557853	-0.735723	0.0555854
0.00219514	-0.812013	0.148787
-0.00074515	-0.70567	0.25163
-0.00340669	-0.638771	0.340971
-0.00340669	6.09307e-08	0.42181
-0.00629698	-0.693669	0.421691
-0.00865468	-0.565848	0.509464
-0.0104902	-0.440518	0.581016
-0.0085556	0.464297	0.636669
-0.00334244	1.25116	0.577661
0.00390877	1.74029	0.418968
0.0117923	1.89205	0.198343
0.0192534	1.79067	-0.0414493
0.0188629	-0.0937352	-0.268329
0.0138947	-1.19237	-0.256382
0.0066342	-1.74251	-0.105234
-0.000576062	-1.73046	0.115578
-0.00521966	-1.11446	0.334803
-0.00615568	-0.224643	0.475917
-0.0037381	0.580219	0.504247
0.0016684	1.29756	0.430586
0.0107259	2.1738	0.266054
0.021675	2.62778	-0.00945535
0.031388	2.33113	-0.342411
0.0376483	1.50248	-0.637686
0.0391338	0.356516	-0.827885
0.0361177	-0.723862	-0.872832
0.0285246	-1.82236	-0.780876
0.0170446	-2.75519	-0.54976
0.00372478	-3.19676	-0.200512
-0.00838336	-2.90595	0.204588
-0.0161785	-1.87082	0.572729
-0.018156	-0.4746	0.809612
-0.01456	0.863023	0.869519
-0.00552497	2.16841	0.759925
0.00822537	3.30008	0.48496
0.00695609	-0.304628	0.0666831
0.00498919	-0.472055	0.105258
0.00451899	-0.11285	0.165037
0.00480339	0.0682573	0.179286
0.00604771	0.298636	0.170583
0.00813522	0.501003	0.132692
0.0105016	0.567936	0.0691711
0.0128636	0.566873	-0.00281303
0.0079838	-1.17115	-0.0746425
0.00355854	-1.06206	0.0737666
0.000841244	-0.652152	0.208313
-0.00111541	-0.469596	0.290884
-0.00273364	-0.388374	0.350302
-0.00392852	-0.286772	0.399412
-0.00223378	0.406738	0.435635
0.00232287	1.0936	0.383975
0.00841981	1.46326	0.2453
0.0145656	1.475	0.0598237
0.0151002	0.128299	-0.127087
0.0125058	-0.622657	-0.143312
0.00702132	-1.31628	-0.0643823
5.20582e-05	-1.67262	0.102413
-0.00662305	-1.60203	0.314312
-0.0109332	-1.03443	0.517209
-0.0114653	-0.127707	0.648131
-0.00848153	0.716102	0.66413
-0.00252904	1.4286	0.573209
0.00594562	2.03392	0.392034
0.0170714	2.67018	0.134213
0.0279951	2.6217	-0.204155
0.0360188	1.92569	-0.536286
0.0394382	0.82064	-0.780136
0.0382097	-0.294824	-0.883903
0.0322796	-1.42323	-0.846305
0.0220702	-2.45025	-0.665742
0.00919637	-3.08972	-0.3551
-0.0033636	-3.01439	0.0364801
-0.0126164	-2.22067	0.418408
-0.0169141	-1.03144	0.699661
-0.016047	0.2081	0.830154
-0.00995841	1.46126	0.803554
-0.00366567	1.51026	0.618178
0.00330419	1.67277	0.426644
0.00896461	1.3585	0.214573
0.00678564	-0.522952	0.0423795
0.00556809	-0.292213	0.108625
0.00556809	1.38778e-17	0.145615
0.00578746	0.0526489	0.14557
0.00521627	-0.137086	0.138855
0.0026356	-0.619359	0.156181
-0.000197637	-0.679977	0.234612
-0.00260747	-0.578361	0.320702
-0.00437409	-0.423987	0.393892
-0.00549045	-0.267928	0.447503
-0.00603642	-0.131033	0.481325
-0.00607059	-0.00819942	0.497792
-0.00298321	0.740971	0.498691
0.00323542	1.49247	0.404663
0.0114799	1.97866	0.215442
0.0198466	2.00801	-0.0353291
0.026377	1.56731	-0.289749
0.030023	0.875038	-0.488259
0.0289345	-0.261236	-0.598999
0.0220635	-1.64904	-0.565737
0.0129853	-2.17877	-0.356641
0.00375465	-2.21535	-0.0804816
-0.00315641	-1.65865	0.200236
-0.00606405	-0.697835	0.410339
-0.00549265	0.137137	0.498643
-0.00171496	0.906647	0.481127
0.00532781	1.69026	0.366112
0.0154606	2.43186	0.15184
0.0246374	2.20245	-0.156336
0.0308775	1.49763	-0.435358
0.0333272	0.58792	-0.624999
0.0320088	-0.316411	-0.699322
0.0267445	-1.26343	-0.659041
0.0177597	-2.15636	-0.498779
0.00659818	-2.67876	-0.22542
-0.00438822	-2.63674	0.114055
-0.0121675	-1.86703	0.44811
-0.0148036	-0.632664	0.684546
-0.0166207	-0.436109	0.764516
-0.0171812	-0.134512	0.819559
-0.0153391	0.442104	0.836373
-0.011028	1.03465	0.780122
-0.00492268	1.46528	0.648806
0.000796795	1.37267	0.462962
-0.00144137	-0.537159	0.288904
-0.00422674	-0.66849	0.356883
-0.00690649	-0.643139	0.441484
-0.00923032	-0.557719	0.522848
-0.011345	-0.507519	0.593367
-0.0141488	-0.672915	0.657506
-0.0158987	-0.419988	0.742584
-0.0167081	-0.194247	0.79559
-0.0166371	0.0170441	0.81998
-0.0157572	0.211168	0.81759
-0.0141834	0.377715	0.790605
-0.00752045	1.59911	0.742526
0.00335443	2.60997	0.539699
0.00702745	0.881525	0.208848
0.0116912	1.11931	0.0970915
0.0159954	1.03299	-0.0447622
0.0186269	0.631562	-0.175639
0.018853	0.0542659	-0.255617
0.0172818	-0.377094	-0.262426
0.0115	-1.38763	-0.214578
0.00448657	-1.68322	-0.0387008
-0.00137066	-1.40573	0.17458
-0.00408715	-0.651959	0.352644
-0.00233074	0.421539	0.435151
0.00382315	1.47693	0.381616
0.0137142	2.37386	0.19437
0.0255235	2.83423	-0.106469
0.0366594	2.6726	-0.465555
0.0408448	1.0045	-0.804063
0.0407261	-0.0284759	-0.931119
0.0356099	-1.22789	-0.927256
0.0255922	-2.40425	-0.771423
0.0116058	-3.35675	-0.46658
-0.00385346	-3.71021	-0.0411338
-0.017788	-3.34429	0.42898
-0.0265928	-2.11315	0.852598
-0.0277455	-0.276641	1.12011
-0.0256461	0.503856	1.15485
-0.0249544	0.165996	1.09068
-0.0205032	1.06829	1.06934
-0.0127521	1.86027	0.933687
-0.0105568	0.526872	0.697718
-0.00521587	1.28182	0.630764
-0.000788131	1.06266	0.468172
0.00314325	0.943531	0.333393
0.00507784	0.464301	0.213745
0.00569122	0.147211	0.154852
0.00552403	-0.040125	0.136152
0.00509849	-0.10213	0.141194
0.00506033	-0.00915753	0.154091
0.00680587	0.41893	0.155204
0.00823233	0.342349	0.102076
0.00954535	0.315127	0.0586656
0.0106801	0.272346	0.0187167
0.0115971	0.220067	-0.0158005
0.0128706	0.305649	-0.0436841
0.0130029	0.0317471	-0.0824036
0.0129347	-0.0163648	-0.0864076
0.0118922	-0.250193	-0.0843144
0.0100607	-0.439571	-0.0525945
0.00807701	-0.476083	0.00311196
0.00445892	-0.86834	0.0634294
-0.000597571	-1.21356	0.173433
-0.00394975	-0.804522	0.327148
-0.00438118	-0.103543	0.428992
-0.00108438	0.791232	0.441991
0.00636801	1.78857	0.34161
0.0164953	2.43055	0.114889
0.027347	2.60441	-0.193111
0.0299979	0.636216	-0.523054
0.0294263	-0.137196	-0.603524
0.0259069	-0.844646	-0.585977
0.0192454	-1.59877	-0.478798
0.0105714	-2.08176	-0.276094
0.00121558	-2.24539	-0.0122492
-0.00705359	-1.9846	0.272255
-0.0125357	-1.31571	0.523637
-0.0138177	-0.307673	0.690197
-0.0104689	0.803693	0.728987
-0.002328	1.95383	0.626949
0.00929778	2.79019	0.37921
0.0228699	3.25732	0.0255694
0.028493	1.34954	-0.387161
0.0325269	0.968135	-0.558052
0.0338708	0.322538	-0.680569
0.0319984	-0.44939	-0.721251
0.0269416	-1.21362	-0.664114
0.0194836	-1.78992	-0.510161
0.0107996	-2.08417	-0.28323
0.0021759	-2.06968	-0.0190775
-0.00526845	-1.78664	0.243165
-0.0101977	-1.18302	0.469473
-0.0109565	-0.182105	0.619236
-0.0072935	0.879114	0.642136
0.000226319	1.80476	0.530566
0.00406378	0.920991	0.301742
0.00449795	0.104202	0.184959
0.00561582	0.268288	0.171701
0.00286886	-0.65927	0.137655
0.00187011	-0.239701	0.221148
0.00187011	-1.38778e-17	0.251453
0.0025808	0.170566	0.251379
0.000277699	-0.552744	0.229693
-0.00486967	-1.23537	0.299663
-0.0105394	-1.36073	0.456106
-0.0151486	-1.10621	0.62839
-0.0170103	-0.44682	0.768375
-0.0153279	0.403777	0.824775
-0.0103476	1.19526	0.773383
-0.00281307	1.8083	0.621718
0.00639287	2.20942	0.39242
0.0164866	2.42249	0.112361
0.0166197	0.0319594	-0.194616
0.0158015	-0.196383	-0.198616
0.0141285	-0.401519	-0.173682
0.0117497	-0.570906	-0.122764
0.00910083	-0.635728	-0.0503967
0.00676273	-0.561144	0.0301642
0.00534954	-0.339165	0.101252
0.00352404	-0.438119	0.144194
0.00240044	-0.269664	0.199663
0.00256865	0.0403704	0.233771
0.00404024	0.353182	0.228587
0.00599566	0.469301	0.183769
0.00903171	0.728651	0.12425
0.0118089	0.666524	0.0318877
0.0130432	0.296223	-0.0525776
0.013043	-3.10501e-05	-0.0901003
0.0123452	-0.167481	-0.0900756
0.0112591	-0.260665	-0.0688342
0.0100176	-0.297963	-0.0357917
0.00870381	-0.315301	0.00196737
0.00717415	-0.367119	0.0419128
0.00604063	-0.272046	0.0884129
0.00657794	0.128954	0.122854
0.00416564	-0.578951	0.106476
0.00212785	-0.48907	0.1798
0.000393691	-0.416197	0.241715
-0.00111044	-0.360992	0.29438
-0.00248156	-0.329069	0.340037
-0.00410631	-0.389939	0.381635
-0.00410631	0	0.430935
-0.00257035	0.36863	0.430814
0.000608236	0.762861	0.383984
0.00533838	1.13523	0.287214
0.011185	1.40318	0.14329
0.00548045	-1.36908	-0.0345448
0.000500558	-1.19517	0.138933
-0.00139773	-0.45559	0.290328
-0.000106111	0.30999	0.347971
0.00388529	0.957937	0.308593
0.00978298	1.41545	0.187127
0.0167587	1.67418	0.00772623
0.0163796	-0.0909928	-0.204408
0.0155102	-0.208668	-0.192826
0.0139472	-0.375116	-0.166337
0.0121601	-0.428908	-0.118766
0.0104481	-0.410871	-0.0643927
0.00905416	-0.334543	-0.0123195
0.00808204	-0.233309	0.030068
0.00751985	-0.134926	0.0596168
0.0056355	-0.452245	0.0766917
0.00319186	-0.586472	0.133969
0.00201233	-0.283087	0.208238
0.00167258	-0.0815413	0.244045
0.00195944	0.0688475	0.254305
0.00195943	-2.43456e-06	0.245507
0.00073598	-0.293628	0.245434
0.00124712	0.122673	0.282568
0.00124712	0	0.266942
-0.000971414	-0.532448	0.266863
-0.00338686	-0.579707	0.334251
-0.00534717	-0.470475	0.407609
-0.00698436	-0.392926	0.467106
-0.00833181	-0.323388	0.51676
-0.00913316	-0.192323	0.55759
-0.00833932	0.19052	0.581802
-0.00417507	0.99942	0.557499
0.00223917	1.53942	0.430708
0.00999785	1.86209	0.235532
0.010009	0.00267304	-0.000474103
0.010009	0	-0.000816959
0.010009	0	-0.000821031
0.00989958	-0.0262586	-0.000825102
0.00947215	-0.102585	0.00249793
0.00904792	-0.101814	0.0154909
0.00900431	-0.0104658	0.0283827
0.00575939	-0.77878	0.0296966
0.00133232	-1.0625	0.128362
-0.00402305	-1.28529	0.262948
-0.00686637	-0.682397	0.425727
-0.00713051	-0.0633938	0.51207
-0.00527762	0.444693	0.519959
-0.00108549	1.00611	0.463467
0.00520016	1.50856	0.335854
0.0121265	1.66232	0.144614
0.0175899	1.31123	-0.0660543
0.020962	0.809286	-0.23218
0.0225241	0.374914	-0.334661
0.0225241	0	-0.382076
0.0213159	-0.289963	-0.381974
0.0188298	-0.596661	-0.345132
0.014823	-0.961651	-0.26944
0.0103508	-1.07331	-0.147522
0.00734109	-0.722338	-0.0114894
0.00414782	-0.766387	0.0800352
0.00123493	-0.699093	0.177116
-0.00135531	-0.621657	0.265644
-0.00360134	-0.539048	0.344336
-0.00558184	-0.475319	0.412539
-0.00708063	-0.35971	0.472648
-0.0059919	0.261297	0.518092
-0.00282072	0.761083	0.484839
0.00231444	1.23244	0.388267
0.00919627	1.65164	0.231998
0.00572132	-0.833987	0.0226584
0.00197288	-0.899625	0.12832
-0.00148376	-0.829594	0.24227
-0.00412168	-0.6331	0.347316
-0.00436981	-0.0595514	0.427435
-0.00157598	0.67052	0.43486
0.00356204	1.23312	0.349777
0.0103283	1.62391	0.193432
0.00951662	-0.194806	-0.0123834
0.00852628	-0.237682	0.0122986
0.00787873	-0.155414	0.0424064
0.00703812	-0.201745	0.0620821
0.00629064	-0.179395	0.0876227
0.00598455	-0.0734619	0.110324
0.00339647	-0.62114	0.119597
-0.00365216	-1.69167	0.198264
-0.0106624	-1.68246	0.412551
-0.0154577	-1.15087	0.625611
-0.0172376	-0.427177	0.771257
-0.0166855	0.132518	0.825167
-0.0136997	0.716582	0.808145
-0.00828459	1.29962	0.717123
-0.000636287	1.83559	0.552252
0.00725181	1.89314	0.319514
0.013433	1.4835	0.0795502
0.0134331	3.83274e-06	-0.108443
0.0134331	0	-0.108418
0.0134331	0	-0.108392
0.0123149	-0.268348	-0.108366
0.010533	-0.427673	-0.074339
0.00761031	-0.70144	-0.020134
0.00634041	-0.304776	0.0687448
0.0055029	-0.201001	0.107338
0.00505512	-0.107468	0.132772
0.00493134	-0.0297072	0.146347
0.0049398	0.00203006	0.150066
0.00498762	0.0114773	0.149763
0.00498762	0	0.148263
0.00621796	0.295281	0.148218
0.00775005	0.367701	0.110758
0.00917129	0.341097	0.0641336
0.0105332	0.326859	0.0208928
0.0120976	0.375465	-0.0205321
0.0116501	-0.107412	-0.068104
0.00909176	-0.614	-0.0544797
0.00597084	-0.749019	0.0233293
0.00467928	-0.309974	0.118225
0.00579441	0.267631	0.157463
0.00903399	0.777499	0.123505
0.0137646	1.13533	0.0249529
0.0131976	-0.136068	-0.118911
0.0120557	-0.274049	-0.101642
0.0113298	-0.174215	-0.0668944
0.0100327	-0.311317	-0.044806
0.00828657	-0.419066	-0.00535231
0.00652287	-0.423289	0.0477431
0.00527984	-0.298326	0.101359
0.00473697	-0.130289	0.139126
0.00155862	-0.762804	0.155591
-0.00328661	-1.16286	0.252198
-0.00660051	-0.795334	0.399466
-0.00797148	-0.329033	0.500127
-0.00761699	0.0850761	0.541676
-0.00579197	0.438005	0.530745
-0.00233649	0.829315	0.475097
0.00225615	1.10223	0.369883
0.00609612	0.921593	0.230117
0.00833146	0.53648	0.113278
0.00915663	0.198042	0.0452675
0.00915653	-2.54135e-05	0.0201577
0.00868212	-0.113856	0.020151
0.00766731	-0.243556	0.0345674
0.00598212	-0.404445	0.0654133
0.00407744	-0.457123	0.116637
0.0032659	-0.194771	0.174521
0.00405087	0.188394	0.199147
0.00548219	0.343517	0.175217
0.00716183	0.403113	0.131638
0.00510621	-0.493349	0.0805209
0.00301304	-0.502362	0.143005
0.00113325	-0.451149	0.206615
0.00113325	0	0.263719
0.00194197	0.194094	0.263641
0.00345573	0.363302	0.238971
0.00147494	-0.475389	0.192868
-0.00304888	-1.08572	0.253047
-0.00893834	-1.41347	0.390541
-0.0140469	-1.22605	0.569525
-0.0167951	-0.659581	0.724713
-0.0162126	0.139805	0.808082
-0.0120579	0.997133	0.790142
-0.00499327	1.69551	0.663578
-0.00263146	0.566834	0.448559
-0.00105351	0.37871	0.37661
0.000796149	0.443917	0.328517
0.00384733	0.732283	0.272175
0.00743182	0.860278	0.179311
0.0112522	0.916889	0.0702551
0.0146178	0.807743	-0.0459434
0.0167878	0.520799	-0.14828
0.0170809	0.0703519	-0.214231
0.0129347	-0.995084	-0.22309
0.00899318	-0.945973	-0.0969481
0.00664383	-0.563843	0.0229359
0.00553339	-0.266507	0.0943682
0.00566051	0.0305101	0.128106
0.00569469	0.00820213	0.1242
0.00725453	0.374362	0.123122
0.0100831	0.678865	0.0756498
0.0109186	0.200503	-0.0103912
0.00899223	-0.462321	-0.0357974
0.00622614	-0.66386	0.0227872
0.00357212	-0.636965	0.106893
0.00123694	-0.560445	0.187568
-0.000914574	-0.516362	0.258525
-0.00278054	-0.447832	0.323877
-0.00337697	-0.143143	0.380529
-0.00167509	0.408452	0.398559
0.00266469	1.04155	0.346691
0.00734657	1.12365	0.214621
0.0055421	-0.433073	0.0721847
0.00365431	-0.453069	0.127034
0.00365431	1.38778e-17	0.184402
0.0039458	0.0699588	0.184346
0.00414462	0.0477166	0.175427
0.00443676	0.0701127	0.169328
0.00502819	0.141944	0.160393
0.0058575	0.199034	0.142359
0.0068813	0.24571	0.117096
0.00378625	-0.742812	0.0859267
-6.83058e-05	-0.925092	0.180019
-0.00143553	-0.328133	0.297182
-0.00109083	0.0827281	0.338674
0.00126805	0.566131	0.328096
0.00560934	1.04191	0.256269
0.011519	1.41833	0.124178
0.0171127	1.34248	-0.0555696
0.0209392	0.918362	-0.225658
0.0228728	0.464062	-0.341961
0.0228728	0	-0.400669
0.0213378	-0.368392	-0.400562
0.0186435	-0.646644	-0.353778
0.0139695	-1.12177	-0.27175
0.00832857	-1.35382	-0.129544
0.00374883	-1.09914	0.0420254
0.000589221	-0.758306	0.181278
-0.00154865	-0.513088	0.277308
-0.00277396	-0.294076	0.34224
-0.00304526	-0.0651116	0.379405
-0.00204349	0.240425	0.387548
0.000234394	0.546693	0.356976
0.001739	0.361106	0.287603
0.001739	-1.38161e-06	0.241765
-0.000519452	-0.542028	0.241694
-0.00275656	-0.536907	0.310303
-0.00603164	-0.786019	0.378244
-0.00816537	-0.512095	0.477731
-0.00978952	-0.389794	0.542482
-0.0107581	-0.232464	0.591718
-0.0108565	-0.023619	0.621007
-0.0102061	0.156102	0.623825
-0.00899087	0.291657	0.603872
-0.00736262	0.390778	0.566748
-0.00539894	0.471284	0.517075
-0.00329167	0.505746	0.457215
0.00124932	1.08984	0.393004
0.00663773	1.29322	0.254802
0.0115606	1.18149	0.0908697
0.017678	1.46816	-0.0588611
0.0217937	0.987776	-0.244873
0.0235	0.409507	-0.369965
0.0235	0	-0.421753
0.0222248	-0.306031	-0.42164
0.0208786	-0.323098	-0.382751
0.0207149	-0.0392923	-0.341711
0.020916	0.0482634	-0.336642
0.0213412	0.102044	-0.342667
0.0218346	0.118428	-0.355506
0.022068	0.0560214	-0.370416
0.022068	-1.38778e-17	-0.377416
0.0202789	-0.429385	-0.377315
0.0158735	-1.05731	-0.322809
0.00943288	-1.54574	-0.188755
0.00234949	-1.70001	0.00714872
-0.00402597	-1.53011	0.222546
-0.0083216	-1.03095	0.416356
-0.00941697	-0.262887	0.546866
-0.00703441	0.571815	0.580021
-0.000744502	1.50958	0.507406
0.0093161	2.41454	0.315989
0.0209406	2.78988	0.00996176
0.0288787	1.90514	-0.343538
0.0319552	0.738354	-0.584838
0.033108	0.276674	-0.678233
0.0324938	-0.147408	-0.713104
0.0304112	-0.499822	-0.694233
0.0260796	-1.03959	-0.630714
0.0194502	-1.59104	-0.49882
0.0113072	-1.95433	-0.297091
0.00300274	-1.99307	-0.0493871
-0.00412706	-1.71115	0.203158
-0.00884237	-1.13167	0.419912
-0.00982982	-0.236988	0.563183
-0.00709078	0.657369	0.593052
-0.000389859	1.60822	0.509592
-0.00118331	-0.190428	0.305677
-0.00196936	-0.188654	0.329718
-0.00228384	-0.0754739	0.353529
-0.00228384	-5.21599e-07	0.362992
-0.00202518	0.0620794	0.36289
-0.00155328	0.113255	0.354922
0.000477334	0.487348	0.340472
0.002607	0.51112	0.278623
0.00470461	0.503427	0.21378
0.0067714	0.496029	0.149929
0.0088233	0.492456	0.0870341
0.010896	0.497453	0.0246089
0.0131179	0.533247	-0.0384321
0.0158427	0.65395	-0.105991
0.0196415	0.911714	-0.188824
0.0196415	0	-0.304295
0.0196415	0	-0.304214
0.0196415	0	-0.304134
0.0196415	-6.93889e-18	-0.304054
0.0196415	0	-0.303973
0.0193614	-0.0672305	-0.303893
0.0176438	-0.412211	-0.295294
0.0144164	-0.774577	-0.242987
0.0102322	-1.00422	-0.14478
0.00603806	-1.00658	-0.0175024
0.00268493	-0.804752	0.11004
0.000951949	-0.415915	0.211973
0.000951949	0	0.264611
0.00299709	0.490833	0.264534
0.00278427	-0.0510751	0.202265
0.00284972	0.0157077	0.208676
0.00366126	0.194768	0.206623
0.00473782	0.258377	0.181883
0.00579438	0.253572	0.149091
0.0066307	0.200718	0.116916
0.00687544	0.0587379	0.0914476
0.00552388	-0.324375	0.0839755
0.00153709	-0.95683	0.125048
-0.00461034	-1.47538	0.246247
-0.0121401	-1.80715	0.433116
-0.020148	-1.92189	0.661969
-0.0276604	-1.80298	0.905298
-0.0335647	-1.41702	1.13349
-0.0359312	-0.567969	1.31272
-0.0334154	0.603805	1.38432
-0.0262414	1.72176	1.30743
-0.0153026	2.62531	1.0889
-0.00151337	3.30941	0.755957
0.0138206	3.68015	0.336423
0.0283433	3.48546	-0.129969
0.037073	2.09512	-0.571563
0.0406171	0.85059	-0.836871
0.0374846	-0.751796	-0.944417
0.0298325	-1.83651	-0.848902
0.0184327	-2.73595	-0.615973
0.00498575	-3.22727	-0.269144
-0.00794774	-3.10404	0.139841
-0.016981	-2.16798	0.533099
-0.0198146	-0.680075	0.807643
-0.0165718	0.778286	0.893586
-0.00767629	2.13491	0.794723
-0.00822053	-0.130615	0.523994
-0.00841449	-0.0465521	0.540396
-0.00925181	-0.200957	0.546143
-0.00969958	-0.107464	0.571452
-0.00969958	0	0.584908
-0.00969958	0	0.584744
-0.00945726	0.0581581	0.58458
-0.00931793	0.033438	0.577048
-0.00892912	0.0933141	0.572649
-0.00824238	0.164818	0.560665
-0.00726451	0.234689	0.539625
-0.00586802	0.335157	0.509737
-0.00389819	0.472761	0.467128
-0.00143737	0.590595	0.407094
0.00132068	0.661933	0.332145
0.00425123	0.703331	0.248179
0.00723608	0.716364	0.15899
0.0106411	0.817217	0.0681741
0.0133796	0.657224	-0.0353946
0.0143221	0.226216	-0.118663
0.0139067	-0.0997045	-0.147297
0.0124712	-0.344519	-0.134627
0.0105429	-0.462798	-0.090941
0.00882438	-0.412442	-0.0322807
0.00806227	-0.182907	0.0199828
0.00861346	0.132287	0.0431484
0.0113917	0.666767	0.0263708
0.0161185	1.13444	-0.0581235
0.0222577	1.47342	-0.201851
0.0277628	1.32122	-0.388489
0.0322941	1.08749	-0.555791
0.0344033	0.506221	-0.693432
0.0329496	-0.348904	-0.757384
0.0273296	-1.34878	-0.71297
0.0182345	-2.18284	-0.541877
0.00705328	-2.68348	-0.265151
-0.00454717	-2.78411	0.0749328
-0.0146546	-2.42579	0.427672
-0.0213493	-1.60672	0.734912
-0.0228531	-0.360927	0.938286
-0.0181609	1.12613	0.983755
-0.00721751	2.62642	0.840792
0.00485881	2.89832	0.507773
0.00860737	0.899654	0.140396
0.0112039	0.623171	0.0263618
0.0141888	0.716377	-0.0526087
0.0171127	0.70174	-0.143367
0.0190183	0.457338	-0.232245
0.0168924	-0.510211	-0.290132
0.0132338	-0.878072	-0.225409
0.00888177	-1.04449	-0.114093
0.00330067	-1.33946	0.0182783
-0.00290835	-1.49016	0.187988
-0.00891777	-1.44226	0.376746
-0.0141175	-1.24794	0.559383
-0.0177065	-0.861366	0.717346
-0.0184334	-0.174457	0.826285
-0.0176098	0.197663	0.848158
-0.0188169	-0.289681	0.822876
-0.0192384	-0.101183	0.85935
-0.0190228	0.0517627	0.87193
-0.0187581	0.0635114	0.865128
-0.0139644	1.15051	0.856839
-0.0124523	0.362905	0.710822
-0.00846133	0.957823	0.664641
-0.00513504	0.79831	0.543093
-0.00604845	-0.219218	0.441788
-0.00966789	-0.868667	0.46944
-0.0134673	-0.911865	0.579373
-0.0159056	-0.585175	0.694749
-0.0154206	0.116398	0.768699
-0.0108108	1.10634	0.753736
-0.00263659	1.96181	0.613344
0.0086975	2.72018	0.364597
0.021216	3.00445	0.0198305
0.0334372	2.93309	-0.360859
0.036523	0.740592	-0.7324
0.0349917	-0.367517	-0.826037
0.0290016	-1.43764	-0.779245
0.0191716	-2.35919	-0.596876
0.0068425	-2.95898	-0.29779
-0.00591351	-3.06144	0.0772103
-0.0165674	-2.55694	0.465088
-0.0222674	-1.36799	0.788935
-0.0214301	0.200951	0.962046
-0.0139137	1.80394	0.936315
-0.000812258	3.14434	0.707483
0.0160048	4.03609	0.308878
0.0339436	4.3053	-0.202606
0.0436085	2.31959	-0.748058
0.0484603	1.16443	-1.04176
0.0479914	-0.112531	-1.18901
0.0426938	-1.27143	-1.17443
0.0333956	-2.23157	-1.01301
0.0207467	-3.03573	-0.729976
0.00628469	-3.47088	-0.345132
-0.0076326	-3.34015	0.0947413
-0.0185014	-2.6085	0.517928
-0.0237551	-1.2609	0.848294
-0.0200564	0.887696	1.00782
-0.0195532	0.120769	0.895061
-0.0182388	0.315439	0.879509
-0.0161893	0.491893	0.839295
-0.0134913	0.647509	0.776735
-0.00700364	1.55704	0.694474
0.00169409	2.08746	0.496992
0.0109316	2.21701	0.232358
0.019497	2.0557	-0.0486177
0.0204326	0.224528	-0.309076
0.0168215	-0.86667	-0.337443
0.0109377	-1.41211	-0.227541
0.00453396	-1.53689	-0.0485576
-0.000412657	-1.18719	0.146186
-0.00162052	-0.289888	0.296567
0.000910328	0.607404	0.333213
0.00691501	1.44112	0.256155
0.0153807	2.03176	0.073482
0.0247374	2.24561	-0.183977
0.0328377	1.94407	-0.468461
0.0370204	1.00385	-0.714659
0.0366455	-0.0899751	-0.841658
0.031577	-1.21643	-0.830027
0.0222784	-2.23169	-0.675672
0.0100744	-2.92896	-0.39272
-0.00308795	-3.15896	-0.0214985
-0.0147018	-2.78733	0.378763
-0.0219283	-1.73436	0.731826
-0.0220801	-0.0364288	0.951374
-0.0155083	1.57725	0.955724
-0.00693591	2.05737	0.75561
-0.000756368	1.48309	0.494717
0.00540932	1.47977	0.30666
0.0124399	1.68734	0.119076
0.0186494	1.49028	-0.0947559
0.021543	0.694466	-0.28356
0.0211354	-0.0978425	-0.371478
0.0179316	-0.768895	-0.358982
0.0126414	-1.26965	-0.261462
0.00620478	-1.54479	-0.100521
-0.000415468	-1.58886	0.0952386
-0.00611927	-1.36891	0.296528
-0.00959627	-0.834478	0.469893
-0.00959627	-1.00035e-06	0.575493
-0.0062374	0.806128	0.575332
-0.000556451	1.36343	0.473028
0.00612325	1.60313	0.300139
0.005172	-0.2283	0.0969269
0.005172	0	0.125823
0.00532754	0.037329	0.125784
0.00532754	0	0.121015
0.00532754	0	0.120977
0.00126526	-0.974946	0.120939
-0.00350475	-1.1448	0.244435
-0.00851456	-1.20235	0.389418
-0.0130232	-1.08207	0.541653
-0.0143217	-0.311639	0.678605
-0.0109681	0.804851	0.717902
-0.00368962	1.74684	0.615721
0.00651846	2.44994	0.394211
0.018528	2.88229	0.0836777
0.0307469	2.93255	-0.281551
0.0400481	2.23227	-0.653046
0.040044	-0.000976695	-0.935709
0.0350095	-1.20829	-0.935329
0.0254346	-2.29797	-0.781976
0.0124732	-3.11073	-0.490596
-0.00179445	-3.42424	-0.0963155
-0.0147583	-3.11133	0.337579
-0.0233053	-2.05127	0.731707
-0.024638	-0.319846	0.991408
-0.0190633	1.33793	1.03166
-0.00723754	2.83817	0.861845
0.00436578	2.7848	0.50199
0.0132974	2.1436	0.148997
0.0224342	2.19283	-0.122653
0.0294913	1.6937	-0.400466
0.0291664	-0.077984	-0.614959
0.0252798	-0.932779	-0.604911
0.0186349	-1.59477	-0.486559
0.0105445	-1.94169	-0.284361
0.00265203	-1.8942	-0.0382608
-0.00340186	-1.45293	0.201754
-0.00619164	-0.669548	0.385791
-0.00505681	0.27236	0.470518
-0.00102168	0.968429	0.435876
-0.00159776	-0.138259	0.313046
-0.00193606	-0.0811906	0.330476
-0.00193606	-9.45278e-07	0.34067
-0.00165991	0.0662756	0.340574
0.000151151	0.434655	0.332081
0.00245761	0.553549	0.276911
0.00482971	0.569306	0.206692
0.00715381	0.557784	0.134497
0.00331426	-0.921492	0.063781
0.000298907	-0.723685	0.180519
-0.0041416	-1.06572	0.272163
-0.00786025	-0.892477	0.407118
-0.00859039	-0.175231	0.520085
-0.00550551	0.740371	0.542142
0.000918143	1.54168	0.448179
0.00983613	2.14032	0.252712
0.0186426	2.11356	-0.0185516
0.0273378	2.08686	-0.286349
0.0334822	1.47464	-0.550689
0.0349524	0.352862	-0.737385
0.031858	-0.742653	-0.781893
0.0244312	-1.78243	-0.687581
0.013656	-2.58606	-0.46155
0.00126768	-2.9732	-0.133756
-0.0103817	-2.79584	0.243
-0.0186403	-1.98207	0.597179
-0.0206102	-0.47278	0.84815
-0.0158211	1.14939	0.907817
-0.00789132	1.90314	0.761927
-0.00335508	1.0887	0.520574
-0.00401813	-0.159132	0.382482
-0.00424504	-0.0544585	0.402538
-0.00424504	8.58789e-07	0.409325
-0.00281053	0.344281	0.40921
-0.000302006	0.602047	0.365471
0.00316777	0.832747	0.289083
0.00736678	1.00776	0.183485
0.00419697	-0.760755	0.0557413
0.000680411	-0.843975	0.152115
-0.00253191	-0.770958	0.259007
-0.00470287	-0.521029	0.356619
-0.00452885	0.0417642	0.422535
-0.000777724	0.90027	0.417125
0.00110988	0.453024	0.302936
0.0013415	0.055589	0.245447
0.00169807	0.0855765	0.238331
0.00214123	0.106359	0.227418
0.00365377	0.363011	0.213874
0.00538725	0.416035	0.167815
0.00659183	0.289099	0.115051
0.00726072	0.160533	0.0783844
0.00756983	0.0741868	0.0580182
0.00108757	-1.55574	0.0485981
-0.00570013	-1.62905	0.245704
-0.0113276	-1.35059	0.452043
