-0.0438375	-0.0300317	-0.236712
9.30985e-20	1.48958e-17	-0.232662
0.000381281	0.0915075	-0.232588
0.000856224	0.113986	-0.244586
0.000719454	-0.0328248	-0.259545
-0.000912162	-0.391588	-0.255137
-0.00470005	-0.909093	-0.203409
-0.0100836	-1.29205	-0.0834437
-0.0162362	-1.47662	0.0869945
-0.0216746	-1.30522	0.281723
-0.0245319	-0.685747	0.453787
-0.02331	0.29324	0.544097
-0.0170551	1.50117	0.505262
-0.00612714	2.62272	0.307122
0.00760868	3.2966	-0.0388811
0.0209169	3.19398	-0.473657
0.0299912	2.17783	-0.894768
0.0317756	0.428253	-1.18173
0.0260001	-1.38613	-1.23786
0.0136538	-2.96311	-1.05466
-0.00414635	-4.27204	-0.663538
-0.023765	-4.70847	-0.0998951
-0.0400226	-3.90182	0.521139
-0.0484171	-2.01468	1.0356
-0.0470562	0.326617	1.30101
-0.0373835	2.32145	1.25754
-0.0210001	3.932	0.950986
-0.00120057	4.75189	0.432108
0.0163787	4.21902	-0.194749
0.0284823	2.90487	-0.751136
0.0328815	1.0558	-1.13403
0.029403	-0.83483	-1.27294
0.019584	-2.35656	-1.16245
0.00489023	-3.52651	-0.851288
-0.0111638	-3.85296	-0.385916
-0.0231159	-2.86852	0.122372
-0.0289055	-1.38949	0.500668
-0.0276268	0.306882	0.683781
-0.0196742	1.90862	0.643104
-0.00668802	3.11669	0.391184
0.00767949	3.4482	-0.019994
0.0177327	2.41278	-0.474771
0.0202859	0.612752	-0.792849
0.0146393	-1.35519	-0.873425
0.00171642	-3.10148	-0.694423
-0.0160963	-4.27505	-0.285155
-0.0352667	-4.6009	0.278772
-0.0513686	-3.86445	0.885504
-0.0583811	-1.68301	1.39492
-0.053301	1.21923	1.61648
-0.0375375	3.78322	1.45519
-0.0127904	5.93931	0.955783
0.0190342	7.6379	0.172158
0.0518663	7.87972	-0.835257
0.0771931	6.07842	-1.87426
0.091103	3.33837	-2.67538
0.0940292	0.702285	-3.11487
0.0871664	-1.64707	-3.20655
0.0719508	-3.65173	-2.98835
0.0497421	-5.3301	-2.50582
0.022005	-6.6569	-1.80207
-0.0089292	-7.4242	-0.923546
-0.03885	-7.18098	0.0559154
-0.0608903	-5.28969	1.003
-0.0712252	-2.48037	1.70036
-0.0711688	0.0135366	2.02699
-0.0621237	2.17083	2.0246
-0.0455938	3.96717	1.73768
-0.0246843	5.01827	1.21392
-0.00332932	5.1252	0.551698
0.0157555	4.58035	-0.124432
0.0297872	3.36762	-0.728496
0.0361676	1.5313	-1.17243
0.0341985	-0.47259	-1.37404
0.0250487	-2.19594	-1.31129
0.0102993	-3.53985	-1.02127
-0.00771246	-4.32283	-0.55409
-0.0227172	-3.60115	0.01622
-0.0317103	-2.15834	0.491175
-0.0331853	-0.353986	0.775694
-0.0268081	1.53053	0.822151
-0.0136472	3.1586	0.620044
0.00396964	4.22805	0.20327
0.022105	4.35247	-0.354429
0.034105	2.88	-0.928369
0.0362504	0.514905	-1.30793
0.0292865	-1.67133	-1.37545
0.0146498	-3.5128	-1.1546
-0.00618656	-5.00073	-0.690943
-0.0301421	-5.74934	-0.0311834
-0.0522561	-5.30736	0.727111
-0.067208	-3.58844	1.42688
-0.0709911	-0.907947	1.89974
-0.0633091	1.84368	2.01892
-0.0463494	4.07033	1.77515
-0.0218855	5.87133	1.23778
0.00850567	7.29389	0.463035
0.0404012	7.65493	-0.499095
0.0657354	6.08022	-1.50855
0.0792115	3.23426	-2.31002
0.081677	0.591721	-2.73589
0.0745462	-1.7114	-2.8131
0.0594938	-3.61258	-2.58654
0.0435397	-3.82899	-2.10929
0.0236988	-4.76181	-1.60364
0.00306942	-4.95105	-0.975122
-0.0144661	-4.20853	-0.32183
-0.026005	-2.76932	0.233335
-0.0301895	-1.0043	0.598514
-0.0263047	0.93237	0.730794
-0.0149051	2.73589	0.607606
0.00140689	3.91488	0.246587
0.0163772	3.59288	-0.26982
0.0256289	2.22042	-0.743604
0.0274508	0.43725	-1.03623
0.021371	-1.45915	-1.09359
0.00852301	-3.08353	-0.900806
-0.00990008	-4.42154	-0.493844
-0.03065	-4.97997	0.0894666
-0.0491224	-4.43339	0.746253
-0.0581833	-2.17461	1.33075
-0.0553753	0.673924	1.61716
-0.04252	3.08528	1.5278
-0.0211458	5.12981	1.12042
0.00733941	6.83644	0.44351
0.0384467	7.46576	-0.458282
0.0657634	6.556	-1.4428
0.0828069	4.09044	-2.30704
0.0887036	1.4152	-2.84583
0.0851635	-0.849621	-3.03162
0.0741964	-2.63211	-2.91865
0.0573598	-4.04078	-2.57062
0.0357756	-5.1802	-2.0369
0.0106222	-6.03682	-1.35307
-0.0161555	-6.42665	-0.556457
-0.0385854	-5.38316	0.291327
-0.0519839	-3.21565	1.00123
-0.0539624	-0.474845	1.42504
-0.0462282	1.85621	1.48724
-0.0305237	3.76908	1.24198
-0.00938194	5.07402	0.744504
0.0110702	4.9085	0.0750667
0.0257807	3.53054	-0.572339
0.0315598	1.38697	-1.03781
0.0276553	-0.937084	-1.22042
0.0154407	-2.93149	-1.09646
-0.00170531	-4.11504	-0.709492
-0.0231776	-5.15335	-0.16654
-0.0425324	-4.64515	0.51319
-0.0557305	-3.16756	1.12569
-0.0623443	-1.5873	1.54312
-0.0626015	-0.0617181	1.75201
-0.0572833	1.27636	1.75962
-0.047214	2.41664	1.59076
-0.033135	3.37894	1.27155
-0.0174555	3.76307	0.825517
-0.00461171	3.08252	0.328957
0.00553507	2.43523	-0.0776957
0.0115873	1.45253	-0.398854
0.0128456	0.301987	-0.590308
0.00915252	-0.886332	-0.629958
0.000989247	-1.95919	-0.512868
-0.0103793	-2.72844	-0.254312
-0.0223366	-2.86976	0.105624
-0.0133562	6.82991	1.1243
0.0096807	5.52886	0.223167
0.028624	4.54639	-0.506102
0.0401853	2.77471	-1.10557
0.0429219	0.656802	-1.47119
0.0384301	-1.07804	-1.55738
0.0281523	-2.46668	-1.41472
0.0156177	-3.0083	-1.08896
0.00345655	-2.91867	-0.691865
-0.00731126	-2.58427	-0.30671
-0.0141834	-1.64931	0.0342266
-0.0160792	-0.454994	0.251748
-0.0140832	0.479042	0.311684
-0.0145258	-0.106235	0.248413
-0.0152815	-0.181354	0.262353
-0.0182257	-0.706609	0.286196
-0.0224156	-1.00558	0.379308
-0.026084	-0.880433	0.511822
-0.0276018	-0.364264	0.627792
-0.025846	0.42139	0.675649
-0.0203758	1.31285	0.619871
-0.0111339	2.21807	0.446534
0.00205897	3.16628	0.153859
0.0193939	4.16037	-0.263788
0.0380916	4.48747	-0.81242
0.0539965	3.81715	-1.40403
0.0614305	1.78417	-1.90705
0.0634812	0.492174	-2.14179
0.0601938	-0.788996	-2.20605
0.0499895	-2.44902	-2.10133
0.0311774	-4.51489	-1.77769
0.00491033	-6.30411	-1.18168
-0.027303	-7.7312	-0.34987
-0.0604828	-7.96314	0.669907
-0.0877149	-6.53571	1.71997
-0.106369	-4.47694	2.58145
-0.115286	-2.14024	3.17114
-0.112962	0.55787	3.45246
-0.0994258	3.24869	3.37784
-0.0763335	5.54214	2.94836
-0.0456631	7.3609	2.21651
-0.00966847	8.63872	1.24502
0.0279035	9.01728	0.10528
0.0553055	6.57647	-1.08404
0.0716442	3.92128	-1.95109
0.0781837	1.56949	-2.46767
0.0765905	-0.382367	-2.67393
0.0686285	-1.91089	-2.62269
0.0562767	-2.96443	-2.36987
0.0432091	-3.13621	-1.97817
0.0313631	-2.84305	-1.56394
0.0196273	-2.81659	-1.1885
0.00779968	-2.83862	-0.816655
-0.00462588	-2.98214	-0.442019
-0.0158058	-2.68318	-0.048568
-0.0267353	-2.62307	0.305336
-0.038749	-2.88329	0.651203
-0.0502293	-2.75529	1.03129
-0.0586826	-2.02877	1.39438
-0.0631556	-1.07354	1.66153
-0.063049	0.0255975	1.80262
-0.0578956	1.23682	1.79871
-0.0473579	2.52903	1.63504
-0.0307642	3.98249	1.301
-0.00629962	5.87151	0.775357
0.0249038	7.48882	0.00072927
0.0525408	6.63287	-0.986971
0.0749874	5.38719	-1.86148
0.0915419	3.97308	-2.57144
0.101716	2.4417	-3.09467
0.105086	0.808908	-3.41577
0.0998065	-1.2671	-3.52143
0.085327	-3.47507	-3.35325
0.0630732	-5.34092	-2.89391
0.0353418	-6.65554	-2.18862
0.00329651	-7.69086	-1.31015
-0.0320022	-8.47169	-0.295406
-0.0652588	-7.98159	0.822019
-0.0878313	-5.41738	1.87447
-0.0976818	-2.36413	2.5884
-0.0963634	0.316423	2.89943
-0.0857805	2.53989	2.85683
-0.0679721	4.27401	2.52098
-0.0454904	5.39562	1.95652
-0.0286474	4.0423	1.2443
-0.0113779	4.14469	0.710791
0.00549218	4.04882	0.163933
0.0195284	3.36868	-0.370115
0.0287165	2.20516	-0.814299
0.0317705	0.732965	-1.10489
0.0297183	-0.492528	-1.20123
0.0261301	-0.861182	-1.13591
0.0230167	-0.747213	-1.02198
0.0195029	-0.843315	-0.923122
0.0157434	-0.902276	-0.811618
0.010976	-1.14418	-0.69237
0.0050481	-1.42269	-0.541253
-0.00234901	-1.77531	-0.353448
-0.0133839	-2.64836	-0.119193
-0.0278001	-3.4599	0.230139
-0.0430182	-3.65234	0.6864
-0.0552817	-2.94324	1.1679
-0.061915	-1.59198	1.55574
-0.0626294	-0.171457	1.76524
-0.0572913	1.28114	1.78732
-0.0456236	2.80025	1.61782
-0.0263671	4.62155	1.24801
0.00217984	6.85127	0.638094
0.0300049	6.67802	-0.265712
0.0569619	6.46968	-1.1464
0.0788677	5.25739	-1.99934
0.0950647	3.88728	-2.69213
0.105002	2.38503	-3.20401
0.106529	0.366355	-3.51761
0.0981557	-2.00955	-3.56486
0.0811807	-4.074	-3.29875
0.0571563	-5.76585	-2.76043
0.0275067	-7.1159	-1.99913
-0.00646374	-8.15291	-1.06001
-0.0434467	-8.87591	0.0155999
-0.0752172	-7.62493	1.18624
-0.0945006	-4.628	2.19154
-0.101805	-1.75303	2.80127
-0.0993038	0.600268	3.03164
-0.0891118	2.44608	2.95156
-0.0726803	3.94356	2.62805
-0.0531709	4.68224	2.10715
-0.0334028	4.74435	1.48897
-0.0157863	4.22796	0.86279
0.00159375	4.17121	0.304905
0.0175236	3.82316	-0.245328
0.0291946	2.80104	-0.749492
0.035352	1.47778	-1.11869
0.0376115	0.54229	-1.31326
0.0378253	0.0512965	-1.38439
0.0368292	-0.239061	-1.39073
0.0331167	-0.890988	-1.35878
0.0261287	-1.67714	-1.24086
0.0156888	-2.50557	-1.01929
0.000664598	-3.6058	-0.688516
-0.0183693	-4.56814	-0.212735
-0.0378721	-4.68067	0.389825
-0.05686	-4.55709	1.00704
-0.071156	-3.43106	1.60778
-0.0802624	-2.18552	2.05982
-0.0843129	-0.972121	2.34745
-0.0831246	0.285192	2.47496
-0.0763916	1.61592	2.4366
-0.0638682	3.00561	2.22274
-0.0455981	4.38482	1.82567
-0.0215332	5.77557	1.2468
0.00910356	7.35283	0.484685
0.0427912	8.08502	-0.485226
0.073974	7.48388	-1.55141
0.0996857	6.1708	-2.53799
0.119541	4.76524	-3.3511
0.131073	2.76778	-3.97857
0.132394	0.316955	-4.34241
0.12455	-1.88252	-4.38291
0.108698	-3.80458	-4.1333
0.0861914	-5.4015	-3.63026
0.0584996	-6.64604	-2.91676
0.0271547	-7.52276	-2.03933
-0.00550381	-7.83805	-1.04653
-0.0363026	-7.39172	-0.0124541
-0.0600804	-5.70667	0.962448
-0.0726556	-3.01805	1.71481
-0.0754691	-0.675232	2.11235
-0.0700786	1.29372	2.20077
-0.0588732	2.68929	2.02948
-0.0456948	3.16282	1.67418
-0.0317943	3.33612	1.25653
-0.0166346	3.63832	0.816155
-0.000353021	3.90759	0.336052
0.0148508	3.64892	-0.179422
0.0266774	2.83837	-0.660625
0.0333281	1.59618	-1.03478
0.0340499	0.173238	-1.24499
0.0321616	-0.453192	-1.26746
0.0291945	-0.712104	-1.2073
0.023798	-1.29517	-1.11302
0.0154592	-2.00131	-0.941861
0.00493258	-2.52639	-0.677621
-0.00716629	-2.90373	-0.344208
-0.0195176	-2.96432	0.0388722
-0.0310701	-2.77259	0.429829
-0.0421177	-2.65143	0.795379
-0.0511461	-2.1668	1.14484
-0.059384	-1.97711	1.43028
-0.0634581	-0.977773	1.69061
-0.0632301	0.0547012	1.81906
-0.0582376	1.1982	1.8113
-0.047653	2.54032	1.65273
-0.0321088	3.7306	1.31719
-0.0110051	5.06489	0.824763
0.0157144	6.41268	0.156506
0.0439385	6.77377	-0.689311
0.0688418	5.97679	-1.5825
0.0885438	4.72849	-2.3703
0.102773	3.41496	-2.99322
0.111426	2.07679	-3.44272
0.112158	0.175588	-3.71559
0.103018	-2.19351	-3.73762
0.0867588	-3.90222	-3.44719
0.0630595	-5.68784	-2.93149
0.0334748	-7.10034	-2.18043
-0.000571833	-8.17118	-1.2433
-0.0377293	-8.9178	-0.165229
-0.071051	-7.99721	1.01099
-0.0913575	-4.87356	2.06544
-0.0993291	-1.91316	2.7076
-0.0966057	0.653613	2.95911
-0.0849471	2.79806	2.87202
-0.0661033	4.52252	2.50212
-0.0427975	5.59339	1.90489
-0.0188093	5.75717	1.1666
0.00510092	5.73844	0.406938
0.0262673	5.07994	-0.350029
0.0412657	3.59961	-1.01992
0.0475771	1.51472	-1.49436
0.0466398	-0.224941	-1.69369
0.0401519	-1.55709	-1.66351
0.0316274	-2.04589	-1.45764
0.0238513	-1.86626	-1.18737
0.015791	-1.93446	-0.940864
0.00672705	-2.17536	-0.685441
-0.00280726	-2.28823	-0.398324
-0.012159	-2.24442	-0.0964046
-0.0260733	-3.33942	0.199644
-0.0391816	-3.146	0.640024
-0.0514458	-2.9434	1.05476
-0.060271	-2.11805	1.44265
-0.064761	-1.07761	1.72157
-0.0642268	0.128209	1.86318
-0.0585221	1.36913	1.84571
-0.0474816	2.64972	1.66458
-0.0311153	3.9279	1.31461
-0.00823773	5.49062	0.796163
0.0212026	7.06569	0.0717639
0.0492363	6.72808	-0.860151
0.0731991	5.75108	-1.74726
0.0915839	4.41233	-2.50524
0.104351	3.06402	-3.08643
0.111582	1.73548	-3.48961
0.11118	-0.096399	-3.71745
0.101458	-2.33333	-3.70361
0.083483	-4.31398	-3.39475
0.0584501	-6.00788	-2.82475
0.0288918	-7.09399	-2.03152
-0.00464416	-8.04864	-1.09528
-0.0407716	-8.6706	-0.0334062
-0.0714862	-7.37149	1.11017
-0.0890266	-4.20971	2.08207
-0.0941096	-1.21991	2.63666
-0.0887252	1.29225	2.79676
-0.0748196	3.33735	2.62549
-0.0543751	4.90668	2.18453
-0.0313463	5.52693	1.53673
-0.00882949	5.40402	0.807324
0.0121528	5.03574	0.0943437
0.0289845	4.0396	-0.569849
0.0388846	2.37604	-1.10246
0.0405222	0.393015	-1.4155
0.0354876	-1.20831	-1.46691
0.0263018	-2.2046	-1.3071
0.0166383	-2.31924	-1.01594
0.00725211	-2.25268	-0.70975
-0.00133514	-2.06094	-0.412427
-0.00864514	-1.7544	-0.140481
-0.0136709	-1.20617	0.0909524
-0.0158461	-0.522069	0.25001
-0.0161159	-0.0647495	0.318794
-0.0174797	-0.327306	0.327241
-0.020454	-0.713819	0.370314
-0.0234578	-0.720913	0.464351
-0.0253456	-0.453073	0.559296
-0.025255	0.0217457	0.618886
-0.0225011	0.660925	0.615835
-0.01672	1.38747	0.528483
-0.00785348	2.12796	0.345331
0.004817	3.04092	0.0645715
0.0210498	3.89587	-0.336514
0.0334118	2.96688	-0.850239
0.0422464	2.1203	-1.24128
0.0465828	1.04075	-1.52056
0.0463563	-0.0543749	-1.65736
0.0415333	-1.15751	-1.64969
0.0298689	-2.79946	-1.49653
0.0110439	-4.518	-1.12685
-0.0148983	-6.22611	-0.53063
-0.0440434	-6.99483	0.290697
-0.0705638	-6.3649	1.21316
-0.0870917	-3.9667	2.05227
-0.0963516	-2.22236	2.57482
-0.0981381	-0.428766	2.86715
-0.091693	1.54681	2.92284
-0.0755745	3.86844	2.71795
-0.0502748	6.07195	2.20693
-0.0272783	5.51915	1.40543
0.00127304	6.85233	0.677086
0.0330566	7.62806	-0.226872
0.0622739	7.01214	-1.23287
0.0822107	4.78482	-2.15733
0.0920145	2.35292	-2.78775
0.0929576	0.226355	-3.09723
0.0863627	-1.58278	-3.12615
0.0736767	-3.04464	-2.91646
0.0563021	-4.16992	-2.51402
0.0371208	-4.6035	-1.96328
0.0173483	-4.74539	-1.35553
-0.00116704	-4.44369	-0.729251
-0.0186121	-4.18682	-0.142949
-0.0326321	-3.36478	0.409298
-0.0411608	-2.04689	0.852959
-0.0428852	-0.413869	1.12267
-0.0400989	0.668705	1.17692
-0.0358087	1.02967	1.08837
-0.0296635	1.47483	0.952244
-0.0239303	1.37597	0.757443
-0.0164944	1.78463	0.57574
-0.00796412	2.04726	0.340192
0.000907574	2.12921	0.0700769
0.00921649	1.99414	-0.210765
0.0182131	2.15918	-0.473709
0.0260248	1.87481	-0.75834
0.031113	1.22119	-1.00538
0.0320985	0.236515	-1.16614
0.0290512	-0.731358	-1.19698
0.0227434	-1.51388	-1.10016
0.0125436	-2.44794	-0.90016
-0.00149	-3.36807	-0.577027
-0.019875	-4.41241	-0.132634
-0.0406173	-4.97815	0.449362
-0.0592331	-4.4678	1.1058
-0.073465	-3.41564	1.69473
-0.0831091	-2.31458	2.14471
-0.0878178	-1.13009	2.44933
-0.0871655	0.156552	2.59764
-0.0804823	1.60396	2.57622
-0.065898	3.50022	2.3639
-0.0418211	5.77846	1.90154
-0.00985315	7.67231	1.13885
0.0283989	9.1805	0.1266
0.0666009	9.16847	-1.08426
0.0918906	6.06953	-2.29316
0.10927	4.17113	-3.09298
0.116946	1.84211	-3.64217
0.11426	-0.644551	-3.88403
0.102751	-2.76213	-3.79785
0.0840098	-4.49797	-3.4324
0.0598365	-5.80159	-2.83813
0.0318917	-6.70675	-2.0721
0.00252582	-7.0478	-1.18692
-0.0246513	-6.52251	-0.257019
-0.0454417	-4.98969	0.603317
-0.0565385	-2.66323	1.26123
-0.0572591	-0.172952	1.61211
-0.0492898	1.91263	1.63443
-0.036032	3.18189	1.38169
-0.0216255	3.45756	0.96161
-0.00687834	3.53931	0.505303
0.00633869	3.17209	0.0383506
0.0163217	2.39593	-0.380028
0.0215332	1.25076	-0.695912
0.0214027	-0.031316	-0.860665
0.0164824	-1.18088	-0.856275
0.0100807	-1.53642	-0.700268
0.00576911	-1.03477	-0.497416
0.0035183	-0.540193	-0.360787
0.00302713	-0.117881	-0.28943
0.00383367	0.193569	-0.273795
0.00503956	0.289414	-0.299242
0.00388273	-0.27764	-0.337322
-0.00174885	-1.35158	-0.300603
-0.0141886	-2.98554	-0.122249
-0.0297041	-3.72373	0.271555
-0.0449984	-3.67061	0.762599
-0.0565889	-2.78173	1.24649
-0.0615361	-1.18732	1.613
-0.0598186	0.412187	1.76911
-0.0512965	2.04531	1.71422
-0.0349368	3.92632	1.44395
-0.00993782	5.99976	0.925669
0.0187505	6.8852	0.134081
0.0485801	7.15909	-0.774049
0.0740495	6.11267	-1.71803
0.093302	4.62058	-2.52371
0.104432	2.6712	-3.13236
0.10554	0.265974	-3.48372
0.0970072	-2.04793	-3.51775
0.0813608	-3.75512	-3.24658
0.0589491	-5.37882	-2.75034
0.0313484	-6.62415	-2.04009
8.41512e-05	-7.50342	-1.16581
-0.0323503	-7.78427	-0.175831
-0.0588233	-6.35351	0.850894
-0.0740205	-3.64735	1.68861
-0.0784131	-1.0542	2.16915
-0.0734389	1.19379	2.30754
-0.060735	3.04895	2.14939
-0.0438209	4.05938	1.74662
-0.0264734	4.16341	1.2107
-0.0108113	3.75888	0.661225
0.00475408	3.7357	0.165267
0.0180097	3.18134	-0.327484
0.0269351	2.14211	-0.746973
0.0304126	0.834587	-1.02927
0.0286598	-0.420676	-1.13903
0.0254544	-0.7693	-1.08321
0.0228783	-0.618259	-0.981417
0.0198753	-0.720724	-0.899578
0.0159905	-0.932337	-0.80425
0.0112035	-1.14887	-0.68104
0.00579274	-1.29859	-0.529307
-0.00408315	-2.37021	-0.357873
-0.01708	-3.11924	-0.0451541
-0.0325113	-3.70351	0.36626
-0.0477268	-3.65173	0.854609
-0.0592005	-2.75368	1.33598
-0.0658013	-1.58418	1.69877
-0.0672969	-0.358962	1.90719
-0.0631421	0.997164	1.95396
-0.0530899	2.41253	1.82186
-0.0367919	3.91152	1.50313
-0.0142293	5.41501	0.986782
0.0149084	6.99305	0.272298
0.0459323	7.44573	-0.650098
0.0733002	6.56829	-1.63192
0.0920713	4.50506	-2.49772
0.10416	2.90133	-3.09114
0.107651	0.837769	-3.47286
0.101191	-1.55047	-3.58231
0.085964	-3.65437	-3.37674
0.0632085	-5.46132	-2.89374
0.0345445	-6.87938	-2.17257
0.00272548	-7.63655	-1.26459
-0.0315566	-8.22771	-0.25702
-0.0619344	-7.29066	0.828214
-0.0805807	-4.4751	1.78953
-0.0878047	-1.73376	2.37922
-0.0850935	0.650677	2.60717
-0.074035	2.65404	2.52057
-0.0570135	4.08515	2.16977
-0.037897	4.58797	1.63032
-0.0189197	4.55456	1.02473
4.89055e-05	4.55246	0.423716
0.0166941	3.99486	-0.176837
0.0285084	2.83542	-0.703666
0.0337249	1.25195	-1.07742
0.0323882	-0.320795	-1.24221
0.0265138	-1.40986	-1.19953
0.0198514	-1.59899	-1.01322
0.0136392	-1.49093	-0.802019
0.00818052	-1.31008	-0.605136
0.00367009	-1.0825	-0.432165
0.000451966	-0.77235	-0.289261
-0.00155207	-0.480969	-0.187305
-0.00307488	-0.365475	-0.12381
-0.00729995	-1.01402	-0.0755668
-0.0153625	-1.93501	0.0581981
-0.0258517	-2.5174	0.313392
-0.0359229	-2.41708	0.645322
-0.0432459	-1.75754	0.96392
-0.0450202	-0.42583	1.19543
-0.0409375	0.97985	1.25124
-0.0306839	2.46088	1.12163
-0.0130908	4.22234	0.79673
0.0123342	6.10198	0.239605
0.0421856	7.16435	-0.565258
0.0703873	6.7684	-1.50999
0.0933928	5.52134	-2.40222
0.103712	2.47664	-3.12971
0.108704	1.19814	-3.45541
0.10691	-0.430708	-3.61239
0.0963238	-2.54065	-3.55449
0.07722	-4.58493	-3.21833
0.0511362	-6.26011	-2.61265
0.0195516	-7.58028	-1.78622
-0.0162624	-8.59538	-0.785908
-0.0527736	-8.76267	0.347977
-0.082292	-7.08441	1.50359
-0.0994548	-4.11908	2.4375
-0.105183	-1.37476	2.98003
-0.101034	0.995679	3.16045
-0.0891735	2.84658	3.02818
-0.0712853	4.29318	2.65183
-0.0604238	2.60676	2.08481
-0.0481368	2.94888	1.74038
-0.0340644	3.37739	1.35092
-0.0176958	3.92846	0.905074
0.000857365	4.45275	0.386676
0.019429	4.45718	-0.200714
0.0354247	3.83897	-0.788512
0.048979	3.25304	-1.2946
0.0608885	2.85827	-1.72325
0.0702573	2.24852	-2.09971
0.0759019	1.3547	-2.39563
0.0743894	-0.363002	-2.57358
0.0685463	-1.40234	-2.52493
0.0581352	-2.49868	-2.33921
0.0415307	-3.98507	-2.00895
0.0169396	-5.90187	-1.48275
-0.0144731	-7.53903	-0.703903
-0.0499283	-8.50925	0.290636
-0.0822276	-7.75184	1.41284
-0.106746	-5.88435	2.43481
-0.122834	-3.86113	3.21016
-0.130124	-1.74961	3.71844
-0.127021	0.744557	3.94808
-0.113094	3.34266	3.84869
-0.0898069	5.58884	3.40667
-0.0588607	7.42709	2.66853
-0.0220576	8.83274	1.68816
0.0116668	8.09387	0.522705
0.0428834	7.49199	-0.544954
0.065389	5.40133	-1.53291
0.0777722	2.97198	-2.24483
0.0814708	0.887661	-2.63613
0.0781106	-0.806452	-2.7524
0.0694285	-2.08371	-2.64521
0.0586756	-2.5807	-2.36959
0.0485572	-2.42841	-2.02851
0.0381545	-2.49664	-1.70761
0.0267868	-2.72826	-1.37781
0.0142403	-3.01115	-1.01756
-0.000667615	-3.57791	-0.62011
-0.0173274	-3.99834	-0.148029
-0.0361887	-4.52672	0.379361
-0.0555219	-4.63995	0.97628
-0.0710279	-3.72146	1.58795
-0.0819971	-2.63259	2.0783
-0.0881199	-1.46948	2.42489
-0.0891687	-0.251712	2.61797
-0.0847218	1.06725	2.65038
-0.0740426	2.56303	2.50882
-0.055198	4.5227	2.17003
-0.0273966	6.67233	1.57288
0.00780971	8.44951	0.692391
0.047261	9.46831	-0.422225
0.0781509	7.41357	-1.67087
0.102569	5.86041	-2.64815
0.118942	3.92941	-3.42028
0.12525	1.51404	-3.93749
0.121244	-0.961617	-4.13599
0.109149	-2.90265	-4.00792
0.0899661	-4.60394	-3.62388
0.0651318	-5.96024	-3.01557
0.036538	-6.86249	-2.22856
0.00656442	-7.19367	-1.32279
-0.0221828	-6.89934	-0.373611
-0.045973	-5.70963	0.536459
-0.0605807	-3.50584	1.28935
-0.0646599	-0.979013	1.75134
-0.0597228	1.18491	1.87994
-0.0562055	0.844132	1.7231
-0.0500745	1.47146	1.61125
-0.0424213	1.83676	1.4167
-0.0320922	2.47898	1.17402
-0.0183925	3.28792	0.846715
-0.0020345	3.92593	0.412815
0.0137964	3.79942	-0.1051
0.0279226	3.39028	-0.606174
0.0405037	3.01948	-1.05314
0.0516089	2.66524	-1.45106
0.0606387	2.16715	-1.80214
0.0666065	1.43227	-2.08742
0.0692177	0.626695	-2.27569
0.0680559	-0.278818	-2.35766
0.0627443	-1.27479	-2.32017
0.051081	-2.79921	-2.15134
0.0309937	-4.82094	-1.7815
0.00324384	-6.65997	-1.14513
-0.0307232	-8.1521	-0.266396
-0.0655935	-8.36887	0.808869
-0.0942974	-6.88892	1.9124
-0.114837	-4.92956	2.82041
-0.126437	-2.78391	3.46972
-0.127651	-0.291361	3.83584
-0.117838	2.35504	3.87312
-0.0986174	4.61299	3.56135
-0.071866	6.42034	2.95187
-0.0456069	6.30217	2.1042
-0.0154568	7.23603	1.27237
0.0158737	7.51931	0.317624
0.0430297	6.51746	-0.674195
0.0612949	4.38365	-1.53358
0.0698259	2.04742	-2.11128
0.0699715	0.0349436	-2.38067
0.0633549	-1.58798	-2.38456
0.0530768	-2.46673	-2.17441
0.0421434	-2.62403	-1.84841
0.031024	-2.66866	-1.50177
0.0186969	-2.95849	-1.14934
0.00480772	-3.33341	-0.758798
-0.00976693	-3.49792	-0.318922
-0.0231241	-3.20571	0.142518
-0.0350093	-2.85244	0.56528
-0.0462824	-2.70556	0.941322
-0.0550849	-2.1126	1.29788
-0.0601293	-1.21065	1.57612
-0.0608137	-0.164249	1.73532
-0.056826	0.957032	1.75646
-0.0476632	2.19908	1.62971
-0.0329676	3.52694	1.33919
-0.0127172	4.86009	0.873614
0.0141563	6.44964	0.232352
0.0453396	7.48399	-0.618362
0.0747137	7.04979	-1.60524
0.0955546	5.00182	-2.53455
0.11149	3.82442	-3.19348
0.120274	2.10813	-3.69692
0.123661	0.813065	-3.97384
0.119322	-1.04156	-4.07988
0.105779	-3.25025	-3.94127
0.0842245	-5.17303	-3.51141
0.055886	-6.80124	-2.82808
0.0224829	-8.01676	-1.9302
-0.0143369	-8.83675	-0.872288
-0.0525857	-9.17972	0.293458
-0.0833645	-7.38691	1.50409
-0.100862	-4.19932	2.4779
-0.106586	-1.37382	3.031
-0.102046	1.08966	3.21128
-0.0889518	3.14253	3.0666
-0.0696568	4.63081	2.65121
-0.0481245	5.16776	2.03965
-0.0314413	4.00395	1.35746
-0.0140802	4.16668	0.828971
0.0033339	4.17938	0.279178
0.0188348	3.72022	-0.272125
0.0302151	2.73127	-0.762703
0.0361122	1.41529	-1.1227
0.0405574	1.06685	-1.30902
0.0440065	0.827802	-1.44934
0.0463083	0.55242	-1.55808
0.0430318	-0.78635	-1.63047
0.0362278	-1.63297	-1.52626
0.0258443	-2.49203	-1.31043
0.0117089	-3.39249	-0.981355
-0.0072352	-4.54659	-0.533621
-0.0305431	-5.5939	0.0661938
-0.0549364	-5.85439	0.803957
-0.0751362	-4.84796	1.57585
-0.0905044	-3.68837	2.21478
-0.100109	-2.30512	2.70057
-0.10311	-0.720251	3.00378
-0.0993983	0.890839	3.09787
-0.088387	2.64271	2.97945
-0.0682973	4.82152	2.63001
-0.0392863	6.96265	1.9933
-0.00285796	8.7428	1.0744
0.0394312	10.1494	-0.0790169
0.07325	8.11649	-1.4176
0.0992518	6.24044	-2.48766
0.115645	3.93429	-3.30996
0.121399	1.38112	-3.82785
0.117798	-0.864356	-4.00885
0.106167	-2.7913	-3.89364
0.0881458	-4.32519	-3.52432
0.0651757	-5.51284	-2.95281
0.0398706	-6.07322	-2.22483
0.016468	-5.61662	-1.42315
-0.0059295	-5.37539	-0.681946
-0.0266976	-4.98435	0.0272247
-0.0425603	-3.80705	0.684606
-0.0508826	-1.99734	1.18651
-0.0523154	-0.34387	1.44959
-0.0507902	0.366046	1.49451
-0.0476689	0.749112	1.44578
-0.0425287	1.23364	1.34655
-0.0348447	1.84416	1.18344
-0.0239963	2.60362	0.939857
-0.010026	3.35286	0.596184
0.00595632	3.83576	0.153795
0.0191015	3.15485	-0.352151
0.033073	3.35316	-0.768137
0.0461709	3.14349	-1.21015
0.0561872	2.40392	-1.62438
0.0633227	1.71252	-1.94095
0.0622264	-0.263112	-2.16623
0.056902	-1.27786	-2.13087
0.0471858	-2.33189	-1.96169
0.031184	-3.84042	-1.65354
0.00712938	-5.77312	-1.14653
-0.0238883	-7.44425	-0.384762
-0.0567178	-7.87907	0.59718
-0.0847183	-6.72012	1.63617
-0.104858	-4.83353	2.522
-0.117143	-2.94849	3.15874
-0.121259	-0.987817	3.54666
-0.115589	1.36086	3.67588
-0.0991922	3.93525	3.49529
-0.0737947	6.0954	2.97522
-0.0413453	7.78786	2.1704
-0.0136856	6.63832	1.1426
0.0177798	7.55171	0.266729
0.0467637	6.95614	-0.729347
0.0663042	4.68972	-1.64657
0.0758784	2.29781	-2.2646
0.0767746	0.215073	-2.56698
0.0704763	-1.51159	-2.59457
0.0583097	-2.91998	-2.39442
0.044629	-3.28337	-2.00858
0.031294	-3.20041	-1.57493
0.0178819	-3.2189	-1.15235
0.00376872	-3.38715	-0.727458
-0.0101689	-3.34502	-0.280503
-0.0222346	-2.89578	0.16076
-0.0319029	-2.32039	0.542639
-0.0402071	-1.99301	0.848515
-0.0470957	-1.65327	1.11112
-0.0514267	-1.03942	1.32884
-0.0523028	-0.210279	1.46553
-0.0490339	0.784541	1.49282
-0.0413435	1.84571	1.3889
-0.0285263	3.07611	1.14506
-0.0102866	4.37754	0.739003
0.0141228	5.85824	0.161426
0.0424401	6.79615	-0.611267
0.0689517	6.36279	-1.50743
0.0908215	5.24876	-2.34616
0.107348	3.96639	-3.03771
0.117977	2.55101	-3.55992
0.117666	-0.0747627	-3.8953
0.109476	-1.96548	-3.88427
0.0923597	-4.10799	-3.62387
0.0676648	-5.92679	-3.08097
0.0367707	-7.41458	-2.29835
0.00236763	-8.25673	-1.31975
-0.0348925	-8.94243	-0.230363
-0.0695471	-8.31711	0.949127
-0.0928587	-5.59478	2.04579
-0.103291	-2.50369	2.78307
-0.102385	0.217374	3.11245
-0.0919071	2.5147	3.08284
-0.0738002	4.34567	2.75025
-0.0614606	2.96151	2.17627
-0.0469517	3.48213	1.78502
-0.0312052	3.77916	1.32523
-0.013791	4.17941	0.826393
0.00483137	4.46937	0.274921
0.0220302	4.12771	-0.314627
0.035378	3.20349	-0.858936
0.0437119	2.00014	-1.28118
0.0491656	1.30887	-1.5446
0.0529498	0.908219	-1.71676
0.0547965	0.443203	-1.83603
0.0539933	-0.192773	-1.89393
0.049726	-1.02416	-1.86793
0.0417641	-1.91086	-1.73229
0.0285309	-3.17596	-1.47974
0.00793566	-4.94285	-1.06042
-0.0198271	-6.66306	-0.408179
-0.0501579	-7.2794	0.470739
-0.0770536	-6.45496	1.43068
-0.0968669	-4.75519	2.2816
-0.108977	-2.90647	2.90807
-0.113309	-1.03966	3.29053
-0.108839	1.07292	3.42666
-0.0941854	3.51678	3.28413
-0.0697725	5.85909	2.81931
-0.0373398	7.78383	2.0457
0.00138903	9.29493	1.01848
0.0371943	8.59327	-0.20774
0.0684449	7.50014	-1.34104
0.0883154	4.76893	-2.32983
0.0973543	2.16933	-2.9581
0.0966771	-0.162516	-3.24332
0.0876654	-2.16281	-3.22091
0.0718958	-3.78472	-2.93469
0.052528	-4.64826	-2.43463
0.0317133	-4.99554	-1.82084
0.0118841	-4.759	-1.16142
-0.00767516	-4.69422	-0.533403
-0.0253641	-4.24535	0.085883
-0.0382112	-3.08331	0.645779
-0.0440585	-1.40335	1.05225
-0.0438954	0.0391621	1.23702
-0.0416804	0.531589	1.23148
-0.0379246	0.901401	1.161
-0.0318733	1.45231	1.04177
-0.0227947	2.17885	0.849914
-0.0111434	2.79633	0.56229
0.0017211	3.08747	0.193313
0.0145469	3.07819	-0.213952
0.0265576	2.88256	-0.619871
0.0383773	2.83675	-0.999865
0.0483288	2.38835	-1.3737
0.0554057	1.69846	-1.68829
0.0591349	0.894993	-1.91179
0.0561995	-0.704481	-2.02925
0.0494821	-1.61218	-1.93573
0.0385857	-2.61514	-1.72251
0.0214023	-4.124	-1.37708
-0.00359952	-6.00044	-0.832744
-0.0344359	-7.40072	-0.0410903
-0.065151	-7.37164	0.935007
-0.0894032	-5.82053	1.90697
-0.10614	-4.01675	2.67407
-0.115259	-2.18865	3.20304
-0.116487	-0.29466	3.49074
-0.108363	1.94962	3.52855
-0.0897728	4.46174	3.27035
-0.0623053	6.59221	2.68091
-0.0339533	6.80446	1.81065
-0.000293067	8.07846	0.912663
0.0366934	8.87674	-0.153082
0.0687276	7.6882	-1.32379
0.0888859	4.83801	-2.33739
0.0984142	2.28679	-2.97477
0.0984782	0.0153488	-3.27548
0.0904965	-1.9156	-3.27651
0.0761637	-3.43989	-3.02288
0.0587969	-4.16803	-2.56827
0.040171	-4.4702	-2.01778
0.0222149	-4.30946	-1.42759
0.004048	-4.36006	-0.85878
-0.0140849	-4.3519	-0.283469
-0.0294765	-3.69399	0.290593
-0.0397147	-2.45717	0.777708
-0.0444975	-1.14788	1.10155
-0.0464674	-0.472763	1.25262
-0.0466926	-0.0540494	1.31459
-0.0447339	0.470096	1.32133
-0.0395619	1.24126	1.25893
-0.0315563	1.92136	1.09485
-0.0195675	2.87732	0.841109
-0.00446079	3.6256	0.461366
0.0124752	4.06465	-0.0169542
0.0307809	4.39336	-0.553036
0.0490042	4.37358	-1.13231
0.063806	3.55244	-1.7088
0.0747871	2.63547	-2.17682
0.0816373	1.64404	-2.52375
0.083994	0.56561	-2.73982
0.081525	-0.592572	-2.81359
0.0727431	-2.10764	-2.73459
0.0556021	-4.11384	-2.45579
0.0305952	-6.00166	-1.91247
-0.000902332	-7.5594	-1.12033
-0.0375297	-8.79056	-0.122979
-0.0719874	-8.26985	1.03645
-0.0981012	-6.26732	2.12685
-0.115709	-4.22588	2.95281
-0.123295	-1.82066	3.50927
-0.119588	0.8898	3.74834
-0.106007	3.25924	3.62986
-0.084271	5.21676	3.19891
-0.0581311	6.27355	2.5099
-0.0317589	6.32935	1.68173
-0.00361314	6.75497	0.846441
0.0234588	6.49725	-0.0447287
0.0451124	5.19688	-0.901639
0.0572814	2.92055	-1.58678
0.060826	0.850696	-1.9715
0.0574538	-0.809316	-2.0831
0.0487847	-2.08059	-1.97573
0.0389578	-2.35846	-1.70072
0.03056	-2.01547	-1.38915
0.0215344	-2.16614	-1.12291
0.0113019	-2.4558	-0.836878
0.00034596	-2.62943	-0.512727
-0.0100572	-2.49676	-0.165774
-0.0197849	-2.33464	0.163576
-0.030449	-2.5594	0.471446
-0.0414142	-2.63165	0.808866
-0.0502036	-2.10945	1.15571
-0.0548341	-1.11133	1.43358
-0.0548184	0.00378707	1.57973
-0.0497304	1.22112	1.57875
-0.0392649	2.51172	1.41723
-0.0231959	3.85655	1.08553
-0.000106272	5.54151	0.576562
0.0291769	7.02796	-0.154482
0.0592804	7.22484	-1.08135
0.0846109	6.07932	-2.03391
0.101136	3.96606	-2.8351
0.112119	2.63599	-3.35733
0.117024	1.17719	-3.70398
0.114149	-0.690048	-3.85812
0.101623	-3.00628	-3.76595
0.080645	-5.03475	-3.36831
0.0525488	-6.74309	-2.70326
0.0189945	-8.05302	-1.81309
-0.0173767	-8.72908	-0.75043
-0.0546655	-8.94933	0.401079
-0.0839622	-7.03121	1.58129
-0.100314	-3.92441	2.50816
-0.104893	-1.09909	3.025
-0.0992439	1.35589	3.16905
-0.085466	3.30669	2.98926
-0.0729447	3.00512	2.55224
-0.0573938	3.7322	2.15513
-0.0407214	4.00138	1.66224
-0.0226716	4.33196	1.134
-0.0027382	4.78401	0.562313
0.0170178	4.74145	-0.0688199
0.03372	4.00851	-0.694149
0.0448333	2.6672	-1.22262
0.0515009	1.60022	-1.57403
0.0570701	1.33663	-1.78461
0.0612856	1.0117	-1.96036
0.0630512	0.423749	-2.0932
0.0617389	-0.314942	-2.14846
0.0571296	-1.10625	-2.10627
0.0485653	-2.05542	-1.95973
0.0325172	-3.85154	-1.68805
0.0089587	-5.65405	-1.17956
-0.0213652	-7.27773	-0.433486
-0.0538053	-7.78563	0.526509
-0.082089	-6.7881	1.5532
-0.102825	-4.97655	2.44802
-0.115466	-3.03392	3.10364
-0.120114	-1.11543	3.50285
-0.115584	1.0871	3.64891
-0.10052	3.61548	3.50443
-0.075913	5.90557	3.02653
-0.0435274	7.77254	2.24673
-0.0121181	7.53823	1.22093
0.023387	8.52122	0.226347
0.0560954	7.85003	-0.897585
0.0776696	5.17781	-1.93265
0.0884928	2.59757	-2.61497
0.0897351	0.29815	-2.95678
0.0827912	-1.66655	-2.99521
0.0692833	-3.2419	-2.7745
0.0523912	-4.0541	-2.34609
0.0347766	-4.2275	-1.81069
0.01745	-4.15838	-1.25257
-2.90528e-05	-4.19498	-0.703742
-0.0169803	-4.06829	-0.150251
-0.0306929	-3.29103	0.386365
-0.0391787	-2.0366	0.820306
-0.0430624	-0.932092	1.08867
-0.0449276	-0.447635	1.21128
-0.0449444	-0.0040309	1.26995
-0.042473	0.593123	1.2701
-0.0365866	1.41275	1.1915
-0.0270452	2.28994	1.00481
-0.0134841	3.25465	0.70249
0.0031333	3.98818	0.273022
0.0216408	4.4418	-0.253062
0.0412727	4.71164	-0.838815
0.0591724	4.29593	-1.45998
0.0734599	3.429	-2.02613
0.0836793	2.45264	-2.47777
0.0864513	0.665286	-2.8005
0.0846513	-0.431995	-2.8874
0.077169	-1.79575	-2.82956
0.0623298	-3.56142	-2.59186
0.0394031	-5.5024	-2.12136
0.00973535	-7.12026	-1.39501
-0.0252459	-8.39551	-0.455491
-0.0603388	-8.42229	0.651933
-0.0886572	-6.79642	1.76256
-0.107952	-4.63068	2.65841
-0.116997	-2.1708	3.26835
-0.114435	0.614777	3.55367
-0.100924	3.24271	3.47152
-0.0782806	5.43438	3.04279
-0.0554202	5.48649	2.32514
-0.0279291	6.59786	1.60082
0.00209039	7.20468	0.730145
0.0306647	6.85784	-0.220302
0.0529002	5.33651	-1.12472
0.0649986	2.90362	-1.82821
0.068195	0.767127	-2.21062
0.0641553	-0.969513	-2.31113
0.0545569	-2.30362	-2.18256
0.0431695	-2.73298	-1.87808
0.0323627	-2.59364	-1.51705
0.0209643	-2.73561	-1.17452
0.00792943	-3.12838	-0.813364
-0.00611168	-3.36987	-0.400514
-0.0193443	-3.17584	0.0440621
-0.0306104	-2.70386	0.462913
-0.0410303	-2.50077	0.819388
-0.0500738	-2.17043	1.14897
-0.0560819	-1.44196	1.43489
-0.0583161	-0.536213	1.62464
-0.0563511	0.471602	1.69487
-0.0497251	1.59024	1.63216
-0.0379472	2.82669	1.42193
-0.0207585	4.12528	1.04869
0.00297952	5.69714	0.504294
0.0320948	6.98766	-0.247254
0.0613928	7.03154	-1.16878
0.086012	5.90859	-2.09582
0.101409	3.69537	-2.87447
0.111416	2.40162	-3.36099
0.115413	0.959252	-3.67672
0.112354	-0.734084	-3.80213
0.100195	-2.91832	-3.70416
0.0795741	-4.94894	-3.31815
0.0520156	-6.61404	-2.66443
0.020095	-7.66094	-1.7913
-0.0154458	-8.52979	-0.780352
-0.0519359	-8.75763	0.344882
-0.080801	-6.92761	1.49983
-0.0965033	-3.76855	2.41306
-0.0995607	-0.733771	2.90937
-0.0917852	1.86612	3.00527
-0.078247	3.24916	2.75824
-0.0622676	3.83506	2.32888
-0.0427247	4.69029	1.82238
-0.0221491	4.93815	1.20322
-0.000331225	5.23629	0.551567
0.0207436	5.05795	-0.139214
0.0375144	4.02501	-0.806266
0.0470301	2.28377	-1.33688
0.0495058	0.594167	-1.63768
0.0473886	-0.508139	-1.71556
0.0439308	-0.829864	-1.64802
0.039885	-0.970997	-1.53807
0.0339708	-1.4194	-1.40954
0.0255573	-2.01925	-1.22191
0.0141249	-2.74378	-0.955222
-0.000546628	-3.52116	-0.593054
-0.0180813	-4.20833	-0.128465
-0.038083	-4.8004	0.426614
-0.0574608	-4.65067	1.05961
-0.072367	-3.5775	1.67267
-0.082392	-2.40599	2.14401
-0.0869631	-1.09708	2.46069
-0.0854722	0.357838	2.60464
-0.0779526	1.80469	2.55667
-0.0640682	3.33225	2.31788
-0.0419844	5.30013	1.87769
-0.0109517	7.44784	1.17809
0.0185619	7.08328	0.195436
0.048853	7.26984	-0.738837
0.0746212	6.18438	-1.69743
0.0939733	4.6445	-2.51258
0.105692	2.81243	-3.12439
0.107996	0.553026	-3.49437
0.100351	-1.83487	-3.56626
0.0840027	-3.92352	-3.32318
0.0615765	-5.38229	-2.8047
0.0341968	-6.57113	-2.09398
0.00270134	-7.5589	-1.22668
-0.0306169	-7.99639	-0.229365
-0.0584244	-6.67378	0.825352
-0.0744069	-3.83581	1.70531
-0.078955	-1.09154	2.2107
-0.0736227	1.27973	2.354
-0.060062	3.25459	2.18451
-0.041092	4.55278	1.75461
-0.020734	4.88594	1.15361
-0.000267612	4.91192	0.508856
0.0180591	4.39842	-0.139132
0.0316324	3.25757	-0.719198
0.0381657	1.568	-1.14862
0.0372935	-0.209323	-1.35508
0.0306267	-1.60004	-1.32706
0.021201	-2.26217	-1.11563
0.012542	-2.07816	-0.816936
0.00520492	-1.76089	-0.542598
-0.000507168	-1.3709	-0.310188
-0.0041149	-0.865855	-0.129283
-0.00576511	-0.396051	-0.0150428
-0.0140575	-1.99018	0.0372
-0.0232428	-2.20447	0.299677
-0.0327495	-2.28161	0.590337
-0.0412642	-2.04353	0.891084
-0.0464582	-1.24655	1.16034
-0.0472153	-0.181714	1.3244
-0.0430185	1.00724	1.34797
-0.0337145	2.23296	1.21472
-0.0186192	3.62286	0.91985
0.00225159	5.009	0.441753
0.0280044	6.18067	-0.219018
0.0505481	5.41048	-1.03412
0.0681851	4.23288	-1.7474
0.0808009	3.0278	-2.30515
0.0883377	1.80883	-2.70379
0.0901939	0.445479	-2.94154
0.0844549	-1.37735	-2.9994
0.0696151	-3.56155	-2.81684
0.046871	-5.45858	-2.34626
0.0174361	-7.06436	-1.62561
-0.017134	-8.29683	-0.6934
-0.0534807	-8.7232	0.401083
-0.084301	-7.39688	1.55147
-0.104306	-4.80119	2.52658
-0.111921	-1.82772	3.15905
-0.108023	0.935542	3.39916
-0.0942453	3.30674	3.27474
-0.072498	5.21934	2.83763
-0.045007	6.59785	2.1484
-0.0156133	7.05448	1.27756
0.0132223	6.92054	0.346757
0.0380732	5.96423	-0.566099
0.0548667	4.03044	-1.35255
0.0622678	1.77626	-1.88372
0.061734	-0.128106	-2.11742
0.0549822	-1.62044	-2.09989
0.0453895	-2.30225	-1.88553
0.0361181	-2.22514	-1.58132
0.0267524	-2.24776	-1.28737
0.0166166	-2.4326	-0.990518
0.00495779	-2.79811	-0.669381
-0.00613292	-2.66177	-0.300134
-0.0165719	-2.50536	0.051021
-0.0271987	-2.55044	0.38144
-0.042808	-3.74621	0.717706
-0.0564804	-3.28138	1.21158
-0.065778	-2.23144	1.644
-0.0701071	-1.03899	1.93781
-0.0689892	0.268312	2.07426
-0.0627343	1.50117	2.03825
-0.0520474	2.56486	1.83965
-0.0365594	3.71712	1.50081
-0.0150326	5.16641	1.01011
0.0127773	6.6744	0.328408
0.0426063	7.15896	-0.551978
0.0694253	6.43656	-1.49601
0.0907074	5.10769	-2.34447
0.105894	3.64477	-3.01742
0.114347	2.0287	-3.49722
0.113959	-0.0931683	-3.76373
0.103396	-2.53496	-3.75031
0.0838873	-4.68215	-3.41484
0.0572144	-6.40151	-2.79628
0.0254421	-7.62534	-1.95113
-0.010568	-8.64243	-0.944836
-0.0487861	-9.17234	0.195303
-0.0797275	-7.42594	1.40499
-0.0967348	-4.08174	2.38398
-0.101608	-1.16963	2.9216
-0.0959598	1.35561	3.07498
-0.0813268	3.51192	2.89527
-0.0598364	5.15769	2.43121
-0.0355197	5.83602	1.75023
-0.011436	5.78007	0.979984
0.012329	5.70361	0.217354
0.0322328	4.77691	-0.534961
0.0450884	3.08535	-1.16483
0.0494445	1.04547	-1.5714
0.0467602	-0.644246	-1.70882
0.0390248	-1.8565	-1.62333
0.0303137	-2.09066	-1.37799
0.0220907	-1.97352	-1.10183
0.0142326	-1.88594	-0.841209
0.00639394	-1.88127	-0.592217
-0.00109385	-1.79707	-0.343914
-0.00772988	-1.59265	-0.106792
-0.0130672	-1.28095	0.103298
-0.0191513	-1.46019	0.272214
-0.0306302	-2.75493	0.46472
-0.0418246	-2.68666	0.827931
-0.0498039	-1.91503	1.18203
-0.0536635	-0.926303	1.43425
-0.052021	0.394208	1.55599
-0.0442776	1.85841	1.50353
-0.0319235	2.96499	1.25797
-0.0145906	4.15989	0.866541
0.00807875	5.44064	0.317632
0.0333813	6.07262	-0.400031
0.0568507	5.63266	-1.20083
0.0755041	4.47681	-1.94336
0.0888619	3.20588	-2.53322
0.0957984	1.66475	-2.95528
0.096122	0.0776718	-3.17395
0.0879585	-1.95926	-3.18324
0.0707277	-4.13539	-2.92387
0.0459034	-5.95782	-2.37757
0.0153928	-7.32255	-1.59107
-0.0192607	-8.31685	-0.624818
-0.0545856	-8.47798	0.472283
-0.0834473	-6.9268	1.59031
-0.100685	-4.13698	2.5034
-0.105125	-1.06573	3.04828
-0.0984725	1.59666	3.18792
-0.0827348	3.77704	2.97638
-0.059784	5.5082	2.47733
-0.0321171	6.64004	1.7501
-0.00657069	6.13115	0.87382
0.0165766	5.55536	0.0649181
0.0349485	4.40924	-0.667799
0.0454503	2.52044	-1.24913
0.0475658	0.507698	-1.58118
0.0428918	-1.12174	-1.64766
0.033304	-2.30107	-1.49922
0.0227214	-2.53984	-1.19527
0.0133359	-2.25251	-0.859932
0.00573547	-1.8241	-0.562587
0.000745549	-1.19758	-0.321833
-0.00255411	-0.791917	-0.163784
-0.0042347	-0.403342	-0.0592857
-0.01208	-1.88288	-0.00606794
-0.0220006	-2.38094	0.242271
-0.0328298	-2.599	0.556223
-0.0407447	-1.89957	0.89884
-0.0446443	-0.9359	1.14911
-0.0438904	0.18093	1.2722
-0.0383703	1.32481	1.24795
-0.0279053	2.5116	1.07285
-0.0121807	3.77392	0.741273
0.00871551	5.01508	0.243307
0.0299276	5.0909	-0.418206
0.0490548	4.59052	-1.08952
0.0630696	3.36357	-1.69463
0.0718959	2.11831	-2.13774
0.0757002	0.913034	-2.41648
0.0750676	-0.151827	-2.53617
0.0681853	-1.65175	-2.51538
0.0528088	-3.69037	-2.29678
0.029588	-5.57299	-1.80936
-5.47085e-05	-7.11425	-1.07379
-0.0333012	-7.97917	-0.135162
-0.0653541	-7.69269	0.917255
-0.0902067	-5.96463	1.93157
-0.106418	-3.89082	2.71767
-0.112245	-1.39848	3.23001
-0.105681	1.57553	3.41348
-0.0893276	3.92475	3.20466
-0.0650205	5.83371	2.68606
-0.0405156	5.88117	1.91584
-0.0151856	6.07919	1.13959
0.0121719	6.5658	0.337463
0.0359366	5.70354	-0.528604
0.0520077	3.85705	-1.28068
0.0587238	1.61188	-1.789
0.057548	-0.282194	-2.00106
0.0500707	-1.79455	-1.96323
0.0386348	-2.74463	-1.72596
0.0265496	-2.90043	-1.36345
0.0146569	-2.85426	-0.980494
0.00182866	-3.07877	-0.603747
-0.0104259	-2.94109	-0.197502
-0.018925	-2.03979	0.190461
-0.0242433	-1.2764	0.459434
-0.0275992	-0.805414	0.627643
-0.0312956	-0.887119	0.733683
-0.0342753	-0.715139	0.850466
-0.0348616	-0.140709	0.944532
-0.0318835	0.714739	0.962809
-0.0247453	1.71318	0.868254
-0.0134643	2.70742	0.642042
0.00118576	3.51602	0.284766
0.0189152	4.25507	-0.179048
0.0390973	4.84369	-0.740196
0.0578262	4.49493	-1.37881
0.0737869	3.83058	-1.97123
0.0851896	2.73664	-2.47585
0.0916796	1.5576	-2.83604
0.0871885	-1.07786	-3.04061
0.0758187	-2.72876	-2.89754
0.0558333	-4.79649	-2.53677
0.0284226	-6.57857	-1.90339
-0.00466701	-7.94151	-1.03517
-0.0418848	-8.93226	0.0125556
-0.0761736	-8.22933	1.19063
-0.101268	-6.02254	2.27564
-0.115628	-3.44647	3.06927
-0.118247	-0.628577	3.5229
-0.110066	1.96341	3.60475
-0.0927182	4.1635	3.34471
-0.0680607	5.91779	2.79458
-0.0390277	6.96791	2.01324
-0.0170314	5.27912	1.09363
0.00530377	5.36044	0.397036
0.0252007	4.77527	-0.310073
0.039281	3.37926	-0.939791
0.0450797	1.3917	-1.3852
0.0438325	-0.299327	-1.56833
0.0380966	-1.37663	-1.52838
0.0325452	-1.33232	-1.34635
0.0269709	-1.33784	-1.17023
0.0201172	-1.6449	-0.993427
0.0112117	-2.13732	-0.776179
0.00131728	-2.37466	-0.494051
-0.00868577	-2.40073	-0.180706
-0.0192101	-2.52584	0.135985
-0.0318387	-3.03086	0.46908
-0.0441199	-2.94748	0.868682
-0.0529651	-2.12285	1.25717
-0.0572028	-1.01705	1.53677
-0.0565676	0.152439	1.67045
-0.0507674	1.39207	1.64985
-0.0392814	2.75663	1.46575
-0.0212573	4.3258	1.10174
0.00502072	6.30672	0.530875
0.0333928	6.80931	-0.301079
0.0611039	6.65065	-1.19907
0.0838738	5.46478	-2.07586
0.101388	4.20352	-2.79599
0.113196	2.83383	-3.34955
0.117363	1.00014	-3.72229
0.11197	-1.29443	-3.85307
0.0972906	-3.52303	-3.68119
0.0746963	-5.42264	-3.21542
0.0455239	-7.00137	-2.49926
0.0112518	-8.2253	-1.57509
-0.0250804	-8.71972	-0.489777
-0.0595711	-8.27776	0.660419
-0.0831513	-5.65927	1.75198
-0.0946818	-2.76731	2.49785
-0.0956089	-0.222498	2.86208
-0.0874231	1.96458	2.89057
-0.0717819	3.7539	2.63059
-0.0580259	3.30144	2.13469
-0.0427923	3.65607	1.69862
-0.0264561	3.92068	1.21591
-0.00823941	4.372	0.698448
0.0105236	4.50312	0.121613
0.0269869	3.95119	-0.472341
0.0387645	2.82662	-0.993322
0.0443907	1.3503	-1.36582
0.0475765	0.764602	-1.5435
0.0503825	0.673439	-1.64388
0.0512345	0.204459	-1.73221
0.0495857	-0.395691	-1.75865
0.0449495	-1.1127	-1.70593
0.0360094	-2.14562	-1.55866
0.0217596	-3.41996	-1.27521
0.00143927	-4.87688	-0.823759
-0.0251646	-6.38493	-0.180296
-0.053385	-6.77289	0.661871
-0.0775611	-5.80226	1.55495
-0.0952193	-4.23797	2.31974
-0.105912	-2.5662	2.87799
-0.109304	-0.814067	3.21559
-0.10553	0.905715	3.32199
-0.093459	2.89701	3.20153
-0.0716597	5.23185	2.81848
-0.0410054	7.35702	2.1276
-0.0032464	9.06216	1.15664
0.0334548	8.8083	-0.0389179
0.0682973	8.36219	-1.20063
0.0940439	6.1792	-2.30316
0.109034	3.59769	-3.11744
0.113262	1.01469	-3.591
0.10811	-1.23645	-3.72374
0.0949925	-3.14827	-3.55955
0.0762417	-4.5002	-3.14324
0.0534733	-5.46442	-2.54876
0.0298951	-5.65876	-1.82729
0.00736421	-5.40741	-1.0804
-0.0146635	-5.28664	-0.366887
-0.0333571	-4.48646	0.330483
-0.0455891	-2.93569	0.922106
-0.0493291	-0.897596	1.30902
-0.0476368	0.406162	1.42701
-0.0442658	0.809037	1.37301
-0.0394904	1.14608	1.2659
-0.0324638	1.68639	1.11436
-0.022537	2.38242	0.89161
-0.0099223	3.02753	0.577123
0.00390734	3.31912	0.177648
0.0164302	3.00548	-0.260165
0.0285502	2.90881	-0.656479
0.0409143	2.96738	-1.03993
0.0497655	2.12429	-1.43098
0.0553307	1.33564	-1.71072
0.05736	0.487045	-1.88636
0.0555429	-0.436102	-1.95003
0.0495952	-1.42745	-1.89192
0.0383378	-2.70177	-1.70309
0.0200775	-4.38247	-1.34623
-0.0058522	-6.22314	-0.76782
-0.0368975	-7.45088	0.0531846
-0.0673337	-7.30469	1.03587
-0.090057	-5.45359	1.99897
-0.105602	-3.73092	2.71765
-0.113551	-1.90758	3.2089
-0.113779	-0.0548102	3.45953
-0.104397	2.25172	3.46571
-0.0847248	4.72131	3.16769
-0.0564268	6.79151	2.54404
-0.021241	8.44461	1.64754
0.0119751	7.97184	0.533284
0.0459381	8.15114	-0.518284
0.0725333	6.38283	-1.59318
0.0877598	3.65437	-2.43453
0.0927828	1.20551	-2.91577
0.0888698	-0.939123	-3.07389
0.0783078	-2.53487	-2.9491
0.0627837	-3.72578	-2.61389
0.0440494	-4.49625	-2.1217
0.0252015	-4.5235	-1.52805
0.00734132	-4.28643	-0.930982
-0.0101969	-4.20918	-0.36536
-0.0247436	-3.49121	0.189902
-0.0339885	-2.21876	0.650304
-0.0371142	-0.750184	0.942743
-0.0364599	0.157043	1.0414
-0.0340642	0.574954	1.02038
-0.0324398	0.389858	0.944243
-0.0279138	1.08624	0.892543
-0.0204168	1.79928	0.749011
-0.0107049	2.33086	0.511479
0.000857357	2.77494	0.203907
0.0132562	2.97572	-0.162142
0.0270849	3.31889	-0.554561
0.0407157	3.2714	-0.992122
0.051239	2.52559	-1.42329
0.058141	1.65646	-1.75596
0.0611379	0.719273	-1.9739
0.0599709	-0.280086	-2.06817
0.0539775	-1.43841	-2.03061
0.0418081	-2.92065	-1.84028
0.0215885	-4.85272	-1.45452
-0.00638111	-6.7127	-0.814052
-0.0396497	-7.98446	0.0715343
-0.0719401	-7.7497	1.12459
-0.0968814	-5.9859	2.14636
-0.113798	-4.05995	2.9352
-0.122619	-2.11717	3.46978
-0.121907	0.170937	3.74797
-0.110474	2.74383	3.72429
-0.089752	4.9734	3.36129
-0.0613135	6.82524	2.70433
-0.032775	6.84924	1.80334
-0.00037962	7.77488	0.899446
0.0329956	8.01006	-0.126256
0.0594817	6.35665	-1.18267
0.0751577	3.76224	-2.02069
0.0811673	1.4423	-2.51628
0.0789331	-0.536215	-2.70575
0.070158	-2.10601	-2.63421
0.0575398	-3.02838	-2.35565
0.0441305	-3.21821	-1.95553
0.0313986	-3.05567	-1.53049
0.018217	-3.16358	-1.12701
0.00403362	-3.404	-0.709421
-0.00989476	-3.34281	-0.26025
-0.021637	-2.81813	0.180716
-0.0308561	-2.21259	0.552348
-0.0390926	-1.97675	0.844003
-0.0455768	-1.55621	1.10447
-0.048933	-0.8055	1.30938
-0.0483042	0.150918	1.41523
-0.0433184	1.19659	1.3949
-0.0336934	2.31	1.23666
-0.0190682	3.51005	0.931625
0.000410299	4.67484	0.468403
0.0239873	5.65848	-0.148304
0.0495508	6.13525	-0.894557
0.0719164	5.36773	-1.70347
0.0898781	4.31081	-2.4109
0.0993757	2.27943	-2.97873
0.103786	1.0585	-3.27846
0.102404	-0.331721	-3.41708
0.0940846	-1.99666	-3.3723
0.076846	-4.13725	-3.10794
0.0513999	-6.10708	-2.56134
0.0200089	-7.53382	-1.7551
-0.0160016	-8.64252	-0.760933
-0.0538323	-9.07938	0.379163
-0.0860163	-7.72416	1.57653
-0.107866	-5.24382	2.5948
-0.118122	-2.46161	3.28563
-0.116898	0.293856	3.6093
-0.105701	2.68733	3.56946
-0.0932066	2.99857	3.21395
-0.0758588	4.16347	2.8175
-0.054971	5.01307	2.26753
-0.032778	5.32634	1.60567
-0.00982075	5.50973	0.902697
0.0139672	5.70911	0.175745
0.0347767	4.99428	-0.577283
0.049168	3.45391	-1.2358
0.0560454	1.65059	-1.69097
0.0585043	0.590118	-1.90815
0.0595121	0.241871	-1.98541
0.0594712	-0.00981278	-2.01671
0.057675	-0.431092	-2.01481
0.0532516	-1.0616	-1.95734
0.0461181	-1.71204	-1.81674
0.0357522	-2.48781	-1.59039
0.0202602	-3.71809	-1.26179
-0.00261941	-5.4911	-0.771027
-0.0310787	-6.83023	-0.0465699
-0.0597763	-6.88742	0.854287
-0.0828185	-5.53012	1.76241
-0.0989124	-3.86255	2.49125
-0.107602	-2.08547	2.99994
-0.108888	-0.308738	3.27409
-0.101996	1.65408	3.31382
-0.0853997	3.98318	3.09467
-0.0593853	6.24344	2.56839
-0.0257713	8.06737	1.74417
0.00418431	7.18935	0.679637
0.0369012	7.85204	-0.268772
0.0660767	7.00213	-1.3043
0.0852093	4.59182	-2.22742
0.0934613	1.9805	-2.83236
0.0920754	-0.332631	-3.09271
0.0823443	-2.33545	-3.04791
0.0658893	-3.9492	-2.73897
0.0442787	-5.18655	-2.21728
0.0216929	-5.4206	-1.53255
-0.00028365	-5.27437	-0.817164
-0.0208421	-4.93402	-0.121277
-0.0368557	-3.84326	0.52951
-0.0457166	-2.12664	1.03624
-0.0461081	-0.0939508	1.31641
-0.0408294	1.26689	1.32841
-0.0336166	1.73106	1.16092
-0.0255774	1.92942	0.932264
-0.0165366	2.16979	0.677512
-0.00693969	2.30326	0.391134
0.00210742	2.17131	0.0872398
0.009306	1.72766	-0.199161
0.0148057	1.31993	-0.426962
0.0188778	0.977309	-0.600919
0.0233613	1.07603	-0.729636
0.0280743	1.13112	-0.871333
0.031172	0.743456	-1.02025
0.0314487	0.0663992	-1.118
0.0284875	-0.710668	-1.12642
0.0215	-1.67702	-1.03235
0.00947491	-2.88601	-0.810856
-0.00890337	-4.41079	-0.429972
-0.0319918	-5.54123	0.1519
-0.0559796	-5.75705	0.882691
-0.075089	-4.58627	1.64172
-0.0879181	-3.07897	2.24612
-0.0944237	-1.56136	2.65153
-0.095004	-0.139273	2.85666
-0.0897927	1.25073	2.87417
-0.07775	2.89024	2.70834
-0.0580982	4.71645	2.32633
-0.0317774	6.31698	1.70358
0.00024348	7.68501	0.86992
0.0365276	8.70818	-0.14392
0.0711189	8.30192	-1.2924
0.0984968	6.57069	-2.38695
0.116045	4.21149	-3.25284
0.123212	1.7201	-3.80731
0.124487	0.305969	-4.03303
0.117303	-1.72401	-4.07216
0.102799	-3.4811	-3.84356
0.0823689	-4.90315	-3.38327
0.0574404	-5.98284	-2.73557
0.0312313	-6.29017	-1.94567
0.00607741	-6.03694	-1.11547
-0.0192355	-6.07509	-0.318916
-0.0414092	-5.32169	0.482427
-0.0567616	-3.68459	1.18416
-0.0635037	-1.61809	1.66977
-0.063063	0.10577	1.88268
-0.058836	1.01448	1.86816
-0.0527873	1.45168	1.7338
-0.0448441	1.90638	1.54182
-0.0340123	2.59963	1.28992
-0.0199405	3.37722	0.94667
-0.00269751	4.13833	0.500963
0.0152884	4.31662	-0.0449931
0.031176	3.81301	-0.614299
0.0433269	2.91622	-1.11701
0.0525173	2.20571	-1.5013
0.0594193	1.65648	-1.79176
0.0621686	0.659836	-2.00969
0.0579179	-1.02019	-2.09611
0.0497216	-1.9671	-1.96092
0.0375048	-2.93204	-1.70089
0.0203299	-4.12198	-1.31367
-0.00162026	-5.26803	-0.76962
-0.0289191	-6.55173	-0.074584
-0.0575247	-6.86534	0.78955
-0.0822542	-5.93507	1.69478
-0.101456	-4.60832	2.47705
-0.114812	-3.20553	3.0841
-0.121592	-1.6273	3.50595
-0.121461	0.0314634	3.71952
-0.11363	1.87944	3.71425
-0.101581	2.89179	3.46525
-0.0829414	4.47352	3.08281
-0.057736	6.0493	2.49187
-0.02667	7.45585	1.69327
0.00956181	8.69562	0.70941
0.0487083	9.39515	-0.437671
0.0827516	8.17041	-1.67667
0.105514	5.46287	-2.75376
0.1178	2.94876	-3.47343
0.120927	0.750408	-3.86129
0.116111	-1.15582	-3.9591
0.104536	-2.77806	-3.80546
0.087603	-4.06386	-3.43791
0.0675301	-4.81748	-2.90089
0.0475168	-4.8032	-2.26464
0.028621	-4.53499	-1.63046
0.00904306	-4.6987	-1.03184
-0.0117943	-5.00097	-0.411816
-0.031072	-4.62664	0.247889
-0.0458252	-3.54078	0.858026
-0.054927	-2.18441	1.32476
-0.0611427	-1.49177	1.61247
-0.0648451	-0.888577	1.80873
-0.0655	-0.157169	1.92539
-0.0624125	0.740987	1.94554
-0.0552843	1.71077	1.84722
-0.0439378	2.72316	1.62104
-0.0281051	3.79985	1.26139
-0.00712316	5.03567	0.759847
0.0204087	6.60765	0.0954631
0.0502975	7.17331	-0.776049
0.0767321	6.34432	-1.7219
0.0979244	5.08615	-2.55814
0.113598	3.76161	-3.22818
0.123559	2.39078	-3.72332
0.127317	0.901713	-4.03752
0.122986	-1.03923	-4.15523
0.109323	-3.27933	-4.01691
0.0875252	-5.23137	-3.58319
0.0590241	-6.84028	-2.89214
0.0252536	-8.10491	-1.9891
-0.0123686	-9.02933	-0.91954
-0.0519127	-9.49059	0.271619
-0.0847752	-7.887	1.52325
-0.105077	-4.87249	2.56301
-0.113329	-1.98043	3.20488
-0.111134	0.526731	3.46511
-0.100078	2.65364	3.3946
-0.081924	4.35684	3.04359
-0.0597562	5.32027	2.46805
-0.0369195	5.48081	1.76561
-0.0142458	5.44169	1.04221
0.00493877	4.6043	0.324194
0.0223653	4.18237	-0.283166
0.0352941	3.10292	-0.834694
0.0417492	1.54922	-1.24369
0.0427637	0.243478	-1.44764
0.0424262	-0.0810011	-1.47931
0.0425872	0.0386342	-1.46818
0.042096	-0.117893	-1.47284
0.0399556	-0.513696	-1.45684
0.0330458	-1.65834	-1.38865
0.0228445	-2.44831	-1.16952
0.00808881	-3.54137	-0.846252
-0.0108906	-4.55505	-0.378923
-0.0333778	-5.39694	0.22196
-0.0553193	-5.26596	0.933699
-0.0719965	-4.00252	1.62795
-0.0837361	-2.81752	2.15535
-0.0902095	-1.55362	2.52631
-0.0914612	-0.30039	2.73045
-0.0875426	0.940451	2.76925
-0.0776887	2.36494	2.64438
-0.0603977	4.14984	2.33167
-0.0358012	5.90316	1.78365
-0.00515025	7.35622	1.00454
0.0306024	8.58063	0.0340254
0.0655647	8.39095	-1.09769
0.0932381	6.64162	-2.20404
0.11196	4.49322	-3.07934
0.1198	1.8817	-3.67102
0.117352	-0.5877	-3.91809
0.105977	-2.72983	-3.8394
0.0870713	-4.53743	-3.4782
0.0621304	-5.98581	-2.87871
0.032702	-7.06283	-2.08837
0.00174279	-7.4302	-1.15622
-0.0276265	-7.04863	-0.175896
-0.0512837	-5.67774	0.753805
-0.0648912	-3.26579	1.50242
-0.0676302	-0.657353	1.93269
-0.0616931	1.42489	2.01881
-0.0493782	2.95559	1.83027
-0.0347047	3.52165	1.43991
-0.0190522	3.75661	0.975006
-0.00208608	4.07186	0.479253
0.0141811	3.90411	-0.0579293
0.0273076	3.15036	-0.572826
0.0351395	1.87966	-0.988155
0.0363315	0.286082	-1.23577
0.0322373	-0.982619	-1.27313
0.0263256	-1.41881	-1.14314
0.0202125	-1.46713	-0.955671
0.0131203	-1.70214	-0.761882
0.00641183	-1.61003	-0.537155
-0.000569547	-1.67553	-0.324643
-0.0073827	-1.63516	-0.103557
-0.0133886	-1.44142	0.112138
-0.0191761	-1.38899	0.302216
-0.0288813	-2.32926	0.485322
-0.0387388	-2.36579	0.792385
-0.0461026	-1.7673	1.10417
-0.0488673	-0.66354	1.33693
-0.0468288	0.489244	1.42405
-0.0397011	1.71064	1.35909
-0.0271837	3.00417	1.13307
-0.00866376	4.44479	0.736505
0.0162344	5.97555	0.150059
0.0442833	6.73175	-0.638103
0.0662922	5.28212	-1.52576
0.0834699	4.12266	-2.22196
0.095584	2.90739	-2.76503
0.101591	1.44161	-3.14765
0.101909	0.0762772	-3.33684
0.0943009	-1.82584	-3.34589
0.0778878	-3.93913	-3.10407
0.0542746	-5.66718	-2.5836
0.0251258	-6.99571	-1.83537
-0.00869921	-8.118	-0.912151
-0.0455369	-8.84104	0.158811
-0.0781035	-7.81598	1.32481
-0.099985	-5.25158	2.35526
-0.109397	-2.25898	3.04719
-0.107468	0.463139	3.34421
-0.0960622	2.73733	3.28212
-0.0768509	4.61071	2.9201
-0.0517254	6.03012	2.31112
-0.0297969	5.26283	1.51511
-0.00749272	5.353	0.820533
0.0148139	5.3536	0.114277
0.0336671	4.52475	-0.591845
0.045933	2.94382	-1.18844
0.0506242	1.12589	-1.57634
0.0493984	-0.294201	-1.72436
0.0453327	-0.975752	-1.68504
0.0416655	-0.880142	-1.55584
0.0376576	-0.961881	-1.43928
0.0322011	-1.30956	-1.31199
0.0245205	-1.84336	-1.13887
0.0138881	-2.55176	-0.895407
0.000601156	-3.18888	-0.558583
-0.0165264	-4.11061	-0.13783
-0.037065	-4.92926	0.404363
-0.0572131	-4.83554	1.05436
-0.0726797	-3.71198	1.69181
-0.0830648	-2.49244	2.18087
-0.0880562	-1.19793	2.50895
-0.0872854	0.184994	2.66619
-0.0802937	1.67801	2.64099
-0.0653192	3.59387	2.41888
-0.0422278	5.54193	1.94416
-0.0187226	5.64126	1.21264
0.0103421	6.97552	0.468251
0.041552	7.49039	-0.451893
0.0697364	6.76424	-1.43967
0.0915114	5.22601	-2.33137
0.104232	3.05289	-3.01992
0.106434	0.528588	-3.42166
0.0991064	-1.75868	-3.49034
0.0853192	-3.30893	-3.25734
0.0648711	-4.90753	-2.81994
0.0387009	-6.28086	-2.17183
0.00847753	-7.2536	-1.34279
-0.0227528	-7.49529	-0.385701
-0.0485825	-6.19911	0.602972
-0.0645708	-3.8372	1.42039
-0.0698403	-1.26467	1.92606
-0.0659691	0.929073	2.09228
-0.0545151	2.74896	1.96911
-0.0380412	3.95374	1.60596
-0.0204553	4.22063	1.08402
-0.00264888	4.27353	0.527029
0.0135135	3.87896	-0.0367666
0.0255386	2.88604	-0.548353
0.0314403	1.4164	-0.928828
0.0301957	-0.298708	-1.11536
0.0230147	-1.72344	-1.07562
0.0126339	-2.49138	-0.847994
0.00365046	-2.15603	-0.519148
-0.00271521	-1.52776	-0.234629
-0.00555554	-0.681678	-0.0330587
-0.00515022	0.097277	0.0568608
-0.00213942	0.722592	0.0440165
0.00261432	1.1409	-0.0512993
0.00627401	0.878327	-0.201757
0.00477612	-0.359495	-0.317539
-0.0020822	-1.646	-0.27003
-0.0128801	-2.5915	-0.0528547
-0.025403	-3.0055	0.288957
-0.0368957	-2.75824	0.685269
-0.0444893	-1.82246	1.04885
-0.0456545	-0.279656	1.2889
-0.0390453	1.58621	1.3254
-0.0228083	3.89689	1.11579
0.00249206	6.07208	0.601497
0.0330546	7.33502	-0.199533
0.0630304	7.19419	-1.16689
0.0800586	4.08676	-2.11538
0.0911768	2.66837	-2.65375
0.094498	0.797082	-3.00488
0.0882316	-1.50394	-3.1091
0.0734918	-3.53754	-2.9098
0.0529428	-4.93176	-2.44236
0.0270047	-6.22516	-1.79117
-0.00304421	-7.21173	-0.969591
-0.035912	-7.88826	-0.0181397
-0.0634619	-6.612	1.02225
-0.0783225	-3.56652	1.894
-0.0819483	-0.870193	2.36382
-0.0760507	1.4154	2.47788
-0.0623298	3.29303	2.29046
-0.0426366	4.72636	1.85545
-0.0207393	5.25535	1.23153
-0.00460402	3.87248	0.538032
0.00993881	3.49028	0.027128
0.0207596	2.59699	-0.433214
0.0262124	1.30867	-0.775601
0.0255748	-0.153017	-0.947968
0.0194883	-1.46076	-0.927501
0.0111204	-2.00829	-0.73456
0.00491154	-1.49014	-0.469462
0.00137472	-0.848837	-0.272784
0.000739668	-0.152413	-0.160746
0.00399968	0.782404	-0.140596
0.00888354	1.17213	-0.243746
0.0133963	1.08306	-0.398265
0.013736	0.081519	-0.54099
0.00426084	-2.27403	-0.551579
-0.0111931	-3.70893	-0.251488
-0.0294951	-4.39248	0.237763
-0.0468016	-4.15356	0.817019
-0.0590734	-2.94523	1.36459
-0.064659	-1.34055	1.75263
-0.063054	0.385208	1.92891
-0.0523272	2.57443	1.87752
-0.0318172	4.92239	1.53741
-0.00966653	5.31617	0.887736
0.0171569	6.43762	0.186318
0.0447217	6.61554	-0.662798
0.0682219	5.64006	-1.53512
0.0845572	3.92048	-2.27853
0.0912479	1.60576	-2.79491
0.0881696	-0.738794	-3.00585
0.0764955	-2.80178	-2.90751
0.0595828	-4.05906	-2.5371
0.0365369	-5.53101	-2.00099
0.00934459	-6.52616	-1.27089
-0.0207514	-7.22305	-0.409773
-0.0474432	-6.40603	0.543002
-0.0644846	-4.08993	1.38773
-0.0707861	-1.51236	1.92674
-0.0679496	0.680775	2.12562
-0.0571319	2.59624	2.0352
-0.0402937	4.04115	1.69217
-0.0208571	4.66479	1.15867
-0.0015353	4.63723	0.543079
0.0154427	4.07472	-0.06869
0.0276283	2.92455	-0.606085
0.0330151	1.29283	-0.991622
0.0306709	-0.562607	-1.16183
0.0222233	-2.02743	-1.08728
0.0100031	-2.93286	-0.819554
-0.000972325	-2.63409	-0.43249
-0.00774306	-1.62498	-0.0849463
-0.0095334	-0.429681	0.1294
-0.00573186	0.912368	0.186035
-0.00329144	0.585701	0.0656468
0.000993827	1.02846	-0.0116208
0.00548947	1.07896	-0.147262
0.00655193	0.254988	-0.289522
0.0029508	-0.86427	-0.323065
-0.00462983	-1.81935	-0.208977
-0.0147	-2.41683	0.0310434
-0.0240755	-2.25014	0.349793
-0.0315028	-1.78253	0.646461
-0.0350029	-0.84004	0.881367
-0.0327108	0.550117	0.991897
-0.0221581	2.53263	0.919045
-0.00267611	4.67569	0.584739
0.020519	5.56683	-0.0321144
0.0421054	5.18074	-0.766315
0.0596185	4.20315	-1.44937
0.0716134	2.87877	-2.00329
0.0774859	1.40939	-2.38237
0.0750682	-0.58025	-2.56753
0.0631861	-2.85169	-2.49023
0.0430318	-4.83704	-2.11337
0.0159408	-6.50184	-1.47477
-0.0151556	-7.46313	-0.616794
-0.0480521	-7.89516	0.367709
-0.0758949	-6.68227	1.40889
