0.296109	-0.191179	0.357686
0	0	0.369923
0.00109002	0.261606	0.369896
0.00300881	0.460509	0.353057
0.00530942	0.552145	0.323437
0.00745952	0.516024	0.287931
0.00899647	0.36887	0.254748
0.00985445	0.205913	0.231024
0.0100744	0.0527787	0.217774
0.0100744	0	0.214365
0.0101912	0.0280365	0.214348
0.0107105	0.124647	0.21253
0.0115981	0.213022	0.204503
0.0127194	0.269093	0.190798
0.013699	0.23511	0.17349
0.0140332	0.0802143	0.158368
0.0140332	0	0.1532
0.0140332	0	0.153187
0.0140332	0	0.153175
0.0140332	0	0.153162
0.0140332	0	0.15315
0.0141095	0.018317	0.153137
0.0147527	0.15436	0.151948
0.0157987	0.251036	0.142016
0.0168706	0.257267	0.125872
0.0176783	0.193851	0.109329
0.0176783	0	0.0968617
0.017609	-0.0166383	0.096853
0.0172994	-0.0743056	0.0979136
0.0171579	-0.0339505	0.10268
0.0171579	0	0.104853
0.0171579	0	0.104843
0.0171579	0	0.104834
0.0174336	0.066164	0.104825
0.0187785	0.322767	0.100564
0.0203812	0.384643	0.0798134
0.0216725	0.309926	0.0550879
0.0223857	0.171159	0.0351656
0.0223857	0	0.0241622
0.0218121	-0.137656	0.0241586
0.0202242	-0.381088	0.0330011
0.0183791	-0.44283	0.0574864
0.0167991	-0.379201	0.0859377
0.0158344	-0.231542	0.110298
0.015823	-0.00273733	0.125168
0.015823	0	0.125333
0.0165623	0.177435	0.125323
0.0185901	0.486685	0.11391
0.0209615	0.569123	0.0826244
0.0228291	0.448235	0.0460436
0.0240386	0.290286	0.0172339
0.0241272	0.0212445	-0.00142371
0.0236478	-0.115053	-0.00279079
0.0221866	-0.350691	0.00460104
0.0205293	-0.39775	0.0271349
0.0191984	-0.31941	0.0526914
0.0183498	-0.203665	0.0732118
0.0180985	-0.0603144	0.0862928
0.0180985	0	0.0901608
0.0180985	0	0.0901526
0.0193635	0.303599	0.0901444
0.0212315	0.448327	0.0706263
0.02284	0.386028	0.041809
0.0235483	0.169995	0.0169971
0.0235483	0	0.00606977
0.0235151	-0.00794807	0.0060674
0.0221991	-0.315848	0.00657579
0.0199373	-0.542833	0.0268705
0.0176401	-0.551328	0.0617503
0.0159454	-0.406733	0.0971737
0.0149996	-0.226998	0.123303
0.0149996	0	0.137879
0.0149996	0	0.137868
0.0163109	0.314722	0.137857
0.0187751	0.591396	0.11762
0.0218051	0.727219	0.0796058
0.024701	0.694996	0.0328657
0.0265123	0.434716	-0.0118006
0.0265123	0	-0.0397376
0.0248846	-0.390647	-0.0397368
0.0217999	-0.740316	-0.0146321
0.0181088	-0.885861	0.0329413
0.0145451	-0.855295	0.0898645
0.0118645	-0.643342	0.14482
0.0109275	-0.224882	0.18615
0.0109275	0	0.200587
0.0125959	0.400423	0.200571
0.0158749	0.786957	0.174823
0.0200804	1.0093	0.124237
0.0245443	1.07135	0.0593668
0.0285747	0.967282	-0.0094868
0.0310489	0.593803	-0.0716478
0.0310489	0	-0.109804
0.0287887	-0.542447	-0.109798
0.0250485	-0.897648	-0.0749338
0.02053	-1.08444	-0.0172457
0.0158806	-1.11586	0.052442
0.0118822	-0.959615	0.124144
0.0095427	-0.561471	0.1858
0.0095427	0	0.221867
0.0115877	0.490807	0.22185
0.0147646	0.76244	0.190292
0.0184982	0.896082	0.141281
0.0154325	-0.735773	0.083685
0.0139005	-0.367691	0.13096
0.0139005	1.2468e-10	0.154577
0.0139005	1.42648e-10	0.154565
0.0139005	0	0.154552
0.0139005	0	0.15454
0.0139005	0	0.154527
0.0139005	0	0.154514
0.0139005	0	0.154502
0.0139723	0.0172372	0.154489
0.0163888	0.57995	0.153369
0.0175255	0.272821	0.116087
0.0175255	-2.83205e-11	0.0985452
0.0175255	-2.75739e-11	0.0985364
0.0175255	1.31486e-11	0.0985277
0.0175255	-2.22045e-16	0.0985189
0.0175255	0	0.0985102
0.0174873	-0.0091766	0.0985014
0.016785	-0.168552	0.0990824
0.0158804	-0.217089	0.109905
0.015134	-0.179141	0.123846
0.0149045	-0.055078	0.135348
0.0149045	0	0.138876
0.0149045	-5.55112e-17	0.138864
0.0161673	0.303066	0.138853
0.0189341	0.664035	0.119366
0.0225117	0.858623	0.076683
0.0264334	0.941204	0.0214987
0.030265	0.919582	-0.0389886
0.0331416	0.690384	-0.0980823
0.033335	0.0464296	-0.142443
0.031517	-0.436339	-0.145419
0.0265936	-1.1816	-0.117371
0.0213652	-1.25481	-0.0414322
0.016407	-1.18998	0.0392058
0.0123362	-0.976996	0.115672
0.00974559	-0.621744	0.178446
0.00947281	-0.0654676	0.218386
0.011374	0.456277	0.222576
0.0121224	0.179629	0.193237
0.0121403	0.00428469	0.181679
0.01214	-7.42416e-05	0.181389
0.0123586	0.0524727	0.181379
0.0133807	0.245302	0.177993
0.0133807	0	0.162215
0.0121793	-0.288329	0.162202
0.00948463	-0.646725	0.180717
0.00593111	-0.852845	0.222263
0.00232582	-0.86527	0.277051
-0.000499676	-0.678118	0.332635
-0.00187792	-0.330778	0.376188
-0.00187792	0	0.397416
0.000362251	0.53764	0.397387
0.00485754	1.07887	0.362808
0.0108017	1.42659	0.293451
0.0172077	1.53744	0.201753
0.0232356	1.44671	0.102937
0.0270477	0.914904	0.00995956
0.0272904	0.0582511	-0.0488368
0.0262311	-0.254229	-0.0525788
0.0242509	-0.475269	-0.0362398
0.0170119	0.390644	0.128441
0.0171793	0.0401694	0.103326
0.0177341	0.133161	0.100736
0.0179911	0.0616692	0.0921698
0.0179911	0	0.0881985
0.0173019	-0.16539	0.0881904
0.0162424	-0.254286	0.0988108
0.0150311	-0.290702	0.115143
0.0136533	-0.330684	0.133814
0.0124861	-0.280139	0.155054
0.0124861	0	0.173043
0.0133275	0.201941	0.173029
0.0147008	0.329599	0.160038
0.0177392	0.729218	0.138845
0.0211521	0.819087	0.0919718
0.0245265	0.809859	0.0393272
0.0264886	0.470903	-0.0127208
0.0274673	0.234902	-0.0429832
0.0274674	1.02702e-06	-0.0580775
0.0267654	-0.168472	-0.0580755
0.0256131	-0.276539	-0.047247
0.0243054	-0.31385	-0.0294746
0.0228228	-0.355823	-0.00930585
0.0209467	-0.450262	0.0135588
0.0191132	-0.440039	0.0424908
0.0182444	-0.208519	0.0707638
0.0193474	0.264723	0.0841569
0.0201158	0.184397	0.0671374
0.0209252	0.194256	0.0552811
0.0216815	0.181518	0.042792
0.0223996	0.172353	0.0311223
0.0224013	0.000401836	0.0200424
0.0224013	6.23298e-07	0.0200133
0.0220408	-0.0865193	0.0200099
0.0214019	-0.153335	0.0255665
0.020718	-0.164144	0.0354165
0.0200902	-0.150669	0.0459604
0.0193677	-0.173398	0.0556376
0.0187549	-0.147067	0.0667748
0.018721	-0.0081434	0.0762191
0.0192413	0.124883	0.0767352
0.0205165	0.30605	0.0687027
0.0221009	0.38026	0.0490286
0.0221009	0	0.0245869
0.0224511	0.0840352	0.0245833
0.0228665	0.0996934	0.0191794
0.0228665	0	0.0127696
0.0224354	-0.103455	0.0127668
0.0216413	-0.190594	0.0194122
0.0206683	-0.233514	0.031657
0.0195201	-0.27556	0.0466589
0.0185605	-0.230314	0.0643619
0.0179256	-0.152363	0.079156
0.0179256	0	0.0889398
0.0179558	0.00724038	0.0889317
0.0190989	0.274329	0.0884584
0.0210079	0.458163	0.0708213
0.0230517	0.490508	0.0413719
0.0246599	0.385983	0.00984595
0.0255523	0.214176	-0.0149608
0.0255523	8.96401e-07	-0.0287251
0.0248034	-0.179733	-0.0287251
0.0234429	-0.326524	-0.0171751
0.0218062	-0.392821	0.00380733
0.0196463	-0.518358	0.0290487
0.0169096	-0.656822	0.0623556
0.0169096	0	0.104558
0.0169096	0	0.104549
0.0169096	5.55112e-17	0.10454
0.016922	0.00298997	0.104531
0.0174908	0.136506	0.104329
0.018625	0.272194	0.0955481
0.0200568	0.343633	0.0780478
0.0208132	0.181535	0.0559578
0.0208132	0	0.0442862
0.0208132	7.79077e-08	0.0442812
0.0208132	1.11433e-06	0.0442762
0.0208132	4.73801e-07	0.0442711
0.0203953	-0.100289	0.0442661
0.0193507	-0.250698	0.0507059
0.0183369	-0.243323	0.0668109
0.0183369	-1.29824e-07	0.0824408
0.0189218	0.140379	0.0824332
0.0198926	0.23299	0.0734044
0.0198926	-1.11022e-16	0.058425
0.0198926	0	0.058419
0.0198926	0	0.058413
0.0198926	0	0.0584071
0.0196543	-0.0571868	0.0584011
0.0188983	-0.181452	0.0620701
0.0184368	-0.110742	0.0737243
0.0184368	3.68341e-07	0.0808339
0.0183577	-0.0189877	0.0808263
0.0181844	-0.0415936	0.082039
0.0181844	-4.16948e-09	0.0847043
0.0181844	8.10257e-10	0.0846965
0.0186358	0.108323	0.0846887
0.0197295	0.262507	0.0777199
0.0214694	0.41756	0.0608433
0.0234651	0.478986	0.0340038
0.0251385	0.401598	0.00321882
0.0258223	0.164124	-0.0225909
0.0258223	5.10256e-09	-0.0331383
0.0253065	-0.123788	-0.0331379
0.0245948	-0.170822	-0.0251827
0.0239009	-0.166523	-0.0142054
0.0230715	-0.199071	-0.00350529
0.021946	-0.270115	0.00928576
0.0220053	0.014225	0.0266414
0.0220053	-6.10659e-08	0.0257235
0.0220053	0	0.0257198
0.0224264	0.101071	0.0257161
0.0227343	0.0739076	0.0192174
0.0229001	0.0397839	0.0144646
0.0230013	0.024283	0.0119051
0.0230013	0	0.0103419
0.0226237	-0.0906167	0.0103392
0.0214329	-0.285807	0.0161598
0.0199187	-0.363407	0.0345234
0.0184495	-0.352601	0.0578724
0.0168742	-0.378077	0.0805255
0.0149247	-0.467876	0.104814
0.014009	-0.219752	0.134872
0.014009	-1.69314e-10	0.148982
0.0148364	0.198578	0.14897
0.016062	0.294128	0.136197
0.0176376	0.378137	0.117284
0.0193873	0.419939	0.092974
0.0193873	-1.11022e-16	0.0659795
0.0193873	0	0.065973
0.0189072	-0.115232	0.0659665
0.0189072	6.84722e-07	0.0733651
0.0189072	6.93889e-17	0.073358
0.020183	0.306195	0.073351
0.020183	8.51372e-10	0.0536672
0.020183	5.05608e-09	0.0536616
0.020183	9.14282e-09	0.053656
0.0202772	0.0226057	0.0536503
0.0203768	0.0239069	0.052192
0.0203768	5.55112e-17	0.0506502
0.0203768	0	0.0506447
0.0202757	-0.0242542	0.0506393
0.0202757	0	0.0521925
0.0202757	0	0.052187
0.0202757	3.3988e-08	0.0521814
0.0202757	5.44636e-08	0.0521759
0.0202757	3.17006e-08	0.0521704
0.0202757	1.75426e-08	0.0521648
0.0202757	1.53069e-08	0.0521593
0.0202757	0	0.0521538
0.0202757	-2.83971e-08	0.0521482
0.0202757	1.38778e-17	0.0521427
0.0202757	1.38778e-17	0.0521372
0.0202757	0	0.0521316
0.0202757	0	0.0521261
0.0202757	0	0.0521206
0.0202757	0	0.052115
0.02042	0.0346339	0.0521095
0.0204862	0.0158693	0.0498783
0.0204862	0	0.0488531
0.0204862	0	0.0488478
0.0204862	0	0.0488425
0.0204862	0	0.0488372
0.0204862	0	0.0488319
0.0204862	0	0.0488266
0.0204862	0	0.0488213
0.0204862	0	0.048816
0.0204862	0	0.0488107
0.0204862	0	0.0488054
0.0204862	0	0.0488001
0.0204862	0	0.0487948
0.0204862	2.77556e-17	0.0487895
0.0204862	0	0.0487842
0.0204862	0	0.0487789
0.0204862	0	0.0487736
0.0204862	0	0.0487683
0.0204862	0	0.048763
0.0204862	0	0.0487577
0.0204862	2.77556e-17	0.0487524
0.0204862	0	0.0487471
0.0204862	0	0.0487418
0.0204862	0	0.0487365
0.0198469	-0.153418	0.0487312
0.0198469	8.2108e-09	0.0585849
0.0198469	1.11041e-08	0.0585789
0.019486	-0.0866103	0.058573
0.0193981	-0.0211071	0.0641328
0.0193981	0	0.0654828
0.0232261	0.918723	0.0654763
0.0258062	0.619225	0.00643069
0.0269982	0.286071	-0.0333645
0.0280766	0.258812	-0.0517477
0.0280766	1.0316e-08	-0.0683779
0.0280765	-1.20733e-05	-0.0683751
0.0275617	-0.123552	-0.0683715
0.0263947	-0.280086	-0.060429
0.0249246	-0.352812	-0.0424278
0.0235803	-0.322634	-0.0197543
0.022646	-0.224243	0.000978296
0.0224336	-0.0509684	0.0153866
0.0225497	0.0278572	0.018659
0.023439	0.213441	0.0168656
0.0249103	0.353112	0.0031463
0.025411	0.12017	-0.0195476
0.025411	3.78431e-09	-0.0272705
0.025411	7.54286e-09	-0.0272706
0.0253469	-0.0153976	-0.0272706
0.0253469	-1.00069e-09	-0.0262812
0.0252531	-0.0225115	-0.0262813
0.0246625	-0.14173	-0.0248348
0.0238285	-0.200177	-0.0157271
0.0232884	-0.129611	-0.00286411
0.0232884	0	0.00546326
0.023869	0.139344	0.00546096
0.024589	0.1728	-0.00349589
0.0252849	0.167022	-0.0146021
0.0255859	0.0722345	-0.0253362
0.0255859	0	-0.0299783
0.0254436	-0.0341424	-0.0299782
0.0242105	-0.295963	-0.027784
0.0223504	-0.44641	-0.00876476
0.0204101	-0.465673	0.0199212
0.0184958	-0.459448	0.0498431
0.0165133	-0.475792	0.0793629
0.0149671	-0.371082	0.109931
0.0144829	-0.116206	0.133768
0.014567	0.0201882	0.141224
0.0155087	0.226	0.139915
0.0148937	-0.147597	0.125381
0.0148937	0	0.134855
0.0153947	0.120226	0.134844
0.0160268	0.15172	0.127106
0.0160268	0	0.117346
0.0154812	-0.130941	0.117336
0.014531	-0.228067	0.12574
0.0137486	-0.187765	0.140386
0.0133747	-0.0897489	0.15244
0.0133747	0	0.158195
0.0149354	0.374579	0.158183
0.0153745	0.105389	0.134098
0.0153736	-0.000225655	0.127315
0.0155176	0.0345765	0.127319
0.0156233	0.0253607	0.125086
0.0164096	0.188698	0.123446
0.0177922	0.331835	0.111309
0.0191707	0.33083	0.0899748
0.0191707	0	0.0687068
0.019065	-0.0253686	0.0687001
0.0192968	0.0556347	0.0703237
0.0192968	2.90688e-06	0.0667417
0.0192968	4.22535e-07	0.066735
0.0192968	4.21254e-08	0.0667284
0.0193013	0.00108925	0.0667219
0.0192783	-0.00553135	0.0666453
0.0192601	-0.00436986	0.0669943
0.0193812	0.0290632	0.0672685
0.0193812	-2.28405e-07	0.0653943
0.0193812	5.19913e-07	0.0653879
0.0193812	1.03136e-06	0.0653814
0.0193812	1.16952e-06	0.0653749
0.0193812	9.67199e-07	0.0653684
0.0193812	9.78929e-07	0.0653618
0.0193812	7.41164e-07	0.0653553
0.0193812	6.35365e-07	0.0653489
0.0193812	3.41522e-07	0.0653424
0.0194062	0.00599446	0.0653359
0.0194062	-3.53108e-07	0.0649442
0.0194062	-1.30375e-07	0.0649379
0.0197647	0.0860368	0.0649315
0.0200909	0.0783046	0.0593961
0.0201905	0.023905	0.0543581
0.0201905	2.69413e-07	0.0528162
0.0203515	0.0386386	0.0528106
0.0203515	1.20529e-06	0.050322
0.020255	-0.0231718	0.0503165
0.0200764	-0.042856	0.0518002
0.0200764	1.04268e-06	0.0545487
0.0200764	9.69665e-07	0.054543
0.0200764	8.50653e-07	0.0545372
0.0200764	6.59538e-07	0.0545315
0.0200764	1.54098e-07	0.0545257
0.0200666	-0.00236971	0.05452
0.0200666	-5.55112e-17	0.0546666
0.0200666	0	0.0546609
0.0200666	5.55112e-17	0.0546552
0.0200666	0	0.0546495
0.0200666	0	0.0546438
0.0200666	0	0.0546381
0.0196829	-0.0920793	0.0546324
0.0190139	-0.160546	0.0605439
0.0184741	-0.129564	0.0708548
0.0182824	-0.0460099	0.0791741
0.0207536	0.593084	0.0821234
0.0217871	0.248044	0.0440029
0.0219108	0.0296976	0.028058
0.0219108	0	0.0261457
0.0225449	0.152183	0.026142
0.0231941	0.155792	0.0163586
0.0227124	-0.115598	0.00634401
0.0227124	0	0.0137702
0.0227124	4.30405e-08	0.0137673
0.0227124	0	0.0137644
0.0224687	-0.0584876	0.0137616
0.022228	-0.0577635	0.0175172
0.02219	-0.00912421	0.0212261
0.02219	0	0.0218091
0.02219	0	0.0218056
0.02219	-2.77556e-17	0.0218022
0.02219	0	0.0217988
0.0226604	0.112883	0.0217953
0.0226604	0	0.0145378
0.0226604	0	0.0145349
0.0226604	0	0.0145319
0.0226604	0	0.014529
0.0223858	-0.0658826	0.0145261
0.0218376	-0.131585	0.0187569
0.0210225	-0.19561	0.0272097
0.021027	0.00106937	0.0397762
0.0229545	0.462595	0.0397028
0.0229545	0	0.0099707
0.0228822	-0.0173343	0.00996808
0.0228822	0	0.0110794
0.0229075	0.00606896	0.0110767
0.0229075	0	0.010684
0.0229075	0	0.0106814
0.0229075	0	0.0106787
0.0229075	-2.77556e-17	0.010676
0.0229075	-1.38778e-17	0.0106734
0.0229072	-7.69861e-05	0.0106707
0.0229072	0	0.010673
0.0229072	0	0.0106703
0.0229072	0	0.0106677
0.0229072	0	0.010665
0.0229936	0.020745	0.0106623
0.0241285	0.272371	0.00932655
0.0253586	0.295207	-0.00817922
0.0262285	0.208787	-0.0271512
0.0263539	0.0300958	-0.0405684
0.0263539	9.45939e-09	-0.0425016
0.0253485	-0.241308	-0.0425006
0.0230673	-0.54748	-0.0269926
0.01984	-0.774555	0.00818968
0.0160635	-0.906355	0.0579618
0.012603	-0.830526	0.1162
0.012603	0	0.169562
0.0131816	0.138874	0.169548
0.0150323	0.444155	0.16061
0.0178736	0.681931	0.132055
0.0211442	0.78494	0.0882213
0.0242399	0.742952	0.0377713
0.0257798	0.369593	-0.009977
0.0257798	0	-0.0337291
0.0253903	-0.0934761	-0.0337287
0.0245652	-0.198033	-0.0277213
0.0226611	-0.456975	-0.0149953
0.0206893	-0.473238	0.0143701
0.0189855	-0.408927	0.0447785
0.0187496	-0.0565983	0.071052
0.0195389	0.189434	0.0746823
0.0214578	0.460521	0.0625018
0.0237467	0.549354	0.0329015
0.0258333	0.500767	-0.00240546
0.0274665	0.391964	-0.0345877
0.0280911	0.149911	-0.0597757
0.0280911	0	-0.0694071
0.0271412	-0.227963	-0.0694042
0.0254091	-0.41572	-0.0547519
0.0228828	-0.606302	-0.028035
0.0199417	-0.705859	0.0109273
0.0170432	-0.695653	0.0562848
0.0147425	-0.552158	0.100983
0.0139729	-0.184706	0.136457
0.0129438	-0.246997	0.148315
0.0129438	0	0.164176
0.0140499	0.265465	0.164162
0.0157841	0.416207	0.14709
0.0176677	0.452067	0.120331
0.0192069	0.369423	0.0912703
0.0213107	0.50491	0.0675221
0.0213107	9.35438e-07	0.0350689
0.0208866	-0.101805	0.0350644
0.0201119	-0.185905	0.0416023
0.0191838	-0.222743	0.0535442
0.0180731	-0.266585	0.0678526
0.0170518	-0.245113	0.0849773
0.0167395	-0.0749477	0.100721
0.0167395	0	0.105528
0.0173951	0.157343	0.105519
0.0190868	0.406003	0.0953988
0.0213238	0.536899	0.0692996
0.0236589	0.56042	0.0347906
0.025929	0.54481	-0.00122757
0.027258	0.318966	-0.0362401
0.027258	6.44282e-07	-0.056737
0.0263309	-0.222497	-0.0567351
0.0243303	-0.480153	-0.0424349
0.0214298	-0.696126	-0.0115782
0.0182719	-0.757881	0.0331553
0.015513	-0.662143	0.0818542
0.0137796	-0.41602	0.124397
0.0137796	4.72802e-07	0.151121
0.0152535	0.35373	0.151109
0.0156385	0.0924062	0.128365
0.0168373	0.287704	0.122416
0.0185458	0.410041	0.103917
0.0205514	0.48135	0.0775578
0.0220354	0.356162	0.0466179
0.0220354	0	0.023725
0.021394	-0.15393	0.0237214
0.0203135	-0.259336	0.0336097
0.0192298	-0.260074	0.050271
0.0184254	-0.193047	0.0669785
0.0181587	-0.0640238	0.0793776
0.0181587	0	0.0834845
0.0181587	0	0.0834768
0.0188601	0.168337	0.0834691
0.0206001	0.417604	0.0726437
0.0226348	0.488329	0.0458006
0.0243506	0.411789	0.0144144
0.0253587	0.241933	-0.012051
0.0253587	0	-0.0275992
0.0242005	-0.277963	-0.0275993
0.0218577	-0.562262	-0.00973677
0.0189511	-0.697595	0.0263942
0.0159882	-0.711081	0.0712194
0.0131178	-0.688909	0.116908
0.0109543	-0.519234	0.161169
0.0101227	-0.199592	0.194523
0.0101227	-5.55112e-17	0.207334
0.0115554	0.343848	0.207318
0.0140913	0.608619	0.185205
0.017466	0.809921	0.146079
0.0210153	0.85184	0.0940198
0.0241191	0.744916	0.0392703
0.0252555	0.272741	-0.00860428
0.0252555	0	-0.0261326
0.0251023	-0.0367824	-0.0261327
0.0248951	-0.0497299	-0.0237691
0.0239034	-0.237988	-0.0205736
0.0222792	-0.389816	-0.00528049
0.0206422	-0.392883	0.0197684
0.019648	-0.238594	0.0450127
0.019648	1.72086e-08	0.0603402
0.0206348	0.236832	0.0603341
0.0221724	0.369001	0.0451087
0.0236495	0.354522	0.0213908
0.0247371	0.26102	-0.00139497
0.0253482	0.146657	-0.0181705
0.0253482	3.26921e-09	-0.0275957
0.0251705	-0.0426436	-0.0275958
0.0247093	-0.110678	-0.0248554
0.0237321	-0.234538	-0.0177432
0.0223248	-0.337758	-0.00267197
0.0209306	-0.334605	0.0190314
0.0198558	-0.257952	0.0405306
0.0195028	-0.0847089	0.0571025
0.0195028	9.09422e-09	0.0625402
0.0202237	0.172995	0.0625339
0.0216856	0.35088	0.0514106
0.023554	0.44841	0.0288568
0.0252564	0.408573	3.70824e-05
0.0264215	0.279627	-0.0262207
0.0264215	4.04814e-07	-0.0441902
0.0258882	-0.127997	-0.0441891
0.0249478	-0.2257	-0.0359626
0.0239593	-0.237245	-0.0214581
0.0229131	-0.251088	-0.00621262
0.0216547	-0.302015	0.00992137
0.0204287	-0.294231	0.0293269
0.0198157	-0.147117	0.0482309
0.0198157	0	0.0576797
0.0198157	0	0.0576738
0.0201954	0.091117	0.0576679
0.0208601	0.159529	0.0518066
0.0216966	0.200773	0.0415494
0.0224267	0.175217	0.0286426
0.0224267	0	0.0173788
0.0217139	-0.171072	0.0173757
0.0202674	-0.347159	0.028366
0.0199868	-0.0673575	0.0506713
0.0195307	-0.109456	0.0549945
0.0190209	-0.122359	0.0620226
0.0181371	-0.2121	0.0698795
0.0173131	-0.19777	0.0835028
0.0173131	8.72622e-08	0.0962043
0.018028	0.171597	0.0961957
0.0195901	0.3749	0.0851599
0.0212123	0.389327	0.0610603
0.0224403	0.294715	0.0360351
0.0230489	0.146064	0.0170917
0.0230489	0	0.00770221
0.0225067	-0.130116	0.00769975
0.0208842	-0.389403	0.0160588
0.0208078	-0.0183451	0.0410797
0.0208078	-3.67535e-08	0.0422538
0.0206328	-0.0420112	0.042249
0.0206327	-2.77506e-06	0.0449439
0.0206327	-5.55112e-17	0.044939
0.0206327	-3.46945e-18	0.044934
0.0206327	5.55112e-17	0.044929
0.0216765	0.250505	0.044924
0.0234	0.413647	0.0288209
0.0250628	0.399067	0.00223514
0.026955	0.454118	-0.0234119
0.028505	0.372012	-0.0525948
0.028505	1.3434e-06	-0.0764994
0.0274392	-0.2558	-0.0764962
0.0255635	-0.450179	-0.0600545
0.0229504	-0.627124	-0.0311228
0.0198554	-0.742809	0.00917782
0.0169724	-0.691917	0.0569098
0.0148414	-0.51144	0.101368
0.0141456	-0.166989	0.134225
0.0134959	-0.155932	0.144945
0.0145535	0.253821	0.154954
0.0167819	0.534806	0.13863
0.0197366	0.709131	0.104251
0.0230004	0.783327	0.0586714
0.0261193	0.74852	0.00832708
0.0275616	0.346152	-0.039777
0.0275616	0	-0.0620206
0.0261575	-0.336967	-0.0620183
0.0240457	-0.506845	-0.0403617
0.0215603	-0.596489	-0.00778979
0.0186572	-0.696749	0.0305405
0.0164722	-0.524401	0.0753111
0.0154137	-0.254029	0.109003
0.0154137	0	0.125318
0.0168975	0.356105	0.125308
0.0187992	0.456402	0.102413
0.0208992	0.503997	0.0730745
0.0227932	0.454568	0.0406795
0.024224	0.3434	0.0114632
0.0244221	0.0475438	-0.0106071
0.023954	-0.112358	-0.0136636
0.0223039	-0.396016	-0.00644417
0.0194383	-0.68775	0.0190032
0.0160023	-0.824632	0.0631963
0.0126585	-0.802527	0.116183
0.010867	-0.42995	0.167745
0.0101989	-0.16035	0.195361
0.0103574	0.0380567	0.20565
0.0124425	0.500414	0.203188
0.015711	0.784434	0.171015
0.0198127	0.984409	0.120591
0.023897	0.980243	0.0573209
0.0275719	0.881977	-0.00567761
0.0293737	0.432423	-0.0623569
0.0293737	2.82971e-07	-0.090143
0.028161	-0.291043	-0.0901387
0.0257897	-0.569123	-0.0714313
0.022684	-0.745354	-0.0348551
0.0194251	-0.782153	0.0130434
0.0167199	-0.649231	0.0633035
0.0143302	-0.573537	0.105018
0.0143302	0	0.141866
0.0147219	0.0940112	0.141854
0.0162267	0.361147	0.135801
0.018396	0.520638	0.112582
0.0207976	0.576394	0.0791145
0.0207976	1.11022e-16	0.0420668
0.0207976	-2.77556e-17	0.0420619
0.0207977	1.74746e-06	0.0420571
0.0200878	-0.170363	0.0420522
0.0191501	-0.225045	0.0529953
0.0182434	-0.217614	0.0674516
0.0176818	-0.134771	0.0814294
0.0176818	0	0.0900825
0.0176818	0	0.0900744
0.0187837	0.26445	0.0900662
0.0213054	0.605196	0.0730639
0.0243374	0.727676	0.0341657
0.0272011	0.687294	-0.0126007
0.0282854	0.260244	-0.0567688
0.0283761	0.0217653	-0.0734907
0.0279708	-0.0972886	-0.0748862
0.0265019	-0.352523	-0.068631
0.0239786	-0.605588	-0.0459742
0.0204068	-0.85723	-0.00705659
0.0164909	-0.939834	0.0480295
0.0129684	-0.845396	0.10842
0.0111281	-0.441664	0.162738
0.0109141	-0.0513576	0.191107
0.0119342	0.24481	0.194392
0.0139655	0.487529	0.178645
0.0166227	0.637724	0.147301
0.0194762	0.684839	0.106307
0.0220491	0.617492	0.0622887
0.0231038	0.253126	0.022601
0.0231038	0	0.00633106
0.022258	-0.202986	0.0063287
0.0208188	-0.345419	0.0193707
0.0191363	-0.403797	0.0415648
0.0176404	-0.359009	0.0675089
0.016741	-0.215863	0.0905731
0.016741	-2.25177e-07	0.104437
0.0174809	0.177591	0.104428
0.0194249	0.466543	0.0930061
0.0217921	0.568134	0.0630167
0.0240167	0.533898	0.0265009
0.0257026	0.40462	-0.00781232
0.0265004	0.191481	-0.0338155
0.0265004	1.42484e-06	-0.04612
0.0256383	-0.206922	-0.0461189
0.024231	-0.337737	-0.0328204
0.0222508	-0.475252	-0.0111163
0.0198485	-0.576542	0.0194234
0.0176154	-0.535951	0.05647
0.0166453	-0.232829	0.0909055
0.0166453	-3.46945e-18	0.105859
0.0172691	0.149726	0.10585
0.0193459	0.498415	0.0962192
0.0223334	0.717015	0.0641814
0.0257282	0.814733	0.0180981
0.0288416	0.747224	-0.0342616
0.0310138	0.521326	-0.0822795
0.0310138	0	-0.115777
0.0290859	-0.462683	-0.115771
0.0268669	-0.532563	-0.0860321
0.0240545	-0.67498	-0.0518044
0.0204798	-0.857922	-0.00842699
0.0166577	-0.917319	0.0467036
0.0132719	-0.812582	0.105647
0.0110715	-0.528093	0.157857
0.0110715	0	0.19178
0.0127016	0.391212	0.191765
0.0127666	0.0156141	0.16661
0.0133445	0.138685	0.165593
0.0138338	0.117437	0.156667
0.0144946	0.158598	0.149108
0.0147155	0.0529971	0.138904
0.0147155	0	0.135487
0.0172222	0.60161	0.135475
0.017817	0.142761	0.0968032
0.017817	-1.65185e-06	0.0876204
0.017817	0	0.0876126
0.017817	-6.93889e-18	0.0876046
0.017817	0	0.0875966
0.017817	0	0.0875886
0.0190884	0.305132	0.0875807
0.0212754	0.524891	0.0679643
0.0236921	0.58	0.0342269
0.0246349	0.226274	-0.00304946
0.0255719	0.224886	-0.0175921
0.0255719	1.15491e-07	-0.0320445
0.0250305	-0.129953	-0.0320442
0.0241128	-0.220239	-0.0236928
0.02288	-0.295865	-0.00954009
0.0210256	-0.445069	0.00947159
0.0187634	-0.542926	0.0380701
0.0166523	-0.506659	0.0729552
0.0155537	-0.263667	0.105507
0.0155537	0	0.122442
0.0165808	0.246501	0.122432
0.0184452	0.447463	0.10658
0.0208008	0.565351	0.0778162
0.0231487	0.56348	0.0414782
0.0250062	0.445804	0.00526291
0.0250062	0	-0.0233877
0.024036	-0.232855	-0.023388
0.0224136	-0.389364	-0.0084246
0.021933	-0.115353	0.0165955
0.0213718	-0.134681	0.0240053
0.0207476	-0.149806	0.0326566
0.0202337	-0.123328	0.0422793
0.020051	-0.0438471	0.0501998
0.020051	0	0.0530122
0.0212643	0.291175	0.0530066
0.0229127	0.395627	0.0342894
0.024353	0.345655	0.00886131
0.0251927	0.201529	-0.0133538
0.0252756	0.0199061	-0.0263055
0.0252756	0	-0.0275848
0.0240883	-0.284958	-0.0275848
0.0240883	1.66728e-06	-0.0092728
0.0230572	-0.247454	-0.00927418
0.0212062	-0.444242	0.0066265
0.0191137	-0.502203	0.0351721
0.0191275	0.00332396	0.0674404
0.0205308	0.336782	0.0672203
0.0220547	0.365725	0.0455713
0.0237999	0.41885	0.0220639
0.0256945	0.454722	-0.00485576
0.0274951	0.432128	-0.0340788
0.0286172	0.269309	-0.0618479
0.0286172	0	-0.0791519
0.0271528	-0.351467	-0.0791483
0.0245496	-0.624761	-0.0565587
0.0228825	-0.40009	-0.0164082
0.0215953	-0.30895	0.00930169
0.0202647	-0.319339	0.029153
0.0188858	-0.330937	0.0496704
0.0181373	-0.179624	0.0709319
0.0181373	0	0.0824681
0.0181373	0	0.0824605
0.0178702	-0.0641153	0.0824529
0.0179271	0.0136489	0.0865654
0.0183764	0.107852	0.0856804
0.0189097	0.127993	0.0787418
0.0189097	0	0.0705093
0.0183785	-0.127488	0.0705026
0.0174338	-0.22675	0.0786884
0.0174338	0	0.0932525
0.0174338	-2.89971e-07	0.0932442
0.0174338	1.7572e-09	0.0932358
0.0174338	-1.35599e-08	0.0932275
0.0174338	2.65178e-09	0.0932191
0.0174338	4.75865e-08	0.0932108
0.0181381	0.169048	0.0932024
0.0196755	0.368961	0.0823306
0.021652	0.474367	0.0586128
0.0234707	0.436502	0.0281229
0.0247447	0.305755	6.84812e-05
0.0249275	0.0438726	-0.0195819
0.0249275	1.27199e-07	-0.0224018
0.0244179	-0.122306	-0.0224022
0.0236472	-0.184971	-0.0145429
0.0224168	-0.295293	-0.00265718
0.0207139	-0.408691	0.0163172
0.0189606	-0.420806	0.0425776
0.0178468	-0.267299	0.0696147
0.0178468	0	0.0867852
0.0187362	0.213447	0.0867773
0.0203379	0.384406	0.0730528
0.0223673	0.487048	0.0483431
0.0245191	0.516445	0.017039
0.0263179	0.431704	-0.016152
0.0270263	0.170035	-0.043895
0.0270263	-6.74155e-08	-0.0548207
0.0268159	-0.0505127	-0.0548189
0.0263981	-0.100263	-0.0515709
0.0253167	-0.259546	-0.0451262
0.023406	-0.458565	-0.028446
0.0211915	-0.531466	0.00102248
0.0192227	-0.472522	0.0351737
0.0180811	-0.27399	0.0655347
0.0185233	0.106129	0.0831355
0.0199834	0.350434	0.0763077
0.0216614	0.402712	0.0537808
0.0230473	0.332608	0.027896
0.023884	0.200829	0.00651804
0.0239597	0.0181681	-0.00639002
0.0239597	0	-0.00755902
0.022734	-0.294189	-0.00756041
0.0204101	-0.557736	0.0113434
0.0173873	-0.725454	0.0471821
0.0154365	-0.468203	0.0937962
0.0143949	-0.24997	0.123876
0.0141578	-0.0569132	0.139929
0.0141578	0	0.143575
0.0153668	0.29015	0.143563
0.0183079	0.705881	0.124905
0.0219348	0.870447	0.0795332
0.0255369	0.864502	0.0235889
0.0284458	0.698139	-0.0319695
0.0301843	0.417251	-0.0768332
0.0301844	1.09383e-06	-0.103643
0.0290215	-0.279088	-0.103638
0.026928	-0.502448	-0.085698
0.0239319	-0.719047	-0.0534056
0.0203896	-0.850165	-0.0071963
0.0167678	-0.869236	0.0474357
0.0136131	-0.757118	0.10329
0.0113745	-0.53726	0.151935
0.0113745	0	0.186448
0.0131656	0.429869	0.186433
0.0159195	0.660935	0.158794
0.019033	0.747237	0.116308
0.0220357	0.720646	0.0682787
0.0244139	0.570753	0.0219617
0.0254247	0.242614	-0.0147196
0.0247975	-0.150551	-0.0303114
0.0236596	-0.273086	-0.0206365
0.0219375	-0.413309	-0.00308789
0.0198564	-0.499465	0.0234706
0.0177554	-0.504243	0.0555637
0.0161616	-0.38249	0.0879618
0.01598	-0.0435914	0.112533
0.0169072	0.222522	0.115325
0.0189841	0.498468	0.101015
0.0213262	0.562087	0.0689739
0.0234647	0.513246	0.0328463
0.0251125	0.395479	-0.000140249
0.0260503	0.225077	-0.0255565
0.0260503	6.2502e-07	-0.0400206
0.0252629	-0.188976	-0.0400198
0.0234611	-0.43244	-0.0278749
0.0210651	-0.575051	-8.53805e-05
0.0185747	-0.5977	0.0368668
0.0164546	-0.508819	0.0752718
0.0158845	-0.136808	0.107963
0.0158845	0	0.116745
0.0162193	0.0803435	0.116735
0.0181225	0.456758	0.111562
0.0211577	0.728449	0.0821998
0.0245394	0.811623	0.0353804
0.0275317	0.718146	-0.0167806
0.0293438	0.43489	-0.0629311
0.0284798	-0.207354	-0.0908757
0.0267307	-0.419774	-0.0775463
0.0245348	-0.52702	-0.0505672
0.0218783	-0.637552	-0.0166981
0.0187563	-0.749295	0.0242716
0.0156097	-0.755187	0.0724194
0.0126394	-0.712853	0.120942
0.0107837	-0.445385	0.166742
0.0106063	-0.0425726	0.19535
0.0117263	0.268807	0.19807
0.0139554	0.534978	0.18078
0.0167411	0.668569	0.146387
0.0196294	0.693191	0.103411
0.0220104	0.571435	0.0588563
0.0222223	0.050874	0.0221286
0.0222223	-3.15604e-06	0.0188559
0.0218977	-0.0779037	0.0188529
0.0209403	-0.229775	0.0238559
0.0196603	-0.307211	0.0386182
0.018428	-0.295742	0.0583557
0.0175531	-0.209978	0.0773548
0.0174311	-0.0292909	0.0908412
0.0176809	0.0599566	0.0927153
0.0191767	0.358995	0.088854
0.0211826	0.481421	0.0657761
0.0230796	0.455266	0.0348325
0.0245102	0.343339	0.00557173
0.0245102	0	-0.0164943
0.0245102	0	-0.0164951
0.0235041	-0.241459	-0.0164958
0.0226653	-0.201305	-0.000979941
0.0217403	-0.222005	0.0119545
0.0205279	-0.290976	0.0262183
0.0194699	-0.253923	0.0449134
0.0187935	-0.162327	0.061226
0.0187178	-0.0181787	0.0716513
0.0187178	1.53377e-13	0.0728127
0.0192076	0.117565	0.0728057
0.020329	0.269139	0.0652438
0.0222835	0.46908	0.0479419
0.024474	0.525705	0.0177925
0.0263319	0.445895	-0.0159936
0.0267949	0.111137	-0.0446486
0.0265266	-0.0644056	-0.0517894
0.0253729	-0.276878	-0.0476489
0.023825	-0.371491	-0.0298547
0.0218116	-0.483234	-0.00598169
0.0191732	-0.633203	0.0250705
0.016521	-0.636531	0.0657579
0.0143645	-0.51756	0.106656
0.0131138	-0.300176	0.139907
0.0131138	1.11022e-16	0.159185
0.0138625	0.179687	0.159172
0.0150485	0.284654	0.147612
0.0164528	0.337035	0.129308
0.0179381	0.356459	0.107638
0.0189295	0.237947	0.0847218
0.0189295	0	0.069423
0.0183535	-0.138247	0.0694163
0.0183535	0	0.0782937
0.0183535	-3.16841e-07	0.0782863
0.0182951	-0.0140162	0.078279
0.0182951	-3.22182e-07	0.0791724
0.0182951	-2.38999e-07	0.0791651
0.0182951	-1.37398e-07	0.0791577
0.0188513	0.133488	0.0791503
0.020608	0.421616	0.0705647
0.0228111	0.52873	0.043464
0.0247861	0.474009	0.00948172
0.0261346	0.323638	-0.0209817
0.0265862	0.108376	-0.0417799
0.0265862	6.14761e-07	-0.0487434
0.0257347	-0.204364	-0.048742
0.0243196	-0.339608	-0.0356077
0.0223823	-0.464949	-0.0137832
0.0198254	-0.613659	0.0160945
0.0171794	-0.635054	0.0555266
0.0153481	-0.439501	0.0963309
0.0153481	2.22045e-16	0.124566
0.0154938	0.0349685	0.124555
0.0167685	0.305927	0.122297
0.0187766	0.481944	0.102628
0.0212187	0.586111	0.0716478
0.0235262	0.553793	0.0339761
0.0251038	0.378619	-0.00161615
0.0251038	0	-0.0259488
0.0248162	-0.0690116	-0.025949
0.024595	-0.0531052	-0.0215142
0.0237155	-0.21108	-0.018102
0.0218673	-0.443555	-0.0045382
0.0194772	-0.573623	0.023964
0.0172092	-0.54432	0.0608228
0.0155939	-0.387683	0.0957959
0.0155437	-0.0120319	0.120701
0.0162921	0.179612	0.121464
0.0177132	0.341048	0.109911
0.0192325	0.364639	0.0879851
0.0205046	0.305311	0.0645445
0.0212826	0.186719	0.0449182
0.0212826	0	0.0329142
0.0204764	-0.193499	0.03291
0.0200796	-0.0952345	0.0453405
0.0198536	-0.054222	0.0514554
0.0194186	-0.104411	0.0549344
0.0190247	-0.0945283	0.0616383
0.0189728	-0.0124718	0.0677068
0.0190324	0.0143046	0.0685016
0.0192874	0.0611983	0.0675757
0.0201198	0.199795	0.0636364
0.0220398	0.460783	0.0507908
0.0242747	0.536396	0.0211745
0.0260217	0.419273	-0.0132989
0.0270424	0.244955	-0.0402433
0.0270424	5.7864e-07	-0.0559838
0.0261885	-0.204937	-0.0559818
0.0246423	-0.371088	-0.0428102
0.0226429	-0.479846	-0.0189622
0.0201486	-0.598625	0.0118732
0.0174494	-0.647821	0.0503394
0.0149891	-0.590455	0.0919645
0.0131241	-0.447611	0.1299
0.0127164	-0.0978498	0.158654
0.0135748	0.206024	0.164929
0.0154252	0.444088	0.151676
0.0177749	0.56392	0.123126
0.0202067	0.583641	0.0868765
0.0223306	0.509729	0.0493625
0.0229724	0.154045	0.0166008
0.0229724	0	0.00669844
0.0224005	-0.137268	0.00669606
0.0210531	-0.323375	0.0155149
0.0194757	-0.378561	0.0362927
0.017826	-0.395936	0.0606155
0.0165836	-0.298178	0.0860531
0.0160872	-0.119134	0.105207
0.0161025	0.00366278	0.112853
0.0176054	0.360706	0.112608
0.0197716	0.519887	0.0894189
0.0219661	0.526689	0.0560017
0.0238034	0.440936	0.0221497
0.0249878	0.284265	-0.00618923
0.0249878	4.98453e-07	-0.0244582
0.0243271	-0.15856	-0.0244585
0.0229283	-0.335722	-0.0142693
0.0208826	-0.490957	0.00730403
0.0185568	-0.558204	0.0388516
0.016459	-0.503471	0.0747185
0.0150283	-0.343375	0.107066
0.0150283	1.91513e-15	0.129122
0.0151877	0.0382529	0.129111
0.0161666	0.23495	0.126642
0.0185284	0.566825	0.111533
0.0217275	0.767785	0.0750983
0.0251011	0.809662	0.0257516
0.0278835	0.667778	-0.0262827
0.0278835	0	-0.0691957
0.0266782	-0.289262	-0.0691928
0.0251492	-0.366972	-0.0506013
0.023208	-0.465885	-0.0270173
0.0209827	-0.53407	0.0029214
0.0184643	-0.604426	0.0372398
0.0162516	-0.531042	0.0760771
0.014285	-0.47197	0.110196
0.0137608	-0.125812	0.140516
0.0146598	0.21576	0.14859
0.0163209	0.398657	0.134712
0.0183246	0.480898	0.109082
0.0203221	0.4794	0.0781694
0.0218448	0.365435	0.0473548
0.0218448	0	0.0238659
0.0209139	-0.223413	0.0238624
0.0199991	-0.21954	0.0382158
0.0191897	-0.194263	0.0523194
0.0185269	-0.159084	0.0647977
0.0179069	-0.14878	0.0750144
0.0176402	-0.0640308	0.0845682
0.0175472	-0.0223076	0.0886753
0.0177329	0.0445655	0.0901008
0.0191293	0.335132	0.0872287
0.0211526	0.485591	0.0656845
0.0232469	0.502632	0.0344729
0.0249314	0.404295	0.00216829
0.025902	0.23294	-0.0238146
0.025902	5.666e-07	-0.0387842
0.0251134	-0.18928	-0.0387834
0.0236171	-0.359095	-0.0266191
0.0215771	-0.489606	-0.00354296
0.0189357	-0.633927	0.0279186
0.0160406	-0.694839	0.0686523
0.0139072	-0.512017	0.113297
0.0139072	5.77316e-15	0.146191
0.0139984	0.0218847	0.146179
0.0148055	0.193705	0.144761
0.016727	0.461173	0.132301
0.0194982	0.665072	0.102654
0.0225669	0.736493	0.0599058
0.0252106	0.634493	0.0125711
0.0252106	-3.09749e-07	-0.0282056
0.0248517	-0.0861242	-0.0282055
0.0243561	-0.118965	-0.022671
0.0235149	-0.201886	-0.0150264
0.022125	-0.333558	-0.00205357
0.020367	-0.421923	0.0193798
0.0188648	-0.360525	0.0464903
0.0165263	-0.561247	0.0696533
0.0159304	-0.143013	0.105714
0.0163958	0.11168	0.114895
0.0175869	0.285876	0.107708
0.0193113	0.413863	0.0893277
0.0211957	0.452259	0.0627239
0.0228907	0.406794	0.0336545
0.0234078	0.124102	0.00750873
0.023028	-0.091156	-0.00046877
0.0215805	-0.347397	0.00538724
0.0192438	-0.56081	0.0277095
0.0171466	-0.503329	0.0637446
0.0154859	-0.398574	0.0960833
0.0142204	-0.303713	0.121688
0.0137269	-0.118446	0.141195
0.0137269	0	0.148795
0.0150657	0.321311	0.148783
0.0173522	0.548778	0.128122
0.0202909	0.705283	0.092846
0.0232662	0.714058	0.0475146
0.0256351	0.568537	0.00162239
0.0265579	0.221489	-0.0349151
0.0265579	5.95962e-07	-0.0491479
0.0256542	-0.216896	-0.0491465
0.0242357	-0.340437	-0.0352068
0.0230619	-0.281711	-0.013329
0.0212436	-0.436387	0.00477332
0.0212436	0	0.0328143
0.0212436	0	0.0328101
0.0212436	0	0.0328059
0.0215949	0.0842954	0.0328018
0.0222417	0.15523	0.0273806
0.0231315	0.213552	0.0174013
0.023967	0.200522	0.00367492
0.0242606	0.07046	-0.00921323
0.0242606	0	-0.0137424
0.0242387	-0.00524272	-0.0137434
0.0242387	1.91083e-09	-0.0134074
0.0241814	-0.0137508	-0.0134084
0.0235431	-0.153197	-0.0125257
0.022216	-0.31851	-0.002682
0.0206867	-0.367032	0.0177845
0.0196154	-0.257106	0.0413676
0.0196154	0	0.057885
0.0208334	0.292312	0.0578791
0.0227198	0.452735	0.0390886
0.0246517	0.463655	0.00999024
0.0261293	0.354634	-0.0198079
0.0269608	0.199564	-0.042598
0.0269608	0	-0.0554214
0.0259843	-0.234368	-0.0554195
0.0242813	-0.408711	-0.0403565
0.0223162	-0.471631	-0.014091
0.0200152	-0.552248	0.0162161
0.0177372	-0.54671	0.0517018
0.0158843	-0.444708	0.0868291
0.0149837	-0.216121	0.115399
0.0149837	0	0.129278
0.0149837	-1.11022e-16	0.129267
0.015202	0.0523799	0.129256
0.0162213	0.244641	0.125879
0.0175484	0.318504	0.110147
0.0187445	0.287067	0.08967
0.0190802	0.0805453	0.0712143
0.0188456	-0.0562891	0.0660314
0.0177078	-0.273077	0.0696422
0.0177605	0.0126392	0.087184
0.0177605	-3.88609e-10	0.0863639
0.0176633	-0.0233128	0.086356
0.0183154	0.156491	0.0878463
0.0183154	0	0.0777818
0.0183154	0	0.0777746
0.0184279	0.0270115	0.0777673
0.0192767	0.2037	0.0760242
0.0205801	0.312818	0.0629268
0.0221603	0.379251	0.0428181
0.0226908	0.127315	0.0184417
0.0229548	0.0633726	0.010257
0.0229548	5.90495e-09	0.00618195
0.0229018	-0.012736	0.00617961
0.0227805	-0.0290975	0.00699572
0.022371	-0.0982918	0.0088632
0.021469	-0.216475	0.0151771
0.0202946	-0.281845	0.0290853
0.0193486	-0.227039	0.0471934
0.0193486	7.14118e-09	0.0617783
0.0203028	0.228992	0.0617721
0.0220051	0.408565	0.0470504
0.0239158	0.458554	0.0207899
0.0254706	0.37315	-0.00868113
0.0265345	0.255337	-0.0326619
0.0266336	0.023799	-0.04907
0.0261972	-0.10474	-0.0505979
0.0247323	-0.351578	-0.0438655
0.0225684	-0.519333	-0.0212712
0.0197834	-0.668407	0.0121019
0.0169002	-0.691964	0.0550525
0.0144179	-0.595759	0.0995139
0.012853	-0.37557	0.13779
0.012853	0	0.161913
0.0143384	0.356495	0.1619
0.0176748	0.800751	0.138978
0.0197403	0.495714	0.0875086
0.0218619	0.509179	0.0556449
0.0235377	0.402201	0.0229182
0.0257975	0.542352	-0.00293158
0.0262368	0.105414	-0.037786
0.0255977	-0.153375	-0.0445595
0.0248626	-0.176419	-0.0347021
0.0242993	-0.135207	-0.0233645
0.0235856	-0.171281	-0.0146761
0.022677	-0.218067	-0.00367005
0.0218214	-0.205329	0.0103418
0.0213348	-0.116796	0.0235341
0.0213348	0	0.0310361
0.0219029	0.136343	0.0310321
0.0226268	0.173739	0.0222663
0.0234527	0.198224	0.011098
0.0242038	0.180251	-0.00164301
0.0244758	0.0652891	-0.0132281
0.0240484	-0.102583	-0.0174248
0.0238379	-0.0505075	-0.0108332
0.0228946	-0.22641	-0.00758866
0.0226325	-0.062902	0.00695959
0.021972	-0.158522	0.0109994
0.02071	-0.302872	0.0211837
0.0191381	-0.377241	0.0406436
0.0179559	-0.283735	0.0648812
0.0179559	-2.77556e-17	0.0831083
0.0192141	0.301975	0.0831007
0.0202916	0.258583	0.0636874
0.0214004	0.266113	0.047064
0.0223557	0.229273	0.0299579
0.0228738	0.124353	0.0152203
0.0228738	0	0.00722609
0.0221861	-0.165046	0.00722368
0.0208699	-0.315906	0.0178275
0.0195146	-0.325268	0.0381252
0.0180572	-0.349775	0.0590231
0.0165764	-0.355376	0.0814944
0.0165764	1.27733e-07	0.104324
0.0165765	9.80089e-07	0.104315
0.0165765	-9.14101e-08	0.104306
0.0173899	0.195239	0.104297
0.0185744	0.284257	0.0917411
0.020174	0.383912	0.0734659
0.020174	-2.33147e-15	0.0487878
0.020174	0	0.0487826
0.0201578	-0.00388099	0.0487773
0.0201578	3.33067e-16	0.0490214
0.0201579	1.5515e-05	0.0490161
0.0201579	3.34032e-06	0.0490098
0.0201579	-7.63804e-06	0.0490043
0.0201579	1.38778e-17	0.0489995
0.0201579	2.77556e-17	0.0489942
0.0201579	-1.38778e-17	0.0489889
0.0201579	2.77556e-17	0.0489836
0.0205717	0.0993286	0.0489784
0.0211869	0.14764	0.04259
0.0211869	0	0.0330974
0.0211869	5.55112e-17	0.0330933
0.0212044	0.00420492	0.0330891
0.0212044	0	0.0328147
0.0210213	-0.0439591	0.0328105
0.0202061	-0.195642	0.0356312
0.0202061	8.978e-07	0.0481992
0.0202682	0.0149146	0.0481939
0.0202682	4.97581e-10	0.0472303
0.0201405	-0.0306656	0.0472251
0.0200531	-0.0209762	0.0491906
0.0200531	0	0.0505332
0.0206711	0.148342	0.0505278
0.0218006	0.271078	0.0409896
0.023079	0.306802	0.0235648
0.0219444	-0.272308	0.00384551
0.0218698	-0.017899	0.0213425
0.0218698	0	0.0224893
0.0218698	0	0.0224858
0.0211378	-0.175673	0.0224824
0.0201206	-0.244124	0.0337681
0.0192186	-0.216491	0.0494518
0.0184119	-0.193597	0.0633587
0.017706	-0.169434	0.0757934
0.0167452	-0.230587	0.0866744
0.0172877	0.130197	0.101485
0.0182178	0.223237	0.0931089
0.0195965	0.330888	0.0787549
0.0210288	0.343751	0.0574839
0.0227052	0.402327	0.0353878
0.0242115	0.361509	0.00952903
0.0242115	2.53227e-08	-0.0137049
0.0242115	7.53951e-09	-0.0137059
0.0242115	4.14738e-09	-0.0137068
0.0242115	4.88677e-09	-0.0137078
0.0242115	4.69777e-09	-0.0137087
0.0242115	6.40613e-09	-0.0137097
0.0242115	-3.7542e-09	-0.0137106
0.0242115	-2.77556e-17	-0.0137116
0.0242115	-5.55112e-17	-0.0137126
0.0242115	0	-0.0137135
0.0242115	0	-0.0137145
0.0242115	0	-0.0137154
0.0241784	-0.00793369	-0.0137164
0.0236529	-0.126113	-0.0132075
0.0231374	-0.123739	-0.0051042
0.0228042	-0.0799527	0.002846
0.0228042	0	0.00798183
0.0245484	0.418613	0.00797938
0.0263335	0.428408	-0.0189241
0.0278117	0.354776	-0.0464551
0.0285656	0.180944	-0.0692526
0.0285656	5.22981e-08	-0.0808775
0.0285656	0	-0.0808738
0.027575	-0.237765	-0.0808702
0.0256526	-0.46136	-0.0655872
0.0222152	-0.824981	-0.0359365
0.0207382	-0.354483	0.0170792
0.0200006	-0.177016	0.039856
0.0200006	0	0.0512267
0.0205507	0.13201	0.0512213
0.0215518	0.240262	0.0427326
0.0226699	0.268346	0.0272879
0.0233603	0.165707	0.0100396
0.0233603	-2.77556e-17	-0.000611664
0.0221455	-0.291562	-0.000613527
0.0199962	-0.515818	0.018121
0.0173819	-0.627436	0.0512655
0.0148189	-0.615122	0.0915805
0.0131015	-0.412165	0.131101
0.0126039	-0.119438	0.157577
0.0128839	0.0672055	0.16524
0.0147651	0.451493	0.160907
0.0174635	0.6476	0.131881
0.0203079	0.682659	0.0902533
0.0228187	0.602586	0.046376
0.0242521	0.34403	0.00764731
0.0242521	0	-0.0144633
0.0233269	-0.222043	-0.0144642
0.0218382	-0.357291	-0.000196129
0.0198188	-0.484668	0.0227623
0.0177762	-0.490225	0.0539046
0.0163951	-0.331445	0.085402
0.0163951	3.2593e-08	0.106694
0.0163964	0.000302741	0.106684
0.0184028	0.48153	0.106656
0.0212143	0.674753	0.0757021
0.0244067	0.766187	0.0323338
0.0273048	0.695534	-0.0169072
0.0282643	0.230297	-0.0616045
0.0282643	3.4718e-09	-0.0764016
0.0278217	-0.106232	-0.0763982
0.0267738	-0.251501	-0.0695681
0.0252678	-0.361429	-0.0534032
0.0231419	-0.51023	-0.0301752
0.0207355	-0.577525	0.00261345
0.0185149	-0.532943	0.0397244
0.0169866	-0.366788	0.0739678
0.0169866	4.50179e-09	0.0975314
0.0177932	0.193564	0.0975228
0.0189874	0.28661	0.0850753
0.0202187	0.295529	0.0666493
0.0212761	0.253757	0.0476514
0.022055	0.186957	0.0313392
0.022055	0	0.0193209
0.0212575	-0.191402	0.0193177
0.0212575	0	0.0316143
0.0205931	-0.159467	0.0316102
0.0196129	-0.235256	0.0418538
0.0185269	-0.260633	0.0569671
0.0179106	-0.147907	0.0737102
0.0178157	-0.0227867	0.083208
0.0178157	7.73557e-08	0.0846646
0.0192161	0.336104	0.0846569
0.021334	0.508308	0.0630503
0.0234731	0.513383	0.0303791
0.0252015	0.414805	-0.00261604
0.0262642	0.255054	-0.029274
0.0262642	6.25256e-07	-0.0456643
0.0257074	-0.133636	-0.045663
0.0241706	-0.36883	-0.0370741
0.0215746	-0.623047	-0.0133716
0.0185673	-0.721751	0.0266658
0.0159312	-0.632658	0.0730434
0.0141946	-0.416782	0.113692
0.0135884	-0.145491	0.140466
0.0135884	0	0.149804
0.0145158	0.222571	0.149792
0.0169422	0.582342	0.135477
0.0201727	0.775307	0.0980427
0.0235226	0.803992	0.048211
0.0264612	0.705263	-0.00346048
0.0281355	0.401829	-0.0487839
0.0281355	4.46466e-08	-0.0746049
0.0270223	-0.267161	-0.0746016
0.024582	-0.585676	-0.05743
0.0211226	-0.830263	-0.0197911
0.0173939	-0.894896	0.0335629
0.013979	-0.819566	0.0910667
0.0115654	-0.579258	0.143726
0.0109808	-0.140312	0.180938
0.0121868	0.289447	0.189941
0.014419	0.535721	0.171325
0.0170813	0.638947	0.136885
0.0197094	0.630744	0.0958131
0.0219708	0.542739	0.0552716
0.0229449	0.233784	0.0203882
0.0229449	0	0.00536144
0.0217566	-0.285192	0.00535917
0.0209752	-0.187538	0.023684
0.0198219	-0.27679	0.0357321
0.0187769	-0.250788	0.0535149
0.0181699	-0.145689	0.0696255
0.0181699	-1.53435e-07	0.0789811
0.0181699	0	0.0789737
0.0196453	0.354094	0.0789664
0.0215796	0.464232	0.0562041
0.0236698	0.501643	0.0263658
0.0254218	0.42049	-0.00587468
0.0263813	0.230266	-0.0328978
0.0263813	5.66027e-07	-0.0476948
0.0255732	-0.193938	-0.0476935
0.0242341	-0.321386	-0.0352292
0.0224752	-0.422137	-0.0145757
0.0202094	-0.543793	0.0125509
0.0177122	-0.599324	0.0474934
0.0153825	-0.559129	0.0860022
0.0128971	-0.596496	0.121925
0.0124445	-0.108626	0.160247
0.0134645	0.244803	0.167215
0.0155409	0.498334	0.15147
0.0181802	0.633449	0.119433
0.0208748	0.646692	0.0787162
0.0231878	0.555114	0.0371509
0.0245931	0.337291	0.00147362
0.0245931	0	-0.0202034
0.0241682	-0.101998	-0.0202039
0.0229284	-0.297541	-0.0136498
0.0211582	-0.424846	0.00546985
0.019291	-0.448125	0.0327691
0.0175811	-0.410376	0.0615625
0.0165361	-0.250813	0.087928
0.0165361	4.28938e-07	0.104038
0.0179571	0.34104	0.104029
0.0199718	0.483544	0.0821036
0.0219392	0.472172	0.0510224
0.0234961	0.373657	0.0206742
0.0244378	0.225996	-0.00334117
0.0244378	0	-0.0178658
0.0221916	-0.539077	-0.0178665
0.0210176	-0.281772	0.0167751
0.0192976	-0.412803	0.0348794
0.0182169	-0.259366	0.0614028
0.0174532	-0.183285	0.078064
0.0171951	-0.0619388	0.089835
0.0171951	1.38778e-17	0.0938072
0.0171951	-5.55112e-17	0.0937989
0.0176643	0.112606	0.0937905
0.0193898	0.414112	0.0865458
0.0218235	0.584108	0.0599261
0.0242745	0.588233	0.022384
0.0261114	0.440849	-0.0154206
0.0261114	2.23751e-09	-0.0437514
0.0253215	-0.189569	-0.0437503
0.0238836	-0.345091	-0.031567
0.0222147	-0.400545	-0.00939044
0.0202063	-0.482004	0.0163482
0.0178368	-0.568695	0.0473198
0.015594	-0.538279	0.0838603
0.014129	-0.351592	0.118444
0.0139647	-0.0394371	0.141028
0.0141842	0.0526957	0.14355
0.0151967	0.243005	0.140152
0.0168907	0.406538	0.124525
0.0187994	0.458099	0.098389
0.0204865	0.404904	0.0689418
0.0218464	0.326387	0.0429151
0.0218464	-3.87985e-07	0.0219359
0.0216316	-0.0515538	0.0219325
0.021047	-0.140324	0.0252421
0.0200849	-0.230889	0.0342559
0.0190871	-0.239482	0.0490891
0.0183176	-0.184666	0.0644734
0.018145	-0.0414294	0.0763341
0.018145	3.91476e-09	0.0789893
0.0192934	0.275621	0.0789819
0.0210753	0.427655	0.0612626
0.0210753	1.89133e-07	0.0337744
0.0211418	0.0159508	0.0337701
0.0211418	5.55112e-17	0.0327409
0.0211418	0	0.0327367
0.0211418	2.0724e-06	0.0327325
0.020978	-0.0393168	0.0327282
0.020978	1.63999e-07	0.0352507
0.0207131	-0.0635631	0.0352463
0.020448	-0.0636255	0.0393267
0.0203967	-0.012331	0.0434108
0.0203967	-1.73472e-18	0.0441983
0.0203967	0	0.0441933
0.0203967	0	0.0441884
0.0213769	0.235267	0.0441834
0.0229311	0.372991	0.0290597
0.0245345	0.38482	0.00508654
0.0256912	0.277607	-0.0196451
0.0258582	0.0400846	-0.0374853
0.0253012	-0.133674	-0.0400605
0.0237899	-0.362709	-0.0314695
0.0222824	-0.361812	-0.00816074
0.020276	-0.48153	0.0150887
0.0175683	-0.649845	0.04603
0.0146906	-0.690657	0.0877854
0.0122617	-0.582943	0.132161
0.0117584	-0.120779	0.169611
0.0114575	-0.0722258	0.177359
0.0123605	0.216733	0.181986
0.0142158	0.445264	0.168044
0.0166686	0.588681	0.139417
0.0192795	0.626606	0.101575
0.0215252	0.538983	0.061299
0.0218113	0.0686518	0.0266567
0.0218113	0	0.0222412
0.021196	-0.14768	0.0222378
0.0204696	-0.174338	0.0317246
0.0195415	-0.222744	0.0429238
0.0187664	-0.186021	0.057233
0.0183986	-0.0882696	0.0691812
0.0183986	-4.16765e-07	0.074847
0.0187448	0.0830895	0.0748399
0.0202741	0.367039	0.0694933
0.0222263	0.468532	0.0458999
0.023998	0.42519	0.0157859
0.0252573	0.302252	-0.0115407
0.025771	0.123279	-0.0309652
0.025771	8.48259e-07	-0.0388872
0.0250009	-0.184825	-0.0388864
0.0236063	-0.334712	-0.0270084
0.0217717	-0.440298	-0.00549907
0.019461	-0.554574	0.0227939
0.0172381	-0.533492	0.0584286
0.0155397	-0.40762	0.092706
0.015373	-0.0400117	0.118892
0.015373	0	0.121453
0.0155202	0.035343	0.121443
0.0165439	0.245676	0.119162
0.0182894	0.418939	0.103364
0.0202926	0.480754	0.0764328
0.0224023	0.506336	0.0455313
0.023598	0.286952	0.012988
0.023598	2.50298e-06	-0.00545501
0.023008	-0.14158	-0.0054567
0.0219599	-0.251546	0.00364003
0.0202852	-0.401948	0.0198028
0.0181771	-0.50594	0.0456296
0.0161372	-0.489558	0.0781374
0.0146653	-0.353278	0.10959
0.0144993	-0.0398313	0.132283
0.0146964	0.0472963	0.134832
0.0157451	0.251704	0.131781
0.01712	0.329972	0.115595
0.0184415	0.317149	0.0943805
0.0195225	0.259441	0.0739913
0.0197588	0.056727	0.057312
0.0195851	-0.0416944	0.0536608
0.0192109	-0.0898188	0.0563345
0.0190722	-0.0332743	0.0621007
0.0185479	-0.125845	0.0642328
0.0184064	-0.0339439	0.0723135
0.0184064	0	0.0744879
0.0184064	0	0.0744809
0.0184276	0.00508224	0.0744738
0.0200557	0.390742	0.0741402
0.0223048	0.539772	0.0490232
0.0241627	0.445911	0.0143309
0.0257768	0.387384	-0.0143272
0.0266728	0.215048	-0.0392223
0.0266729	9.57657e-07	-0.0530409
0.0260383	-0.152285	-0.0530392
0.0246674	-0.329014	-0.0432512
0.0228912	-0.426294	-0.022107
0.0206403	-0.540225	0.00528725
0.0180492	-0.621863	0.040001
0.0161481	-0.456251	0.0799587
0.0161481	1.11022e-16	0.109271
0.0161481	0	0.109262
0.01693	0.187652	0.109252
0.0182548	0.31795	0.0971837
0.0199632	0.410015	0.0767429
0.0216451	0.403647	0.0503873
0.0228948	0.299938	0.0244426
0.0228948	0	0.00516433
0.0219965	-0.215596	0.00516208
0.0219646	-0.00766603	0.0190145
0.0220353	0.0169734	0.0195039
0.021371	-0.159434	0.0184099
0.0205552	-0.195791	0.0286523
0.0196756	-0.211095	0.0412304
0.0192266	-0.107758	0.0547911
0.0192266	3.69282e-08	0.0617102
0.0202879	0.254711	0.061704
0.0218832	0.38286	0.0453296
0.0234339	0.372166	0.0207211
0.0243518	0.220304	-0.00319843
0.0244596	0.0258774	-0.0173573
0.0244596	9.98257e-08	-0.019021
0.0242175	-0.0581078	-0.0190215
0.0235535	-0.159347	-0.015288
0.02222	-0.320058	-0.00504887
0.020404	-0.435829	0.0155172
0.0186403	-0.423293	0.0435216
0.0174014	-0.297324	0.0707185
0.0171263	-0.0660375	0.0898184
0.0171263	1.30589e-08	0.094054
0.0181429	0.243993	0.0940456
0.0201467	0.4809	0.0783577
0.0227385	0.622036	0.0474467
0.0244988	0.42247	0.00746809
0.0257043	0.289318	-0.0196832
0.0253151	-0.093399	-0.0382759
0.0252814	-0.00808028	-0.0322731
0.0252814	-5.7937e-06	-0.0317535
0.0252814	0	-0.0317529
0.0252145	-0.0160519	-0.0317526
0.0249676	-0.0592571	-0.0307207
0.0247713	-0.0471238	-0.0269125
0.0247713	0	-0.0238843
0.0247713	5.55112e-17	-0.0238845
0.0247713	0	-0.0238848
0.0249128	0.0339538	-0.023885
0.0251117	0.0477548	-0.0260672
0.0251117	0	-0.0291362
0.0239969	-0.267553	-0.029136
0.0229036	-0.262388	-0.0119424
0.0220552	-0.203622	0.00491818
0.0217188	-0.080732	0.0180012
0.0217188	0	0.023186
0.0217188	0	0.0231825
0.0217188	0	0.023179
0.0219721	0.060771	0.0231755
0.0219721	0	0.0192668
0.0219721	0	0.0192635
0.0219721	0	0.0192603
0.0219721	0	0.0192571
0.021609	-0.0871209	0.0192538
0.0203464	-0.303034	0.0248492
0.0185589	-0.428995	0.0443192
0.0166839	-0.45	0.0718824
0.0151197	-0.375407	0.100794
0.0143261	-0.190483	0.124909
0.0143261	0	0.13714
0.0152109	0.212371	0.137128
0.0170533	0.442174	0.123469
0.0188452	0.430062	0.0950439
0.0219554	0.746435	0.0673987
0.0247866	0.679491	0.0194246
0.028593	0.913529	-0.0242442
0.0314295	0.680772	-0.0829498
0.0329878	0.373987	-0.126694
0.0325478	-0.10559	-0.15072
0.0323515	-0.0471195	-0.143926
0.0323515	6.93889e-18	-0.14089
0.0323462	-0.00128454	-0.140882
0.0323462	2.04857e-07	-0.140792
0.0323462	2.07812e-07	-0.140784
0.0323462	1.78488e-07	-0.140776
0.0321722	-0.0417406	-0.140769
0.0318544	-0.0762827	-0.138078
0.0313938	-0.110552	-0.133169
0.0299064	-0.356965	-0.126057
0.0282768	-0.391115	-0.103111
0.0264853	-0.429943	-0.0779717
0.0247655	-0.412765	-0.0503391
0.023312	-0.348839	-0.0238123
0.0223543	-0.229834	-0.00139537
0.0223543	0	0.0133725
0.0223543	0	0.0133697
0.0223543	0	0.0133668
0.0223543	0	0.013364
0.0223543	5.55112e-17	0.0133612
0.0223543	0	0.0133584
0.0223543	0	0.0133556
0.0223543	0	0.0133527
0.0223543	0	0.0133499
0.0220783	-0.0662392	0.0133471
0.0220783	0	0.017601
0.0220783	0	0.0175978
0.0220783	1.38778e-17	0.0175947
0.0220783	1.38778e-17	0.0175916
0.0220783	0	0.0175885
0.0220783	0	0.0175854
0.0220783	0	0.0175823
0.0220783	0	0.0175792
0.0220783	0	0.0175761
0.0220783	0	0.0175729
0.0220783	0	0.0175698
0.0220783	0	0.0175667
0.0220783	-1.38778e-17	0.0175636
0.0221499	0.017169	0.0175605
0.0221499	1.46225e-07	0.0164541
0.0221499	-1.58694e-08	0.016451
0.0221499	-2.30402e-08	0.016448
0.0221499	-1.9108e-08	0.016445
0.0221499	-1.78578e-08	0.0164419
0.0221499	-7.63496e-09	0.0164389
0.0221499	8.81356e-09	0.0164359
0.0221499	2.6467e-08	0.0164328
0.0221499	3.53194e-08	0.0164298
0.0221499	4.16944e-08	0.0164268
0.0221499	4.6217e-08	0.0164237
0.0221499	5.25519e-08	0.0164207
0.0221499	5.15063e-08	0.0164176
0.0221499	5.01707e-08	0.0164146
0.0221499	3.96452e-08	0.0164116
0.0221499	3.30662e-08	0.0164085
0.0221499	2.89317e-08	0.0164055
0.0221499	2.42543e-08	0.0164025
0.0221499	1.56688e-08	0.0163994
0.0221499	1.61955e-08	0.0163964
0.0221499	-3.23722e-07	0.0163934
0.0221499	0	0.0163904
0.0221499	0	0.0163873
0.0221499	0	0.0163843
0.0221499	0	0.0163813
0.0221499	0	0.0163783
0.0221499	0	0.0163752
0.0221499	0	0.0163722
0.0221499	0	0.0163692
0.0221499	2.77556e-17	0.0163661
0.0221499	0	0.0163631
0.0199892	-0.518558	0.0163601
0.019	-0.237421	0.0496807
0.019	5.55112e-17	0.0649326
0.019	0	0.0649263
0.019	0	0.0649199
0.019	0	0.0649135
0.019	0	0.0649071
0.019	0	0.0649007
0.019	0	0.0648943
0.019	0	0.064888
0.019	2.77556e-17	0.0648816
0.019	0	0.0648752
0.0189301	-0.0167655	0.0648688
0.0186577	-0.0653847	0.0659398
0.0184489	-0.0500978	0.0701352
0.018429	-0.00479032	0.0733478
0.018429	1.38778e-17	0.0736487
0.018429	0	0.0736417
0.018429	-2.77556e-17	0.0736347
0.018429	0	0.0736277
0.018429	0	0.0736207
0.018429	0	0.0736138
0.018429	0	0.0736068
0.018429	0	0.0735998
0.018429	0	0.0735928
0.018429	0	0.0735858
0.018429	0	0.0735789
0.018429	0	0.0735719
0.018429	0	0.0735649
0.0194436	0.243516	0.0735579
0.0194604	0.00403145	0.057902
0.0194604	0	0.0576371
0.0194604	0	0.0576312
0.0194604	0	0.0576253
0.0194604	0	0.0576194
0.0194604	0	0.0576136
0.0194604	0	0.0576077
0.0194604	0	0.0576018
0.0194604	0	0.0575959
0.0194604	0	0.0575901
0.0194604	0	0.0575842
0.0194604	0	0.0575783
0.0190587	-0.0964152	0.0575724
0.0190587	1.78629e-06	0.0637624
0.0190587	4.02114e-06	0.063756
0.0190587	0	0.0637494
0.0190587	0	0.0637431
0.0190587	0	0.0637368
0.0191481	0.0214474	0.0637305
0.0191481	0	0.062346
0.0191481	0	0.0623398
0.0191481	2.54624e-06	0.0623336
0.0191481	2.13962e-06	0.0623272
0.0191481	1.38751e-06	0.0623209
0.0191481	1.11087e-06	0.0623146
0.0191481	6.10198e-07	0.0623083
0.0191481	-3.60858e-07	0.0623021
0.0187633	-0.0923615	0.0622959
0.0187633	6.93889e-18	0.0682251
0.0187633	0	0.0682184
0.0187633	2.77556e-17	0.0682118
0.0187633	0	0.0682052
0.0187633	0	0.0681986
0.0187633	0	0.068192
0.0187633	0	0.0681854
0.0187633	0	0.0681788
0.0187586	-0.00112524	0.0681722
0.0189275	0.0405375	0.0682379
0.0189275	1.32298e-06	0.0656263
0.0189275	8.20313e-07	0.0656198
0.0189275	-2.57686e-08	0.0656133
0.0189235	-0.000947594	0.0656068
0.0189186	-0.0011958	0.0656613
0.0189186	0	0.0657317
0.0189186	0	0.0657253
0.0189186	0	0.0657189
0.0186887	-0.0551752	0.0657124
0.0186887	0	0.0692517
0.0186887	0	0.069245
0.0186887	0	0.0692383
0.0186887	0	0.0692316
0.0186887	0	0.0692249
0.0186887	0	0.0692183
0.0186887	0	0.0692116
0.0186887	0	0.0692049
0.0186887	0	0.0691982
0.0186887	0	0.0691916
0.0186887	0	0.0691849
0.0186887	0	0.0691782
0.0185304	-0.037979	0.0691715
0.0185304	0	0.0716055
0.0185304	0	0.0715986
0.0185304	0	0.0715918
0.0185304	0	0.071585
0.0185304	0	0.0715781
0.0185304	0	0.0715713
0.0185304	0	0.0715644
0.0185304	2.77556e-17	0.0715576
0.0185304	0	0.0715508
0.0185304	0	0.0715439
0.018768	0.0570142	0.0715371
0.018768	1.38778e-17	0.0678664
0.018768	5.55112e-17	0.0678598
0.018768	0	0.0678532
0.018768	0	0.0678467
0.018768	0	0.0678401
0.018768	0	0.0678335
0.018768	5.55112e-17	0.0678269
0.0200754	0.313788	0.0678203
0.0220406	0.47163	0.047649
0.023453	0.338997	0.0173358
0.0238673	0.099412	-0.00445198
0.0238673	3.83211e-08	-0.010842
0.0237854	-0.0196571	-0.0108431
0.0237063	-0.0189792	-0.00958109
0.0237063	0	-0.00836267
0.0237063	1.38778e-17	-0.00836398
0.0237063	0	-0.0083653
0.0237063	0	-0.00836662
0.0237063	0	-0.00836793
0.0237063	0	-0.00836925
0.0237063	0	-0.00837056
0.0237063	0	-0.00837188
0.0237063	0	-0.00837319
0.0237063	0	-0.00837451
0.0237063	0	-0.00837583
0.0237063	0	-0.00837714
0.0237063	0	-0.00837846
0.0237063	0	-0.00837977
0.0231033	-0.144705	-0.00838109
0.0231331	0.00714358	0.000916698
0.0231331	2.07708e-07	0.000455678
0.0231331	5.19221e-09	0.00045374
0.0231331	5.40123e-09	0.000451814
0.0231331	5.24944e-08	0.000449889
0.0231331	4.27529e-08	0.000447961
0.0231331	4.45993e-08	0.000446034
0.0231331	5.27978e-08	0.000444106
0.0231331	7.38759e-08	0.000442178
0.0231331	8.86798e-08	0.000440249
0.0231331	9.43391e-08	0.00043832
0.0231331	6.33804e-08	0.00043639
0.0231331	1.3767e-07	0.000434462
0.0231054	-0.00663941	0.000432529
0.0231054	9.24629e-09	0.000857269
0.0231054	-1.96994e-08	0.000855316
0.0231054	1.38778e-17	0.000853364
0.0231054	0	0.000851412
0.0231054	0	0.000849459
0.0231054	0	0.000847507
0.0231054	0	0.000845555
0.0233631	0.0618306	0.000843603
0.0233631	0	-0.00313172
0.0233631	-2.21794e-08	-0.0031334
0.0233631	1.01122e-07	-0.00313508
0.0233631	4.03579e-08	-0.00313676
0.0231708	-0.0461535	-0.00313844
0.0229611	-0.0503235	-0.000174187
0.0229194	-0.0100031	0.00305783
0.0229194	3.39132e-08	0.00369855
0.0229194	0	0.0036964
0.0229194	0	0.00369425
0.0229194	7.49401e-16	0.0036921
0.0229194	0	0.00368995
0.0229194	0	0.0036878
0.0229194	0	0.00368566
0.0229194	0	0.00368351
0.0229194	0	0.00368136
0.0229194	0	0.00367921
0.0229194	0	0.00367707
0.0229194	0	0.00367492
0.0229194	0	0.00367277
0.0230026	0.019974	0.00367062
0.0230026	1.69931e-07	0.00238491
0.0230026	-6.27157e-09	0.00238284
0.0230026	-4.60637e-09	0.00238078
0.0230026	0	0.00237872
0.0230026	0	0.00237666
0.0230026	0	0.00237461
0.0230026	2.77556e-17	0.00237255
0.0230026	2.77556e-17	0.00237049
0.0230026	0	0.00236843
0.0230026	0	0.00236638
0.0230026	0	0.00236432
0.0230026	2.40164e-07	0.00236226
0.0230026	2.04697e-16	0.00236019
0.0230026	5.89806e-17	0.00235814
0.0230026	2.73185e-08	0.00235608
0.0230026	4.16334e-17	0.00235402
0.0230026	0	0.00235197
0.0230026	0	0.00234991
0.0230026	0	0.00234786
0.0230026	0	0.0023458
0.024815	0.434976	0.00234375
0.0251917	0.0904081	-0.0256108
0.0253024	0.026565	-0.0314208
0.0253024	7.39731e-08	-0.0331276
0.0253024	1.75808e-08	-0.0331272
0.0249049	-0.0954025	-0.0331268
0.024325	-0.139177	-0.0269957
0.0238631	-0.110863	-0.0180519
0.0238578	-0.00126266	-0.0109282
0.0238578	0	-0.0108482
0.0238578	0	-0.0108493
0.0238578	-2.77556e-17	-0.0108505
0.0238578	0	-0.0108516
0.0238578	0	-0.0108528
0.0238578	0	-0.0108539
0.0238578	0	-0.0108551
0.0238578	0	-0.0108562
0.0238578	0	-0.0108573
0.0238578	0	-0.0108585
0.0238578	0	-0.0108596
0.0238578	0	-0.0108608
0.0238578	5.4763e-06	-0.0108619
0.0229476	-0.218453	-0.0108634
0.0223643	-0.139988	0.00317371
0.0223643	1.28053e-08	0.0121675
0.0223643	0	0.0121648
0.0223643	0	0.0121621
0.0223643	0	0.0121593
0.0223643	0	0.0121566
0.0223643	-7.51371e-07	0.0121539
0.0223643	1.13864e-06	0.0121512
0.0223643	7.8249e-07	0.0121484
0.0223643	6.01379e-07	0.0121456
0.0223643	-1.32222e-07	0.0121428
0.0222828	-0.0195653	0.0121401
0.0211656	-0.268122	0.0133947
0.0205255	-0.153634	0.030622
0.0205189	-0.00157136	0.0404909
0.0205189	1.94289e-16	0.0405872
0.0205189	0	0.0405825
0.0205189	0	0.0405778
0.0205189	0	0.0405731
0.0205189	0	0.0405684
0.0205189	0	0.0405637
0.022396	0.450503	0.040559
0.0233136	0.220221	0.011604
0.0233136	9.20656e-07	-0.00255058
