0.37039	0.23687	0.295319
9.30985e-20	1.48958e-17	0.294495
0.000381281	0.0915075	0.294495
0.000856224	0.113986	0.294177
0.000719454	-0.0328248	0.293781
-0.000912162	-0.391588	0.293895
-0.00470005	-0.909093	0.295256
-0.0100836	-1.29205	0.298416
-0.0162362	-1.47662	0.302907
-0.0216746	-1.30522	0.308039
-0.0245319	-0.685747	0.312576
-0.02331	0.29324	0.314959
-0.0170551	1.50117	0.31394
-0.00612714	2.62272	0.308722
0.00760868	3.2966	0.299606
0.0209169	3.19398	0.288147
0.0299912	2.17783	0.277045
0.0317756	0.428253	0.269475
0.0260001	-1.38613	0.267986
0.0136538	-2.96311	0.272804
-0.00414635	-4.27204	0.283104
-0.023765	-4.70847	0.297953
-0.0400226	-3.90182	0.314319
-0.0484171	-2.01468	0.327881
-0.0470562	0.326617	0.334884
-0.0373835	2.32145	0.333749
-0.0210001	3.932	0.32568
-0.00120057	4.75189	0.312012
0.0163787	4.21902	0.295495
0.0284823	2.90487	0.28083
0.0328815	1.0558	0.270733
0.029403	-0.83483	0.267063
0.019584	-2.35656	0.269964
0.00489023	-3.52651	0.278156
-0.0111638	-3.85296	0.290413
-0.0231159	-2.86852	0.303806
-0.0289055	-1.38949	0.313777
-0.0276268	0.306882	0.318606
-0.0196742	1.90862	0.31754
-0.00668802	3.11669	0.310905
0.00767949	3.4482	0.300072
0.0177327	2.41278	0.288086
0.0202859	0.612752	0.279699
0.0146393	-1.35519	0.277569
0.00171642	-3.10148	0.28228
-0.0160963	-4.27505	0.29306
-0.0352667	-4.6009	0.30792
-0.0513686	-3.86445	0.323912
-0.0583811	-1.68301	0.337345
-0.053301	1.21923	0.343195
-0.0375375	3.78322	0.338957
-0.0127904	5.93931	0.325807
0.0190342	7.6379	0.305162
0.0518663	7.87972	0.278613
0.0771931	6.07842	0.251224
0.091103	3.33837	0.230095
0.0940292	0.702285	0.218491
0.0871664	-1.64707	0.21605
0.0719508	-3.65173	0.221775
0.0497421	-5.3301	0.234468
0.022005	-6.6569	0.252995
-0.0089292	-7.4242	0.276134
-0.03885	-7.18098	0.30194
-0.0608903	-5.28969	0.326901
-0.0712252	-2.48037	0.345287
-0.0711688	0.0135366	0.353909
-0.0621237	2.17083	0.353862
-0.0455938	3.96717	0.346316
-0.0246843	5.01827	0.332526
-0.00332932	5.1252	0.315083
0.0157555	4.58035	0.297268
0.0297872	3.36762	0.281347
0.0361676	1.5313	0.269641
0.0341985	-0.47259	0.264319
0.0250487	-2.19594	0.265961
0.0102993	-3.53985	0.273594
-0.00771246	-4.32283	0.285898
-0.0227172	-3.60115	0.300924
-0.0317103	-2.15834	0.313441
-0.0331853	-0.353986	0.320944
-0.0268081	1.53053	0.322174
-0.0136472	3.1586	0.316854
0.00396964	4.22805	0.305875
0.022105	4.35247	0.291178
0.034105	2.88	0.276049
0.0362504	0.514905	0.266039
0.0292865	-1.67133	0.264249
0.0146498	-3.5128	0.270058
-0.00618656	-5.00073	0.282268
-0.0301421	-5.74934	0.29965
-0.0522561	-5.30736	0.319635
-0.067208	-3.58844	0.338083
-0.0709911	-0.907947	0.350556
-0.0633091	1.84368	0.353712
-0.0463494	4.07033	0.347303
-0.0218855	5.87133	0.333155
0.00850567	7.29389	0.312746
0.0404012	7.65493	0.287393
0.0657354	6.08022	0.260785
0.0792115	3.23426	0.239651
0.081677	0.591721	0.228409
0.0745462	-1.7114	0.226352
0.0594938	-3.61258	0.232301
0.0435397	-3.82899	0.244858
0.0236988	-4.76181	0.258167
0.00306942	-4.95105	0.274718
-0.0144661	-4.20853	0.291928
-0.026005	-2.76932	0.306556
-0.0301895	-1.0043	0.316182
-0.0263047	0.93237	0.319673
-0.0149051	2.73589	0.316432
0.00140689	3.91488	0.306922
0.0163772	3.59288	0.293314
0.0256289	2.22042	0.280826
0.0274508	0.43725	0.273108
0.021371	-1.45915	0.271588
0.00852301	-3.08353	0.27666
-0.00990008	-4.42154	0.287378
-0.03065	-4.97997	0.302747
-0.0491224	-4.43339	0.320056
-0.0581833	-2.17461	0.335467
-0.0553753	0.673924	0.343025
-0.04252	3.08528	0.340683
-0.0211458	5.12981	0.329958
0.00733941	6.83644	0.312128
0.0384467	7.46576	0.288365
0.0657634	6.556	0.262414
0.0828069	4.09044	0.239626
0.0887036	1.4152	0.225408
0.0851635	-0.849621	0.220488
0.0741964	-2.63211	0.223442
0.0573598	-4.04078	0.232591
0.0357756	-5.1802	0.246636
0.0106222	-6.03682	0.264642
-0.0161555	-6.42665	0.285625
-0.0385854	-5.38316	0.307964
-0.0519839	-3.21565	0.326675
-0.0539624	-0.474845	0.337853
-0.0462282	1.85621	0.339503
-0.0305237	3.76908	0.333051
-0.00938194	5.07402	0.31995
0.0110702	4.9085	0.302313
0.0257807	3.53054	0.285251
0.0315598	1.38697	0.272979
0.0276553	-0.937084	0.268158
0.0154407	-2.93149	0.271415
-0.00170531	-4.11504	0.281605
-0.0231776	-5.15335	0.295908
-0.0425324	-4.64515	0.313821
-0.0557305	-3.16756	0.329967
-0.0623443	-1.5873	0.340977
-0.0626015	-0.0617181	0.346495
-0.0572833	1.27636	0.346709
-0.047214	2.41664	0.342272
-0.033135	3.37894	0.333872
-0.0174555	3.76307	0.322127
-0.00461171	3.08252	0.309047
0.00553507	2.43523	0.298332
0.0115873	1.45253	0.289868
0.0128456	0.301987	0.284819
0.00915252	-0.886332	0.283769
0.000989247	-1.95919	0.28685
-0.0103793	-2.72844	0.29366
-0.0223366	-2.86976	0.303143
-0.0133562	6.82991	0.329344
0.0096807	5.52886	0.305603
0.028624	4.54639	0.286385
0.0401853	2.77471	0.270582
0.0429219	0.656802	0.260938
0.0384301	-1.07804	0.258655
0.0281523	-2.46668	0.262402
0.0156177	-3.0083	0.270976
0.00345655	-2.91867	0.281432
-0.00731126	-2.58427	0.291577
-0.0141834	-1.64931	0.30056
-0.0160792	-0.454994	0.306293
-0.0140832	0.479042	0.307874
-0.0145258	-0.106235	0.306209
-0.0152815	-0.181354	0.306578
-0.0182257	-0.706609	0.307209
-0.0224156	-1.00558	0.309665
-0.026084	-0.880433	0.31316
-0.0276018	-0.364264	0.31622
-0.025846	0.42139	0.317486
-0.0203758	1.31285	0.316021
-0.0111339	2.21807	0.311458
0.00205897	3.16628	0.303748
0.0193939	4.16037	0.292742
0.0380916	4.48747	0.278281
0.0539965	3.81715	0.262683
0.0614305	1.78417	0.249415
0.0634812	0.492174	0.243213
0.0601938	-0.788996	0.241502
0.0499895	-2.44902	0.244245
0.0311774	-4.51489	0.252757
0.00491033	-6.30411	0.268451
-0.027303	-7.7312	0.290363
-0.0604828	-7.96314	0.317236
-0.0877149	-6.53571	0.344915
-0.106369	-4.47694	0.367633
-0.115286	-2.14024	0.383194
-0.112962	0.55787	0.390634
-0.0994258	3.24869	0.388694
-0.0763335	5.54214	0.377402
-0.0456631	7.3609	0.358138
-0.00966847	8.63872	0.332552
0.0279035	9.01728	0.302524
0.0553055	6.57647	0.271181
0.0716442	3.92128	0.248322
0.0781837	1.56949	0.234691
0.0765905	-0.382367	0.229236
0.0686285	-1.91089	0.230565
0.0562767	-2.96443	0.237207
0.0432091	-3.13621	0.247511
0.0313631	-2.84305	0.258412
0.0196273	-2.81659	0.268294
0.00779968	-2.83862	0.278085
-0.00462588	-2.98214	0.287951
-0.0158058	-2.68318	0.298317
-0.0267353	-2.62307	0.307643
-0.038749	-2.88329	0.316761
-0.0502293	-2.75529	0.326783
-0.0586826	-2.02877	0.33636
-0.0631556	-1.07354	0.343412
-0.063049	0.0255975	0.347143
-0.0578956	1.23682	0.347054
-0.0473579	2.52903	0.342755
-0.0307642	3.98249	0.333964
-0.00629962	5.87151	0.320122
0.0249038	7.48882	0.299713
0.0525408	6.63287	0.273682
0.0749874	5.38719	0.250626
0.0915419	3.97308	0.231901
0.101716	2.4417	0.218091
0.105086	0.808908	0.209604
0.0998065	-1.2671	0.206792
0.085327	-3.47507	0.211196
0.0630732	-5.34092	0.223275
0.0353418	-6.65554	0.24184
0.00329651	-7.69086	0.264974
-0.0320022	-8.47169	0.291707
-0.0652588	-7.98159	0.321153
-0.0878313	-5.41738	0.348897
-0.0976818	-2.36413	0.367727
-0.0963634	0.316423	0.375945
-0.0857805	2.53989	0.374845
-0.0679721	4.27401	0.366016
-0.0454904	5.39562	0.35116
-0.0286474	4.0423	0.332405
-0.0113779	4.14469	0.318354
0.00549218	4.04882	0.303948
0.0195284	3.36868	0.289874
0.0287165	2.20516	0.278165
0.0317705	0.732965	0.2705
0.0297183	-0.492528	0.267952
0.0261301	-0.861182	0.269664
0.0230167	-0.747213	0.272657
0.0195029	-0.843315	0.275254
0.0157434	-0.902276	0.278186
0.010976	-1.14418	0.281322
0.0050481	-1.42269	0.285299
-0.00234901	-1.77531	0.290244
-0.0133839	-2.64836	0.296415
-0.0278001	-3.4599	0.30562
-0.0430182	-3.65234	0.317647
-0.0552817	-2.94324	0.330342
-0.061915	-1.59198	0.340572
-0.0626294	-0.171457	0.346106
-0.0572913	1.28114	0.346702
-0.0456236	2.80025	0.342248
-0.0263671	4.62155	0.332515
0.00217984	6.85127	0.316451
0.0300049	6.67802	0.292636
0.0569619	6.46968	0.269424
0.0788677	5.25739	0.246936
0.0950647	3.88728	0.228661
0.105002	2.38503	0.215149
0.106529	0.366355	0.206859
0.0981557	-2.00955	0.205585
0.0811807	-4.074	0.21257
0.0571563	-5.76585	0.226731
0.0275067	-7.1159	0.246773
-0.00646374	-8.15291	0.271507
-0.0434467	-8.87591	0.299846
-0.0752172	-7.62493	0.330698
-0.0945006	-4.628	0.357202
-0.101805	-1.75303	0.373288
-0.0993038	0.600268	0.379382
-0.0891118	2.44608	0.377295
-0.0726803	3.94356	0.368793
-0.0531709	4.68224	0.355085
-0.0334028	4.74435	0.33881
-0.0157863	4.22796	0.322319
0.00159375	4.17121	0.307623
0.0175236	3.82316	0.293124
0.0291946	2.80104	0.279835
0.035352	1.47778	0.270098
0.0376115	0.54229	0.264962
0.0378253	0.0512965	0.263077
0.0368292	-0.239061	0.262898
0.0331167	-0.890988	0.263729
0.0261287	-1.67714	0.266826
0.0156888	-2.50557	0.272656
0.000664598	-3.6058	0.281365
-0.0183693	-4.56814	0.293898
-0.0378721	-4.68067	0.309777
-0.05686	-4.55709	0.326046
-0.071156	-3.43106	0.341886
-0.0802624	-2.18552	0.353812
-0.0843129	-0.972121	0.361409
-0.0831246	0.285192	0.364788
-0.0763916	1.61592	0.363796
-0.0638682	3.00561	0.35818
-0.0455981	4.38482	0.347732
-0.0215332	5.77557	0.332491
0.00910356	7.35283	0.312415
0.0427912	8.08502	0.286857
0.073974	7.48388	0.258754
0.0996857	6.1708	0.232741
0.119541	4.76524	0.211292
0.131073	2.76778	0.194728
0.132394	0.316955	0.185107
0.12455	-1.88252	0.184005
0.108698	-3.80458	0.190549
0.0861914	-5.4015	0.203773
0.0584996	-6.64604	0.222548
0.0271547	-7.52276	0.245649
-0.00550381	-7.83805	0.271798
-0.0363026	-7.39172	0.299042
-0.0600804	-5.70667	0.324735
-0.0726556	-3.01805	0.344571
-0.0754691	-0.675232	0.355062
-0.0700786	1.29372	0.357409
-0.0588732	2.68929	0.352912
-0.0456948	3.16282	0.343564
-0.0317943	3.33612	0.33257
-0.0166346	3.63832	0.320974
-0.000353021	3.90759	0.308327
0.0148508	3.64892	0.294745
0.0266774	2.83837	0.282061
0.0333281	1.59618	0.272195
0.0340499	0.173238	0.266647
0.0321616	-0.453192	0.266045
0.0291945	-0.712104	0.26762
0.023798	-1.29517	0.270095
0.0154592	-2.00131	0.274597
0.00493258	-2.52639	0.281553
-0.00716629	-2.90373	0.290335
-0.0195176	-2.96432	0.300428
-0.0310701	-2.77259	0.310732
-0.0421177	-2.65143	0.320369
-0.0511461	-2.1668	0.329585
-0.059384	-1.97711	0.337117
-0.0634581	-0.977773	0.343989
-0.0632301	0.0547012	0.347387
-0.0582376	1.1982	0.347197
-0.047653	2.54032	0.343032
-0.0321088	3.7306	0.334202
-0.0110051	5.06489	0.321235
0.0157144	6.41268	0.30363
0.0439385	6.77377	0.28134
0.0688418	5.97679	0.257794
0.0885438	4.72849	0.23702
0.102773	3.41496	0.220584
0.111426	2.07679	0.208713
0.112158	0.175588	0.201495
0.103018	-2.19351	0.200884
0.0867588	-3.90222	0.208509
0.0630595	-5.68784	0.222072
0.0334748	-7.10034	0.241843
-0.000571833	-8.17118	0.266523
-0.0377293	-8.9178	0.294925
-0.071051	-7.99721	0.325923
-0.0913575	-4.87356	0.35372
-0.0993291	-1.91316	0.370661
-0.0966057	0.653613	0.377311
-0.0849471	2.79806	0.375039
-0.0661033	4.52252	0.365313
-0.0427975	5.59339	0.349593
-0.0188093	5.75717	0.33015
0.00510092	5.73844	0.310139
0.0262673	5.07994	0.290192
0.0412657	3.59961	0.272535
0.0475771	1.51472	0.260023
0.0466398	-0.224941	0.254758
0.0401519	-1.55709	0.255539
0.0316274	-2.04589	0.260952
0.0238513	-1.86626	0.268063
0.015791	-1.93446	0.27455
0.00672705	-2.17536	0.281274
-0.00280726	-2.28823	0.288835
-0.012159	-2.24442	0.296789
-0.0260733	-3.33942	0.30459
-0.0391816	-3.146	0.316198
-0.0514458	-2.9434	0.327133
-0.060271	-2.11805	0.337364
-0.064761	-1.07761	0.344726
-0.0642268	0.128209	0.348472
-0.0585221	1.36913	0.348026
-0.0474816	2.64972	0.343267
-0.0311153	3.9279	0.334057
-0.00823773	5.49062	0.320403
0.0212026	7.06569	0.301318
0.0492363	6.72808	0.276759
0.0731991	5.75108	0.253372
0.0915839	4.41233	0.233382
0.104351	3.06402	0.218045
0.111582	1.73548	0.207394
0.11118	-0.096399	0.201362
0.101458	-2.33333	0.201697
0.083483	-4.31398	0.209807
0.0584501	-6.00788	0.224802
0.0288918	-7.09399	0.245685
-0.00464416	-8.04864	0.270343
-0.0407716	-8.6706	0.29832
-0.0714862	-7.37149	0.328458
-0.0890266	-4.20971	0.354081
-0.0941096	-1.21991	0.368713
-0.0887252	1.29225	0.372954
-0.0748196	3.33735	0.368462
-0.0543751	4.90668	0.356861
-0.0313463	5.52693	0.339806
-0.00882949	5.40402	0.320595
0.0121528	5.03574	0.301811
0.0289845	4.0396	0.284307
0.0388846	2.37604	0.270265
0.0405222	0.393015	0.262006
0.0354876	-1.20831	0.26064
0.0263018	-2.2046	0.26484
0.0166383	-2.31924	0.272503
0.00725211	-2.25268	0.280564
-0.00133514	-2.06094	0.288395
-0.00864514	-1.7544	0.295558
-0.0136709	-1.20617	0.301656
-0.0158461	-0.522069	0.305849
-0.0161159	-0.0647495	0.307663
-0.0174797	-0.327306	0.307888
-0.020454	-0.713819	0.309026
-0.0234578	-0.720913	0.311507
-0.0253456	-0.453073	0.314013
-0.025255	0.0217457	0.315588
-0.0225011	0.660925	0.315512
-0.01672	1.38747	0.313215
-0.00785348	2.12796	0.308392
0.004817	3.04092	0.300995
0.0210498	3.89587	0.290425
0.0334118	2.96688	0.276883
0.0422464	2.1203	0.266571
0.0465828	1.04075	0.259201
0.0463563	-0.0543749	0.255583
0.0415333	-1.15751	0.255772
0.0298689	-2.79946	0.259795
0.0110439	-4.518	0.269526
-0.0148983	-6.22611	0.28523
-0.0440434	-6.99483	0.306871
-0.0705638	-6.3649	0.331185
-0.0870917	-3.9667	0.353309
-0.0963516	-2.22236	0.367097
-0.0981381	-0.428766	0.374821
-0.091693	1.54681	0.376312
-0.0755745	3.86844	0.370935
-0.0502748	6.07195	0.357489
-0.0272783	5.51915	0.336383
0.00127304	6.85233	0.317199
0.0330566	7.62806	0.29338
0.0622739	7.01214	0.266866
0.0822107	4.78482	0.242492
0.0920145	2.35292	0.22586
0.0929576	0.226355	0.217682
0.0863627	-1.58278	0.216895
0.0736767	-3.04464	0.222396
0.0563021	-4.16992	0.232979
0.0371208	-4.6035	0.247473
0.0173483	-4.74539	0.263475
-0.00116704	-4.44369	0.279969
-0.0186121	-4.18682	0.295415
-0.0326321	-3.36478	0.309968
-0.0411608	-2.04689	0.321664
-0.0428852	-0.413869	0.328779
-0.0400989	0.668705	0.330217
-0.0358087	1.02967	0.327893
-0.0296635	1.47483	0.324314
-0.0239303	1.37597	0.319187
-0.0164944	1.78463	0.314404
-0.00796412	2.04726	0.308201
0.000907574	2.12921	0.301085
0.00921649	1.99414	0.293684
0.0182131	2.15918	0.286752
0.0260248	1.87481	0.279247
0.031113	1.22119	0.27273
0.0320985	0.236515	0.268486
0.0290512	-0.731358	0.267663
0.0227434	-1.51388	0.270205
0.0125436	-2.44794	0.275467
-0.00149	-3.36807	0.283976
-0.019875	-4.41241	0.295683
-0.0406173	-4.97815	0.311021
-0.0592331	-4.4678	0.328324
-0.073465	-3.41564	0.343854
-0.0831091	-2.31458	0.355726
-0.0878178	-1.13009	0.363772
-0.0871655	0.156552	0.3677
-0.0804823	1.60396	0.367155
-0.065898	3.50022	0.36158
-0.0418211	5.77846	0.349413
-0.00985315	7.67231	0.329328
0.0283989	9.1805	0.302659
0.0666009	9.16847	0.270749
0.0918906	6.06953	0.23888
0.10927	4.17113	0.217782
0.116946	1.84211	0.203284
0.11426	-0.644551	0.196881
0.102751	-2.76213	0.199121
0.0840098	-4.49797	0.208722
0.0598365	-5.80159	0.224356
0.0318917	-6.70675	0.244522
0.00252582	-7.0478	0.267834
-0.0246513	-6.52251	0.292332
-0.0454417	-4.98969	0.315004
-0.0565385	-2.66323	0.332347
-0.0572591	-0.172952	0.341604
-0.0492898	1.91263	0.342206
-0.036032	3.18189	0.335557
-0.0216255	3.45756	0.324497
-0.00687834	3.53931	0.312479
0.00633869	3.17209	0.300177
0.0163217	2.39593	0.289151
0.0215332	1.25076	0.280822
0.0214027	-0.031316	0.276475
0.0164824	-1.18088	0.276584
0.0100807	-1.53642	0.280688
0.00576911	-1.03477	0.286029
0.0035183	-0.540193	0.289625
0.00302713	-0.117881	0.291503
0.00383367	0.193569	0.291913
0.00503956	0.289414	0.29124
0.00388273	-0.27764	0.290234
-0.00174885	-1.35158	0.291199
-0.0141886	-2.98554	0.295897
-0.0297041	-3.72373	0.306274
-0.0449984	-3.67061	0.319217
-0.0565889	-2.78173	0.331976
-0.0615361	-1.18732	0.341645
-0.0598186	0.412187	0.345772
-0.0512965	2.04531	0.344339
-0.0349368	3.92632	0.33723
-0.00993782	5.99976	0.323582
0.0187505	6.8852	0.302727
0.0485801	7.15909	0.278795
0.0740495	6.11267	0.25391
0.093302	4.62058	0.232663
0.104432	2.6712	0.216602
0.10554	0.265974	0.207317
0.0970072	-2.04793	0.206393
0.0813608	-3.75512	0.213511
0.0589491	-5.37882	0.226564
0.0313484	-6.62415	0.24526
8.41512e-05	-7.50342	0.268285
-0.0323503	-7.78427	0.294366
-0.0588233	-6.35351	0.321424
-0.0740205	-3.64735	0.343508
-0.0784131	-1.0542	0.356186
-0.0734389	1.19379	0.35985
-0.060735	3.04895	0.3557
-0.0438209	4.05938	0.345102
-0.0264734	4.16341	0.330992
-0.0108113	3.75888	0.316521
0.00475408	3.7357	0.303455
0.0180097	3.18134	0.29047
0.0269351	2.14211	0.279412
0.0304126	0.834587	0.271966
0.0286598	-0.420676	0.269065
0.0254544	-0.7693	0.270527
0.0228783	-0.618259	0.273201
0.0198753	-0.720724	0.27535
0.0159905	-0.932337	0.277855
0.0112035	-1.14887	0.281096
0.00579274	-1.29859	0.285089
-0.00408315	-2.37021	0.289603
-0.01708	-3.11924	0.297841
-0.0325113	-3.70351	0.308683
-0.0477268	-3.65173	0.321557
-0.0592005	-2.75368	0.33425
-0.0658013	-1.58418	0.343821
-0.0672969	-0.358962	0.349328
-0.0631421	0.997164	0.350575
-0.0530899	2.41253	0.347109
-0.0367919	3.91152	0.338723
-0.0142293	5.41501	0.325127
0.0149084	6.99305	0.306305
0.0459323	7.44573	0.281997
0.0733002	6.56829	0.256117
0.0920713	4.50506	0.233286
0.10416	2.90133	0.217626
0.107651	0.837769	0.207541
0.101191	-1.55047	0.204629
0.085964	-3.65437	0.210019
0.0632085	-5.46132	0.222721
0.0345445	-6.87938	0.241704
0.00272548	-7.63655	0.265616
-0.0315566	-8.22771	0.29216
-0.0619344	-7.29066	0.320759
-0.0805807	-4.4751	0.346101
-0.0878047	-1.73376	0.361656
-0.0850935	0.650677	0.367682
-0.074035	2.65404	0.36542
-0.0570135	4.08515	0.356195
-0.037897	4.58797	0.341995
-0.0189197	4.55456	0.326048
4.89055e-05	4.55246	0.310216
0.0166941	3.99486	0.294392
0.0285084	2.83542	0.280506
0.0337249	1.25195	0.270651
0.0323882	-0.320795	0.266299
0.0265138	-1.40986	0.267414
0.0198514	-1.59899	0.272314
0.0136392	-1.49093	0.277872
0.00818052	-1.31008	0.283055
0.00367009	-1.0825	0.287608
0.000451966	-0.77235	0.291371
-0.00155207	-0.480969	0.294055
-0.00307488	-0.365475	0.295727
-0.00729995	-1.01402	0.296997
-0.0153625	-1.93501	0.300522
-0.0258517	-2.5174	0.307248
-0.0359229	-2.41708	0.315998
-0.0432459	-1.75754	0.3244
-0.0450202	-0.42583	0.330509
-0.0409375	0.97985	0.331989
-0.0306839	2.46088	0.328583
-0.0130908	4.22234	0.320029
0.0123342	6.10198	0.305352
0.0421856	7.16435	0.284142
0.0703873	6.7684	0.259239
0.0933928	5.52134	0.235713
0.103712	2.47664	0.216521
0.108704	1.19814	0.207912
0.10691	-0.430708	0.203748
0.0963238	-2.54065	0.205245
0.07722	-4.58493	0.214076
0.0511362	-6.26011	0.230013
0.0195516	-7.58028	0.251772
-0.0162624	-8.59538	0.278121
-0.0527736	-8.76267	0.307997
-0.082292	-7.08441	0.338456
-0.0994548	-4.11908	0.363081
-0.105183	-1.37476	0.377398
-0.101034	0.995679	0.382177
-0.0891735	2.84658	0.378716
-0.0712853	4.29318	0.368821
-0.0604238	2.60676	0.353898
-0.0481368	2.94888	0.344837
-0.0340644	3.37739	0.334587
-0.0176958	3.92846	0.322848
0.000857365	4.45275	0.309192
0.019429	4.45718	0.293715
0.0354247	3.83897	0.278222
0.048979	3.25304	0.264878
0.0608885	2.85827	0.253571
0.0702573	2.24852	0.243635
0.0759019	1.3547	0.23582
0.0743894	-0.363002	0.231111
0.0685463	-1.40234	0.232372
0.0581352	-2.49868	0.237247
0.0415307	-3.98507	0.245932
0.0169396	-5.90187	0.259784
-0.0144731	-7.53903	0.280298
-0.0499283	-8.50925	0.306503
-0.0822276	-7.75184	0.336081
-0.106746	-5.88435	0.363025
-0.122834	-3.86113	0.383479
-0.130124	-1.74961	0.3969
-0.127021	0.744557	0.402981
-0.113094	3.34266	0.400393
-0.0898069	5.58884	0.388774
-0.0588607	7.42709	0.369348
-0.0220576	8.83274	0.343532
0.0116668	8.09387	0.31283
0.0428834	7.49199	0.284696
0.065389	5.40133	0.258654
0.0777722	2.97198	0.23988
0.0814708	0.887661	0.229549
0.0781106	-0.806452	0.226464
0.0694285	-2.08371	0.229267
0.0586756	-2.5807	0.23651
0.0485572	-2.42841	0.24548
0.0381545	-2.49664	0.253921
0.0267868	-2.72826	0.262599
0.0142403	-3.01115	0.272082
-0.000667615	-3.57791	0.282548
-0.0173274	-3.99834	0.294985
-0.0361887	-4.52672	0.308883
-0.0555219	-4.63995	0.324617
-0.0710279	-3.72146	0.340745
-0.0819971	-2.63259	0.353681
-0.0881199	-1.46948	0.362831
-0.0891687	-0.251712	0.367939
-0.0847218	1.06725	0.368814
-0.0740426	2.56303	0.365104
-0.055198	4.5227	0.356195
-0.0273966	6.67233	0.340475
0.00780971	8.44951	0.317282
0.047261	9.46831	0.287912
0.0781509	7.41357	0.255001
0.102569	5.86041	0.229232
0.118942	3.92941	0.208862
0.12525	1.51404	0.195203
0.121244	-0.961617	0.18994
0.109149	-2.90265	0.193283
0.0899661	-4.60394	0.203372
0.0651318	-5.96024	0.219375
0.036538	-6.86249	0.240092
0.00656442	-7.19367	0.263946
-0.0221828	-6.89934	0.28895
-0.045973	-5.70963	0.312932
-0.0605807	-3.50584	0.332778
-0.0646599	-0.979013	0.344964
-0.0597228	1.18491	0.348367
-0.0562055	0.844132	0.344248
-0.0500745	1.47146	0.341314
-0.0424213	1.83676	0.336199
-0.0320922	2.47898	0.329815
-0.0183925	3.28792	0.321198
-0.0020345	3.92593	0.309769
0.0137964	3.79942	0.296123
0.0279226	3.39028	0.282917
0.0405037	3.01948	0.271132
0.0516089	2.66524	0.260637
0.0606387	2.16715	0.251372
0.0666065	1.43227	0.243839
0.0692177	0.626695	0.238861
0.0680559	-0.278818	0.236682
0.0627443	-1.27479	0.237652
0.051081	-2.79921	0.242083
0.0309937	-4.82094	0.251812
0.00324384	-6.65997	0.268569
-0.0307232	-8.1521	0.291719
-0.0655935	-8.36887	0.320055
-0.0942974	-6.88892	0.349145
-0.114837	-4.92956	0.37309
-0.126437	-2.78391	0.390225
-0.127651	-0.291361	0.399901
-0.117838	2.35504	0.400914
-0.0986174	4.61299	0.392728
-0.071866	6.42034	0.376693
-0.0456069	6.30217	0.354377
-0.0154568	7.23603	0.332471
0.0158737	7.51931	0.307319
0.0430297	6.51746	0.281182
0.0612949	4.38365	0.258528
0.0698259	2.04742	0.243291
0.0699715	0.0349436	0.236174
0.0633549	-1.58798	0.236052
0.0530768	-2.46673	0.241572
0.0421434	-2.62403	0.250146
0.031024	-2.66866	0.259267
0.0186969	-2.95849	0.268543
0.00480772	-3.33341	0.278826
-0.00976693	-3.49792	0.290413
-0.0231241	-3.20571	0.302571
-0.0350093	-2.85244	0.313714
-0.0462824	-2.70556	0.323629
-0.0550849	-2.1126	0.333033
-0.0601293	-1.21065	0.340376
-0.0608137	-0.164249	0.344584
-0.056826	0.957032	0.345155
-0.0476632	2.19908	0.341829
-0.0329676	3.52694	0.334185
-0.0127172	4.86009	0.321925
0.0141563	6.44964	0.305032
0.0453396	7.48399	0.282613
0.0747137	7.04979	0.2566
0.0955546	5.00182	0.232095
0.11149	3.82442	0.214709
0.120274	2.10813	0.201415
0.123661	0.813065	0.194088
0.119322	-1.04156	0.191261
0.105779	-3.25025	0.194882
0.0842245	-5.17303	0.206179
0.055886	-6.80124	0.22416
0.0224829	-8.01676	0.247801
-0.0143369	-8.83675	0.275666
-0.0525857	-9.17972	0.306382
-0.0833645	-7.38691	0.33829
-0.100862	-4.19932	0.363967
-0.106586	-1.37382	0.378563
-0.102046	1.08966	0.383338
-0.0889518	3.14253	0.379551
-0.0696568	4.63081	0.368627
-0.0481245	5.16776	0.352531
-0.0314413	4.00395	0.334568
-0.0140802	4.16668	0.320651
0.0033339	4.17938	0.306168
0.0188348	3.72022	0.29164
0.0302151	2.73127	0.278709
0.0361122	1.41529	0.269215
0.0405574	1.06685	0.264296
0.0440065	0.827802	0.260587
0.0463083	0.55242	0.25771
0.0430318	-0.78635	0.25579
0.0362278	-1.63297	0.258523
0.0258443	-2.49203	0.264199
0.0117089	-3.39249	0.272861
-0.0072352	-4.54659	0.284653
-0.0305431	-5.5939	0.300457
-0.0549364	-5.85439	0.3199
-0.0751362	-4.84796	0.34025
-0.0905044	-3.68837	0.357101
-0.100109	-2.30512	0.369921
-0.10311	-0.720251	0.377934
-0.0993983	0.890839	0.380437
-0.088387	2.64271	0.377341
-0.0682973	4.82152	0.368155
-0.0392863	6.96265	0.351395
-0.00285796	8.7428	0.327194
0.0394312	10.1494	0.296804
0.07325	8.11649	0.261526
0.0992518	6.24044	0.233313
0.115645	3.93429	0.211622
0.121399	1.38112	0.197946
0.117798	-0.864356	0.193146
0.106167	-2.7913	0.19615
0.0881458	-4.32519	0.205852
0.0651757	-5.51284	0.220886
0.0398706	-6.07322	0.240048
0.016468	-5.61662	0.261158
-0.0059295	-5.37539	0.280681
-0.0266976	-4.98435	0.299366
-0.0425603	-3.80705	0.316691
-0.0508826	-1.99734	0.329924
-0.0523154	-0.34387	0.336866
-0.0507902	0.366046	0.338062
-0.0476689	0.749112	0.336789
-0.0425287	1.23364	0.334185
-0.0348447	1.84416	0.329897
-0.0239963	2.60362	0.323487
-0.010026	3.35286	0.314437
0.00595632	3.83576	0.302783
0.0191015	3.15485	0.28945
0.033073	3.35316	0.278484
0.0461709	3.14349	0.266828
0.0561872	2.40392	0.255902
0.0633227	1.71252	0.247546
0.0622264	-0.263112	0.241593
0.056902	-1.27786	0.242508
0.0471858	-2.33189	0.246949
0.031184	-3.84042	0.255055
0.00712938	-5.77312	0.268404
-0.0238883	-7.44425	0.28847
-0.0567178	-7.87907	0.314346
-0.0847183	-6.72012	0.341733
-0.104858	-4.83353	0.365092
-0.117143	-2.94849	0.381893
-0.121259	-0.987817	0.392141
-0.115589	1.36086	0.395575
-0.0991922	3.93525	0.390844
-0.0737947	6.0954	0.377166
-0.0413453	7.78786	0.355979
-0.0136856	6.63832	0.328908
0.0177798	7.55171	0.305834
0.0467637	6.95614	0.279585
0.0663042	4.68972	0.255406
0.0758784	2.29781	0.239105
0.0767746	0.215073	0.231118
0.0704763	-1.51159	0.23037
0.0583097	-2.91998	0.235624
0.044629	-3.28337	0.245774
0.031294	-3.20041	0.257186
0.0178819	-3.2189	0.268311
0.00376872	-3.38715	0.279499
-0.0101689	-3.34502	0.291273
-0.0222346	-2.89578	0.3029
-0.0319029	-2.32039	0.312965
-0.0402071	-1.99301	0.32103
-0.0470957	-1.65327	0.327958
-0.0514267	-1.03942	0.333705
-0.0523028	-0.210279	0.337317
-0.0490339	0.784541	0.338048
-0.0413435	1.84571	0.335321
-0.0285263	3.07611	0.328906
-0.0102866	4.37754	0.318213
0.0141228	5.85824	0.302997
0.0424401	6.79615	0.282634
0.0689517	6.36279	0.259011
0.0908215	5.24876	0.236895
0.107348	3.96639	0.21865
0.117977	2.55101	0.204863
0.117666	-0.0747627	0.195996
0.109476	-1.96548	0.196256
0.0923597	-4.10799	0.203088
0.0676648	-5.92679	0.217367
0.0367707	-7.41458	0.237968
0.00236763	-8.25673	0.26374
-0.0348925	-8.94243	0.29244
-0.0695471	-8.31711	0.323523
-0.0928587	-5.59478	0.352433
-0.103291	-2.50369	0.37188
-0.102385	0.217374	0.380582
-0.0919071	2.5147	0.379827
-0.0738002	4.34567	0.371086
-0.0614606	2.96151	0.35598
-0.0469517	3.48213	0.345686
-0.0312052	3.77916	0.333583
-0.013791	4.17941	0.320447
0.00483137	4.46937	0.305919
0.0220302	4.12771	0.290384
0.035378	3.20349	0.276036
0.0437119	2.00014	0.264901
0.0491656	1.30887	0.257949
0.0529498	0.908219	0.253399
0.0547965	0.443203	0.250242
0.0539933	-0.192773	0.248701
0.049726	-1.02416	0.249371
0.0417641	-1.91086	0.252931
0.0285309	-3.17596	0.259573
0.00793566	-4.94285	0.270613
-0.0198271	-6.66306	0.287794
-0.0501579	-7.2794	0.310954
-0.0770536	-6.45496	0.336256
-0.0968669	-4.75519	0.358693
-0.108977	-2.90647	0.375222
-0.113309	-1.03966	0.385325
-0.108839	1.07292	0.388938
-0.0941854	3.51678	0.385209
-0.0697725	5.85909	0.372985
-0.0373398	7.78383	0.352619
0.00138903	9.29493	0.325563
0.0371943	8.59327	0.293254
0.0684449	7.50014	0.263385
0.0883154	4.76893	0.237315
0.0973543	2.16933	0.220738
0.0966771	-0.162516	0.213198
0.0876654	-2.16281	0.213762
0.0718958	-3.78472	0.22128
0.052528	-4.64826	0.234435
0.0317133	-4.99554	0.250592
0.0118841	-4.759	0.267956
-0.00767516	-4.69422	0.284498
-0.0253641	-4.24535	0.300815
-0.0382112	-3.08331	0.315571
-0.0440585	-1.40335	0.326289
-0.0438954	0.0391621	0.331167
-0.0416804	0.531589	0.33103
-0.0379246	0.901401	0.329183
-0.0318733	1.45231	0.326049
-0.0227947	2.17885	0.321001
-0.0111434	2.79633	0.313428
0.0017211	3.08747	0.303708
0.0145469	3.07819	0.292976
0.0265576	2.88256	0.282276
0.0383773	2.83675	0.272257
0.0483288	2.38835	0.262396
0.0554057	1.69846	0.254094
0.0591349	0.894993	0.248191
0.0561995	-0.704481	0.24508
0.0494821	-1.61218	0.247528
0.0385857	-2.61514	0.253132
0.0214023	-4.124	0.262222
-0.00359952	-6.00044	0.276557
-0.0344359	-7.40072	0.297414
-0.065151	-7.37164	0.323138
-0.0894032	-5.82053	0.348761
-0.10614	-4.01675	0.368993
-0.115259	-2.18865	0.382955
-0.116487	-0.29466	0.390562
-0.108363	1.94962	0.391586
-0.0897728	4.46174	0.38481
-0.0623053	6.59221	0.369301
-0.0339533	6.80446	0.346387
-0.000293067	8.07846	0.322735
0.0366934	8.87674	0.294655
0.0687276	7.6882	0.2638
0.0888859	4.83801	0.237076
0.0984142	2.28679	0.220259
0.0984782	0.0153488	0.212311
0.0904965	-1.9156	0.212257
0.0761637	-3.43989	0.218916
0.0587969	-4.16803	0.230872
0.040171	-4.4702	0.24536
0.0222149	-4.30946	0.260898
0.004048	-4.36006	0.275877
-0.0140849	-4.3519	0.291033
-0.0294765	-3.69399	0.306159
-0.0397147	-2.45717	0.318999
-0.0444975	-1.14788	0.32754
-0.0464674	-0.472763	0.33153
-0.0466926	-0.0540494	0.333173
-0.0447339	0.470096	0.333361
-0.0395619	1.24126	0.331727
-0.0315563	1.92136	0.327412
-0.0195675	2.87732	0.320734
-0.00446079	3.6256	0.310733
0.0124752	4.06465	0.29813
0.0307809	4.39336	0.284002
0.0490042	4.37358	0.268731
0.063806	3.55244	0.253528
0.0747871	2.63547	0.24118
0.0816373	1.64404	0.232019
0.083994	0.56561	0.226305
0.081525	-0.592572	0.224339
0.0727431	-2.10764	0.226398
0.0556021	-4.11384	0.233724
0.0305952	-6.00166	0.248024
-0.000902332	-7.5594	0.268885
-0.0375297	-8.79056	0.295161
-0.0719874	-8.26985	0.325716
-0.0981012	-6.26732	0.354461
-0.115709	-4.22588	0.376246
-0.123295	-1.82066	0.390935
-0.119588	0.8898	0.397263
-0.106007	3.25924	0.39417
-0.084271	5.21676	0.382841
-0.0581311	6.27355	0.364708
-0.0317589	6.32935	0.342902
-0.00361314	6.75497	0.320901
0.0234588	6.49725	0.297422
0.0451124	5.19688	0.274837
0.0572814	2.92055	0.256773
0.060826	0.850696	0.246622
0.0574538	-0.809316	0.243665
0.0487847	-2.08059	0.246478
0.0389578	-2.35846	0.25371
0.03056	-2.01547	0.261907
0.0215344	-2.16614	0.268913
0.0113019	-2.4558	0.276442
0.00034596	-2.62943	0.284978
-0.0100572	-2.49676	0.294118
-0.0197849	-2.33464	0.302797
-0.030449	-2.5594	0.310912
-0.0414142	-2.63165	0.319808
-0.0502036	-2.10945	0.328955
-0.0548341	-1.11133	0.336287
-0.0548184	0.00378707	0.34015
-0.0497304	1.22112	0.340137
-0.0392649	2.51172	0.335892
-0.0231959	3.85655	0.327162
-0.000106272	5.54151	0.313757
0.0291769	7.02796	0.294495
0.0592804	7.22484	0.270066
0.0846109	6.07932	0.244953
0.101136	3.96606	0.223821
0.112119	2.63599	0.210036
0.117024	1.17719	0.200873
0.114149	-0.690048	0.196781
0.101623	-3.00628	0.19918
0.080645	-5.03475	0.209629
0.0525488	-6.74309	0.22713
0.0189945	-8.05302	0.250568
-0.0173767	-8.72908	0.27856
-0.0546655	-8.94933	0.308901
-0.0839622	-7.03121	0.340008
-0.100314	-3.92441	0.364448
-0.104893	-1.09909	0.378089
-0.0992439	1.35589	0.381909
-0.085466	3.30669	0.377196
-0.0729447	3.00512	0.365702
-0.0573938	3.7322	0.355257
-0.0407214	4.00138	0.342284
-0.0226716	4.33196	0.328375
-0.0027382	4.78401	0.313318
0.0170178	4.74145	0.296689
0.03372	4.00851	0.280208
0.0448333	2.6672	0.266274
0.0515009	1.60022	0.257003
0.0570701	1.33663	0.251441
0.0612856	1.0117	0.246795
0.0630512	0.423749	0.243278
0.0617389	-0.314942	0.241805
0.0571296	-1.10625	0.2429
0.0485653	-2.05542	0.246745
0.0325172	-3.85154	0.25389
0.0089587	-5.65405	0.267277
-0.0213652	-7.27773	0.28693
-0.0538053	-7.78563	0.312227
-0.082089	-6.7881	0.339289
-0.102825	-4.97655	0.362884
-0.115466	-3.03392	0.380182
-0.120114	-1.11543	0.390728
-0.115584	1.0871	0.394605
-0.10052	3.61548	0.390826
-0.075913	5.90557	0.378259
-0.0435274	7.77254	0.357731
-0.0121181	7.53823	0.330715
0.023387	8.52122	0.304512
0.0560954	7.85003	0.274893
0.0776696	5.17781	0.247607
0.0884928	2.59757	0.229609
0.0897351	0.29815	0.22058
0.0827912	-1.66655	0.219544
0.0692833	-3.2419	0.225336
0.0523912	-4.0541	0.236605
0.0347766	-4.2275	0.250697
0.01745	-4.15838	0.265391
-2.90528e-05	-4.19498	0.279845
-0.0169803	-4.06829	0.294427
-0.0306929	-3.29103	0.308568
-0.0391787	-2.0366	0.320007
-0.0430624	-0.932092	0.327086
-0.0449276	-0.447635	0.330326
-0.0449444	-0.0040309	0.331882
-0.042473	0.593123	0.331896
-0.0365866	1.41275	0.329834
-0.0270452	2.28994	0.324923
-0.0134841	3.25465	0.316963
0.0031333	3.98818	0.30565
0.0216408	4.4418	0.291788
0.0412727	4.71164	0.276348
0.0591724	4.29593	0.259971
0.0734599	3.429	0.245039
0.0836793	2.45264	0.233119
0.0864513	0.665286	0.224594
0.0846513	-0.431995	0.222282
0.077169	-1.79575	0.223783
0.0623298	-3.56142	0.230025
0.0394031	-5.5024	0.242404
0.00973535	-7.12026	0.26153
-0.0252459	-8.39551	0.286279
-0.0603388	-8.42229	0.315462
-0.0886572	-6.79642	0.344737
-0.107952	-4.63068	0.368361
-0.116997	-2.1708	0.384456
-0.114435	0.614777	0.392002
-0.100924	3.24271	0.389865
-0.0782806	5.43438	0.378593
-0.0554202	5.48649	0.359704
-0.0279291	6.59786	0.340633
0.00209039	7.20468	0.317699
0.0306647	6.85784	0.292656
0.0529002	5.33651	0.268819
0.0649986	2.90362	0.25027
0.068195	0.767127	0.240177
0.0641553	-0.969513	0.23751
0.0545569	-2.30362	0.24088
0.0431695	-2.73298	0.248887
0.0323627	-2.59364	0.258387
0.0209643	-2.73561	0.267402
0.00792943	-3.12838	0.276911
-0.00611168	-3.36987	0.287785
-0.0193443	-3.17584	0.299498
-0.0306104	-2.70386	0.310537
-0.0410303	-2.50077	0.319935
-0.0500738	-2.17043	0.328628
-0.0560819	-1.44196	0.336172
-0.0583161	-0.536213	0.341184
-0.0563511	0.471602	0.343048
-0.0497251	1.59024	0.341408
-0.0379472	2.82669	0.335881
-0.0207585	4.12528	0.326055
0.00297952	5.69714	0.311716
0.0320948	6.98766	0.291913
0.0613928	7.03154	0.267625
0.086012	5.90859	0.243183
0.101409	3.69537	0.222646
0.111416	2.40162	0.209801
0.115413	0.959252	0.201453
0.112354	-0.734084	0.198118
0.100195	-2.91832	0.20067
0.0795741	-4.94894	0.210814
0.0520156	-6.61404	0.228016
0.020095	-7.66094	0.251006
-0.0154458	-8.52979	0.277634
-0.0519359	-8.75763	0.307283
-0.080801	-6.92761	0.337724
-0.0965033	-3.76855	0.361804
-0.0995607	-0.733771	0.374903
-0.0917852	1.86612	0.377454
-0.078247	3.24916	0.370967
-0.0622676	3.83506	0.359673
-0.0427247	4.69029	0.346343
-0.0221491	4.93815	0.33004
-0.000331225	5.23629	0.312875
0.0207436	5.05795	0.294674
0.0375144	4.02501	0.277093
0.0470301	2.28377	0.263102
0.0495058	0.594167	0.255164
0.0473886	-0.508139	0.253098
0.0439308	-0.829864	0.254865
0.039885	-0.970997	0.257749
0.0339708	-1.4194	0.261124
0.0255573	-2.01925	0.266058
0.0141249	-2.74378	0.273076
-0.000546628	-3.52116	0.282614
-0.0180813	-4.20833	0.294853
-0.038083	-4.8004	0.309481
-0.0574608	-4.65067	0.326166
-0.072367	-3.5775	0.342332
-0.082392	-2.40599	0.354767
-0.0869631	-1.09708	0.36313
-0.0854722	0.357838	0.366943
-0.0779526	1.80469	0.365699
-0.0640682	3.33225	0.359426
-0.0419844	5.30013	0.347843
-0.0109517	7.44784	0.32942
0.0185619	7.08328	0.303532
0.048853	7.26984	0.278911
0.0746212	6.18438	0.253642
0.0939733	4.6445	0.232145
0.105692	2.81243	0.216001
0.107996	0.553026	0.206225
0.100351	-1.83487	0.204303
0.0840027	-3.92352	0.210681
0.0615765	-5.38229	0.224319
0.0341968	-6.57113	0.243027
0.00270134	-7.5589	0.265868
-0.0306169	-7.99639	0.292142
-0.0584244	-6.67378	0.319937
-0.0744069	-3.83581	0.343134
-0.078955	-1.09154	0.356467
-0.0736227	1.27973	0.360261
-0.060062	3.25459	0.355813
-0.041092	4.55278	0.3445
-0.020734	4.88594	0.328675
-0.000267612	4.91192	0.311692
0.0180591	4.39842	0.294618
0.0316324	3.25757	0.279329
0.0381657	1.568	0.268006
0.0372935	-0.209323	0.262556
0.0306267	-1.60004	0.263283
0.021201	-2.26217	0.268845
0.012542	-2.07816	0.276708
0.00520492	-1.76089	0.283932
-0.000507168	-1.3709	0.290052
-0.0041149	-0.865855	0.294817
-0.00576511	-0.396051	0.297827
-0.0140575	-1.99018	0.299203
-0.0232428	-2.20447	0.306121
-0.0327495	-2.28161	0.313784
-0.0412642	-2.04353	0.321714
-0.0464582	-1.24655	0.328817
-0.0472153	-0.181714	0.33315
-0.0430185	1.00724	0.333782
-0.0337145	2.23296	0.330281
-0.0186192	3.62286	0.322519
0.00225159	5.009	0.309926
0.0280044	6.18067	0.292515
0.0505481	5.41048	0.271032
0.0681851	4.23288	0.252225
0.0808009	3.0278	0.237512
0.0883377	1.80883	0.226987
0.0901939	0.445479	0.2207
0.0844549	-1.37735	0.219151
0.0696151	-3.56155	0.223939
0.046871	-5.45858	0.236318
0.0174361	-7.06436	0.255292
-0.017134	-8.29683	0.279847
-0.0534807	-8.7232	0.308686
-0.084301	-7.39688	0.339007
-0.104306	-4.80119	0.364718
-0.111921	-1.82772	0.381407
-0.108023	0.935542	0.38776
-0.0942453	3.30674	0.384508
-0.072498	5.21934	0.373014
-0.045007	6.59785	0.354872
-0.0156133	7.05448	0.331938
0.0132223	6.92054	0.307417
0.0380732	5.96423	0.283362
0.0548667	4.03044	0.262631
0.0622678	1.77626	0.248621
0.061734	-0.128106	0.242447
0.0549822	-1.62044	0.242892
0.0453895	-2.30225	0.248524
0.0361181	-2.22514	0.256527
0.0267524	-2.24776	0.264261
0.0166166	-2.4326	0.272074
0.00495779	-2.79811	0.28053
-0.00613292	-2.66177	0.290256
-0.0165719	-2.50536	0.299508
-0.0271987	-2.55044	0.308216
-0.042808	-3.74621	0.317081
-0.0564804	-3.28138	0.330103
-0.065778	-2.23144	0.341508
-0.0701071	-1.03899	0.349265
-0.0689892	0.268312	0.352876
-0.0627343	1.50117	0.351943
-0.0520474	2.56486	0.346725
-0.0365594	3.71712	0.33781
-0.0150326	5.16641	0.324889
0.0127773	6.6744	0.306931
0.0426063	7.15896	0.283732
0.0694253	6.43656	0.258847
0.0907074	5.10769	0.236474
0.105894	3.64477	0.21872
0.114347	2.0287	0.206051
0.113959	-0.0931683	0.199
0.103396	-2.53496	0.199323
0.0838873	-4.68215	0.208135
0.0572144	-6.40151	0.224409
0.0254421	-7.62534	0.246661
-0.010568	-8.64243	0.273166
-0.0487861	-9.17234	0.303206
-0.0797275	-7.42594	0.335088
-0.0967348	-4.08174	0.3609
-0.101608	-1.16963	0.375088
-0.0959598	1.35561	0.379154
-0.0813268	3.51192	0.374441
-0.0598364	5.15769	0.362234
-0.0355197	5.83602	0.344306
-0.011436	5.78007	0.324021
0.012329	5.70361	0.30393
0.0322328	4.77691	0.284104
0.0450884	3.08535	0.2675
0.0494445	1.04547	0.256775
0.0467602	-0.644246	0.253141
0.0390248	-1.8565	0.255381
0.0303137	-2.09066	0.261834
0.0220907	-1.97352	0.269101
0.0142326	-1.88594	0.27596
0.00639394	-1.88127	0.282516
-0.00109385	-1.79707	0.289055
-0.00772988	-1.59265	0.295301
-0.0130672	-1.28095	0.300837
-0.0191513	-1.46019	0.305289
-0.0306302	-2.75493	0.310365
-0.0418246	-2.68666	0.319941
-0.0498039	-1.91503	0.329279
-0.0536635	-0.926303	0.335936
-0.052021	0.394208	0.339156
-0.0442776	1.85841	0.337785
-0.0319235	2.96499	0.331326
-0.0145906	4.15989	0.321019
0.00807875	5.44064	0.30656
0.0333813	6.07262	0.287648
0.0568507	5.63266	0.26654
0.0755041	4.47681	0.246962
0.0888619	3.20588	0.231401
0.0957984	1.66475	0.220257
0.096122	0.0776718	0.21447
0.0879585	-1.95926	0.2142
0.0707277	-4.13539	0.221011
0.0459034	-5.95782	0.235385
0.0153928	-7.32255	0.256094
-0.0192607	-8.31685	0.281546
-0.0545856	-8.47798	0.310455
-0.0834473	-6.9268	0.339924
-0.100685	-4.13698	0.364001
-0.105125	-1.06573	0.37838
-0.0984725	1.59666	0.382085
-0.0827348	3.77704	0.376535
-0.059784	5.5082	0.363406
-0.0321171	6.64004	0.34426
-0.00657069	6.13115	0.32118
0.0165766	5.55536	0.299868
0.0349485	4.40924	0.280558
0.0454503	2.52044	0.265232
0.0475658	0.507698	0.256471
0.0428918	-1.12174	0.254706
0.033304	-2.30107	0.258605
0.0227214	-2.53984	0.266603
0.0133359	-2.25251	0.275432
0.00573547	-1.8241	0.283261
0.000745549	-1.19758	0.289601
-0.00255411	-0.791917	0.293764
-0.0042347	-0.403342	0.296517
-0.01208	-1.88288	0.297919
-0.0220006	-2.38094	0.304463
-0.0328298	-2.599	0.312739
-0.0407447	-1.89957	0.321773
-0.0446443	-0.9359	0.328376
-0.0438904	0.18093	0.331629
-0.0383703	1.32481	0.331
-0.0279053	2.5116	0.326395
-0.0121807	3.77392	0.317665
0.00871551	5.01508	0.304547
0.0299276	5.0909	0.287115
0.0490548	4.59052	0.269419
0.0630696	3.36357	0.253463
0.0718959	2.11831	0.241771
0.0757002	0.913034	0.234408
0.0750676	-0.151827	0.231234
0.0681853	-1.65175	0.231762
0.0528088	-3.69037	0.237503
0.029588	-5.57299	0.25033
-5.47085e-05	-7.11425	0.269702
-0.0333012	-7.97917	0.29443
-0.0653541	-7.69269	0.322165
-0.0902067	-5.96463	0.348904
-0.106418	-3.89082	0.369637
-0.112245	-1.39848	0.383161
-0.105681	1.57553	0.388022
-0.0893276	3.92475	0.382545
-0.0650205	5.83371	0.368903
-0.0405156	5.88117	0.348626
-0.0151856	6.07919	0.328183
0.0121719	6.5658	0.307052
0.0359366	5.70354	0.28423
0.0520077	3.85705	0.264405
0.0587238	1.61188	0.250998
0.057548	-0.282194	0.245395
0.0500707	-1.79455	0.246376
0.0386348	-2.74463	0.252614
0.0265496	-2.90043	0.262154
0.0146569	-2.85426	0.272235
0.00182866	-3.07877	0.282156
-0.0104259	-2.94109	0.292858
-0.018925	-2.03979	0.303081
-0.0242433	-1.2764	0.310171
-0.0275992	-0.805414	0.314607
-0.0312956	-0.887119	0.317407
-0.0342753	-0.715139	0.32049
-0.0348616	-0.140709	0.322976
-0.0318835	0.714739	0.323465
-0.0247453	1.71318	0.320981
-0.0134643	2.70742	0.315026
0.00118576	3.51602	0.305615
0.0189152	4.25507	0.293393
0.0390973	4.84369	0.278603
0.0578262	4.49493	0.261767
0.0737869	3.83058	0.246143
0.0851896	2.73664	0.232828
0.0916796	1.5576	0.223315
0.0871885	-1.07786	0.217901
0.0758187	-2.72876	0.221648
0.0558333	-4.79649	0.231133
0.0284226	-6.57857	0.247805
-0.00466701	-7.94151	0.270671
-0.0418848	-8.93226	0.298275
-0.0761736	-8.22933	0.329323
-0.101268	-6.02254	0.357928
-0.115628	-3.44647	0.378861
-0.118247	-0.628577	0.390841
-0.110066	1.96341	0.393026
-0.0927182	4.1635	0.386201
-0.0680607	5.91779	0.371729
-0.0390277	6.96791	0.351159
-0.0170314	5.27912	0.326939
0.00530377	5.36044	0.308589
0.0252007	4.77527	0.289957
0.039281	3.37926	0.273358
0.0450797	1.3917	0.261612
0.0438325	-0.299327	0.256775
0.0380966	-1.37663	0.257815
0.0325452	-1.33232	0.2626
0.0269709	-1.33784	0.267231
0.0201172	-1.6449	0.271881
0.0112117	-2.13732	0.277599
0.00131728	-2.37466	0.285028
-0.00868577	-2.40073	0.293282
-0.0192101	-2.52584	0.301626
-0.0318387	-3.03086	0.310406
-0.0441199	-2.94748	0.320941
-0.0529651	-2.12285	0.331186
-0.0572028	-1.01705	0.338565
-0.0565676	0.152439	0.3421
-0.0507674	1.39207	0.34157
-0.0392814	2.75663	0.336731
-0.0212573	4.3258	0.32715
0.00502072	6.30672	0.312113
0.0333928	6.80931	0.290192
0.0611039	6.65065	0.266523
0.0838738	5.46478	0.243406
0.101388	4.20352	0.22441
0.113196	2.83383	0.209799
0.117363	1.00014	0.199949
0.11197	-1.29443	0.196472
0.0972906	-3.52303	0.200972
0.0746963	-5.42264	0.213217
0.0455239	-7.00137	0.232066
0.0112518	-8.2253	0.256402
-0.0250804	-8.71972	0.284993
-0.0595711	-8.27776	0.315302
-0.0831513	-5.65927	0.344075
-0.0946818	-2.76731	0.363746
-0.0956089	-0.222498	0.373365
-0.0874231	1.96458	0.374138
-0.0717819	3.7539	0.367309
-0.0580259	3.30144	0.354261
-0.0427923	3.65607	0.342785
-0.0264561	3.92068	0.330077
-0.00823941	4.372	0.316449
0.0105236	4.50312	0.301252
0.0269869	3.95119	0.285599
0.0387645	2.82662	0.271865
0.0443907	1.3503	0.26204
0.0475765	0.764602	0.257347
0.0503825	0.673439	0.254689
0.0512345	0.204459	0.252348
0.0495857	-0.395691	0.251637
0.0449495	-1.1127	0.253012
0.0360094	-2.14562	0.25688
0.0217596	-3.41996	0.264338
0.00143927	-4.87688	0.276225
-0.0251646	-6.38493	0.293177
-0.053385	-6.77289	0.315371
-0.0775611	-5.80226	0.338913
-0.0952193	-4.23797	0.359081
-0.105912	-2.5662	0.373812
-0.109304	-0.814067	0.382731
-0.10553	0.905715	0.385561
-0.093459	2.89701	0.382413
-0.0716597	5.23185	0.372343
-0.0410054	7.35702	0.354157
-0.0032464	9.06216	0.328585
0.0334548	8.8083	0.297085
0.0682973	8.36219	0.266468
0.0940439	6.1792	0.237402
0.109034	3.59769	0.215923
0.113262	1.01469	0.203418
0.10811	-1.23645	0.199891
0.0949925	-3.14827	0.204189
0.0762417	-4.5002	0.215132
0.0534733	-5.46442	0.230774
0.0298951	-5.65876	0.249768
0.00736421	-5.40741	0.269437
-0.0146635	-5.28664	0.288233
-0.0333571	-4.48646	0.306609
-0.0455891	-2.93569	0.322203
-0.0493291	-0.897596	0.332408
-0.0476368	0.406162	0.335528
-0.0442658	0.809037	0.334116
-0.0394904	1.14608	0.331303
-0.0324638	1.68639	0.32732
-0.022537	2.38242	0.321458
-0.0099223	3.02753	0.313177
0.00390734	3.31912	0.302653
0.0164302	3.00548	0.291116
0.0285502	2.90881	0.280669
0.0409143	2.96738	0.270558
0.0497655	2.12429	0.260244
0.0553307	1.33564	0.25286
0.05736	0.487045	0.248217
0.0555429	-0.436102	0.246524
0.0495952	-1.42745	0.24804
0.0383378	-2.70177	0.253002
0.0200775	-4.38247	0.262393
-0.0058522	-6.22314	0.277626
-0.0368975	-7.45088	0.299257
-0.0673337	-7.30469	0.325156
-0.090057	-5.45359	0.350546
-0.105602	-3.73092	0.369502
-0.113551	-1.90758	0.382471
-0.113779	-0.0548102	0.389101
-0.104397	2.25172	0.389292
-0.0847248	4.72131	0.381465
-0.0564268	6.79151	0.365054
-0.021241	8.44461	0.341447
0.0119751	7.97184	0.312094
0.0459381	8.15114	0.284384
0.0725333	6.38283	0.256052
0.0877598	3.65437	0.233865
0.0927828	1.20551	0.221163
0.0888698	-0.939123	0.216973
0.0783078	-2.53487	0.220237
0.0627837	-3.72578	0.229048
0.0440494	-4.49625	0.241998
0.0252015	-4.5235	0.257627
0.00734132	-4.28643	0.27335
-0.0101969	-4.20918	0.288249
-0.0247436	-3.49121	0.30288
-0.0339885	-2.21876	0.315015
-0.0371142	-0.750184	0.322727
-0.0364599	0.157043	0.325335
-0.0340642	0.574954	0.324789
-0.0324398	0.389858	0.32279
-0.0279138	1.08624	0.321435
-0.0204168	1.79928	0.317659
-0.0107049	2.33086	0.311405
0.000857357	2.77494	0.303303
0.0132562	2.97572	0.293658
0.0270849	3.31889	0.283314
0.0407157	3.2714	0.271778
0.051239	2.52559	0.260407
0.058141	1.65646	0.251628
0.0611379	0.719273	0.24587
0.0599709	-0.280086	0.24337
0.0539775	-1.43841	0.244343
0.0418081	-2.92065	0.249343
0.0215885	-4.85272	0.259495
-0.00638111	-6.7127	0.276363
-0.0396497	-7.98446	0.299695
-0.0719401	-7.7497	0.327449
-0.0968814	-5.9859	0.354386
-0.113798	-4.05995	0.375193
-0.122619	-2.11717	0.389305
-0.121907	0.170937	0.396664
-0.110474	2.74383	0.39607
-0.089752	4.9734	0.386532
-0.0613135	6.82524	0.369245
-0.032775	6.84924	0.345521
-0.00037962	7.77488	0.321713
0.0329956	8.01006	0.294688
0.0594817	6.35665	0.266846
0.0751577	3.76224	0.24475
0.0811673	1.4423	0.231673
0.0789331	-0.536215	0.22666
0.070158	-2.10601	0.228524
0.0575398	-3.02838	0.235844
0.0441305	-3.21821	0.24637
0.0313986	-3.05567	0.257556
0.018217	-3.16358	0.268178
0.00403362	-3.404	0.279174
-0.00989476	-3.34281	0.291006
-0.021637	-2.81813	0.302625
-0.0308561	-2.21259	0.312421
-0.0390926	-1.97675	0.320112
-0.0455768	-1.55621	0.326982
-0.048933	-0.8055	0.332392
-0.0483042	0.150918	0.335192
-0.0433184	1.19659	0.334667
-0.0336934	2.31	0.330508
-0.0190682	3.51005	0.322478
0.000410299	4.67484	0.310277
0.0239873	5.65848	0.294028
0.0495508	6.13525	0.274359
0.0719164	5.36773	0.253034
0.0898781	4.31081	0.234376
0.0993757	2.27943	0.219392
0.103786	1.0585	0.211468
0.102404	-0.331721	0.207789
0.0940846	-1.99666	0.208942
0.076846	-4.13725	0.215882
0.0513999	-6.10708	0.230263
0.0200089	-7.53382	0.251491
-0.0160016	-8.64252	0.277678
-0.0538323	-9.07938	0.307718
-0.0860163	-7.72416	0.339277
-0.107866	-5.24382	0.366126
-0.118122	-2.46161	0.384353
-0.116898	0.293856	0.392909
-0.105701	2.68733	0.391888
-0.0932066	2.99857	0.382547
-0.0758588	4.16347	0.372124
-0.054971	5.01307	0.357652
-0.032778	5.32634	0.340227
-0.00982075	5.50973	0.321713
0.0139672	5.70911	0.302561
0.0347767	4.99428	0.282717
0.049168	3.45391	0.265357
0.0560454	1.65059	0.253351
0.0585043	0.590118	0.247614
0.0595121	0.241871	0.245563
0.0594712	-0.00981278	0.244722
0.057675	-0.431092	0.244756
0.0532516	-1.0616	0.246254
0.0461181	-1.71204	0.249944
0.0357522	-2.48781	0.255895
0.0202602	-3.71809	0.264543
-0.00261941	-5.4911	0.277466
-0.0310787	-6.83023	0.296553
-0.0597763	-6.88742	0.320294
-0.0828185	-5.53012	0.344234
-0.0989124	-3.86255	0.363457
-0.107602	-2.08547	0.376883
-0.108888	-0.308738	0.384131
-0.101996	1.65408	0.385205
-0.0853997	3.98318	0.379455
-0.0593853	6.24344	0.36561
-0.0257713	8.06737	0.343908
0.00418431	7.18935	0.315866
0.0369012	7.85204	0.290877
0.0660767	7.00213	0.263583
0.0852093	4.59182	0.239244
0.0934613	1.9805	0.223284
0.0920754	-0.332631	0.216399
0.0823443	-2.33545	0.217556
0.0658893	-3.9492	0.225673
0.0442787	-5.18655	0.2394
0.0216929	-5.4206	0.257428
-0.00028365	-5.27437	0.27627
-0.0208421	-4.93402	0.294603
-0.0368557	-3.84326	0.311753
-0.0457166	-2.12664	0.325112
-0.0461081	-0.0939508	0.332504
-0.0408294	1.26689	0.332831
-0.0336166	1.73106	0.328427
-0.0255774	1.92942	0.32241
-0.0165366	2.16979	0.315703
-0.00693969	2.30326	0.308161
0.00210742	2.17131	0.300155
0.009306	1.72766	0.292608
0.0148057	1.31993	0.286603
0.0188778	0.977309	0.282015
0.0233613	1.07603	0.278617
0.0280743	1.13112	0.274877
0.031172	0.743456	0.270945
0.0314487	0.0663992	0.268361
0.0284875	-0.710668	0.26813
0.0215	-1.67702	0.2706
0.00947491	-2.88601	0.27643
-0.00890337	-4.41079	0.286461
-0.0319918	-5.54123	0.301793
-0.0559796	-5.75705	0.321053
-0.075089	-4.58627	0.341064
-0.0879181	-3.07897	0.357006
-0.0944237	-1.56136	0.367708
-0.095004	-0.139273	0.373135
-0.0897927	1.25073	0.373619
-0.07775	2.89024	0.369272
-0.0580982	4.71645	0.359226
-0.0317774	6.31698	0.342831
0.00024348	7.68501	0.320874
0.0365276	8.70818	0.294161
0.0711189	8.30192	0.263892
0.0984968	6.57069	0.235035
0.116045	4.21149	0.212196
0.123212	1.7201	0.197557
0.124487	0.305969	0.191578
0.117303	-1.72401	0.190515
0.102799	-3.4811	0.196507
0.0823689	-4.90315	0.208607
0.0574404	-5.98284	0.22565
0.0312313	-6.29017	0.246446
0.00607741	-6.03694	0.26831
-0.0192355	-6.07509	0.289294
-0.0414092	-5.32169	0.31041
-0.0567616	-3.68459	0.328908
-0.0635037	-1.61809	0.341715
-0.063063	0.10577	0.34734
-0.058836	1.01448	0.346972
-0.0527873	1.45168	0.343446
-0.0448441	1.90638	0.3384
-0.0340123	2.59963	0.331773
-0.0199405	3.37722	0.322737
-0.00269751	4.13833	0.310998
0.0152884	4.31662	0.296613
0.031176	3.81301	0.281609
0.0433269	2.91622	0.268355
0.0525173	2.20571	0.258219
0.0594193	1.65648	0.250552
0.0621686	0.659836	0.244794
0.0579179	-1.02019	0.2425
0.0497216	-1.9671	0.246046
0.0375048	-2.93204	0.252884
0.0203299	-4.12198	0.263075
-0.00162026	-5.26803	0.277403
-0.0289191	-6.55173	0.295714
-0.0575247	-6.86534	0.318487
-0.0822542	-5.93507	0.342351
-0.101456	-4.60832	0.36298
-0.114812	-3.20553	0.378999
-0.121592	-1.6273	0.390141
-0.121461	0.0314634	0.395797
-0.11363	1.87944	0.395688
-0.101581	2.89179	0.389155
-0.0829414	4.47352	0.379103
-0.057736	6.0493	0.363553
-0.02667	7.45585	0.342526
0.00956181	8.69562	0.31661
0.0487083	9.39515	0.286385
0.0827516	8.17041	0.253728
0.105514	5.46287	0.225328
0.1178	2.94876	0.20634
0.120927	0.750408	0.19609
0.116111	-1.15582	0.193481
0.104536	-2.77806	0.197499
0.087603	-4.06386	0.207155
0.0675301	-4.81748	0.221281
0.0475168	-4.8032	0.238026
0.028621	-4.53499	0.254721
0.00904306	-4.6987	0.270485
-0.0117943	-5.00097	0.286817
-0.031072	-4.62664	0.3042
-0.0458252	-3.54078	0.320282
-0.054927	-2.18441	0.332589
-0.0611427	-1.49177	0.340182
-0.0648451	-0.888577	0.345367
-0.0655	-0.157169	0.348456
-0.0624125	0.740987	0.349002
-0.0552843	1.71077	0.346426
-0.0439378	2.72316	0.34048
-0.0281051	3.79985	0.331014
-0.00712316	5.03567	0.317806
0.0204087	6.60765	0.300302
0.0502975	7.17331	0.277335
0.0767321	6.34432	0.252401
0.0979244	5.08615	0.230348
0.113598	3.76161	0.212669
0.123559	2.39078	0.199594
0.127317	0.901713	0.191284
0.122986	-1.03923	0.188149
0.109323	-3.27933	0.191761
0.0875252	-5.23137	0.20316
0.0590241	-6.84028	0.221344
0.0252536	-8.10491	0.24512
-0.0123686	-9.02933	0.273292
-0.0519127	-9.49059	0.304677
-0.0847752	-7.887	0.337666
-0.105077	-4.87249	0.36508
-0.113329	-1.98043	0.382017
-0.111134	0.526731	0.388901
-0.100078	2.65364	0.38707
-0.081924	4.35684	0.377846
-0.0597562	5.32027	0.362702
-0.0369195	5.48081	0.344209
-0.0142458	5.44169	0.325158
0.00493877	4.6043	0.306243
0.0223653	4.18237	0.290238
0.0352941	3.10292	0.275701
0.0417492	1.54922	0.264915
0.0427637	0.243478	0.25953
0.0424262	-0.0810011	0.258684
0.0425872	0.0386342	0.258965
0.042096	-0.117893	0.258831
0.0399556	-0.513696	0.259241
0.0330458	-1.65834	0.261026
0.0228445	-2.44831	0.26679
0.00808881	-3.54137	0.2753
-0.0108906	-4.55505	0.28761
-0.0333778	-5.39694	0.303443
-0.0553193	-5.26596	0.322202
-0.0719965	-4.00252	0.340506
-0.0837361	-2.81752	0.354419
-0.0902095	-1.55362	0.364212
-0.0914612	-0.30039	0.369612
-0.0875426	0.940451	0.370656
-0.0776887	2.36494	0.367387
-0.0603977	4.14984	0.359167
-0.0358012	5.90316	0.344742
-0.00515025	7.35622	0.324223
0.0306024	8.58063	0.298653
0.0655647	8.39095	0.268828
0.0932381	6.64162	0.239661
0.11196	4.49322	0.216575
0.1198	1.8817	0.200957
0.117352	-0.5877	0.194417
0.105977	-2.72983	0.196459
0.0870713	-4.53743	0.205948
0.0621304	-5.98581	0.22172
0.032702	-7.06283	0.242526
0.00174279	-7.4302	0.267076
-0.0276265	-7.04863	0.292902
-0.0512837	-5.67774	0.317403
-0.0648912	-3.26579	0.337138
-0.0676302	-0.657353	0.34849
-0.0616931	1.42489	0.350775
-0.0493782	2.95559	0.345822
-0.0347047	3.52165	0.335548
-0.0190522	3.75661	0.323307
-0.00208608	4.07186	0.31025
0.0141811	3.90411	0.296096
0.0273076	3.15036	0.282526
0.0351395	1.87966	0.271575
0.0363315	0.286082	0.265041
0.0322373	-0.982619	0.264047
0.0263256	-1.41881	0.267462
0.0202125	-1.46713	0.272394
0.0131203	-1.70214	0.277494
0.00641183	-1.61003	0.28341
-0.000569547	-1.67553	0.289006
-0.0073827	-1.63516	0.29483
-0.0133886	-1.44142	0.300514
-0.0191761	-1.38899	0.305524
-0.0288813	-2.32926	0.310352
-0.0387388	-2.36579	0.318448
-0.0461026	-1.7673	0.326672
-0.0488673	-0.66354	0.332814
-0.0468288	0.489244	0.335121
-0.0397011	1.71064	0.33342
-0.0271837	3.00417	0.327474
-0.00866376	4.44479	0.317032
0.0162344	5.97555	0.301582
0.0442833	6.73175	0.280811
0.0662922	5.28212	0.257412
0.0834699	4.12266	0.239052
0.095584	2.90739	0.224722
0.101591	1.44161	0.214616
0.101909	0.0762772	0.209605
0.0943009	-1.82584	0.20934
0.0778878	-3.93913	0.215686
0.0542746	-5.66718	0.229378
0.0251258	-6.99571	0.249077
-0.00869921	-8.118	0.273393
-0.0455369	-8.84104	0.301611
-0.0781035	-7.81598	0.332341
-0.099985	-5.25158	0.359509
-0.109397	-2.25898	0.377763
-0.107468	0.463139	0.385615
-0.0960622	2.73733	0.384005
-0.0768509	4.61071	0.37449
-0.0517254	6.03012	0.358464
-0.0297969	5.26283	0.337504
-0.00749272	5.353	0.31921
0.0148139	5.3536	0.300604
0.0336671	4.52475	0.281995
0.045933	2.94382	0.266267
0.0506242	1.12589	0.256034
0.0493984	-0.294201	0.252121
0.0453327	-0.975752	0.253143
0.0416655	-0.880142	0.256535
0.0376576	-0.961881	0.259594
0.0322011	-1.30956	0.262938
0.0245205	-1.84336	0.26749
0.0138881	-2.55176	0.273897
0.000601156	-3.18888	0.282766
-0.0165264	-4.11061	0.293851
-0.037065	-4.92926	0.308139
-0.0572131	-4.83554	0.325273
-0.0726797	-3.71198	0.34208
-0.0830648	-2.49244	0.354983
-0.0880562	-1.19793	0.363646
-0.0872854	0.184994	0.36781
-0.0802937	1.67801	0.367167
-0.0653192	3.59387	0.361335
-0.0422278	5.54193	0.348842
-0.0187226	5.64126	0.329579
0.0103421	6.97552	0.30997
0.041552	7.49039	0.285724
0.0697364	6.76424	0.259688
0.0915114	5.22601	0.236176
0.104232	3.05289	0.21801
0.106434	0.528588	0.207399
0.0991064	-1.75868	0.205561
0.0853192	-3.30893	0.211674
0.0648711	-4.90753	0.223176
0.0387009	-6.28086	0.240234
0.00847753	-7.2536	0.262066
-0.0227528	-7.49529	0.287279
-0.0485825	-6.19911	0.313332
-0.0645708	-3.8372	0.334879
-0.0698403	-1.26467	0.348217
-0.0659691	0.929073	0.352613
-0.0545151	2.74896	0.349383
-0.0380412	3.95374	0.339828
-0.0204553	4.22063	0.326085
-0.00264888	4.27353	0.311415
0.0135135	3.87896	0.29656
0.0255386	2.88604	0.283077
0.0314403	1.4164	0.273045
0.0301957	-0.298708	0.268122
0.0230147	-1.72344	0.26916
0.0126339	-2.49138	0.275151
0.00365046	-2.15603	0.28381
-0.00271521	-1.52776	0.291305
-0.00555554	-0.681678	0.296615
-0.00515022	0.097277	0.298984
-0.00213942	0.722592	0.298646
0.00261432	1.1409	0.296134
0.00627401	0.878327	0.292169
0.00477612	-0.359495	0.289116
-0.0020822	-1.646	0.290365
-0.0128801	-2.5915	0.296086
-0.025403	-3.0055	0.305094
-0.0368957	-2.75824	0.315541
-0.0444893	-1.82246	0.325128
-0.0456545	-0.279656	0.331463
-0.0390453	1.58621	0.332435
-0.0228083	3.89689	0.326921
0.00249206	6.07208	0.313376
0.0330546	7.33502	0.29227
0.0630304	7.19419	0.266774
0.0800586	4.08676	0.241767
0.0911768	2.66837	0.227562
0.094498	0.797082	0.218287
0.0882316	-1.50394	0.215516
0.0734918	-3.53754	0.220744
0.0529428	-4.93176	0.23304
0.0270047	-6.22516	0.250182
-0.00304421	-7.21173	0.27182
-0.035912	-7.88826	0.296888
-0.0634619	-6.612	0.324307
-0.0783225	-3.56652	0.347289
-0.0819483	-0.870193	0.359686
-0.0760507	1.4154	0.362711
-0.0623298	3.29303	0.357791
-0.0426366	4.72636	0.346345
-0.0207393	5.25535	0.329916
-0.00460402	3.87248	0.311649
0.00993881	3.49028	0.298188
0.0207596	2.59699	0.286056
0.0262124	1.30867	0.277029
0.0255748	-0.153017	0.27248
0.0194883	-1.46076	0.273012
0.0111204	-2.00829	0.27809
0.00491154	-1.49014	0.28507
0.00137472	-0.848837	0.29025
0.000739668	-0.152413	0.2932
0.00399968	0.782404	0.29373
0.00888354	1.17213	0.29101
0.0133963	1.08306	0.286936
0.013736	0.081519	0.283171
0.00426084	-2.27403	0.282888
-0.0111931	-3.70893	0.290792
-0.0294951	-4.39248	0.303684
-0.0468016	-4.15356	0.318952
-0.0590734	-2.94523	0.333389
-0.064659	-1.34055	0.343627
-0.063054	0.385208	0.348286
-0.0523272	2.57443	0.346947
-0.0318172	4.92239	0.337999
-0.00966653	5.31617	0.320889
0.0171569	6.43762	0.30241
0.0447217	6.61554	0.280033
0.0682219	5.64006	0.257038
0.0845572	3.92048	0.237434
0.0912479	1.60576	0.223806
0.0881696	-0.738794	0.218225
0.0764955	-2.80178	0.220793
0.0595828	-4.05906	0.230531
0.0365369	-5.53101	0.24464
0.00934459	-6.52616	0.263866
-0.0207514	-7.22305	0.28655
-0.0474432	-6.40603	0.311657
-0.0644846	-4.08993	0.333924
-0.0707861	-1.51236	0.34814
-0.0679496	0.680775	0.353397
-0.0571319	2.59624	0.35103
-0.0402937	4.04115	0.342006
-0.0208571	4.66479	0.327959
-0.0015353	4.63723	0.311744
0.0154427	4.07472	0.295626
0.0276283	2.92455	0.281462
0.0330151	1.29283	0.271297
0.0306709	-0.562607	0.266803
0.0222233	-2.02743	0.268758
0.0100031	-2.93286	0.275805
-0.000972325	-2.63409	0.286
-0.00774306	-1.62498	0.295156
-0.0095334	-0.429681	0.300804
-0.00573186	0.912368	0.302297
-0.00329144	0.585701	0.299126
0.000993827	1.02846	0.29709
0.00548947	1.07896	0.293515
0.00655193	0.254988	0.289765
0.0029508	-0.86427	0.288878
-0.00462983	-1.81935	0.291882
-0.0147	-2.41683	0.298206
-0.0240755	-2.25014	0.306607
-0.0315028	-1.78253	0.314428
-0.0350029	-0.84004	0.320624
-0.0327108	0.550117	0.323544
-0.0221581	2.53263	0.321632
-0.00267611	4.67569	0.312828
0.020519	5.56683	0.296576
0.0421054	5.18074	0.277226
0.0596185	4.20315	0.259218
0.0716134	2.87877	0.244608
0.0774859	1.40939	0.234602
0.0750682	-0.58025	0.229703
0.0631861	-2.85169	0.23172
0.0430318	-4.83704	0.241632
0.0159408	-6.50184	0.258445
-0.0151556	-7.46313	0.281045
-0.0480521	-7.89516	0.306986
-0.0758949	-6.68227	0.334429
