0.178377	0.432276	0.333926
2.3177e-19	3.70831e-17	0.273457
0.00548237	1.31577	0.27336
0.0153652	2.37189	0.0897505
0.0265306	2.67969	-0.241095
0.0346488	1.94837	-0.614758
0.0356904	0.249976	-0.886296
0.0296288	-1.45477	-0.920865
0.0174011	-2.93466	-0.717658
0.00264101	-3.54242	-0.308117
-0.00928584	-2.86244	0.186052
-0.0130413	-0.901315	0.585216
-0.00727964	1.3828	0.710725
0.00770026	3.59518	0.517619
0.0278486	4.83559	0.0160163
0.0461723	4.39769	-0.65842
0.0550274	2.12523	-1.27155
0.0526487	-0.570897	-1.56754
0.0405582	-2.90172	-1.48739
0.0208915	-4.72001	-1.08218
-0.00327361	-5.79962	-0.423511
-0.0235843	-4.87456	0.38551
-0.0312551	-1.84101	1.06524
-0.0234601	1.8708	1.32165
-0.00270677	4.98081	1.06027
0.027857	7.3353	0.365231
0.0583812	7.32581	-0.65796
0.0765275	4.35512	-1.67948
0.0781974	0.400775	-2.28633
0.06711	-2.66099	-2.34146
0.0456779	-5.14371	-1.96954
0.0169996	-6.88278	-1.25148
-0.0155417	-7.80992	-0.291107
-0.0407409	-6.0478	0.798249
-0.0468079	-1.45609	1.64147
-0.0363175	2.5177	1.844
-0.0126228	5.68673	1.49222
0.0216682	8.22983	0.698581
0.059555	9.09285	-0.449485
0.086057	6.36046	-1.71753
0.0937373	1.84329	-2.60405
0.0863705	-1.76804	-2.86026
0.0666247	-4.73898	-2.61271
0.0375144	-6.98648	-1.95088
0.00262	-8.37465	-0.975805
-0.0333415	-8.63076	0.192546
-0.0557791	-5.38503	1.39622
-0.0565211	-0.178077	2.1468
-0.0416544	3.56801	2.17091
-0.0144687	6.52457	1.67254
0.0229779	8.98718	0.761983
0.0646465	10.0004	-0.491733
0.0943364	7.12559	-1.88635
0.104835	2.51958	-2.87953
0.0995736	-1.26267	-3.22997
0.0818446	-4.25495	-3.05277
0.0539788	-6.68781	-2.4583
0.018723	-8.46139	-1.52472
-0.0201262	-9.32379	-0.344082
-0.0515342	-7.53794	0.956434
-0.0609492	-2.25958	2.00743
-0.0528098	1.95345	2.3219
-0.0310832	5.21438	2.04866
0.00138339	7.79198	1.32071
0.0421702	9.78883	0.233503
0.0797345	9.01545	-1.13184
0.0984157	4.48348	-2.38886
0.0984253	0.0023007	-3.01337
0.0844803	-3.34679	-3.01268
0.0595999	-5.97129	-2.54488
0.0265943	-7.92136	-1.7112
-0.0108942	-8.99722	-0.605821
-0.0444692	-8.05802	0.649236
-0.0593726	-3.5768	1.77288
-0.0554479	0.941924	2.27114
-0.0362827	4.59966	2.139
-0.00501937	7.50319	1.49675
0.0352263	9.65897	0.44976
0.0746303	9.45696	-0.897544
0.0968398	5.33028	-2.21622
0.0999851	0.754872	-2.95889
0.0882786	-2.80956	-3.06318
0.0646783	-5.66408	-2.6703
0.0320711	-7.82571	-1.87942
-0.00520161	-8.94545	-0.787324
-0.0404368	-8.45644	0.460575
-0.0587535	-4.39602	1.63985
-0.0573681	0.332506	2.25241
-0.0399435	4.18189	2.20527
-0.00945818	7.31649	1.62127
0.0314849	9.82634	0.600277
0.0743292	10.2826	-0.770422
0.101173	6.44249	-2.2043
0.107988	1.63566	-3.1021
0.0990256	-2.15101	-3.32918
0.077238	-5.22904	-3.02806
0.0450198	-7.73235	-2.29773
0.00568258	-9.44094	-1.21852
-0.0361144	-10.0313	0.0986306
-0.0645355	-6.82108	1.49767
-0.0700823	-1.33122	2.44851
-0.0589286	2.67688	2.63334
-0.0340903	5.9612	2.2591
-0.022371	2.81264	1.42692
-0.000331293	5.28952	1.03415
0.0302806	7.34685	0.29606
0.0598027	7.08531	-0.728719
0.0771822	4.17108	-1.71667
0.0786699	0.357047	-2.29784
0.067906	-2.58335	-2.34687
0.0472356	-4.9609	-1.98578
0.0195794	-6.63747	-1.2932
-0.0117379	-7.51617	-0.367034
-0.0379486	-6.29055	0.681378
-0.0498522	-2.85688	1.5585
-0.0466	0.78055	1.95642
-0.0307575	3.80218	1.84689
-0.0043422	6.33968	1.31597
0.0307162	8.41402	0.431319
0.0666608	8.62669	-0.742344
0.0890093	5.36365	-1.94527
0.0936904	1.12346	-2.69269
0.0842104	-2.2752	-2.84848
0.0630179	-5.08619	-2.53019
0.0329527	-7.21564	-1.81996
-0.00271645	-8.5606	-0.812977
-0.0378679	-8.43636	0.381254
-0.0578366	-4.79247	1.55775
-0.0578366	0	2.22564
-0.0419527	3.81212	2.22488
-0.0126898	7.02309	1.69245
0.0277928	9.71582	0.71235
0.072657	10.7674	-0.642973
0.104251	7.58259	-2.1445
0.116227	2.87429	-3.20134
0.108657	-1.8168	-3.60114
0.0895417	-4.58774	-3.34654
0.0609534	-6.86121	-2.70555
0.0247639	-8.68546	-1.7477
-0.0155218	-9.66858	-0.535734
-0.0511459	-8.54979	0.812934
-0.0666895	-3.73045	2.00511
-0.0666399	0.0119001	2.52472
-0.0533866	3.18078	2.5222
-0.0290601	5.83838	2.07772
0.00492597	8.15665	1.26273
0.0433958	9.23276	0.124678
0.0774999	8.18499	-1.16307
0.0929229	3.70151	-2.30425
0.0916185	-0.31304	-2.81973
0.0760134	-3.74524	-2.77512
0.0492586	-6.42114	-2.25184
0.0150878	-8.20101	-1.35551
-0.0228223	-9.09842	-0.211252
-0.0524561	-7.11209	1.05779
-0.0601115	-1.8373	2.04936
-0.0499936	2.42828	2.30492
-0.025766	5.81463	1.96546
0.00974111	8.52171	1.15382
0.0534243	10.484	-0.0351119
0.0903227	8.85561	-1.49732
0.107354	4.08758	-2.73192
0.107238	-0.0279621	-3.3011
0.093112	-3.39018	-3.29609
-0.053075	3.49203	2.62084
-0.0266408	6.34422	2.13292
0.0108855	9.00632	1.24735
0.0556974	10.7548	-0.00919436
0.0935107	9.07519	-1.50919
0.11146	4.30776	-2.77441
0.11146	0	-3.37429
0.0977994	-3.27848	-3.37315
0.0728779	-5.98116	-2.91476
0.038855	-8.16548	-2.07958
0.000738813	-9.14789	-0.94003
-0.0374358	-9.16191	0.336153
-0.0610825	-5.67521	1.61386
-0.0607616	0.0770115	2.40484
-0.0449819	3.78714	2.39328
-0.0164188	6.85516	1.86428
0.0218767	9.19091	0.907542
0.0658563	10.5551	-0.374638
0.0988497	7.91841	-1.84665
0.112479	3.27093	-2.95042
0.110196	-0.547841	-3.40563
0.0950346	-3.63872	-3.32807
0.0692187	-6.1958	-2.81946
0.0341837	-8.4084	-1.95437
-0.00641689	-9.74414	-0.780982
-0.0454883	-9.37713	0.578307
-0.0609463	-3.70993	1.88595
-0.0597387	0.289831	2.40274
-0.0437745	3.83141	2.3615
-0.0154082	6.8079	1.82633
0.0233839	9.31011	0.876197
0.0675522	10.6004	-0.422597
0.100488	7.90467	-1.90091
0.114204	3.29167	-3.00274
0.112207	-0.479126	-3.46083
0.0975586	-3.51568	-3.39284
0.0725182	-6.00969	-2.90136
0.0388873	-8.0714	-2.0622
-0.000293247	-9.40334	-0.93578
-0.0398671	-9.49773	0.376029
-0.063672	-5.71316	1.70056
-0.0658793	-0.529753	2.4968
-0.0524015	3.23466	2.56984
-0.0287814	5.66882	2.11783
0.00606896	8.3641	1.32647
0.0494536	10.4123	0.159466
0.0887371	9.42803	-1.29281
0.10912	4.89189	-2.60732
0.111151	0.487428	-3.28872
0.0998379	-2.7151	-3.35559
0.0775696	-5.3444	-2.97579
0.046333	-7.49678	-2.22939
0.00907769	-8.94128	-1.18306
-0.0307595	-9.56093	0.0643908
-0.0586716	-6.69889	1.39784
-0.0645563	-1.41234	2.33167
-0.0537166	2.60152	2.52786
-0.0295665	5.79604	2.16416
0.00510752	8.32175	1.35505
0.0478197	10.2509	0.193937
0.0863799	9.25445	-1.23584
0.105739	4.64616	-2.52616
0.106427	0.165041	-3.17332
0.0933066	-3.14878	-3.19527
0.0685003	-5.95351	-2.75503
0.0336644	-8.36062	-1.92376
0.00202193	-7.5942	-0.757042
-0.0294051	-7.54249	0.302384
-0.0486708	-4.62376	1.35424
-0.0494547	-0.188147	1.99866
-0.0347898	3.51959	2.02422
-0.00698421	6.67333	1.53265
0.0315041	9.23718	0.601392
0.0721814	9.76257	-0.687138
0.0990483	6.44805	-2.04851
0.107813	2.10361	-2.94714
0.10203	-1.38809	-3.23954
0.084255	-4.2659	-3.04485
0.055949	-6.79346	-2.44886
0.0192597	-8.80542	-1.50054
-0.021723	-9.83585	-0.271931
-0.0551601	-8.0249	1.09998
-0.066737	-2.77847	2.21885
-0.0611159	1.34907	2.60561
-0.0419953	4.58896	2.41657
-0.011224	7.3851	1.77572
0.0290979	9.67725	0.745106
0.0725464	10.4276	-0.60485
0.102075	7.08698	-2.05901
0.112244	2.44056	-3.04674
0.108199	-0.970837	-3.38611
0.092315	-3.81224	-3.24956
0.0662824	-6.24781	-2.71677
0.0320508	-8.2156	-1.84447
-0.00558058	-9.03152	-0.698008
-0.0407237	-8.43434	0.561863
-0.0588722	-4.35566	1.73802
-0.0581939	0.162804	2.34492
-0.0419115	3.90777	2.32142
-0.013004	6.9378	1.77561
0.0258936	9.33542	0.807376
0.0689365	10.3303	-0.494925
0.0999488	7.44296	-1.93554
0.112239	2.94971	-2.97297
0.109349	-0.693582	-3.38337
0.0941126	-3.65684	-3.2855
0.0685121	-6.1441	-2.77437
0.0340417	-8.27291	-1.91651
0.000990434	-7.9323	-0.762031
-0.0319509	-7.90592	0.344551
-0.0513021	-4.64429	1.44708
-0.0513021	0	2.09433
-0.0364101	3.57407	2.09362
-0.00899017	6.58079	1.59443
0.0290061	9.11909	0.676055
0.070045	9.84934	-0.59603
0.0979613	6.6999	-1.96953
0.107094	2.19194	-2.90332
0.101226	-1.40848	-3.20805
0.083268	-4.30984	-3.01053
0.0548841	-6.81213	-2.40842
0.0178332	-8.89221	-1.45751
-0.0227442	-9.73859	-0.216814
-0.0551489	-7.77713	1.14151
-0.0663118	-2.67909	2.22581
-0.0610113	1.27213	2.59871
-0.041887	4.58983	2.4204
-0.0111517	7.37645	1.77943
0.0254604	8.78691	0.750019
0.0672455	10.0284	-0.475761
0.0816023	3.44563	-1.87428
0.0723259	-2.22634	-2.35422
0.0528657	-4.67045	-2.04292
0.0284766	-5.85339	-1.39084
-0.00175394	-7.25534	-0.573994
-0.0301083	-6.80504	0.438108
-0.0447317	-3.50961	1.38706
-0.0422232	0.602026	1.87608
-0.0251349	4.1012	1.79148
0.000224371	6.08622	1.21887
0.0302441	7.20474	0.369601
0.0308922	0.155535	-0.635384
0.0275282	-0.807372	-0.656868
0.0212485	-1.50713	-0.544046
0.013949	-1.75188	-0.333665
0.00765189	-1.5113	-0.0892192
0.00510497	-0.611262	0.121591
0.00633332	0.294806	0.2068
0.0115785	1.25883	0.165607
0.0173424	1.38335	-0.0100254
0.0235914	1.49976	-0.202965
0.0275814	0.957594	-0.412075
0.0276543	0.0175098	-0.545498
0.0248263	-0.678718	-0.547762
0.0196836	-1.23425	-0.45292
0.0138593	-1.39783	-0.280629
0.00986579	-0.958448	-0.085581
0.00986579	0	0.0481201
0.012899	0.72797	0.048098
0.0183996	1.32014	-0.0534549
0.0247068	1.51372	-0.237564
0.0294646	1.14187	-0.44861
0.0304189	0.229056	-0.607722
0.0278152	-0.624894	-0.639469
0.021484	-1.5195	-0.552104
0.0129059	-2.05874	-0.339994
0.00484474	-1.93468	-0.0527476
0.000543211	-1.03237	0.2171
0.000543211	0	0.361009
0.00574819	1.24919	0.360881
0.0154985	2.34007	0.186527
0.0269682	2.75274	-0.139914
0.0358124	2.12261	-0.5238
0.0379374	0.510005	-0.819672
0.0330824	-1.16522	-0.890531
0.0219805	-2.66444	-0.727721
0.00805164	-3.34294	-0.355866
-0.00357832	-2.79119	0.110496
-0.00823033	-1.11648	0.499747
-0.00485354	0.810429	0.655293
0.00681809	2.80119	0.542035
0.0237401	4.06128	0.15116
0.040221	3.95543	-0.415328
0.0499864	2.34368	-0.966862
0.0488516	-0.272351	-1.29342
0.036962	-2.8535	-1.255
0.0172322	-4.73514	-0.856597
-0.00558057	-5.47507	-0.195894
-0.0131251	-1.81069	0.567784
-0.0116351	0.357599	0.82013
-4.68067e-05	2.7812	0.769976
0.0194545	4.68031	0.381813
0.0413242	5.24874	-0.27109
0.0579321	3.98588	-1.00305
0.0629961	1.21537	-1.55864
0.057704	-1.2701	-1.72762
0.0434187	-3.42849	-1.5499
0.0221442	-5.10586	-1.07121
-0.00351176	-6.15744	-0.358726
-0.0256452	-5.31203	0.500178
-0.0336262	-1.91543	1.24088
-0.0247102	2.13982	1.50761
-0.00127533	5.62437	1.20865
0.0335918	8.36811	0.423797
0.0692883	8.56717	-0.743462
0.0917829	5.39869	-1.93809
0.0975634	1.38732	-2.6904
0.0897946	-1.86451	-2.88299
0.0705053	-4.62942	-2.62197
0.0416601	-6.92286	-1.97542
0.00650207	-8.43793	-1.00922
-0.0307304	-8.93579	0.16797
-0.055465	-5.93631	1.4142
-0.0590447	-0.859107	2.24166
-0.0468895	2.91723	2.36072
-0.0218093	6.01925	1.95305
0.0138938	8.56874	1.11287
0.0569997	10.3454	-0.0826031
0.0924811	8.51553	-1.52547
0.108449	3.8324	-2.71263
0.10785	-0.143866	-3.24623
0.0941255	-3.29388	-3.22507
0.0696869	-5.86527	-2.76458
0.0362921	-8.01474	-1.94562
-0.00265291	-9.34681	-0.827137
-0.0408975	-9.1787	0.476751
-0.0627917	-5.25461	1.75675
-0.0637382	-0.227157	2.48902
-0.0544992	2.21736	2.51986
-0.0319115	5.42105	2.20975
0.00184825	8.10233	1.45291
0.0441246	10.1463	0.322375
0.0836878	9.49518	-1.09286
0.10417	4.91575	-2.4168
0.105733	0.375025	-3.10159
0.0933771	-2.96536	-3.15286
0.0698481	-5.64696	-2.73821
0.0370095	-7.88126	-1.9497
0.00587965	-7.47116	-0.849837
-0.0235703	-7.068	0.19246
-0.0432927	-4.73337	1.17817
-0.0449876	-0.406772	1.83794
-0.032558	2.98311	1.89405
-0.00691628	6.15401	1.47735
0.0294339	8.72405	0.618538
0.0687345	9.43215	-0.598431
0.095301	6.37595	-1.91375
0.103771	2.03271	-2.80237
0.0992201	-1.09212	-3.08493
0.082972	-3.89955	-2.93157
0.0573786	-6.1424	-2.38671
0.0247348	-7.83453	-1.52922
-0.0122073	-8.86609	-0.436013
-0.0440165	-7.6342	0.800697
-0.0568889	-3.08939	1.86517
-0.0522805	1.10602	2.29542
-0.0338579	4.42142	2.14039
-0.00406588	7.15009	1.523
0.0347052	9.30506	0.525245
0.0736025	9.33535	-0.772726
0.0970516	5.62779	-2.07448
0.102148	1.22316	-2.8587
0.0930588	-2.18142	-3.02834
0.0726688	-4.89361	-2.72307
0.0431184	-7.0921	-2.03964
0.00723237	-8.61264	-1.04981
-0.0309907	-9.17354	0.15176
-0.0568591	-6.20842	1.43115
-0.0613407	-1.07557	2.29656
-0.0499232	2.74021	2.44579
-0.0256722	5.82025	2.06278
0.00917577	8.3635	1.25032
0.0521927	10.3241	0.0834279
0.0898779	9.04446	-1.35651
0.108406	4.44683	-2.6175
0.108406	7.07068e-08	-3.23683
0.0950645	-3.20206	-3.23574
0.0709517	-5.78706	-2.78806
0.0381881	-7.86327	-1.97999
0.000107887	-9.13925	-0.882623
-0.0380647	-9.16142	0.392336
-0.0615966	-5.64767	1.66995
-0.0641464	-0.611933	2.45707
-0.0528457	2.71215	2.54159
-0.0299213	5.50186	2.16246
0.00273401	7.83728	1.39437
0.0430471	9.67515	0.300819
0.0819036	9.32554	-1.04869
0.102716	4.99501	-2.34899
0.10537	0.636891	-3.04486
0.0945324	-2.60098	-3.13266
0.0729161	-5.18792	-2.76885
0.0473654	-6.13215	-2.04435
0.015034	-7.75955	-1.1884
-0.0199584	-8.39818	-0.105772
-0.0457628	-6.19304	1.06557
-0.0506744	-1.1788	1.92895
-0.0394272	2.69933	2.09271
-0.0207569	4.48088	1.71552
0.00774325	6.84002	1.08998
0.0434317	8.56523	0.135616
0.0757043	7.74544	-1.05904
0.0911218	3.70018	-2.13895
0.0911218	0	-2.6543
0.0783368	-3.0684	-2.65341
0.0554376	-5.4958	-2.22457
0.0256136	-7.15776	-1.45731
-0.00785734	-8.03303	-0.45852
-0.0348495	-6.47811	0.66201
-0.0447121	-2.36703	1.56529
-0.0373828	1.75902	1.89489
-0.0162976	5.06047	1.64892
0.0153819	7.60308	0.942565
0.0532565	9.08989	-0.11817
0.0832028	7.18712	-1.38591
0.0949818	2.82697	-2.38785
0.0912911	-0.88577	-2.78133
0.0754451	-3.80304	-2.65685
0.0580558	-4.17344	-2.12554
0.0311011	-6.46911	-1.54275
-0.00181662	-7.90026	-0.63998
-0.0328887	-7.45729	0.462093
-0.048904	-3.84367	1.50201
-0.0471037	0.432063	2.03758
-0.0324048	3.52774	1.97663
-0.00691309	6.11801	1.48394
0.0273243	8.21696	0.630146
0.063909	8.78034	-0.516102
0.0638662	-0.0102793	-1.74054
0.0544077	-2.27003	-1.73852
0.0372271	-4.12335	-1.42134
0.0132938	-5.74399	-0.84577
-0.0123035	-6.14336	-0.0443658
-0.0286802	-3.93042	0.812468
-0.0286802	-1.44447e-08	1.36037
-0.0143094	3.449	1.35991
0.0117238	6.24796	0.878407
0.0447102	7.91674	0.00669297
0.072938	6.77466	-1.09747
0.0841005	2.679	-2.04198
0.0801149	-0.956536	-2.41494
0.0629794	-4.11252	-2.28072
0.0354524	-6.60647	-1.70637
0.00117962	-8.22547	-0.784383
-0.0252436	-6.34156	0.363096
-0.0390201	-3.30636	1.24744
-0.0353849	0.872434	1.70815
-0.0164509	4.54416	1.58589
0.0147561	7.48968	0.951574
0.0538515	9.3829	-0.0933482
0.0865882	7.85682	-1.40197
0.10142	3.55975	-2.4973
0.101025	-0.0949985	-2.99294
0.0882519	-3.06546	-2.97869
0.0644229	-5.71895	-2.55014
0.0320651	-7.76587	-1.75165
-0.00569725	-9.06297	-0.667948
-0.0407409	-8.41048	0.596299
-0.0582103	-4.19266	1.76911
-0.0566192	0.381874	2.35327
-0.0398625	4.0216	2.29921
-0.0107923	6.97685	1.73753
0.0283747	9.40009	0.763868
0.0712216	10.2833	-0.547438
0.101197	7.19413	-1.98148
0.112136	2.62539	-2.98419
0.107713	-1.06156	-3.34935
0.0905645	-4.11567	-3.20016
0.0631147	-6.58795	-2.62507
0.0272626	-8.60451	-1.70536
-0.0132096	-9.71332	-0.504702
-0.0489977	-8.58914	0.850194
-0.0706924	-5.20674	2.04784
-0.0726246	-0.463714	2.77334
-0.057254	3.68894	2.83707
-0.0289111	6.80229	2.32161
0.00975092	9.27888	1.37209
0.0557976	11.0512	0.0774854
0.0965101	9.771	-1.46387
0.117056	4.931	-2.82615
0.118418	0.326955	-3.51294
0.105699	-3.05266	-3.55736
0.0832187	-5.39522	-3.1304
0.0543961	-6.91744	-2.37687
0.0187638	-8.55174	-1.41128
-0.0202564	-9.36486	-0.218089
-0.052033	-7.62638	1.08811
-0.0627894	-2.58153	2.1514
-0.0553261	1.79119	2.51072
-0.0330864	5.33752	2.26005
0.00133634	8.26146	1.51485
0.0449234	10.4609	0.362094
0.086686	10.023	-1.09703
0.109653	5.51196	-2.49459
0.113522	0.928631	-3.26251
0.102792	-2.57527	-3.39093
0.0800846	-5.44966	-3.03061
0.0478918	-7.72629	-2.26952
0.00912745	-9.30344	-1.19116
-0.0322844	-9.93884	0.106799
-0.06106	-6.90615	1.49294
-0.0674243	-1.52743	2.45564
-0.0598406	1.8201	2.66784
-0.0379722	5.2484	2.41309
-0.00444041	8.04763	1.68026
0.038728	10.3604	0.557278
0.0826418	10.5393	-0.887898
0.10943	6.42925	-2.35753
0.116806	1.77025	-3.25344
0.109479	-1.75861	-3.49924
0.0901956	-4.62799	-3.25279
0.0612704	-6.94205	-2.60622
0.0247026	-8.77626	-1.63713
-0.0164074	-9.86641	-0.412543
-0.0495507	-7.95439	0.963674
-0.0622025	-3.03644	2.07275
-0.0563311	1.40913	2.49555
-0.0357024	4.95091	2.29817
-0.00343053	7.74524	1.60688
0.0380128	9.94639	0.526088
0.0793195	9.91361	-0.861331
0.103431	5.78678	-2.24371
0.108043	1.10681	-3.05004
0.0983671	-2.32216	-3.20339
0.0790554	-4.63481	-2.87844
0.0507159	-6.80148	-2.23104
0.0159066	-8.35422	-1.28168
-0.0220787	-9.11648	-0.116078
-0.0501851	-6.74552	1.15544
-0.0571186	-1.66404	2.09586
-0.0470039	2.42751	2.32723
-0.0226422	5.84683	1.98787
0.0131421	8.58823	1.17173
0.0569221	10.5072	-0.0264806
0.093742	8.83678	-1.49193
0.112502	4.50234	-2.72391
0.112956	0.108898	-3.35094
0.100022	-3.10416	-3.365
0.075301	-5.93294	-2.93093
0.0410146	-8.22873	-2.10247
0.000540606	-9.71375	-0.954086
-0.040905	-9.94695	0.401022
-0.0668313	-6.22231	1.7882
-0.0707911	-0.950332	2.65542
-0.0585974	2.92647	2.78707
-0.0334749	6.02941	2.37796
0.00210453	8.53906	1.53622
0.0460741	10.5527	0.344745
0.0878134	10.0174	-1.12717
0.111007	5.56652	-2.52394
0.11563	1.10954	-3.29946
0.106239	-2.2538	-3.4531
0.0854549	-4.98829	-3.1376
0.0555772	-7.17063	-2.44082
0.0188929	-8.80423	-1.4399
-0.0208869	-9.54715	-0.211481
-0.0521108	-7.49374	1.12014
-0.0615317	-2.26102	2.16492
-0.0534331	1.94368	2.47953
-0.03112	5.35513	2.2076
0.00253719	8.07773	1.45997
0.0451377	10.2241	0.332856
0.0849728	9.56043	-1.09323
0.106519	5.17105	-2.42627
0.109823	0.792909	-3.14667
0.099584	-2.45728	-3.2562
0.0781556	-5.1428	-2.91239
0.0471589	-7.43922	-2.19413
0.00941656	-9.05815	-1.15584
-0.0311891	-9.74537	0.107902
-0.0596004	-6.8187	1.46706
-0.0679613	-2.00661	2.41757
-0.0595094	2.02846	2.69662
-0.0370972	5.37891	2.41279
-0.00299165	8.18534	1.66177
0.0406745	10.4799	0.519581
0.0843642	10.4855	-0.942242
0.110011	6.15513	-2.40436
0.116148	1.47301	-3.26201
0.109258	-1.65365	-3.46636
0.0901659	-4.58209	-3.23456
0.0608406	-7.03806	-2.5944
0.0226904	-9.15606	-1.61192
-0.0201513	-10.282	-0.334369
-0.0566407	-8.75746	1.09978
-0.0710712	-3.46332	2.32082
-0.066263	1.15398	2.80307
-0.0470033	4.62232	2.64117
-0.0160938	7.41828	1.99559
0.0243121	9.69741	0.960275
0.0701512	11.0014	-0.392565
0.103841	8.08548	-1.92682
0.117202	3.20665	-3.05386
0.117202	0	-3.50007
0.104707	-2.99884	-3.49889
0.0810827	-5.66975	-3.07946
0.0513152	-7.14419	-2.28766
0.0181911	-7.94979	-1.29048
-0.0181592	-8.72406	-0.181282
-0.0474063	-7.0193	1.03553
-0.0550111	-1.82515	2.01417
-0.0449516	2.41426	2.26804
-0.0205241	5.86262	1.93055
0.0153294	8.60482	1.11223
0.0589108	10.4595	-0.0882817
0.0945591	8.5556	-1.54706
0.110772	3.89107	-2.7398
0.110367	-0.0971449	-3.28157
0.0962665	-3.38413	-3.26692
0.0710101	-6.06154	-2.79383
0.0370075	-8.16063	-1.94748
-0.00235706	-9.44749	-0.808655
-0.0407616	-9.21709	0.509269
-0.0645684	-5.71363	1.79461
-0.0662098	-0.393933	2.59089
-0.0516219	3.50109	2.64495
-0.0237788	6.68236	2.15575
0.015004	9.30785	1.22302
0.0617909	11.2289	-0.0755748
0.101158	9.44808	-1.64166
0.12064	4.6757	-2.95885
0.121134	0.118469	-3.60998
0.107995	-3.1533	-3.62529
0.0838036	-5.80592	-3.18427
0.0503861	-8.0202	-2.37344
0.0104365	-9.5879	-1.25405
-0.0321438	-10.2193	0.0836032
-0.0620246	-7.1714	1.50886
-0.0690792	-1.6931	2.50856
-0.0596464	2.26386	2.74384
-0.0367179	5.50284	2.42717
-0.00287916	8.1213	1.65885
0.0397782	10.2378	0.525599
0.0820185	10.1377	-0.902458
0.106597	5.89879	-2.31607
0.111227	1.11123	-3.13801
0.100186	-2.64993	-3.29194
0.0766916	-5.63854	-2.92124
0.0433755	-7.99588	-2.13384
0.00826569	-8.42635	-1.01793
-0.0294856	-9.06031	0.157645
-0.0547707	-6.06841	1.42124
-0.0579134	-0.754252	2.26713
-0.0443168	3.26317	2.37155
-0.0167645	6.61255	1.91563
0.0217879	9.25258	0.992714
0.0671996	10.8988	-0.298096
0.102359	8.43825	-1.81807
0.117731	3.68921	-2.99436
0.116498	-0.295741	-3.50789
0.101564	-3.58424	-3.46546
0.075586	-6.23473	-2.9644
0.0408352	-8.34019	-2.09383
0.000511919	-9.6776	-0.929911
-0.0398763	-9.69317	0.420146
-0.0648297	-5.98881	1.77192
-0.0696414	-1.15481	2.60658
-0.0574845	2.91766	2.76676
-0.0315559	6.22284	2.35889
0.00554029	8.9031	1.49018
0.0462488	9.77003	0.247947
0.0842225	9.11369	-1.11478
0.104728	4.92135	-2.38551
0.106555	0.438428	-3.0711
0.0945424	-2.883	-3.13121
0.0712177	-5.59792	-2.72806
0.0388518	-7.76782	-1.9464
0.000837348	-9.12347	-0.862353
-0.037134	-9.11313	0.410397
-0.0586192	-5.15643	1.68128
-0.0586192	0	2.39988
-0.0424596	3.87831	2.39906
-0.0132992	6.9985	1.85733
0.0253372	9.27274	0.880612
0.0688344	10.4393	-0.412972
0.100526	7.60601	-1.86882
0.112521	2.87866	-2.92902
0.108127	-1.05457	-3.32952
0.0899226	-4.36894	-3.18132
0.0607209	-7.00841	-2.57091
0.0229877	-9.05596	-1.59257
-0.0129613	-8.62776	-0.328989
-0.0435092	-7.33148	0.874444
-0.0544456	-2.62473	1.89668
-0.0476578	1.62907	2.26211
-0.026384	5.10571	2.03413
0.00666659	7.93213	1.32134
0.0483637	10.0073	0.214579
0.0862897	9.10225	-1.18123
0.106115	4.75813	-2.45034
0.107162	0.251298	-3.11314
0.0939569	-3.16931	-3.14714
0.0693675	-5.90146	-2.70406
0.0357401	-8.07058	-1.88006
-0.00335895	-9.38377	-0.753817
-0.0410736	-9.05152	0.555201
-0.0616294	-4.93339	1.81744
-0.0616294	-3.04347e-08	2.50489
-0.0461181	3.72272	2.50404
-0.0181031	6.7236	1.98397
0.0200762	9.16304	1.04555
0.0649575	10.7715	-0.232793
0.100162	8.44905	-1.73504
0.115766	3.74505	-2.91285
0.115211	-0.133338	-3.4342
0.101121	-3.38155	-3.41445
0.0759362	-6.04431	-2.94167
0.0419848	-8.14834	-2.09767
0.00522277	-8.82289	-0.960509
-0.0330163	-9.17738	0.270351
-0.0572709	-5.82111	1.55024
-0.0594824	-0.530761	2.36159
-0.0450963	3.45267	2.43481
-0.0170665	6.72716	1.95244
0.021922	9.35724	1.01352
0.0679119	11.0376	-0.291891
0.10264	8.3348	-1.83122
0.117321	3.52331	-2.99307
0.116401	-0.220731	-3.48347
0.102076	-3.43806	-3.45151
0.0762968	-6.18694	-2.97084
0.0412308	-8.41583	-2.10694
9.23395e-06	-9.89318	-0.932462
-0.0420098	-10.0846	0.447664
-0.067893	-6.21197	1.85402
-0.0718019	-0.93812	2.71978
-0.0619138	2.37313	2.8497
-0.0388043	5.54628	2.51774
-0.00571432	7.94159	1.74334
0.0364393	10.1169	0.635122
0.0797018	10.383	-0.776109
0.106661	6.47022	-2.22398
0.110457	0.91096	-3.12565
0.100252	-2.44914	-3.25165
0.0791433	-5.06608	-2.90897
0.0517905	-6.56465	-2.20142
0.0182227	-8.05628	-1.2851
-0.0186494	-8.84931	-0.161048
-0.0483117	-7.11894	1.07323
-0.0560618	-1.86003	2.06575
-0.0461739	2.3731	2.32447
-0.0221806	5.75841	1.9927
0.0124762	8.31762	1.18889
0.0544069	10.0634	0.0284112
0.0900386	8.55162	-1.37515
0.10693	4.05404	-2.5674
0.10693	-6.11859e-09	-3.13196
0.09337	-3.25452	-3.13091
0.0682569	-6.02712	-2.67594
0.0337134	-8.29046	-1.83443
-0.0064726	-9.64463	-0.677534
-0.0445225	-9.13198	0.66784
-0.0638395	-4.63608	1.94126
-0.0638395	3.46945e-18	2.5872
-0.0480791	3.78249	2.58632
-0.0193198	6.90225	2.05789
0.0199508	9.42492	1.09453
0.0663195	11.1285	-0.220355
0.102872	8.77269	-1.77239
0.119324	3.94846	-2.99533
0.11715	-0.521705	-3.54502
0.104591	-3.01435	-3.47107
0.0813862	-5.56908	-3.04949
0.0488943	-7.79806	-2.27173
0.00962287	-9.42513	-1.18336
-0.032653	-10.1462	0.131567
-0.0621904	-7.08897	1.54662
-0.0689747	-1.62825	2.53481
-0.0589842	2.39773	2.76104
-0.0355828	5.61633	2.42569
-0.0013329	8.21998	1.64154
0.0415993	10.3037	0.494532
0.0836991	10.104	-0.942715
0.106628	5.50298	-2.35161
0.103849	-0.667033	-3.11833
0.0875047	-3.9226	-3.02425
0.0601616	-6.56234	-2.47614
0.0245087	-8.55671	-1.56005
-0.0135898	-9.14363	-0.366115
-0.0413535	-6.66331	0.909278
-0.0503875	-2.16815	1.83831
-0.0423394	1.93154	2.14008
-0.0200197	5.35673	1.86996
0.014237	8.22162	1.12221
0.0567487	10.2028	-0.0248574
0.0926345	8.61258	-1.44785
0.109158	3.96576	-2.64858
0.109158	0	-3.2008
0.096238	-3.10091	-3.19972
0.0723767	-5.7267	-2.76616
0.0392731	-7.94486	-1.96651
-6.09756e-05	-9.44018	-0.857773
-0.0396024	-9.48995	0.459148
-0.0633117	-5.69021	1.78256
-0.0676786	-1.04807	2.57558
-0.0574211	2.4618	2.72088
-0.033651	5.70482	2.37661
0.00149116	8.43412	1.58014
0.0455257	10.5683	0.40328
0.0877739	10.1396	-1.07084
0.110801	5.52653	-2.48466
0.114549	0.899398	-3.25461
0.107944	-1.58505	-3.37896
0.0904199	-4.20585	-3.15676
0.0628279	-6.62207	-2.5691
0.0273462	-8.51562	-1.64465
-0.0124197	-9.54382	-0.45641
-0.0470834	-8.31929	0.874829
-0.0617099	-3.51035	2.03483
-0.0581558	0.852987	2.52373
-0.0398661	4.38951	2.40391
-0.00988758	7.19485	1.79088
0.0295458	9.46401	0.786793
0.0724503	10.2971	-0.533435
0.102111	7.11868	-1.96941
0.11278	2.5604	-2.9616
0.108288	-1.07807	-3.3177
0.0910952	-4.12621	-3.16623
0.06325	-6.68285	-2.58968
0.0268661	-8.73215	-1.65674
-0.0138899	-9.78142	-0.438299
-0.0492757	-8.49261	0.926072
-0.0637833	-3.48183	2.11023
-0.0597541	0.967026	2.59513
-0.0406338	4.58886	2.45937
-0.00898567	7.59556	1.81852
0.032779	10.0235	0.758542
0.077767	10.7971	-0.639715
0.109584	7.63602	-2.14539
0.122351	3.06419	-3.20968
0.120036	-0.555606	-3.63596
0.10467	-3.68794	-3.55725
0.0782189	-6.34821	-3.04169
0.0429429	-8.46624	-2.15527
0.00170398	-9.89734	-0.973753
-0.0406439	-10.1635	0.406967
-0.063798	-5.55698	1.82434
-0.0651392	-0.321899	2.59876
-0.0507545	3.45233	2.64277
-0.0237329	6.48517	2.16037
0.0136025	8.9605	1.25514
0.0582757	10.7216	0.00497911
0.095925	9.03582	-1.49038
0.1134	4.19394	-2.75012
0.113351	-0.0116623	-3.33413
0.0990624	-3.4293	-3.33138
0.0745292	-5.88796	-2.85197
0.0412667	-7.983	-2.02981
0.00202073	-9.41903	-0.915731
-0.0378163	-9.56088	0.39826
-0.0617042	-5.73311	1.73159
-0.0629137	-0.290266	2.5306
-0.0477083	3.64929	2.57023
-0.0194705	6.77707	2.06038
0.0190958	9.25591	1.11448
0.0645752	10.9151	-0.176841
0.100838	8.70307	-1.69913
0.117269	3.94338	-2.91238
0.117164	-0.0252202	-3.46139
0.103289	-3.32992	-3.45671
0.0781584	-6.03135	-2.99112
0.0439187	-8.21752	-2.14891
0.00338659	-9.72771	-1.00208
-0.0346765	-9.13515	0.354987
-0.0579228	-5.57911	1.62895
-0.0592529	-0.319218	2.40653
-0.044518	3.53637	2.45023
-0.016779	6.65736	1.95617
0.0215455	9.19788	1.027
0.0666784	10.8319	-0.256198
0.102365	8.56468	-1.76686
0.117479	3.62756	-2.96079
0.11628	-0.287961	-3.46574
0.101481	-3.55171	-3.42441
0.075584	-6.21523	-2.9279
0.040728	-8.36543	-2.06006
2.41785e-05	-9.76893	-0.892635
-0.0405676	-9.74202	0.470148
-0.0643222	-5.7011	1.82872
-0.0662742	-0.468491	2.62323
-0.0525617	3.291	2.68769
-0.0261508	6.33861	2.22777
0.0106564	8.83374	1.34296
0.0551058	10.6678	0.110446
0.0939452	9.32146	-1.37745
0.113126	4.60341	-2.67707
0.113293	0.0400826	-3.31821
0.0996273	-3.27979	-3.32269
0.0748314	-5.951	-2.86413
0.0411608	-8.08094	-2.03318
0.00566777	-8.51833	-0.905435
-0.0308874	-8.77323	0.28293
-0.0545761	-5.68529	1.50644
-0.0565871	-0.482641	2.29887
-0.0417209	3.5679	2.3654
-0.0133118	6.81816	1.86698
0.0258914	9.40879	0.915401
0.0705677	10.7223	-0.39717
0.101873	7.51323	-1.8925
0.113725	2.84449	-2.93974
0.109968	-0.901769	-3.33548
0.0931623	-4.03325	-3.20859
0.0653737	-6.66926	-2.64498
0.028758	-8.78777	-1.71392
-0.00989538	-9.27682	-0.487708
-0.0448827	-8.39696	0.806303
-0.06233	-4.18734	1.97716
-0.0609075	0.34139	2.5605
-0.0437913	4.10789	2.51202
-0.0140478	7.13846	1.93823
0.0259283	9.59425	0.941963
0.0714423	10.9234	-0.396485
0.104811	8.0085	-1.91985
0.120323	3.72278	-3.03616
0.119487	-0.200595	-3.55436
0.10489	-3.50312	-3.52519
0.0792634	-6.1505	-3.03542
0.0448127	-8.26818	-2.17658
0.0042388	-9.73773	-1.02268
-0.0379949	-10.1361	0.335798
-0.0651613	-6.51994	1.74937
-0.0697633	-1.10449	2.65812
-0.0580729	2.80569	2.81126
-0.0333898	5.92395	2.419
0.00205339	8.50636	1.59195
0.0431814	9.87071	0.405013
0.0826739	9.47822	-0.971811
0.104377	5.20869	-2.29343
0.109871	1.31858	-3.01912
0.10253	-1.76193	-3.20201
0.0842004	-4.39899	-2.9552
0.056775	-6.5821	-2.34067
0.0223339	-8.26586	-1.42187
-0.0159666	-9.19213	-0.268543
-0.0481294	-7.71907	1.01358
-0.0600973	-2.87229	2.08982
-0.0546184	1.31495	2.48972
-0.0337584	5.00639	2.30547
-0.00049592	7.98299	1.60644
0.0423797	10.2902	0.492493
0.0849056	10.2062	-0.94286
0.109361	5.86924	-2.36602
0.114562	1.24831	-3.18382
0.105332	-2.21521	-3.35685
0.0839809	-5.12425	-3.04676
0.0522627	-7.61238	-2.33105
0.0129346	-9.43873	-1.26856
-0.0300377	-10.3133	0.0482986
-0.0629621	-7.90186	1.48669
-0.0718869	-2.14195	2.58827
-0.06419	1.84727	2.88613
-0.0426427	5.17135	2.62751
-0.00971659	7.90226	1.90536
0.0326124	10.159	0.802575
0.0781518	10.9294	-0.614585
0.10887	7.37238	-2.13873
0.119461	2.54183	-3.16624
0.115958	-0.840665	-3.51969
0.100582	-3.6903	-3.40126
0.0745325	-6.25186	-2.88542
0.0399405	-8.30209	-2.0125
-0.00010654	-9.61128	-0.85392
-0.0397295	-9.50952	0.486862
-0.0626641	-5.50429	1.813
-0.0635706	-0.217571	2.58007
-0.0486084	3.59092	2.60954
-0.021045	6.61523	2.10782
0.0167226	9.06422	1.18447
0.0615622	10.7615	-0.0801362
0.0984483	8.85265	-1.58104
0.115657	4.13013	-2.8152
0.115657	6.29084e-08	-3.39029
0.102101	-3.25347	-3.38915
0.0769372	-6.03933	-2.93424
0.0425108	-8.26232	-2.09094
0.00222023	-9.66975	-0.937883
-0.0338129	-8.64794	0.411082
-0.0558806	-5.29626	1.61708
-0.0569555	-0.257968	2.3552
-0.0421201	3.5605	2.39038
-0.0140728	6.73134	1.89298
0.0245848	9.27783	0.953507
0.0691877	10.7047	-0.340811
0.10261	8.02123	-1.8337
0.117054	3.46676	-2.95182
0.115778	-0.306212	-3.43434
0.101106	-3.52138	-3.39048
0.0749327	-6.2816	-2.8982
0.039482	-8.50817	-2.02113
-0.00193647	-9.94043	-0.833803
-0.0438494	-10.0591	0.55288
-0.0659667	-5.30814	1.95564
-0.0675975	-0.391393	2.69531
-0.0533553	3.41811	2.74899
-0.026352	6.4808	2.27132
0.010985	8.96088	1.36666
0.0558883	10.7768	0.116411
0.0949643	9.37824	-1.38669
0.114011	4.57123	-2.69422
0.114957	0.227129	-3.33087
0.102525	-2.98386	-3.36143
0.0788743	-5.6761	-2.94413
0.0462236	-7.83616	-2.15149
0.00727462	-9.34775	-1.05785
-0.0336914	-9.83185	0.246248
-0.0609737	-6.54774	1.61742
-0.066191	-1.25217	2.53009
-0.0539894	2.92839	2.70387
-0.0277626	6.29443	2.29453
0.00929955	8.89492	1.41586
0.0544035	10.8249	0.174785
0.0947036	9.67204	-1.33505
0.115372	4.96048	-2.68357
0.117101	0.414813	-3.37452
0.105033	-2.89614	-3.43124
0.0814275	-5.66543	-3.02616
0.0483688	-7.9341	-2.23497
0.00844476	-9.58176	-1.12764
-0.030644	-9.3813	0.209113
-0.0584564	-6.67497	1.51746
-0.0644732	-1.44404	2.44791
-0.0536172	2.60544	2.64848
-0.0290553	5.89487	2.2842
0.00665757	8.57109	1.46126
0.0507761	10.5885	0.265334
0.0911637	9.69303	-1.21155
0.113281	5.3082	-2.56304
0.116013	0.655594	-3.30252
0.10414	-2.84941	-3.39285
0.0807153	-5.622	-2.9943
0.0478034	-7.89887	-2.20918
0.00824598	-9.49377	-1.10677
-0.0339873	-10.136	0.217705
-0.0626374	-6.87603	1.6313
-0.0686639	-1.44637	2.58976
-0.0581742	2.51753	2.7906
-0.034469	5.68926	2.43853
4.5802e-05	8.28355	1.64422
0.0430801	10.3282	0.488337
0.0850173	10.0649	-0.952327
0.108638	5.66904	-2.35578
0.11287	1.01554	-3.14565
0.102388	-2.51569	-3.28624
0.079996	-5.374	-2.93427
0.0481305	-7.64772	-2.18376
0.00968253	-9.22751	-1.11639
-0.025314	-8.39916	0.170956
-0.0493123	-5.75959	1.34234
-0.0535372	-1.01397	2.14518
-0.0405958	3.10593	2.28587
-0.013634	6.47082	1.8519
0.0246466	9.18736	0.948775
0.0693554	10.7301	-0.332924
0.102347	7.91793	-1.82936
0.115703	3.20546	-2.93307
0.113453	-0.540009	-3.37916
0.0983326	-3.62886	-3.3027
0.0725527	-6.18718	-2.79547
0.0378989	-8.31692	-1.9316
-0.00236145	-9.66247	-0.770979
-0.0400344	-9.04152	0.576915
-0.0619951	-5.27057	1.83775
-0.0625082	-0.123139	2.57221
-0.0472686	3.6575	2.58852
-0.019239	6.72712	2.07752
0.0191984	9.22497	1.13857
0.0645864	10.8931	-0.148439
0.100818	8.69554	-1.66767
0.116864	3.85117	-2.87989
0.11676	-0.0249282	-3.41605
0.10345	-3.19452	-3.41143
0.0790927	-5.84575	-2.96474
0.0455215	-8.05708	-2.14842
0.00555579	-9.59178	-1.02397
-0.0365024	-10.094	0.314149
-0.0639766	-6.5938	1.72186
-0.068982	-1.2013	2.64092
-0.0575426	2.74544	2.80757
-0.0329025	5.91362	2.4237
0.00234244	8.45879	1.5981
0.045866	10.4457	0.41779
0.0873681	9.9605	-1.03923
0.109745	5.37055	-2.42808
0.112832	0.740892	-3.17631
0.101538	-2.71061	-3.27857
0.078039	-5.6398	-2.89942
0.0447032	-8.00061	-2.11185
0.00514587	-9.49375	-0.995289
-0.0300143	-8.43844	0.329149
-0.0524442	-5.38317	1.50595
-0.0551783	-0.656191	2.25624
-0.0414907	3.28503	2.34699
-0.0141368	6.56492	1.88803
0.024302	9.22533	0.971763
0.0692096	10.7778	-0.31524
0.102868	8.0781	-1.81833
0.117341	3.47349	-2.94439
0.116396	-0.226752	-3.42785
0.102658	-3.29721	-3.39507
0.0782101	-5.86748	-2.93406
0.0449463	-7.98331	-2.11473
0.00577978	-9.39997	-1.00058
-0.0371329	-10.2991	0.31078
-0.0640621	-6.46299	1.74709
-0.0695486	-1.31677	2.6479
-0.0586774	2.6091	2.83065
-0.0340203	5.9177	2.4658
0.00183498	8.60527	1.63961
0.0464924	10.7178	0.43886
0.0894896	10.3193	-1.05612
0.112965	5.63419	-2.49502
0.116495	0.847155	-3.27999
0.105163	-2.71963	-3.39704
0.0825557	-5.42585	-3.01659
0.0505234	-7.68776	-2.25882
0.0113424	-9.40344	-1.18584
-0.0310297	-10.1693	0.126064
-0.0611434	-7.2273	1.54434
-0.0688457	-1.84856	2.55182
-0.0593669	2.27491	2.80877
-0.0358105	5.65354	2.49053
-0.00130387	8.28159	1.70118
0.0418144	10.3484	0.545552
0.0844356	10.2291	-0.897943
0.10925	5.95556	-2.32431
0.114549	1.27168	-3.15416
0.105226	-2.23754	-3.33046
0.084153	-5.05753	-3.01727
0.052907	-7.49903	-2.31087
0.0226718	-7.25643	-1.2642
-0.0116445	-8.23591	-0.25171
-0.0403302	-6.88457	0.897044
-0.0498815	-2.29233	1.85694
-0.0421493	1.85573	2.17602
-0.0199636	5.32457	1.91646
0.0139769	8.14574	1.17318
0.0558475	10.0489	0.0366796
0.0925675	8.81279	-1.36488
0.111393	4.51823	-2.59355
0.112165	0.18512	-3.22285
0.0998853	-2.94708	-3.24758
0.0763056	-5.65913	-2.83546
0.0432923	-7.92319	-2.04522
0.00395958	-9.43985	-0.939474
-0.0365567	-9.7239	0.377427
-0.0615782	-6.00517	1.7335
-0.0644598	-0.69159	2.57046
-0.0511254	3.20027	2.66604
-0.0248189	6.31356	2.21879
0.01195	8.82452	1.33747
0.0563527	10.6567	0.106247
0.0950008	9.27555	-1.38009
0.113936	4.54446	-2.6733
0.114182	0.0590562	-3.30623
0.101194	-3.11714	-3.31335
0.0772313	-5.75106	-2.87749
0.0444825	-7.85971	-2.07441
0.00565362	-9.31893	-0.977512
-0.0346401	-9.67049	0.322537
-0.0604304	-6.18968	1.67118
-0.0690879	-2.07779	2.53389
-0.0619568	1.71147	2.82282
-0.0403973	5.17427	2.58317
-0.00723452	7.95907	1.86062
0.0351869	10.1811	0.749927
0.0797726	10.7006	-0.670309
0.108675	6.93657	-2.16251
0.117273	2.06353	-3.12924
0.112506	-1.14404	-3.41599
0.0951629	-4.1624	-3.25528
0.0672614	-6.69637	-2.67365
0.0380316	-7.01515	-1.7388
0.0038401	-8.20596	-0.759808
-0.0300652	-8.13726	0.38494
-0.0501697	-4.8251	1.51972
-0.0501697	0	2.19216
-0.0346656	3.721	2.19142
-0.00613203	6.84805	1.6717
0.0324935	9.27012	0.716022
0.0743711	10.0506	-0.577142
0.103286	6.93963	-1.97873
0.113718	2.50365	-2.94594
0.10933	-1.05314	-3.29414
0.0924199	-4.05842	-3.14615
0.0650617	-6.56597	-2.57906
0.0292274	-8.60023	-1.66243
-0.0112619	-9.71744	-0.462387
-0.0469523	-8.5657	0.893069
-0.061925	-3.59344	2.08743
-0.0585027	0.821358	2.5879
-0.0402731	4.37511	2.47247
-0.0101065	7.23999	1.86143
0.0298639	9.59288	0.851019
0.0738614	10.5594	-0.487206
0.104824	7.43103	-1.95978
0.116021	2.68728	-2.99554
0.111566	-1.0692	-3.36933
0.0942188	-4.16333	-3.21908
0.0666157	-6.62476	-2.63733
0.0307236	-8.61411	-1.71248
-0.00976503	-9.71726	-0.510486
-0.0448408	-8.41819	0.844962
-0.0602407	-3.69597	2.01877
-0.0575895	0.636294	2.53356
-0.0428487	3.5378	2.44396
-0.0152168	6.63166	1.9497
0.022677	9.09451	1.02411
0.0677752	10.8236	-0.244662
0.102746	8.39289	-1.75416
0.11665	3.3371	-2.92414
0.116475	-0.0421091	-3.38859
0.105075	-2.73591	-3.38158
0.0840638	-5.04269	-2.99886
0.0546168	-7.06728	-2.29454
0.0187552	-8.60678	-1.30809
-0.020306	-9.3747	-0.107249
-0.0504901	-7.24418	1.20028
-0.0592214	-2.0955	2.21023
-0.0511154	1.94543	2.50174
-0.0288628	5.34061	2.22956
0.00502685	8.13353	1.48394
0.0474999	10.1935	0.349034
0.08744	9.58563	-1.07279
0.109404	5.27135	-2.40936
0.112337	0.703876	-3.14375
0.102203	-2.4322	-3.24087
0.0805628	-5.19356	-2.90056
0.0492381	-7.51792	-2.17523
0.0107208	-9.24416	-1.12596
-0.0309292	-9.99598	0.163707
-0.0596598	-6.89536	1.5578
-0.0661294	-1.55271	2.51897
-0.0564862	2.31439	2.73468
-0.0334181	5.53633	2.41096
0.000651751	8.17677	1.63798
0.0432814	10.2311	0.496992
0.0849426	9.99869	-0.930128
0.108367	5.6219	-2.32435
0.11249	0.989398	-3.10766
0.102543	-2.38729	-3.24461
0.0810276	-5.16361	-2.91057
0.0501393	-7.41318	-2.18941
0.0135541	-8.78045	-1.15475
-0.0260966	-9.51617	0.0702565
-0.0543401	-6.77844	1.39746
-0.060867	-1.56647	2.34238
-0.050868	2.39977	2.56006
-0.027174	5.68656	2.22449
0.00163693	6.91461	1.43062
0.0397044	9.1362	0.465742
0.0769097	8.92926	-0.80866
0.099382	5.39334	-2.05377
0.105371	1.43743	-2.8053
0.097761	-1.82646	-3.00483
0.0819754	-3.78854	-2.74909
0.0573269	-5.91565	-2.21977
0.0255719	-7.6212	-1.39396
-0.0107485	-8.71688	-0.330558
-0.042185	-7.54478	0.885303
-0.0541369	-2.86844	1.93728
-0.0486855	1.30832	2.33669
-0.0332964	3.69338	2.15342
-0.0055739	6.6534	1.63756
0.0323253	9.0958	0.709044
0.0731649	9.80152	-0.559805
0.100698	6.60788	-1.92665
0.110381	2.3239	-2.84762
0.10618	-1.00824	-3.17078
0.090739	-3.70576	-3.02909
0.0653543	-6.09233	-2.51123
0.031234	-8.18888	-1.66068
-0.00797282	-9.40964	-0.51801
-0.0431731	-8.44806	0.794535
-0.0591799	-3.84164	1.97252
-0.0569961	0.524122	2.50765
-0.0401837	4.03497	2.4337
-0.0189143	5.10465	1.87011
0.0128303	7.6187	1.15752
0.0524267	9.50315	0.09453
0.0866822	8.22131	-1.23092
0.102081	3.69572	-2.37715
0.101607	-0.113701	-2.8918
0.0881997	-3.21781	-2.87497
0.0642706	-5.743	-2.42522
0.0320593	-7.73069	-1.62342
-0.00343215	-8.51796	-0.544664
-0.0337774	-7.28287	0.643526
-0.047593	-3.31573	1.65906
-0.0437205	0.929405	2.12094
-0.0245686	4.59646	1.99059
0.0068984	7.55207	1.34884
0.0479048	9.84153	0.295081
0.0680591	4.83702	-1.07764
0.0733261	1.26409	-1.7519
0.0664204	-1.65736	-1.92762
0.0492615	-4.11815	-1.69582
0.0242484	-6.00313	-1.12089
-0.00589111	-7.23349	-0.283255
-0.0313301	-6.10535	0.7257
-0.0407188	-2.25331	1.57697
-0.0357358	1.19593	1.89071
-0.0180797	4.23747	1.72327
0.0100904	6.76082	1.13167
0.0462479	8.6778	0.188342
0.0583871	2.91343	-1.02203
0.0583871	0	-1.42803
0.0479186	-2.51245	-1.42756
0.0290835	-4.52043	-1.07667
0.00460012	-5.87601	-0.445837
-0.0140295	-4.4711	0.373845
-0.0207115	-1.60368	0.997305
-0.013255	1.78956	1.22063
0.00652933	4.74824	0.97062
0.0346496	6.74886	0.308042
0.0529213	4.3852	-0.633341
0.0605526	1.83151	-1.24474
0.0557039	-1.16368	-1.49977
0.0378772	-4.2784	-1.33697
0.0165007	-5.13036	-0.739812
-0.00696107	-5.63083	-0.0240286
-0.0231303	-3.88062	0.761314
-0.0236907	-0.134505	1.30229
-0.00933852	3.44453	1.3206
0.0172692	6.38586	0.839736
0.0508144	8.05084	-0.0511979
0.0789356	6.7491	-1.17405
0.0894117	2.51425	-2.11496
0.0848584	-1.09279	-2.46492
0.0673402	-4.20437	-2.31168
0.0397033	-6.63284	-1.72452
0.00693645	-7.86405	-0.798848
-0.0268623	-8.1117	0.298227
-0.0479187	-5.05353	1.42947
-0.048345	-0.102319	2.13381
-0.0332174	3.63063	2.14735
-0.00550247	6.65157	1.64025
0.0321407	9.03436	0.711985
0.0725036	9.6871	-0.548296
0.0996698	6.51989	-1.89919
0.107906	1.97666	-2.80789
0.101077	-1.63884	-3.08264
0.0817199	-4.64581	-2.85303
0.0522701	-7.06794	-2.20411
0.0165605	-8.57031	-1.2176
-0.0227665	-9.43848	-0.0218808
-0.052124	-7.0458	1.29452
-0.0577975	-1.36165	2.27676
-0.046414	2.73206	2.4659
-0.0209118	6.12052	2.08402
0.0159303	8.84211	1.22967
0.0602621	10.6396	-0.00397223
0.0984805	9.17242	-1.4879
0.117691	4.61042	-2.76669
0.118652	0.230617	-3.40878
0.106227	-2.98191	-3.4398
0.0824393	-5.70902	-3.02276
0.0493972	-7.9301	-2.22549
0.00961236	-9.54836	-1.11873
-0.0330174	-10.2311	0.21337
-0.0626176	-7.10405	1.64024
-0.069539	-1.66113	2.63049
-0.0598134	2.33413	2.86128
-0.0365401	5.5856	2.53477
-0.0021547	8.25249	1.75487
0.0413078	10.431	0.603285
0.0851306	10.5175	-0.85175
0.111173	6.25029	-2.31835
0.119792	2.06836	-3.18931
0.113024	-1.62429	-3.47672
0.0936709	-4.6447	-3.24901
0.0641165	-7.09305	-2.60011
0.0266578	-8.99008	-1.60996
-0.0151196	-10.0266	-0.355566
-0.0501628	-8.41037	1.04297
-0.0627804	-3.02823	2.21562
-0.0573209	1.3103	2.63722
-0.0374186	4.77654	2.45357
-0.00587132	7.57135	1.78655
0.0351444	9.84377	0.729949
0.0784119	10.3842	-0.643227
0.106952	6.84954	-2.09131
0.115793	2.12182	-3.04593
0.108855	-1.6651	-3.34084
0.0923027	-3.97247	-3.10748
0.0663729	-6.22316	-2.55239
0.0328005	-8.05738	-1.68358
-0.00528536	-9.1406	-0.559247
-0.0404015	-8.42787	0.715789
-0.0577403	-4.16132	1.89099
-0.0555289	0.530754	2.47073
-0.037504	4.32598	2.39587
-0.00677358	7.37529	1.7917
0.0341807	9.82902	0.762447
0.0781157	10.5444	-0.608684
0.107751	7.11241	-2.07913
0.117453	2.32845	-3.07041
0.111109	-1.52244	-3.39413
0.0915689	-4.68968	-3.18065
0.0615748	-7.19858	-2.52551
0.0232444	-9.19929	-1.52066
-0.019321	-10.2157	-0.237119
-0.0510593	-7.6172	1.18775
-0.0606045	-2.29084	2.24973
-0.0527512	1.88479	2.56847
-0.0308768	5.24985	2.30472
0.0023855	7.98295	1.57173
0.0444548	10.0966	0.457802
0.0852813	9.79835	-0.950551
0.10775	5.39258	-2.31682
0.110698	0.707507	-3.06816
0.100072	-2.55035	-3.1658
0.0777063	-5.36773	-2.80904
0.04595	-7.62153	-2.05945
0.00775884	-9.16587	-0.995777
-0.0312076	-9.35195	0.28293
-0.0567914	-6.1401	1.58716
-0.0600955	-0.79299	2.44299
-0.0466134	3.23569	2.55275
-0.0196497	6.47129	2.1006
0.0179313	9.01944	1.19732
0.0626616	10.7353	-0.0610397
0.0995177	8.84546	-1.55829
0.116722	4.12908	-2.79146
0.116722	8.66623e-08	-3.36641
0.103225	-3.23945	-3.36528
0.0784364	-5.94916	-2.91234
0.0444709	-8.15172	-2.08162
0.00409554	-9.69007	-0.943991
-0.0361079	-9.64883	0.40781
-0.0620771	-6.23259	1.7534
-0.0658871	-0.9144	2.62207
-0.0531497	3.05697	2.74871
-0.0269391	6.29055	2.32142
0.0101539	8.9023	1.44328
0.0552421	10.8212	0.201169
0.0962417	9.83991	-1.30815
0.1178	5.17401	-2.6801
0.12018	0.571264	-3.40083
0.1082	-2.87541	-3.47936
0.0846316	-5.6563	-3.07715
0.0517909	-7.88178	-2.28723
0.0119476	-9.56239	-1.18718
-0.0309081	-10.2854	0.146899
-0.060967	-7.21413	1.58136
-0.0683731	-1.77747	2.58698
-0.0590358	2.24094	2.83401
-0.0361271	5.49809	2.5205
-0.00219944	8.14264	1.75281
0.0406269	10.2783	0.616551
0.0838796	10.3807	-0.817193
0.107246	5.60788	-2.26473
0.112242	1.19911	-3.04611
0.102455	-2.3489	-3.21233
0.0834327	-4.56535	-2.88364
0.055642	-6.66978	-2.24594
0.0211018	-8.28963	-1.31494
-0.0171311	-9.17591	-0.158337
-0.0482252	-7.46257	1.12149
-0.0591219	-2.61522	2.16192
-0.0516402	1.79561	2.52593
-0.0291315	5.4021	2.27464
0.00536712	8.27966	1.52042
0.0485821	10.3716	0.365127
0.0885104	9.58277	-1.08154
0.109244	4.97601	-2.41771
0.111073	0.438951	-3.11091
0.0990793	-2.87842	-3.17108
0.0755483	-5.64744	-2.76856
0.042337	-7.97071	-1.97997
0.00266934	-9.52024	-0.867625
-0.0376761	-9.68291	0.460463
-0.0600408	-5.36751	1.81079
-0.0624757	-0.584394	2.55879
-0.0489343	3.24995	2.63942
-0.0220853	6.44375	2.18525
0.0154776	9.01509	1.28579
0.0604991	10.8052	0.0280009
0.099676	9.40244	-1.47903
0.119325	4.71587	-2.7899
0.120366	0.249774	-3.4467
0.10785	-3.00396	-3.48037
0.084077	-5.70543	-3.06024
0.051296	-7.86746	-2.26347
0.0118827	-9.45917	-1.16542
-0.0302703	-10.1167	0.154251
-0.0597403	-7.0728	1.56519
-0.0667229	-1.67583	2.5511
-0.0567991	2.38171	2.78397
-0.037024	4.74603	2.45084
-0.005364	7.5984	1.78807
0.0358506	9.89151	0.727703
0.0784907	10.2336	-0.652131
0.106701	6.77048	-2.07921
0.115654	2.14872	-3.02281
0.112178	-0.834268	-3.32148
0.0972928	-3.57243	-3.204
0.072847	-5.86699	-2.70468
0.0404454	-7.77639	-1.88549
0.00280626	-9.03339	-0.800274
-0.0346509	-8.98971	0.459891
-0.0578224	-5.56116	1.71354
-0.0593617	-0.369438	2.48858
-0.0445327	3.55896	2.53926
-0.0164665	6.7359	2.04202
0.022173	9.27348	1.10186
0.0674627	10.8695	-0.191906
0.102626	8.43924	-1.70783
0.117557	3.58333	-2.88429
0.11611	-0.347177	-3.3831
0.100858	-3.66063	-3.33354
0.0738775	-6.47521	-2.82187
0.0375886	-8.70932	-1.91781
-0.00462069	-10.1302	-0.702469
-0.0397144	-8.4225	0.710641
-0.0586737	-4.55022	1.88509
-0.0586737	0	2.51908
-0.0429002	3.78564	2.51822
-0.0142712	6.87095	1.98937
0.0247638	9.36841	1.0304
0.0701539	10.8936	-0.276583
0.104693	8.28931	-1.79584
0.120439	3.77905	-2.95136
0.119849	-0.141535	-3.47744
0.105972	-3.33038	-3.45653
0.0812023	-5.94483	-2.99088
0.047744	-8.02999	-2.16074
0.00816886	-9.49804	-1.04006
-0.0333022	-9.95306	0.284987
-0.060383	-6.4994	1.67305
-0.0649806	-1.10341	2.57896
-0.05308	2.85614	2.73198
-0.0280241	6.01341	2.3327
0.0077845	8.59407	1.49321
0.0516402	10.5254	0.294069
0.0920101	9.68878	-1.17402
0.112843	4.99999	-2.52494
0.114612	0.424563	-3.22145
0.102517	-2.90279	-3.27958
0.0786981	-5.71663	-2.87362
0.045564	-7.9522	-2.07535
0.00601668	-9.49135	-0.96555
-0.03228	-9.1912	0.358542
-0.0574644	-6.04426	1.64032
-0.062928	-1.31126	2.48277
-0.0517643	2.67927	2.6648
-0.026651	6.02719	2.29022
0.0097758	8.74244	1.44882
0.0549261	10.8361	0.229
0.096023	9.86325	-1.28241
0.117427	5.13687	-2.65762
0.119708	0.547622	-3.37317
0.107928	-2.8274	-3.44842
0.0842764	-5.67627	-3.05292
0.0509096	-8.00805	-2.26022
0.0103934	-9.72388	-1.14256
-0.0310606	-9.94896	0.21402
-0.060168	-6.98576	1.60154
-0.0687727	-2.06513	2.5753
-0.0601748	2.0635	2.86246
-0.0376611	5.4033	2.57368
-0.0039246	8.09675	1.8192
0.0389674	10.2941	0.689318
0.0831605	10.6064	-0.746649
0.110791	6.63131	-2.22569
0.118861	1.93688	-3.14982
0.112241	-1.58885	-3.4189
0.0931198	-4.58912	-3.19615
0.0643029	-6.91606	-2.55503
0.0274511	-8.84443	-1.58958
-0.013606	-9.85371	-0.3555
-0.0480576	-8.26838	1.01892
-0.0601938	-2.91269	2.17178
-0.0540628	1.47145	2.57727
-0.0333707	4.96609	2.37117
-0.000710019	7.83857	1.67774
0.0411297	10.0415	0.583908
0.0834161	10.1487	-0.816802
0.109125	6.17003	-2.23199
0.115665	1.56967	-3.09178
0.10766	-1.92115	-3.30967
0.0874546	-4.8493	-3.04061
0.0571392	-7.27569	-2.36325
0.018985	-9.15703	-1.34771
-0.016458	-8.50631	-0.0701157
-0.0446161	-6.75794	1.11629
-0.0521535	-1.80897	2.05845
-0.0428012	2.24456	2.31005
-0.0193689	5.62375	1.99621
0.0154933	8.36691	1.21117
0.0582161	10.2535	0.0438143
0.094616	8.73597	-1.38627
0.111502	4.05274	-2.60423
0.112738	0.296462	-3.16859
0.101076	-2.79871	-3.20888
0.0775381	-5.64918	-2.81746
0.0446566	-7.89156	-2.02862
0.00497654	-9.52321	-0.927289
-0.0364204	-9.93527	0.401233
-0.0630628	-6.39416	1.78678
-0.0677436	-1.12341	2.67797
-0.0562799	2.7513	2.83374
-0.0318406	5.86544	2.44905
0.00322164	8.41493	1.63016
0.0464959	10.3858	0.455959
0.0881267	9.99141	-0.992725
0.111382	5.58133	-2.38591
0.115655	1.02536	-3.16355
0.105378	-2.46651	-3.30549
0.0833215	-5.29343	-2.96037
0.0518582	-7.55121	-2.2211
0.0136643	-9.16652	-1.16718
-0.027352	-9.84391	0.111681
-0.0565527	-7.00818	1.48458
-0.0638754	-1.75744	2.46151
-0.0539225	2.38869	2.70579
-0.0297829	5.79351	2.37172
0.00340287	7.96458	1.56288
0.045284	10.0515	0.451513
0.0766611	7.53051	-0.950537
0.0774177	0.181592	-2.00051
0.06794	-2.27466	-2.02517
0.0494581	-4.43564	-1.70724
0.024117	-6.08187	-1.08803
-0.00618848	-7.27332	-0.239418
-0.032165	-6.23436	0.775077
-0.0438728	-2.80987	1.64432
-0.0411634	0.65025	2.03566
-0.0260299	3.63203	1.94428
0.00205885	6.74131	1.43705
0.0400912	9.12776	0.496337
0.078715	9.26971	-0.776898
0.088188	2.27352	-2.0695
0.0839691	-1.01252	-2.3859
0.0679587	-3.8425	-2.24388
0.0428739	-6.02036	-1.70721
0.0117352	-7.47328	-0.866973
-0.0209007	-7.83262	0.175623
-0.0426318	-5.21546	1.26798
-0.0446747	-0.490295	1.99496
-0.031573	3.14441	2.06266
-0.00637777	6.04685	1.6234
0.0279949	8.24944	0.779486
0.0652469	8.94048	-0.371344
0.0910799	6.19993	-1.61816
0.0981709	1.70183	-2.48234
0.0899176	-1.9808	-2.71886
0.0693487	-4.93652	-2.44169
0.0391838	-7.23957	-1.75236
0.00318624	-8.63943	-0.742064
-0.0317452	-8.38355	0.463134
-0.0510224	-4.62652	1.63224
-0.0510224	0	2.27695
-0.0361138	3.57806	2.27617
-0.01898	4.1121	1.77636
-0.0087987	2.44352	1.20223
-0.00586442	0.704227	0.861018
-0.00123455	1.11117	0.762501
0.00462592	1.40651	0.60726
0.00595335	0.318584	0.410879
0.00971074	0.901773	0.366299
0.0136155	0.937138	0.240396
0.0164092	0.670489	0.109603
0.0185994	0.525653	0.0160442
0.020475	0.450136	-0.0572824
0.0222462	0.425092	-0.120052
0.023212	0.231781	-0.179307
0.023212	0	-0.211581
0.023212	0	-0.211517
0.0219208	-0.30987	-0.211454
0.0210546	-0.207888	-0.168172
0.0205415	-0.123154	-0.139129
0.0205415	-1.48927e-08	-0.121913
0.0205415	-6.93889e-17	-0.121879
0.0205415	0	-0.121846
0.0206695	0.0307127	-0.121812
0.0211426	0.113554	-0.126063
0.0218389	0.167107	-0.141865
0.0224885	0.155901	-0.165132
0.0228535	0.0876007	-0.186827
0.0228535	0	-0.19899
0.0228535	0	-0.19893
0.0228535	0	-0.198871
0.0228535	0	-0.198811
0.0228535	0	-0.198752
0.0228535	0	-0.198692
0.0228535	0	-0.198633
0.0228535	0	-0.198573
0.0227784	-0.0180085	-0.198514
0.0227396	-0.0093241	-0.195943
0.0227396	0	-0.194584
0.0227396	-5.55112e-17	-0.194526
0.0227396	0	-0.194468
0.0227396	0	-0.19441
0.0227396	0	-0.194352
0.0227396	5.55112e-17	-0.194294
0.0227396	0	-0.194236
0.0227396	0	-0.194178
0.0227396	-6.71367e-08	-0.194121
0.022125	-0.147489	-0.194063
0.021602	-0.125542	-0.173434
0.0215765	-0.00611628	-0.155874
0.0215765	8.91067e-09	-0.154976
0.0215765	8.40727e-09	-0.154931
0.0215765	3.35279e-09	-0.154887
0.0215765	-3.89841e-09	-0.154842
0.0218639	0.0689947	-0.154798
0.0222905	0.102381	-0.164376
0.0226831	0.0942142	-0.178607
0.0229074	0.0538244	-0.191695
0.0229074	-2.4354e-08	-0.199145
0.0229074	-2.38784e-08	-0.199085
0.0229074	-2.30152e-08	-0.199026
0.0227357	-0.0411971	-0.198966
0.022365	-0.088968	-0.193161
0.0220644	-0.072139	-0.180695
0.0220644	-9.71464e-09	-0.17058
0.0220644	-5.98571e-09	-0.17053
0.0220644	-5.88545e-09	-0.17048
0.0220644	-1.36834e-08	-0.170431
0.0220644	0	-0.170381
0.0228428	0.186814	-0.170331
0.0228428	0	-0.196336
0.0228428	0	-0.196278
0.0228428	0	-0.196219
0.0228428	0	-0.196161
0.0228428	2.77556e-17	-0.196102
0.0228428	0	-0.196043
0.0228428	0	-0.195985
0.0228428	0	-0.195927
0.0179683	-1.1699	-0.195868
0.0149277	-0.729723	-0.0326414
0.0149277	1.11022e-16	0.0691381
0.0167315	0.432908	0.0691069
0.0201467	0.819635	0.00869752
0.0240112	0.927478	-0.105629
0.0272575	0.779115	-0.234957
0.0287531	0.35894	-0.34355
0.0287531	0	-0.393503
0.0272238	-0.367025	-0.393378
0.0244003	-0.677629	-0.342063
0.0208533	-0.851298	-0.247445
0.0172785	-0.857947	-0.128637
0.0147907	-0.597078	-0.00894169
0.0146129	-0.0426552	0.0743291
0.0157035	0.261737	0.0802453
0.0181579	0.589048	0.0437057
0.0209805	0.677444	-0.0384722
0.0235302	0.611925	-0.132951
0.0251664	0.39267	-0.21826
0.0251664	0	-0.27296
0.0250194	-0.0352807	-0.272875
0.024815	-0.0490341	-0.26787
0.0246626	-0.0365775	-0.260948
0.024608	-0.0131138	-0.255767
0.024328	-0.0671957	-0.253859
0.0233434	-0.236317	-0.244409
0.0218665	-0.354455	-0.211375
0.0204084	-0.349947	-0.161875
0.0204084	0	-0.11302
0.0204084	0	-0.11299
0.0204084	0	-0.11296
0.0204084	0	-0.112929
0.0204084	-3.46945e-18	-0.112899
0.0204084	0	-0.112868
0.0204084	0	-0.112838
0.0204084	0	-0.112808
0.020592	0.0440783	-0.112777
0.0211373	0.130861	-0.118895
0.0219748	0.200997	-0.137114
0.0223653	0.0937215	-0.165108
0.0223653	0	-0.178132
0.0221418	-0.0536205	-0.178079
0.0221418	-2.37887e-07	-0.170549
0.0221418	-5.09883e-07	-0.170499
0.0221418	-5.55112e-17	-0.170449
0.0220826	-0.0142178	-0.170399
0.0220826	0	-0.168366
0.0249005	0.676299	-0.168317
0.0261001	0.287901	-0.262592
0.0261001	0	-0.302665
0.0257362	-0.0873341	-0.302571
0.0246958	-0.2497	-0.290295
0.0233312	-0.32749	-0.255379
0.0220574	-0.305717	-0.209625
0.021295	-0.18299	-0.166923
0.0210472	-0.0594736	-0.141353
0.0196952	-0.324474	-0.133018
0.0196952	0	-0.0877262
0.0196952	0	-0.0877044
0.0196952	0	-0.0876826
0.0203892	0.16656	-0.0876608
0.0208479	0.110089	-0.110869
0.0208479	0	-0.126194
0.0209421	0.0226117	-0.126159
0.0214409	0.119708	-0.129278
0.0221824	0.177961	-0.145938
0.0225859	0.0968307	-0.170717
0.0225859	-2.14229e-07	-0.184172
0.0225859	-1.10728e-07	-0.184118
0.0225859	3.06911e-09	-0.184063
0.0225867	0.000197939	-0.184009
0.0225874	0.00016691	-0.183982
0.0225874	0	-0.183951
0.0225874	0	-0.183896
0.0225874	0	-0.183842
0.0225874	0	-0.183788
0.0225874	0	-0.183733
0.0225874	0	-0.183679
0.0225874	0	-0.183625
0.0225874	0	-0.183571
0.0225874	0	-0.183516
0.0225874	0	-0.183462
0.0225874	0	-0.183408
0.0225874	0	-0.183354
0.0225874	0	-0.1833
0.0225874	0	-0.183246
0.0225874	0	-0.183191
0.0225874	5.55112e-17	-0.183137
0.0220888	-0.119657	-0.183083
0.0217752	-0.075274	-0.16634
0.0217752	0	-0.155793
0.0217752	0	-0.155749
0.0217752	0	-0.155704
0.0217752	0	-0.155659
0.0217752	0	-0.155614
0.0217752	0	-0.155569
0.0217752	0	-0.155525
0.0217752	0	-0.15548
0.0222078	0.103823	-0.155435
0.0255378	0.799204	-0.169871
0.0270114	0.353661	-0.281287
0.0270114	5.55112e-17	-0.330525
0.0259855	-0.246208	-0.330421
0.0238439	-0.513973	-0.295979
0.0215567	-0.54893	-0.224202
0.0202842	-0.30541	-0.147574
0.0202842	0	-0.104936
0.0234564	0.761335	-0.104909
0.0272427	0.908714	-0.211065
0.0292273	0.476309	-0.337741
0.0292273	-1.94762e-08	-0.404066
0.0273646	-0.447057	-0.403937
0.0234313	-0.943997	-0.341457
0.0184963	-1.18439	-0.209688
0.0143483	-0.995518	-0.0444356
0.0128123	-0.368648	0.0944195
0.0131146	0.0725439	0.145795
0.0155496	0.5844	0.13562
0.0197895	1.01759	0.0540598
0.0245597	1.14483	-0.0878912
0.0279695	0.818356	-0.247541
0.028395	0.102129	-0.361602
0.0270786	-0.315946	-0.375731
0.0244469	-0.631607	-0.331547
0.0214997	-0.707327	-0.243352
0.0193316	-0.520335	-0.144625
0.0185735	-0.181956	-0.0720123
0.0185735	0	-0.0466182
0.0185735	0	-0.0466103
0.0189506	0.0905076	-0.0466024
0.0192046	0.0609673	-0.0592177
0.0193739	0.0406113	-0.0677088
0.0196614	0.0690107	-0.0733578
0.0205414	0.211211	-0.0829659
0.0217507	0.290217	-0.112404
0.0226757	0.222008	-0.15285
0.0228003	0.0298994	-0.18377
0.0228003	-3.60189e-08	-0.187886
0.0228003	-4.37317e-08	-0.18783
0.0228003	-4.70416e-08	-0.187775
0.0228003	-3.18661e-08	-0.187719
0.0227123	-0.021108	-0.187664
0.0224974	-0.0515892	-0.184664
0.0223944	-0.0247281	-0.177414
0.0223944	9.9854e-09	-0.173913
0.0237713	0.330467	-0.173862
0.0237713	0	-0.219902
0.0237713	0	-0.219835
0.0237713	0	-0.219769
0.0237713	0	-0.219703
0.0247459	0.233893	-0.219636
0.0251779	0.103699	-0.252191
0.0251779	1.19401e-08	-0.266577
0.0251779	-5.44564e-08	-0.266494
0.0248274	-0.0841295	-0.266412
0.0233177	-0.362317	-0.254596
0.0210728	-0.538776	-0.203985
0.0188669	-0.52942	-0.128781
0.017524	-0.322294	-0.0549061
0.017524	0	-0.00994476
0.0178432	0.0766067	-0.00994929
0.0194605	0.388135	-0.0206382
0.0211408	0.403288	-0.0747728
0.0223169	0.282252	-0.131002
0.0226093	0.0701702	-0.170332
0.0226093	0	-0.180069
0.0226093	0	-0.180016
0.0226093	2.77556e-17	-0.179963
0.0226093	0	-0.17991
0.0226093	0	-0.179857
0.0226093	0	-0.179804
0.0232357	0.150348	-0.179751
0.0232357	-9.10478e-08	-0.200668
0.0232357	3.31607e-09	-0.200608
0.0232357	2.39835e-09	-0.200548
0.0232357	2.22045e-16	-0.200488
0.0232357	0	-0.200428
0.0232357	0	-0.200368
0.0232357	0	-0.200308
0.0232357	0	-0.200248
0.0232357	0	-0.200188
0.0232357	0	-0.200129
0.0232357	5.55112e-17	-0.200069
0.0226614	-0.137837	-0.200009
0.0226614	6.66134e-16	-0.180725
0.0226614	2.22045e-16	-0.180672
0.0226614	3.58978e-08	-0.180619
0.0226614	1.66533e-16	-0.180565
0.0226614	0	-0.180512
0.0226614	-2.77556e-17	-0.180459
0.0226614	0	-0.180406
0.0226614	0	-0.180353
0.0255453	0.692135	-0.1803
0.026992	0.347217	-0.27678
0.027208	0.0518273	-0.325121
0.0268277	-0.0912721	-0.332247
0.0250883	-0.417438	-0.319413
0.0216707	-0.820235	-0.261092
0.01759	-0.979361	-0.146612
0.014415	-0.76201	-0.00997642
0.0140104	-0.0971035	0.0962987
0.015024	0.243262	0.109801
0.0175775	0.612845	0.0758283
0.0212316	0.876988	-0.00967951
0.0247598	0.846778	-0.131999
0.0267159	0.469451	-0.250063
0.0267159	0	-0.315461
0.0259386	-0.186549	-0.315362
0.024804	-0.272311	-0.289245
0.0238404	-0.231258	-0.251176
0.0232086	-0.151622	-0.218845
0.0229416	-0.0640826	-0.197632
0.0229416	0	-0.188636
0.0229416	-1.00738e-06	-0.18858
0.0224378	-0.120913	-0.188524
0.0221162	-0.0771958	-0.171604
0.0221162	5.10702e-08	-0.160787
0.0221162	0	-0.160741
0.0221162	0	-0.160694
0.0221162	0	-0.160648
0.0221162	0	-0.160601
0.0221162	1.4e-07	-0.160555
0.0221162	-2.08911e-07	-0.160509
0.0221162	-1.65926e-07	-0.160462
0.0221162	-1.34307e-07	-0.160416
0.0221162	3.0514e-08	-0.16037
0.0219737	-0.0341931	-0.160323
0.0204949	-0.354912	-0.155508
0.0204949	1.11022e-15	-0.105963
0.0204949	5.27356e-16	-0.105935
0.0204949	2.41474e-15	-0.105908
0.0204949	0	-0.10588
0.0204949	0	-0.105852
0.0205075	0.00301896	-0.105824
0.0205075	-3.46945e-18	-0.106217
0.0205075	0	-0.106189
0.0225164	0.482145	-0.106161
0.0242229	0.409565	-0.173379
0.0246709	0.107519	-0.23045
