0.360682	-0.183413	0.0833064
-8.66106e-20	-1.38577e-17	0.0838024
0.00176708	0.4241	0.0838024
0.0047711	0.720964	0.0826553
0.0080377	0.783985	0.0807052
0.0104353	0.575413	0.0785847
0.0110715	0.152687	0.0770283
0.0110715	0	0.0766153
0.0110715	0	0.0766153
0.0110715	0	0.0766153
0.0115694	0.119512	0.0766153
0.0134256	0.445478	0.076292
0.0169814	0.853386	0.075087
0.0218475	1.16787	0.0727788
0.0267587	1.17868	0.0696199
0.0298051	0.73115	0.0664318
0.0298051	0	0.0644542
0.0268768	-0.702786	0.0644542
0.0215287	-1.28356	0.0663551
0.0149376	-1.58186	0.0698268
0.00841442	-1.56555	0.0741054
0.00426744	-0.995276	0.0783399
0.00426744	0	0.0810319
0.00863498	1.04821	0.0810319
0.016599	1.91137	0.0781967
0.0263475	2.33964	0.0730268
0.0355013	2.1969	0.0666986
0.0407074	1.24948	0.0607564
0.0407074	0	0.0573768
0.0363346	-1.04949	0.0573768
0.0284805	-1.88498	0.0602155
0.0186493	-2.35947	0.0653139
0.0087587	-2.37376	0.0716958
0.00109382	-1.83957	0.0781163
-0.00141235	-0.60148	0.083092
0.00145076	0.687145	0.0847188
0.00881056	1.76635	0.0828602
0.0192451	2.5043	0.0780826
0.0306179	2.72947	0.071309
0.0401165	2.27966	0.0639263
0.0450982	1.19559	0.0577603
0.0449255	-0.0414448	0.0545264
0.039359	-1.33595	0.0546385
0.029727	-2.31168	0.058252
0.0178938	-2.83997	0.0645046
0.00604538	-2.84362	0.0721861
-0.00299008	-2.16851	0.0798775
-0.00702521	-0.968433	0.0857429
-0.0058737	0.276364	0.0883623
0.00170413	1.81868	0.0876147
0.0139112	2.9297	0.0826956
0.0282463	3.44042	0.0747713
0.0414621	3.17179	0.0654657
0.0506274	2.19969	0.0568867
0.0529896	0.566909	0.0509369
0.0486288	-1.04658	0.0494036
0.0387079	-2.38103	0.0522343
0.0251505	-3.25377	0.0586745
0.0101818	-3.59248	0.0674753
-0.00361465	-3.31115	0.0771922
-0.013677	-2.41496	0.0861481
-0.0186375	-1.19052	0.0926801
-0.0180379	0.143906	0.0959002
-0.0107743	1.74327	0.095511
0.00194153	3.05179	0.0907958
0.0172747	3.67995	0.0825413
0.0320679	3.55039	0.0725878
0.0445361	2.99235	0.0629847
0.0524694	1.90401	0.054891
0.0534652	0.238993	0.049741
0.0494713	-0.958539	0.0490946
0.0415684	-1.89671	0.0516872
0.0311883	-2.49121	0.0568174
0.0204224	-2.58383	0.0635556
0.0105964	-2.35824	0.0705443
0.00289494	-1.84835	0.0769229
-0.00117863	-0.977657	0.0819223
-0.000666743	0.122852	0.0845666
0.00375454	1.06111	0.0842343
0.0100202	1.50375	0.0813642
0.0169496	1.66308	0.0772969
0.0236304	1.60339	0.0727986
0.0290355	1.29723	0.0684617
0.0318182	0.667831	0.064953
0.0311431	-0.162007	0.0631466
0.0268904	-1.02065	0.0635848
0.021157	-1.37604	0.0663454
0.0153434	-1.39526	0.0700673
0.0103496	-1.19851	0.0738412
0.00722716	-0.749384	0.0770829
0.00716895	-0.0139718	0.0791098
0.00910317	0.464214	0.0791476
0.0134944	1.0539	0.077892
0.0200034	1.56214	0.0750414
0.0271295	1.71029	0.0708161
0.0336223	1.55825	0.0661901
0.0384678	1.16293	0.0619754
0.0405509	0.499927	0.0588299
0.0394429	-0.265905	0.0574776
0.0344842	-1.19009	0.0581968
0.0273615	-1.70945	0.0614158
0.0190108	-2.00416	0.0660395
0.0107944	-1.97194	0.0714603
0.00924992	-0.370675	0.076794
0.00924992	5.10972e-10	0.0777966
0.0114943	0.538658	0.0777966
0.0172564	1.38289	0.0763396
0.0250178	1.86274	0.0725992
0.0332194	1.96838	0.0675608
0.041091	1.88919	0.0622367
0.0477193	1.59078	0.0571268
0.0517502	0.967411	0.0528241
0.0517502	0	0.0502074
0.0480108	-0.89746	0.0502074
0.0414863	-1.56588	0.0526348
0.0330507	-2.02454	0.0568702
0.0237404	-2.23447	0.0623462
0.0144027	-2.24104	0.0683899
0.006379	-1.92568	0.0744515
0.000993028	-1.29263	0.0796601
0.000449513	-0.130444	0.0831564
0.0037004	0.780213	0.0835092
0.00948047	1.38722	0.0813988
0.0165694	1.70134	0.0776467
0.0238563	1.74887	0.0730449
0.0298318	1.43412	0.0683146
0.0329631	0.751499	0.0644356
0.032933	-0.00721972	0.0624029
0.0295468	-0.812693	0.0624224
0.0240142	-1.32783	0.0646206
0.0178945	-1.46873	0.0682121
0.0124059	-1.31726	0.0721846
0.008054	-1.04445	0.0757476
0.00452949	-0.845883	0.0785726
0.00266115	-0.4484	0.0808605
0.00406131	0.336038	0.0820733
0.00908968	1.20681	0.0811644
0.0169638	1.88979	0.0779002
0.0260694	2.18534	0.0727887
0.0349189	2.12389	0.0668778
0.0419705	1.69237	0.0611331
0.0451962	0.774175	0.0565556
0.0443303	-0.207829	0.0544616
0.0393996	-1.18335	0.0550237
0.0316789	-1.85299	0.0582244
0.0226549	-2.16576	0.0632363
0.0157046	-1.66806	0.0690942
0.00941882	-1.50859	0.073606
0.00595438	-0.831467	0.0776864
0.0062807	0.0783173	0.0799353
0.0104963	1.01175	0.0797235
0.017922	1.78216	0.0769869
0.0274319	2.28238	0.0721665
0.0378105	2.49085	0.0659931
0.048311	2.52013	0.0592559
0.0573406	2.16711	0.0524395
0.0616477	1.03369	0.0465778
0.0616477	0	0.0437819
0.0580648	-0.859883	0.0437819
0.0516911	-1.52969	0.0461077
0.0424958	-2.20687	0.0502452
0.030682	-2.83532	0.0562143
0.0177657	-3.09992	0.0638832
0.00581937	-2.86711	0.0722679
0.0559643	1.0814	0.0503918
0.0531488	-0.675709	0.0474668
0.0471893	-1.43029	0.0492945
0.0382204	-2.15255	0.0531631
0.0264444	-2.82623	0.0589853
0.0128555	-3.26134	0.0666296
-0.000545637	-3.21628	0.0754509
-0.0103603	-2.35553	0.0841502
-0.0143494	-0.957379	0.0905214
-0.0143494	0	0.0931109
-0.0112097	0.753526	0.0931109
-0.00553825	1.36116	0.0910728
0.00331362	2.12445	0.0873911
0.0108046	1.79784	0.0816449
0.0176632	1.64606	0.0767821
0.0219667	1.03285	0.0723299
0.0247599	0.670348	0.0695362
0.0257758	0.243838	0.067723
0.025475	-0.0722009	0.0670635
0.023635	-0.441592	0.0672588
0.0212278	-0.577731	0.0684532
0.0191185	-0.506241	0.0700158
0.0185229	-0.14294	0.0713851
0.0192179	0.166788	0.0717717
0.0209331	0.411659	0.0713205
0.0228765	0.466421	0.0702071
0.0240174	0.273821	0.0689455
0.0245423	0.125976	0.0682048
0.0245423	0	0.0678641
0.0242316	-0.0745767	0.0678641
0.0221776	-0.49297	0.0680658
0.0191463	-0.727502	0.0693992
0.0139585	-1.24507	0.0713669
0.00768087	-1.50664	0.0747345
0.00278231	-1.17565	0.0788097
0.00070591	-0.498337	0.0819896
0.00107283	0.0880602	0.0833374
0.00525622	1.00401	0.0830992
0.0131898	1.90406	0.0803836
0.0236689	2.51498	0.0752335
0.035498	2.839	0.068431
0.047087	2.78134	0.060752
0.0547917	1.84914	0.0532291
0.0534688	-0.317495	0.0482275
0.047238	-1.4954	0.0490863
0.0374601	-2.34669	0.053131
0.0251868	-2.9456	0.0594783
0.0114377	-3.29979	0.0674455
-0.00151304	-3.10817	0.0763708
-0.010149	-2.07262	0.0847777
-0.0127657	-0.628005	0.0903837
-0.0118579	0.217864	0.0920823
-0.0071132	1.13873	0.091493
-0.000410947	1.60854	0.088413
0.00920132	2.30694	0.0840622
0.0192708	2.41668	0.0778224
0.0265743	1.75283	0.0712858
0.0305796	0.961281	0.0665447
0.0317741	0.286663	0.0639446
0.0317741	-1.50148e-06	0.0631693
0.0308425	-0.223576	0.0631693
0.0282192	-0.629595	0.063774
0.0246579	-0.854698	0.0654769
0.0216499	-0.721934	0.0677887
0.0211937	-0.109493	0.0697413
0.0219904	0.191226	0.0700375
0.0219904	0	0.0695202
0.0219904	0	0.0695202
0.0219904	0	0.0695202
0.0219904	0	0.0695202
0.0219904	0	0.0695202
0.0212364	-0.180971	0.0695202
0.0191132	-0.509572	0.0700096
0.0159476	-0.759726	0.0713879
0.0124333	-0.843434	0.0734428
0.00807279	-1.04653	0.0757241
0.00373686	-1.04062	0.0785548
0.00157309	-0.519306	0.0813694
0.00291342	0.32168	0.082774
0.00881439	1.41623	0.0819039
0.0180638	2.21986	0.0780733
0.0296722	2.78603	0.072069
0.0425853	3.09913	0.0645334
0.053691	2.66537	0.0561509
0.053691	0	0.0489416
0.0505777	-0.747191	0.0489416
0.0450482	-1.32709	0.0509626
0.0372099	-1.88119	0.054552
0.0267025	-2.52177	0.0596402
0.0143402	-2.96696	0.0664611
0.00197948	-2.96657	0.0744861
-0.00720572	-2.20445	0.08251
-0.0107565	-0.852194	0.0884726
-0.0105554	0.0482744	0.0907776
-0.00681986	0.896526	0.090647
-0.000726973	1.46229	0.0882221
0.00761123	2.00117	0.0842669
0.0167892	2.20272	0.0788541
0.0236467	1.6458	0.0728962
0.0269705	0.797696	0.0684447
0.0272219	0.0603477	0.066287
0.0269122	-0.0743216	0.0661238
0.0258645	-0.251455	0.0663248
0.0240065	-0.44593	0.0670049
0.0220561	-0.468084	0.0682111
0.0207916	-0.303479	0.0694771
0.0207916	-1.56628e-09	0.070298
0.0226596	0.448319	0.070298
0.0226532	-0.00154578	0.0690853
0.0226532	-1.39289e-07	0.0690895
0.0226581	0.00118382	0.0690895
0.022701	0.0102859	0.0690863
0.022701	0	0.0690584
0.0221034	-0.143416	0.0690584
0.0197468	-0.565582	0.0694463
0.0160349	-0.890846	0.0709761
0.0109164	-1.22844	0.0733856
0.00510405	-1.39497	0.0767083
-7.07408e-05	-1.24195	0.0804814
-0.00346495	-0.814611	0.0838406
-0.00346495	0	0.086044
0.00112046	1.1005	0.086044
0.00982909	2.09007	0.0830673
0.0211239	2.71075	0.0774141
0.0341669	3.13033	0.0700821
0.0467088	3.01006	0.0616152
0.0557352	2.16633	0.0534736
0.0589823	0.779296	0.0476141
0.0548369	-0.994887	0.0455062
0.0476009	-1.73665	0.0481972
0.0383171	-2.2281	0.0528944
0.0255442	-3.0655	0.058921
0.0119058	-3.27322	0.0672125
-1.27115e-05	-2.86043	0.0760659
-0.00765896	-1.8351	0.0838028
-0.00964729	-0.477201	0.0887663
-0.00800718	0.393627	0.090057
-0.00340511	1.1045	0.0889923
0.00315869	1.57531	0.0860049
0.00822918	1.21692	0.081744
0.0108967	0.640202	0.0784525
0.0117485	0.204446	0.0767208
0.0117485	0	0.0761679
0.0117485	0	0.0761678
0.0117485	-6.0157e-08	0.0761678
0.0117485	-9.63809e-08	0.0761678
0.0117485	-5.61071e-08	0.0761678
0.0119779	0.0550509	0.0761678
0.0127749	0.191265	0.0760189
0.0131668	0.0940551	0.0755015
0.0134208	0.0609728	0.0752471
0.0142079	0.188902	0.0750822
0.0149785	0.184955	0.0745712
0.0152037	0.0540353	0.074071
0.0152037	0	0.0739248
0.0152037	0	0.0739248
0.0142118	-0.238055	0.0739248
0.0111194	-0.74217	0.0745687
0.00670927	-1.05844	0.0765761
0.00187376	-1.16052	0.0794389
-0.00249023	-1.04736	0.0825779
-0.00556026	-0.736809	0.0854107
-0.00660459	-0.250638	0.0874036
-0.0059718	0.15187	0.0880816
-0.00186125	0.986533	0.0876708
0.00590055	1.86283	0.0850024
0.0168378	2.62495	0.0799638
0.0293446	3.00162	0.0728639
0.0416665	2.95727	0.0647451
0.0516755	2.40214	0.0567463
0.0564788	1.15281	0.0502489
0.0564788	0	0.0471308
0.0526136	-0.927664	0.0471308
0.0457303	-1.652	0.0496399
0.0365796	-2.19615	0.0541082
0.026057	-2.52542	0.0600484
0.0154415	-2.54774	0.0668791
0.00624878	-2.20625	0.0737702
0.00142401	-1.15794	0.0797376
0.00142401	1.38778e-17	0.0828696
0.00387039	0.587129	0.0828696
0.00770346	0.919938	0.0812815
0.014037	1.52005	0.0787933
0.0182663	1.01502	0.0746818
0.0196663	0.336018	0.0719364
0.0196663	0	0.0710275
0.018513	-0.2768	0.0710275
0.0166991	-0.435327	0.0717762
0.0157973	-0.216442	0.0729536
0.0157973	5.1209e-15	0.0735391
0.0157973	1.84329e-07	0.073539
0.0157906	-0.00160645	0.073539
0.0157906	-1.80135e-08	0.0735434
0.0157906	-1.08729e-05	0.0735434
0.0160974	0.0736359	0.0735434
0.0169667	0.208645	0.0733442
0.0177373	0.184948	0.0727798
0.0179277	0.0456742	0.0722796
0.0179277	0	0.072156
0.0179277	0	0.072156
0.0179277	0	0.072156
0.0179277	0	0.072156
0.0162362	-0.405958	0.072156
0.0167541	0.124316	0.073254
0.0154928	-0.302719	0.0729177
0.0119141	-0.858902	0.0737365
0.00742629	-1.07706	0.0760597
0.00332558	-0.98417	0.0789729
0.00169038	-0.392449	0.0816349
0.00427052	0.619235	0.0826963
0.0106675	1.53528	0.0810214
0.0196347	2.15213	0.0768688
0.0304514	2.59602	0.0710477
0.0418509	2.73587	0.064026
0.0509339	2.17993	0.0566261
0.0546387	0.88914	0.0507298
0.0542277	-0.0986472	0.0483248
0.0499769	-1.02019	0.0485916
0.0414306	-2.05111	0.051351
0.0288789	-3.01241	0.0568988
0.0146044	-3.42588	0.0650468
0.000981871	-3.2694	0.0743131
-0.00871803	-2.32798	0.0831561
-0.0121721	-0.828976	0.0894528
-0.0116514	0.124964	0.091695
-0.00771565	0.944583	0.091357
-0.000173934	1.81001	0.0888021
0.00996473	2.43328	0.0839063
0.0151672	1.2486	0.0773248
0.0199072	1.13759	0.0739476
0.0224621	0.613174	0.0708706
0.0233387	0.210402	0.0692121
0.0233387	0	0.068643
0.0225896	-0.179797	0.068643
0.0214313	-0.277986	0.0691293
0.0206171	-0.195414	0.0698812
0.0205699	-0.0113184	0.0704097
0.0207423	0.0413775	0.0704403
0.0239223	0.7632	0.0703284
0.0256882	0.423803	0.0682641
0.0268739	0.284573	0.0671178
0.0272597	0.0925943	0.0663481
0.0272597	0	0.0660976
0.0272597	0	0.0660976
0.0262556	-0.240981	0.0660976
0.02256	-0.886953	0.0667494
0.0160075	-1.57259	0.0691484
0.00737208	-2.0725	0.0734019
-0.00230783	-2.32318	0.0790076
-0.0116817	-2.24972	0.0852913
-0.0182709	-1.5814	0.0913763
-0.0189881	-0.172125	0.0956537
-0.0130731	1.41959	0.0961192
-0.000887394	2.92457	0.0922795
0.0163549	4.13816	0.0843692
0.0356225	4.62422	0.0731763
0.0541579	4.4485	0.0606687
0.0676734	3.24372	0.0486364
0.073317	1.35445	0.0398628
0.0721227	-0.286631	0.0361993
0.0637526	-2.00883	0.0369746
0.0490902	-3.51897	0.042408
0.0302625	-4.51865	0.0519261
0.0101316	-4.83142	0.0641481
-0.00791199	-4.33046	0.0772161
-0.0198997	-2.87705	0.088929
-0.0245096	-1.10639	0.0967109
-0.0228934	0.387883	0.0997034
-0.0155608	1.75984	0.0986542
-0.0040948	2.75183	0.0938942
0.0098257	3.34092	0.0864511
0.0236848	3.32618	0.0774146
0.0338872	2.44858	0.0684179
0.0383529	1.07177	0.061795
0.0383529	-1.88332e-06	0.0588961
0.0349232	-0.823137	0.058896
0.0294166	-1.32157	0.0611224
0.023025	-1.53398	0.064697
0.0168759	-1.47579	0.0688461
0.012173	-1.12869	0.0728378
0.0109066	-0.303939	0.0758907
0.0134787	0.617294	0.0767128
0.0147461	0.304185	0.0750431
0.0166175	0.449131	0.0742203
0.0185037	0.452696	0.0730055
0.0200136	0.36237	0.071781
0.0208406	0.198485	0.0708009
0.0203561	-0.116289	0.070264
0.0172058	-0.756066	0.0705785
0.0115032	-1.36863	0.0726235
0.00508082	-1.54137	0.0763254
-0.000106905	-1.24505	0.0804945
-0.00146926	-0.326965	0.0838621
-0.00146926	-3.35297e-08	0.0847464
0.000502975	0.473336	0.0847464
0.00537582	1.16948	0.0834661
0.0146314	2.22134	0.0803029
0.0269069	2.94613	0.0742946
0.0294606	0.612876	0.066326
0.0311191	0.398039	0.0646682
0.0315123	0.0943884	0.0635916
0.0309704	-0.13006	0.0633363
0.026389	-1.09955	0.0636881
0.0178168	-2.05732	0.0666621
0.0070321	-2.58833	0.0722267
-0.00414122	-2.6816	0.0792276
-0.0138784	-2.33692	0.0864808
-0.0205928	-1.61145	0.0928017
-0.0205928	0	0.0971603
-0.0155126	1.21923	0.0971603
-0.0033985	2.90739	0.0938625
0.0119399	3.68122	0.0859986
0.0292887	4.1637	0.0760416
0.0463395	4.09219	0.0647797
0.0603009	3.35075	0.0537111
0.0674897	1.72531	0.044648
0.0674897	0	0.0399814
0.061443	-1.45121	0.0399814
0.0521436	-2.23184	0.0439066
0.0403933	-2.82007	0.0499433
0.0276824	-3.05063	0.057571
0.015851	-2.83954	0.0658223
0.00690688	-2.14658	0.0735026
0.00312126	-0.908549	0.0793087
0.00246077	-0.158518	0.0817661
0.00314009	0.163036	0.0821949
0.00477273	0.391834	0.0817539
0.00691212	0.513454	0.080694
0.00733413	0.101282	0.0793052
0.00769977	0.0877539	0.0790313
0.00778373	0.0201491	0.0787939
0.00744173	-0.0820796	0.0787394
0.00699892	-0.106272	0.0789614
0.00737228	0.089604	0.0792488
0.00737227	-1.27216e-07	0.0790065
0.00740491	0.00783149	0.0790064
0.00780981	0.0971774	0.0789853
0.00860505	0.190857	0.0787224
0.00943108	0.198247	0.0782062
0.0107949	0.327311	0.0776699
0.0141502	0.805282	0.0767846
0.0186503	1.08002	0.0746065
0.0235237	1.16963	0.0716852
0.0272175	0.88651	0.0685216
0.0269697	-0.0594817	0.0661238
0.026459	-0.122555	0.0662847
0.0246662	-0.430279	0.0666161
0.0209499	-0.891901	0.0677799
0.0162	-1.13998	0.0701923
0.0112522	-1.18747	0.0732757
0.00633937	-1.17909	0.0764876
0.00174688	-1.1022	0.0796768
-0.000792401	-0.609428	0.082658
0.000490184	0.30782	0.0843063
0.00620429	1.37138	0.0834737
0.0147618	2.05381	0.0797644
0.0250898	2.47872	0.0742093
0.035887	2.59134	0.0675049
0.0453323	2.26687	0.0604958
0.0502812	1.18773	0.0543644
0.0502812	0	0.0511518
0.0471358	-0.754897	0.0511518
0.0413927	-1.37835	0.0531936
0.0333668	-1.92621	0.0569218
0.0230486	-2.47638	0.0621317
0.0116251	-2.74164	0.0688298
0.00238078	-2.21862	0.0762454
-0.00202144	-1.05653	0.0822463
-0.00202144	0	0.085104
0.000173377	0.526756	0.085104
0.0041053	0.943662	0.0836792
0.00947087	1.28774	0.0811268
0.0133301	0.926207	0.0776437
0.0154671	0.512881	0.0751385
0.0154671	0	0.0737512
0.0154648	-0.000554246	0.0737512
0.0154648	0	0.0737527
0.0154648	0	0.0737527
0.0148058	-0.158153	0.0737527
0.0145212	-0.0683069	0.0741805
0.0145212	-1.10981e-06	0.0743652
0.0151916	0.160898	0.0743652
0.0185062	0.795498	0.07393
0.0212729	0.664012	0.0717783
0.0237051	0.583729	0.0699823
0.0248904	0.284488	0.0684034
0.0248904	0	0.0676339
0.0248565	-0.00814345	0.0676339
0.0234585	-0.335515	0.0676559
0.0206628	-0.670979	0.0685634
0.0185398	-0.509506	0.0703783
0.0158831	-0.637614	0.0717564
0.0125845	-0.791664	0.073481
0.0086961	-0.933221	0.0756222
0.00609463	-0.624353	0.0781464
0.00619416	0.0238868	0.0798351
0.00973294	0.849308	0.0797705
0.0158521	1.4686	0.0774733
0.0233886	1.80876	0.073501
0.0310912	1.84862	0.0686087
0.0372996	1.49001	0.0636085
0.0398294	0.60716	0.0595784
0.0376832	-0.515093	0.0579361
0.0341133	-0.85677	0.0593293
0.0293248	-1.14923	0.0616467
0.0236873	-1.353	0.0647551
0.0174468	-1.49773	0.0684147
0.0105767	-1.64882	0.0724657
0.00579366	-1.14793	0.0769254
0.00495528	-0.201212	0.0800303
0.00563915	0.164131	0.0805746
0.00728421	0.394812	0.0801306
0.00951506	0.535404	0.0790627
0.0119814	0.591933	0.0776145
0.0126133	0.151639	0.0760135
0.0126133	0	0.0756033
0.0126133	0	0.0756033
0.0126133	0	0.0756033
0.0126133	0	0.0756033
0.0128627	0.0598574	0.0756033
0.0129748	0.0268995	0.0754413
0.0129748	0	0.0753686
0.0129748	0	0.0753686
0.0130853	0.0265392	0.0753686
0.0142333	0.275511	0.0752968
0.0166106	0.570552	0.0745515
0.0192563	0.634966	0.0730083
0.021222	0.471773	0.0712908
0.021222	0	0.0700148
0.021222	0	0.0700148
0.0210343	-0.0450489	0.0700148
0.019426	-0.385995	0.0701366
0.0169668	-0.590214	0.0711806
0.0142195	-0.659343	0.072777
0.011096	-0.749647	0.0745604
0.00768159	-0.819454	0.076588
0.0044203	-0.782709	0.0788045
0.00385686	-0.135228	0.0809215
0.00686613	0.722226	0.0812873
0.0129115	1.45088	0.0793338
0.0208989	1.91698	0.0754095
0.0297214	2.11741	0.0702244
0.0385585	2.12092	0.0644973
0.0446632	1.46512	0.0587606
0.0458384	0.282046	0.0547977
0.043845	-0.478411	0.0540348
0.0391479	-1.12731	0.0553288
0.0322682	-1.65113	0.058378
0.0233273	-2.14582	0.0628439
0.012591	-2.57669	0.0686479
0.00212178	-2.51262	0.0756173
-0.00452873	-1.59612	0.0824134
-0.0061301	-0.384327	0.0867306
-0.00469966	0.343305	0.0877701
-0.000860004	0.921517	0.0868415
0.00494993	1.39438	0.084349
0.0125432	1.82238	0.0805775
0.0213632	2.11681	0.0756483
0.027871	1.56186	0.0699228
0.0304596	0.621282	0.0656983
0.0304596	-6.38545e-08	0.0640178
0.0297661	-0.166448	0.0640178
0.0278482	-0.460284	0.064468
0.0249666	-0.691595	0.0657129
0.0216315	-0.800429	0.0675836
0.0188946	-0.656848	0.0697485
0.0181718	-0.17348	0.0715252
0.0190882	0.219938	0.0719944
0.0212787	0.525726	0.0713995
0.0231956	0.460049	0.0699775
0.0247654	0.376753	0.0687331
0.0206013	-0.999383	0.0677141
0.0184198	-0.523567	0.0704172
0.0170477	-0.329304	0.0718333
0.015001	-0.49121	0.072724
0.012362	-0.633356	0.0740526
0.00945005	-0.698861	0.0757657
0.00584085	-0.866209	0.077656
0.00226791	-0.857505	0.0799989
0.000256797	-0.482667	0.0823183
0.000640682	0.0921325	0.0836238
0.00471176	0.977058	0.0833745
0.0118533	1.71397	0.0807318
0.0210656	2.21094	0.0760958
0.03048	2.25947	0.0701157
0.0403513	2.3691	0.0640043
0.0403513	0	0.0575963
0.0388288	-0.365393	0.0575963
0.0361876	-0.633899	0.0585846
0.0330496	-0.753114	0.0602992
0.0297421	-0.793794	0.0623362
0.0253719	-1.04884	0.0644832
0.0197246	-1.35536	0.0673201
0.0152116	-1.08312	0.0709861
0.0132119	-0.479937	0.0739157
0.0132119	4.25494e-08	0.0752138
0.0145248	0.315107	0.0752138
0.0145248	0	0.0743615
0.0145248	0	0.0743614
0.0145248	0	0.0743614
0.0145248	0	0.0743614
0.0142096	-0.0756562	0.0743614
0.0142096	0	0.074566
0.0140854	-0.0298096	0.074566
0.0140854	-3.2528e-06	0.0746466
0.0140854	-2.12844e-06	0.0746466
0.0140854	-1.5738e-06	0.0746466
0.0140997	0.00344649	0.0746466
0.0158278	0.414746	0.0746373
0.0198746	0.971234	0.0735155
0.025147	1.26538	0.0708885
0.0306253	1.31478	0.0674659
0.035452	1.15842	0.0639097
0.035412	-0.00960733	0.0607764
0.0338468	-0.375646	0.0608023
0.0294935	-1.04478	0.0618184
0.0229127	-1.5794	0.0646443
0.0153824	-1.80726	0.0689162
0.00823128	-1.71627	0.0738045
0.0018619	-1.52865	0.0784467
-0.00222719	-0.981381	0.0825813
-0.00222719	0	0.0852357
-0.000204201	0.485517	0.0852357
0.00351455	0.8925	0.0839225
0.00911757	1.34472	0.0815085
0.0145215	1.29695	0.0778712
0.0188944	1.0495	0.0743633
0.0214189	0.605864	0.0715246
0.0223249	0.217456	0.0698858
0.0223249	-4.16132e-06	0.0692976
0.0223249	-4.19552e-06	0.0692976
0.0223249	-3.28636e-06	0.0692976
0.0223249	-3.03192e-06	0.0692976
0.0223249	-3.01625e-06	0.0692976
0.022196	-0.030918	0.0692976
0.022196	4.9718e-07	0.0693812
0.023343	0.275283	0.0693812
0.0250192	0.402273	0.0686366
0.0263425	0.317592	0.0675486
0.0239022	-0.585671	0.0666895
0.021617	-0.548455	0.0682736
0.0196362	-0.475387	0.0697571
0.0172771	-0.566167	0.0710429
0.0139457	-0.79955	0.0725742
0.0112041	-0.657991	0.0747368
0.00933292	-0.449073	0.0765166
0.00818784	-0.27482	0.0777312
0.00729868	-0.213397	0.0784745
0.00729868	-4.44501e-07	0.0790517
0.00886472	0.375848	0.0790517
0.0127322	0.928198	0.0780351
0.018963	1.4954	0.0755245
0.0268571	1.89456	0.0714797
0.0351735	1.99594	0.0663553
0.0351735	0	0.0609567
0.0339995	-0.281756	0.0609567
0.0312722	-0.654558	0.0617188
0.0284766	-0.670931	0.0634892
0.0261711	-0.553327	0.0653039
0.0244151	-0.421445	0.0668005
0.0227391	-0.402228	0.0679405
0.0208165	-0.461419	0.0690284
0.0180046	-0.674852	0.0702764
0.0168334	-0.281101	0.0721017
0.0168334	0	0.0728621
0.0168334	0	0.072862
0.0168334	0	0.072862
0.0168334	0	0.072862
0.0168334	0	0.072862
0.0168334	0	0.072862
0.016123	-0.170483	0.072862
0.0147321	-0.333831	0.0733231
0.0133511	-0.331446	0.074226
0.013351	-3.80463e-06	0.0751225
0.013573	0.0532695	0.0751225
0.0136796	0.0255773	0.0749784
0.0136796	-1.35981e-06	0.0749092
0.0151526	0.353528	0.0749092
0.0189599	0.91375	0.073953
0.0240524	1.22221	0.0714815
0.0289327	1.17127	0.0681756
0.0303278	0.33482	0.0650076
0.0305978	0.0648035	0.064102
0.0305978	0	0.0639267
0.0290922	-0.361337	0.0639266
0.0257806	-0.794798	0.064904
0.0210916	-1.12536	0.0670537
0.0159609	-1.23136	0.0700976
0.0107658	-1.24683	0.0734281
0.0058601	-1.17737	0.0768005
0.00386779	-0.478154	0.0799851
0.00386779	-5.90004e-07	0.0812784
0.00505301	0.284453	0.0812784
0.00712572	0.497451	0.080509
0.00995909	0.680009	0.0791634
0.0138002	0.921868	0.0773241
0.0182763	1.07426	0.0748307
0.0212185	0.706141	0.071925
0.0222277	0.242205	0.070015
0.0222277	-4.18033e-06	0.0693599
0.0222277	-3.22415e-06	0.0693599
0.0222277	-2.80471e-06	0.0693599
0.0221683	-0.0142456	0.0693599
0.0216274	-0.129812	0.0693984
0.0212107	-0.100025	0.0697495
0.0211566	-0.0129773	0.0700201
0.0221281	0.233153	0.0700551
0.0226792	0.132258	0.0694245
0.0205682	-0.506621	0.0690668
0.0191436	-0.341909	0.070437
0.0173748	-0.424523	0.0713618
0.0173748	0	0.0725101
0.0172822	-0.0222117	0.0725101
0.0157997	-0.355799	0.0725701
0.0135734	-0.534325	0.0735325
0.0111759	-0.575396	0.0749777
0.00965088	-0.366002	0.076534
0.00869582	-0.229213	0.077524
0.00829639	-0.0958649	0.0781439
0.00968362	0.332936	0.0784032
0.0148701	1.24476	0.0775027
0.0226563	1.86868	0.0741359
0.0318324	2.20226	0.0690814
0.0411562	2.23772	0.0631248
0.0499223	2.10387	0.0570722
0.0552446	1.27734	0.0513816
0.0528543	-0.573654	0.0479267
0.0478254	-1.20695	0.0494783
0.0403872	-1.78516	0.0527428
0.0319396	-2.02742	0.0575713
0.0227457	-2.20655	0.0630551
0.0126587	-2.42086	0.0690233
0.00323568	-2.26154	0.0755712
-0.00231796	-1.33287	0.0816882
-0.00347837	-0.278497	0.0852933
-0.00347837	0	0.0860466
-0.00258146	0.215258	0.0860466
-0.000944743	0.392812	0.0854644
0.00143512	0.571168	0.0844019
0.00477691	0.802028	0.082857
0.00724912	0.593331	0.0806876
0.00877446	0.366083	0.0790828
0.0116618	0.692952	0.0780926
0.012773	0.266689	0.0762183
0.012773	-2.17632e-07	0.0754969
0.012773	-8.71523e-08	0.0754969
0.012773	-5.2382e-08	0.0754969
0.012773	-1.25152e-08	0.0754969
0.0145467	0.425689	0.0754969
0.018225	0.882805	0.0743455
0.0230135	1.14923	0.0719577
0.0283276	1.27538	0.0688492
0.0283276	0	0.0653996
0.0283276	0	0.0653996
0.0268923	-0.344476	0.0653995
0.0232599	-0.87177	0.0663313
0.0183836	-1.17031	0.0686892
0.0131681	-1.25171	0.0718547
0.00766957	-1.31965	0.0752403
0.00221651	-1.30874	0.0788096
-0.000965513	-0.763685	0.0823495
1.99491e-05	0.236511	0.0844151
0.00377437	0.901061	0.0837754
0.00895761	1.24398	0.0813382
0.0154364	1.55492	0.0779735
0.0229827	1.81111	0.0737677
0.0309321	1.90784	0.068869
0.0368456	1.41925	0.0637087
0.039168	0.557378	0.0598699
0.039168	0	0.0583623
0.0379309	-0.296923	0.0583623
0.0360569	-0.44975	0.0591654
0.0333393	-0.652236	0.0603818
0.0292523	-0.980859	0.062146
0.0187843	-2.51233	0.064799
0.0108998	-1.89228	0.0715943
0.00626389	-1.11262	0.0767125
0.00432691	-0.464875	0.0797219
0.00431784	-0.00217556	0.0809793
0.00408955	-0.0547899	0.0809852
0.0053417	0.300516	0.0811334
0.00766731	0.558147	0.0803205
0.0092147	0.371374	0.0788108
0.0092147	0	0.0778063
0.00881534	-0.095846	0.0778063
0.00840976	-0.0973404	0.0780656
0.00840976	0	0.0783288
0.00902359	0.14732	0.0783288
0.00902359	-6.67686e-07	0.0779303
0.00930732	0.0680954	0.0779303
0.0116627	0.565288	0.0777461
0.017023	1.28647	0.0762171
0.0244117	1.77328	0.0727375
0.033334	2.14137	0.0679411
0.033334	0	0.0621491
0.0330752	-0.0621297	0.0621491
0.0319592	-0.267829	0.0623172
0.0282659	-0.88638	0.0630416
0.0226272	-1.35331	0.065439
0.0155379	-1.70143	0.0690994
0.00712125	-2.01999	0.0737014
-0.00130174	-2.02152	0.0791651
-0.005703	-1.0563	0.0846329
-0.005703	5.76413e-07	0.0874899
-0.00309655	0.625547	0.0874899
0.00155524	1.11643	0.0857979
0.00774792	1.48624	0.0827782
0.0154055	1.83781	0.0787582
0.0239702	2.05553	0.0737873
0.0306497	1.60309	0.0682275
0.0338911	0.777935	0.0638915
0.0338911	-2.98403e-07	0.0617873
0.0329293	-0.230827	0.0617873
0.0315762	-0.324755	0.0624116
0.0284456	-0.751336	0.06329
0.0243521	-0.98246	0.0653222
0.0204001	-0.948476	0.0679795
0.0186799	-0.412833	0.0705449
0.0187233	0.0104118	0.0716616
0.0187233	0	0.0716334
0.0187233	0	0.0716334
0.0187233	-5.55112e-17	0.0716334
0.0190425	0.0766003	0.0716334
0.0162226	-0.676768	0.0714262
0.0136591	-0.615251	0.0732567
0.0104694	-0.765517	0.0749208
0.00741703	-0.732571	0.0769913
0.00487449	-0.61021	0.0789728
0.00348342	-0.333857	0.0806233
0.00232557	-0.277884	0.0815263
0.00232557	-3.57389e-08	0.0822779
0.00523124	0.697362	0.0822779
0.012002	1.62498	0.0803916
0.0213151	2.23513	0.0759964
0.0316274	2.47496	0.0699508
0.0414355	2.35393	0.0632565
0.041499	0.015239	0.0568896
0.0408004	-0.167649	0.0568484
0.0385128	-0.549027	0.0573018
0.0351479	-0.807569	0.0587868
0.031233	-0.939592	0.0609711
0.0268489	-1.05217	0.0635125
0.0214035	-1.30691	0.0663584
0.0151415	-1.50286	0.0698933
0.0104506	-1.12582	0.0739582
0.00850741	-0.466371	0.0770033
0.00850741	0	0.0782647
0.00872577	0.0524063	0.0782647
0.00895189	0.0542693	0.078123
0.00929361	0.0820128	0.0779762
0.00967801	0.0922555	0.0777543
0.00967801	0	0.0775048
0.00966635	-0.00279923	0.0775048
0.00966634	-2.57204e-06	0.0775123
0.00995724	0.0698171	0.0775123
0.0112115	0.301018	0.0773235
0.0124799	0.304425	0.0765093
0.0129585	0.114861	0.0756858
0.013947	0.237247	0.0753752
0.0169254	0.714809	0.0747334
0.0218016	1.1703	0.0728
0.0274597	1.35792	0.0696346
0.0328006	1.28183	0.0659617
0.0328006	0	0.0624946
0.0321309	-0.160731	0.0624946
0.0291305	-0.720099	0.0629293
0.0240155	-1.2276	0.064877
0.0176987	-1.51604	0.0681974
0.0112884	-1.53847	0.072298
0.00581007	-1.3148	0.0764592
0.00188552	-0.941892	0.0800154
0.000416832	-0.352485	0.082563
0.000980814	0.135356	0.0835164
0.00337872	0.575497	0.0831503
0.00724896	0.928858	0.0815937
0.0126458	1.29524	0.0790813
0.0192036	1.57388	0.0755779
0.0251588	1.42923	0.0713209
0.0287132	0.853078	0.0674551
0.029875	0.278811	0.0651477
0.0298749	-2.66559e-06	0.0643936
0.029725	-0.0359784	0.0643936
0.0295528	-0.0413301	0.0644909
0.0292016	-0.0842958	0.0646026
0.0279245	-0.3065	0.0648306
0.0254214	-0.600747	0.0656596
0.0237113	-0.410426	0.0672845
0.0233296	-0.0916056	0.0683946
0.0233296	0	0.0686424
0.0233296	0	0.0686424
0.0223279	-0.240418	0.0686424
0.021943	-0.0923686	0.0692926
0.021943	0	0.0695425
0.021943	0	0.0695425
0.0205953	-0.323435	0.0695424
0.0184552	-0.513636	0.0704173
0.0170644	-0.33378	0.0718065
0.0170644	0	0.0727093
0.0179189	0.20507	0.0727093
0.0179189	-1.10549e-06	0.0721546
0.0179189	-8.38169e-07	0.0721546
0.0189236	0.241133	0.0721546
0.0220757	0.756506	0.0715024
0.0264744	1.05569	0.0694562
0.0272742	0.191939	0.0666007
0.027991	0.172026	0.0660816
0.0285291	0.129155	0.0656163
0.0285291	0	0.0652669
0.0258164	-0.651051	0.0652669
0.0212388	-1.09863	0.0670279
0.0156857	-1.33274	0.0699994
0.0100286	-1.35771	0.0736042
0.00429351	-1.37641	0.0772765
-0.000830606	-1.22979	0.0809994
-0.0033417	-0.602662	0.0843257
-0.00309008	0.0603873	0.0859558
-0.000626451	0.591272	0.0857924
0.00354335	1.00075	0.0841931
0.00928253	1.3774	0.0814863
0.0164133	1.7114	0.0777607
0.0244609	1.9314	0.0731317
0.030787	1.51828	0.0679077
0.0338059	0.724528	0.063801
0.0338059	-1.75873e-06	0.0618413
0.0332757	-0.127256	0.0618413
0.0312711	-0.481091	0.0621855
0.0288851	-0.572635	0.0634867
0.0252845	-0.86416	0.0650356
0.0215126	-0.905258	0.0673729
0.0190723	-0.585667	0.0698214
0.0187111	-0.0866746	0.0714055
0.0187111	0	0.07164
0.0187111	0	0.0716399
0.0187111	0	0.0716399
0.0187111	4.51861e-14	0.0716399
0.0187111	0	0.0716399
0.0187111	0	0.0716399
0.0176995	-0.242802	0.0716399
0.0157418	-0.469849	0.0722966
0.0135501	-0.525998	0.0735674
0.0112665	-0.548057	0.0749901
0.00927458	-0.478071	0.0764725
0.00851736	-0.181732	0.0777656
0.00851736	-6.73725e-07	0.0782571
0.0102924	0.426015	0.0782571
0.014983	1.12573	0.0771048
0.0215346	1.57239	0.0740599
0.0288619	1.75856	0.0698069
0.0348821	1.44484	0.0650504
0.0381599	0.786656	0.0611424
0.0390397	0.211173	0.0590146
0.0377973	-0.298183	0.0584434
0.0342804	-0.844063	0.0592499
0.0284916	-1.3893	0.0615329
0.0212772	-1.73145	0.0652907
0.0128816	-2.01496	0.0699739
0.00443727	-2.02663	0.0754239
-0.00160445	-1.45001	0.0809055
-0.00333427	-0.415157	0.0848275
-0.002768	0.135904	0.0859504
-0.000348963	0.58057	0.0855828
0.00363092	0.955171	0.0840125
0.00909457	1.31128	0.0814289
0.0158016	1.60968	0.0778822
0.0212684	1.31203	0.0735283
0.0240881	0.676739	0.0699796
0.024716	0.150691	0.0681491
0.024716	-1.33179e-06	0.0677415
0.024716	-1.19883e-06	0.0677415
0.0244001	-0.0758016	0.0677415
0.0231669	-0.295973	0.0679465
0.0217432	-0.341691	0.068747
0.0217432	1.53417e-07	0.0696712
0.0227857	0.250212	0.0696712
0.0236613	0.210131	0.0689944
0.0236613	0	0.0684261
0.0226784	-0.235904	0.068426
0.0226784	0	0.0690641
0.0226784	0	0.0690641
0.0225258	-0.0366215	0.0690641
0.0206891	-0.440794	0.0691631
0.0178319	-0.685734	0.0703554
0.0145244	-0.793805	0.0722101
0.0105957	-0.942873	0.0743572
0.00696302	-0.871852	0.0769075
0.00366619	-0.791239	0.0792656
0.00366619	7.01447e-09	0.0814058
0.00785719	1.00584	0.0814057
0.0153077	1.78812	0.0786851
0.0247405	2.26388	0.0738487
0.0341259	2.25249	0.0677253
0.0388499	1.13378	0.0616328
0.0412946	0.586715	0.0585661
0.0412946	0	0.0569792
0.039649	-0.394943	0.0569792
0.0369221	-0.654456	0.0580474
0.0332259	-0.88708	0.0598176
0.0278885	-1.28098	0.0622169
0.0204262	-1.79094	0.0656817
0.0125472	-1.89097	0.0705258
0.00737685	-1.24088	0.0756405
0.00540988	-0.472074	0.0789968
0.00541375	0.000929024	0.0802736
0.00599164	0.138695	0.0802711
0.00713884	0.275328	0.079896
0.00925932	0.508914	0.0791513
0.00975092	0.117985	0.0777747
0.00975092	0	0.0774556
0.0093745	-0.0903425	0.0774556
0.00937449	-1.80945e-06	0.0776999
0.00981621	0.106014	0.0776999
0.0105518	0.176543	0.0774132
0.0107354	0.0440672	0.0769356
0.0107354	-5.79855e-07	0.0768164
0.011936	0.288149	0.0768164
0.0156834	0.899372	0.076037
0.0213659	1.36379	0.0736044
0.0277574	1.53395	0.0699156
0.0293816	0.389818	0.0657666
0.0304317	0.252032	0.0647122
0.0304317	0	0.0640305
0.0278086	-0.629563	0.0640305
0.0231397	-1.12052	0.0657333
0.0173498	-1.38958	0.0687641
0.011487	-1.40706	0.0725226
0.00596367	-1.3256	0.0763284
0.0010513	-1.17897	0.0799139
-0.00124213	-0.550423	0.0831027
-0.00124838	-0.00149853	0.0845915
0.000752635	0.480243	0.0845955
0.00422604	0.833616	0.0832966
0.00917083	1.18675	0.0810418
0.0153119	1.47386	0.0778319
0.0216956	1.53209	0.0738454
0.026175	1.07505	0.0697014
0.0279702	0.430852	0.0667936
0.0279702	-1.17846e-06	0.0656282
0.0279586	-0.00277699	0.0656282
0.0279586	-9.54344e-07	0.0656357
0.0276977	-0.0626229	0.0656357
0.026121	-0.3784	0.065805
0.0240071	-0.507355	0.0668285
0.0231677	-0.201457	0.0682008
0.0231677	-1.38778e-17	0.0687457
0.0231677	0	0.0687457
0.0231677	0	0.0687457
0.0230141	-0.0368639	0.0687457
0.0230141	-5.55112e-17	0.0688454
0.0230141	0	0.0688453
0.0223575	-0.157564	0.0688453
0.0201815	-0.522239	0.0692715
0.0171961	-0.716517	0.070684
0.0140279	-0.760347	0.0726221
0.0131088	-0.220593	0.0746786
0.0131088	-1.36645e-06	0.0752753
0.0131088	-1.11226e-06	0.0752753
0.0146119	0.360743	0.0752753
0.018694	0.979697	0.0742995
0.0252341	1.56963	0.0716496
0.0328124	1.81879	0.0674041
0.035049	0.536782	0.0624846
0.036253	0.288951	0.0610327
0.036253	0	0.0602511
0.034439	-0.435352	0.0602511
0.0305164	-0.941416	0.0614287
0.0245129	-1.44084	0.063975
0.0175141	-1.67972	0.0678721
0.00986385	-1.83605	0.0724154
0.00221817	-1.83496	0.0773816
-0.0027873	-1.20131	0.0823448
-0.00334212	-0.133156	0.085594
-0.00191113	0.343437	0.0859542
0.000811906	0.65353	0.0850253
0.00454494	0.895927	0.0832576
0.00933097	1.14865	0.0808343
0.0155184	1.48499	0.0777274
0.0209587	1.30566	0.0737108
0.0239981	0.729454	0.0701792
0.0250105	0.242984	0.0682062
0.0250105	-1.09762e-06	0.067549
0.0250105	-1.02168e-06	0.067549
0.0249854	-0.00603721	0.067549
0.0239358	-0.251904	0.0675653
0.02238	-0.373372	0.0682466
0.0220262	-0.0849281	0.0692565
0.022434	0.0978831	0.0694862
0.0227833	0.0838216	0.0692214
0.0227597	-0.00565339	0.0689947
0.0214079	-0.324441	0.06901
0.0214079	0	0.0698875
0.0214079	0	0.0698875
0.0214079	0	0.0698875
0.0199072	-0.360164	0.0698875
0.0170921	-0.675621	0.0708616
0.0136501	-0.826086	0.072689
0.0110665	-0.620065	0.0749234
0.00766881	-0.815442	0.0766005
0.00506061	-0.625969	0.0788061
0.00506061	5.36559e-08	0.0804992
0.0093086	1.01952	0.0804992
0.0173552	1.93118	0.0777416
0.0275031	2.43549	0.0725182
0.0351349	1.83164	0.0659307
0.0397057	1.09699	0.0609764
0.042026	0.556878	0.0580093
0.0419689	-0.0137032	0.0565031
0.0399757	-0.478374	0.0565401
0.0363124	-0.879183	0.057834
0.0309746	-1.28109	0.060212
0.0237451	-1.73507	0.0636771
0.014629	-2.18785	0.0683701
0.00590385	-2.09405	0.0742877
0.000596908	-1.27366	0.0799517
-0.000823826	-0.340976	0.0833967
-0.000823826	0	0.0843189
0.000384509	0.29	0.0843189
0.00251646	0.511668	0.0835345
0.00609495	0.858838	0.0821506
0.0105447	1.06793	0.0798276
0.0138869	0.802133	0.076939
0.015871	0.476183	0.0747694
0.0167571	0.212662	0.0734814
0.0170018	0.0587296	0.0729062
0.0170018	-1.15799e-06	0.0727473
0.0168304	-0.0411213	0.0727473
0.0164827	-0.0834648	0.0728585
0.0164827	-4.89985e-07	0.0730843
0.016985	0.12056	0.0730843
0.0195853	0.624061	0.0727582
0.0195853	-2.22045e-16	0.0710702
0.0195853	0	0.0710702
0.0195853	0	0.0710702
0.0196978	0.0270126	0.0710702
0.0196978	0	0.0709971
0.018815	-0.211879	0.0709971
0.0164242	-0.57378	0.0715701
0.0131067	-0.79621	0.0731221
0.0111455	-0.470685	0.0752757
0.00858866	-0.613643	0.0765488
0.0052074	-0.811502	0.0782085
0.00333187	-0.450127	0.0804035
0.00420521	0.209601	0.081621
0.00899544	1.14966	0.081054
0.0167814	1.86863	0.0779444
0.0264009	2.30868	0.0728901
0.037145	2.57858	0.0666456
0.0469157	2.34498	0.0596711
0.0520971	1.24354	0.0533284
0.0520971	0	0.0499649
0.0484304	-0.880002	0.0499649
0.0416062	-1.63782	0.0523451
0.0315111	-2.42282	0.0567751
0.0185776	-3.10404	0.0633283
0.0049405	-3.27289	0.0717241
-0.00609955	-2.64961	0.0805765
-0.0114913	-1.29401	0.0877432
-0.0114913	0	0.0912432
-0.00820428	0.788873	0.0912432
-0.00207725	1.47049	0.0891094
0.00684247	2.14073	0.0851321
0.00880344	0.470634	0.0793418
0.0100589	0.3013	0.0780688
0.0107	0.153883	0.0772539
0.0107	0	0.0768376
0.0107	0	0.0768376
0.0107	0	0.0768376
0.0107	0	0.0768376
0.0107	0	0.0768376
0.00971622	-0.236115	0.0768376
0.00971622	6.6422e-10	0.0774762
0.0112666	0.372096	0.0774762
0.01277	0.3608	0.0764698
0.0139669	0.287255	0.0754938
0.0148826	0.219782	0.0747169
0.0163212	0.34526	0.0741224
0.0180402	0.412553	0.0731885
0.0181225	0.0197704	0.0720726
0.0169236	-0.28775	0.0720192
0.0161965	-0.174511	0.0727975
0.0144641	-0.415775	0.0732695
0.0109699	-0.838607	0.074394
0.0070871	-0.931864	0.0766623
0.00493167	-0.517303	0.0791828
0.00511568	0.0441621	0.080582
0.00905259	0.944859	0.0804625
0.0160698	1.68414	0.0779068
0.0249375	2.12824	0.0733516
0.0345811	2.31447	0.0675951
0.0438808	2.23193	0.0613349
0.0496028	1.37328	0.055298
0.0498588	0.0614434	0.0515836
0.0462201	-0.87331	0.0514174
0.0390673	-1.71666	0.0537795
0.0290867	-2.39534	0.0584227
0.0168218	-2.94357	0.0649016
0.00382662	-3.11885	0.0728633
-0.00654751	-2.48979	0.0812991
-0.0115399	-1.19817	0.0880335
-0.0115399	0	0.0912743
-0.00862443	0.699711	0.0912743
-0.00354112	1.22	0.0893817
0.00525637	2.1114	0.0860819
0.0153758	2.42867	0.080371
0.0233283	1.9086	0.0738019
0.0240953	0.184066	0.0686395
0.0240953	0	0.0681416
0.0240953	0	0.0681416
0.0237804	-0.0755735	0.0681416
0.0230723	-0.169928	0.068346
0.0203911	-0.643503	0.0688056
0.0178716	-0.604672	0.0705462
0.0163191	-0.372596	0.0721817
0.0163191	0	0.0731894
0.0167033	0.0922009	0.0731894
0.017044	0.0817676	0.07294
0.017044	0	0.0727189
0.0171263	0.0197562	0.0727188
0.0177274	0.144274	0.0726654
0.0178784	0.0362296	0.0722752
0.0175012	-0.0905391	0.0721772
0.0154022	-0.503758	0.072422
0.01218	-0.773326	0.0737846
0.00839303	-0.908865	0.0758763
0.00359882	-1.15061	0.0783345
-0.00125396	-1.16467	0.0814467
-0.00526252	-0.962054	0.0845969
-0.00526252	4.39591e-08	0.087199
0.000185209	1.30746	0.087199
0.00955974	2.24989	0.0836626
0.021345	2.82845	0.0775771
0.0349424	3.26338	0.0699267
0.0485097	3.25616	0.0610999
0.0588507	2.48184	0.0522927
0.0629412	0.981716	0.0455798
0.0623076	-0.152055	0.0429244
0.0571796	-1.23073	0.0433357
0.0476647	-2.28359	0.0466645
0.0338183	-3.32313	0.0528412
0.0176878	-3.87131	0.0618295
0.00211857	-3.73662	0.0723006
-0.00907707	-2.68695	0.0824074
-0.0143254	-1.2596	0.089675
-0.0143666	-0.00988203	0.093082
-0.0113111	0.733314	0.0931087
-0.00445113	1.64639	0.0911252
0.00579364	2.45874	0.0866721
0.0175423	2.81969	0.0800217
0.0274147	2.36937	0.072395
0.0285688	0.27699	0.0659863
0.0285688	0	0.0652371
0.0277845	-0.188246	0.0652371
0.024602	-0.763796	0.0657463
0.0206764	-0.942138	0.0678122
0.0171026	-0.857714	0.0703604
0.0154372	-0.399691	0.0726804
0.0149403	-0.119252	0.0737614
0.0149403	-1.11022e-16	0.074084
0.0149403	0	0.074084
0.0151	0.0383291	0.0740839
0.0166059	0.361398	0.0739803
0.0186824	0.498379	0.0730027
0.0189251	0.0582466	0.0716547
0.0189251	0	0.0714972
0.0180343	-0.213792	0.0714971
0.0152497	-0.668317	0.0720754
0.0104018	-1.16349	0.073883
0.00355191	-1.64397	0.07703
-0.00397703	-1.80695	0.0814766
-0.00908352	-1.22556	0.086364
-0.0101863	-0.264677	0.0896789
-0.00702994	0.757537	0.0903948
0.00116689	1.96724	0.0883458
0.0132492	2.89975	0.0830248
0.0280505	3.55232	0.0751816
0.0431817	3.63149	0.0655733
0.0558249	3.03437	0.0557508
0.0586865	0.686773	0.0475435
0.0560038	-0.643843	0.0456859
0.049279	-1.61396	0.0474273
0.0384174	-2.60679	0.0517927
0.0240478	-3.4487	0.0588435
0.00855428	-3.71844	0.0681716
-0.00561227	-3.39997	0.0782292
-0.0149456	-2.24	0.0874254
-0.0176093	-0.639284	0.0934841
-0.0149744	0.632372	0.0952132
-0.00832348	1.59622	0.0935028
0.00199347	2.47607	0.0891853
0.0145278	3.00823	0.0824881
0.0212676	1.61756	0.0743514
0.025521	1.02082	0.0699762
0.027589	0.496319	0.0672151
0.0285746	0.23653	0.0658726
0.0275531	-0.245147	0.0652329
0.0253681	-0.524408	0.0658959
0.0226701	-0.647506	0.0673143
0.0202019	-0.592382	0.0690657
0.0187835	-0.340401	0.070668
0.0187835	6.32352e-09	0.0715887
0.0187835	0	0.0715886
0.0189271	0.0344495	0.0715886
0.018995	0.0163075	0.0714954
0.018995	0	0.0714513
0.018995	0	0.0714513
0.0183238	-0.161105	0.0714513
0.0166259	-0.407492	0.071887
0.0125632	-0.975047	0.0729892
0.00692462	-1.35325	0.0756265
0.00107482	-1.40395	0.0792868
-0.00271404	-0.909327	0.0830841
-0.00300896	-0.0707807	0.0855437
-0.00100513	0.480918	0.0857351
0.00394658	1.18841	0.0844343
0.0124388	2.03814	0.0812199
0.0238898	2.74823	0.0757071
0.0356705	2.82737	0.0682737
0.0458445	2.44176	0.0606263
0.0470505	0.289439	0.0540218
0.0444584	-0.622107	0.0532389
0.039725	-1.13601	0.0549216
0.0323776	-1.76338	0.0579942
0.0235241	-2.12482	0.0627638
0.0140042	-2.28478	0.068511
0.0051796	-2.11791	0.0746908
-0.00185032	-1.68718	0.0804193
-0.00623277	-1.05179	0.0849828
-0.00671134	-0.114858	0.0878277
-0.0045016	0.530339	0.0881383
-0.000684423	0.916122	0.0867039
0.00438307	1.2162	0.0842259
0.0129849	2.06445	0.0809363
0.0215591	2.05779	0.0753524
0.0289519	1.77428	0.0697865
0.0332461	1.03062	0.0649874
0.034384	0.273094	0.0621998
0.034384	0	0.0614611
0.0341228	-0.062702	0.0614611
0.0336009	-0.125246	0.0616307
0.0321174	-0.356036	0.0619695
0.0296899	-0.582613	0.0629325
0.0278079	-0.451673	0.0645083
0.0278043	-0.000871496	0.06573
0.0278043	0	0.0657323
0.0283452	0.129829	0.0657323
0.0269386	-0.337589	0.0653811
0.0266395	-0.071783	0.0662942
0.0228436	-0.911024	0.0664884
0.0192634	-0.859251	0.0689525
0.0145958	-1.12023	0.0712766
0.00962433	-1.19314	0.0743066
0.00674552	-0.690913	0.0775337
0.00416448	-0.619451	0.0794025
0.00243796	-0.414364	0.081078
0.00243796	-7.89796e-09	0.0821987
0.00485271	0.579539	0.0821987
0.0105228	1.36082	0.0806312
0.0186645	1.95401	0.0769504
0.0279005	2.21665	0.0716652
0.0367996	2.13579	0.0656697
0.044177	1.77057	0.0598928
0.0427719	-0.337229	0.0551037
0.0395554	-0.77196	0.0560159
0.0347076	-1.16348	0.0581038
0.0283663	-1.5219	0.0612508
0.0210599	-1.75354	0.0653672
0.0135829	-1.7945	0.0701101
0.00664483	-1.66512	0.0749639
0.00266077	-0.956176	0.0794677
0.00232946	-0.0795135	0.0820539
0.0031945	0.20761	0.082269
0.00479664	0.384513	0.0817074
0.0069919	0.526863	0.0806674
0.00974181	0.659977	0.0792423
0.0122994	0.613813	0.0774572
0.0135156	0.291903	0.075797
0.0136275	0.026849	0.0750074
0.0136275	-1.31252e-06	0.0749348
0.0136275	-1.18371e-06	0.0749348
0.0136886	0.0146725	0.0749348
0.0136886	-9.36992e-07	0.0748951
0.0136886	-8.07964e-07	0.0748951
0.0136886	-1.93227e-07	0.074895
0.0149381	0.299882	0.074895
0.0155069	0.136517	0.0740839
0.0159737	0.112017	0.0737146
0.0159737	0	0.0734117
0.0159737	-5.55112e-17	0.0734116
0.0159737	5.55112e-17	0.0734116
0.0159737	0	0.0734116
0.0152871	-0.164773	0.0734116
0.0137088	-0.378806	0.0738573
0.0118626	-0.443071	0.0748819
0.0103611	-0.360363	0.0760803
0.00948515	-0.210234	0.077055
0.00948515	-6.77483e-08	0.0776236
0.00948515	-7.91541e-08	0.0776236
0.0122259	0.657771	0.0776236
0.0175904	1.28749	0.0758444
0.0244956	1.65726	0.072362
0.031795	1.75186	0.0678795
0.0383948	1.58395	0.063141
0.0392621	0.208153	0.0588568
0.0390924	-0.0407402	0.0582937
0.0374862	-0.385484	0.0584039
0.0350915	-0.574725	0.0594466
0.0320925	-0.719755	0.0610011
0.0284387	-0.87692	0.0629478
0.0238501	-1.10125	0.0653197
0.0178771	-1.43354	0.0682984
0.0134159	-1.07067	0.0721758
0.0113456	-0.496876	0.0750717
0.0113555	0.00237592	0.0764156
0.0116039	0.059617	0.0764092
0.0119046	0.0721495	0.0762479
0.0119046	-9.76931e-08	0.0760528
0.0119046	0	0.0760528
0.0119046	0	0.0760528
0.0119046	0	0.0760527
0.0119046	-5.97482e-07	0.0760527
0.0119046	-1.24535e-06	0.0760527
0.0124419	0.128961	0.0760527
0.0126083	0.0399349	0.0757039
0.0126083	-8.89064e-07	0.0755959
0.0126083	-5.37058e-07	0.0755959
0.0133512	0.178291	0.0755958
0.0162799	0.70289	0.0751136
0.0209956	1.13178	0.0732124
0.0264271	1.30356	0.0701512
0.0268993	0.113324	0.0666253
0.0268993	0	0.0663188
0.0265014	-0.0954988	0.0663188
0.0241734	-0.558722	0.066577
0.0198854	-1.02911	0.0680883
0.0146651	-1.25287	0.0708718
0.00949247	-1.24144	0.0742605
0.00498737	-1.08122	0.0776183
0.000832428	-0.997186	0.0805428
-0.00126378	-0.503089	0.08324
-0.00076207	0.120409	0.0846007
0.00204177	0.672921	0.084275
0.00687067	1.15894	0.0824549
0.0135862	1.61172	0.0793202
0.0216295	1.93039	0.0749608
0.0293507	1.85309	0.0697395
0.034376	1.20607	0.0647273
0.0359041	0.366745	0.0614651
0.0359041	0	0.0604731
0.0352422	-0.158862	0.0604731
0.0341678	-0.257844	0.0609028
0.0322207	-0.46731	0.0616002
0.027225	-1.19895	0.0628641
0.0201898	-1.68845	0.066107
0.0154524	-1.13698	0.0706739
0.0120815	-0.809034	0.0737492
0.0105745	-0.361658	0.0759375
0.0105745	0	0.0769157
0.0105745	0	0.0769157
0.0106023	0.0066564	0.0769157
0.0106023	0	0.0768976
0.0106023	0	0.0768976
0.0101919	-0.0984936	0.0768976
0.0100141	-0.042671	0.077164
0.0100141	0	0.0772794
0.0116102	0.383061	0.0772794
0.0118254	0.0516574	0.0762433
0.0118254	-8.38566e-07	0.0761036
0.0118254	-5.13444e-07	0.0761035
0.0136532	0.438674	0.0761035
0.0180345	1.05151	0.074917
0.0239747	1.42564	0.0720729
0.0305432	1.57645	0.0682168
0.0328185	0.54607	0.0639528
0.0340882	0.304712	0.0624758
0.0336284	-0.11034	0.0616516
0.0300849	-0.850436	0.06195
0.0244023	-1.36383	0.0642503
0.017593	-1.63423	0.0679391
0.00997663	-1.82793	0.0723594
0.00213458	-1.88209	0.0773035
-0.00446125	-1.583	0.0823942
-0.00683928	-0.570727	0.0866759
-0.00574728	0.26208	0.0882196
-0.00208007	0.880129	0.0875107
0.00401716	1.46334	0.0851301
0.0122063	1.96539	0.0811721
0.0222445	2.40918	0.0758561
0.0314916	2.21931	0.0693397
0.037272	1.3873	0.063337
0.037272	1.46643e-07	0.0595846
0.0364868	-0.18846	0.0595846
0.0351503	-0.320756	0.0600943
0.0323796	-0.664975	0.0609619
0.0273774	-1.20052	0.0627605
0.0210588	-1.51647	0.0660076
0.0174971	-0.854812	0.0701094
0.0160923	-0.33715	0.0724215
0.0160923	0	0.0733334
0.0160923	0	0.0733334
0.0160923	0	0.0733333
0.0160923	0	0.0733333
0.0160923	0	0.0733333
0.0160923	0	0.0733333
0.0155021	-0.141649	0.0733333
0.0141705	-0.319568	0.0737164
0.0129263	-0.298622	0.0745808
0.0129263	0	0.0753885
0.0130778	0.036377	0.0753885
0.0130778	-2.52061e-07	0.0752901
0.0130778	-4.5127e-06	0.07529
0.0142127	0.272379	0.07529
0.0177882	0.858117	0.0745533
0.0229083	1.22882	0.0722323
0.0285957	1.36497	0.0689085
0.0313151	0.652667	0.0652166
0.0332868	0.473189	0.0634512
0.0334938	0.0496965	0.0621713
0.0312702	-0.533667	0.0620369
0.0265858	-1.12426	0.0634803
0.0203798	-1.48943	0.0665212
0.0136703	-1.61029	0.0705498
0.00664632	-1.68575	0.0749053
9.28935e-05	-1.57282	0.0794649
-0.00283396	-0.702444	0.0837191
-0.00283396	-2.56212e-07	0.085619
-0.000716117	0.508281	0.085619
0.00291543	0.871571	0.0842442
0.00787171	1.18951	0.0818868
0.0139752	1.46484	0.0786694
0.0208616	1.65273	0.0747073
0.0262742	1.29903	0.070237
0.0290668	0.67021	0.0667233
0.0295414	0.11392	0.0649106
0.0295414	3.67125e-06	0.0646024
0.0295414	-1.48575e-06	0.0646024
0.0291477	-0.0944876	0.0646024
0.0274615	-0.404694	0.0648579
0.0250386	-0.581503	0.0659525
0.0237496	-0.309356	0.0675254
0.0237496	0	0.0683621
0.0237496	0	0.0683621
0.0237496	0	0.0683621
0.0215565	-0.526348	0.0683621
0.0209037	-0.156656	0.0697857
0.0209037	0	0.0702094
0.0209037	0	0.0702094
0.0196713	-0.295783	0.0702094
0.0174294	-0.538061	0.0710094
0.0155945	-0.440381	0.0724648
0.0133008	-0.550491	0.0736559
0.00998427	-0.795957	0.0751448
0.00795873	-0.486129	0.0772977
0.00795873	-5.11243e-07	0.0786126
0.0109327	0.713745	0.0786126
0.0169026	1.43279	0.076682
0.0246755	1.86549	0.0728066
0.0272351	0.6143	0.0677608
0.0292767	0.489983	0.0660993
0.0303813	0.265104	0.064774
0.0303813	0	0.0640569
0.0294085	-0.233464	0.0640569
0.0278916	-0.364055	0.0646883
0.0254947	-0.575266	0.065673
0.0217515	-0.898356	0.067229
0.0160546	-1.36726	0.0696589
0.0104177	-1.35287	0.073357
0.00694283	-0.83396	0.0770162
0.00660762	-0.0804491	0.0792719
0.00709863	0.117843	0.0794895
0.00790859	0.194389	0.0791707
0.00926137	0.324667	0.0786449
0.0110988	0.440987	0.0777668
0.0129012	0.432582	0.076574
0.0130737	0.0413826	0.0754039
0.0130737	-9.81203e-09	0.075292
0.0130737	-1.83918e-06	0.075292
0.0134571	0.0920154	0.075292
0.0140138	0.133611	0.0750431
0.0140138	-1.31942e-06	0.0746817
0.0140138	-1.08932e-06	0.0746817
0.0142923	0.0668471	0.0746816
0.0163969	0.505109	0.0745008
0.020383	0.956651	0.0731346
0.0243441	0.950675	0.070547
0.0228337	-0.362504	0.0679757
0.0225783	-0.0613	0.0689561
0.0225783	0	0.0691219
0.0214814	-0.263253	0.0691219
0.0185791	-0.696553	0.0698339
0.0146967	-0.931778	0.071718
0.0106101	-0.980774	0.0742382
0.00644349	-0.999985	0.076891
0.00227557	-1.0003	0.0795957
0.00164699	-0.150859	0.0823013
0.00337434	0.414564	0.0827094
0.00717456	0.912053	0.0815881
0.0126219	1.30737	0.0791211
0.0193656	1.61848	0.075585
0.0268669	1.8003	0.0712073
0.0340769	1.73041	0.0663378
0.0385204	1.06644	0.0616574
0.0388826	0.0869326	0.0587729
0.0371517	-0.415412	0.0585378
0.0344866	-0.639629	0.0596614
0.0311435	-0.802342	0.0613914
0.0253573	-1.38869	0.0635616
0.0182157	-1.71397	0.0673177
0.0111669	-1.69172	0.0719536
0.00688472	-1.02773	0.0765293
0.00604267	-0.202091	0.0793091
0.00627597	0.05599	0.0798557
0.00724686	0.233014	0.0797043
0.00878575	0.369335	0.079074
0.0111707	0.572398	0.078075
0.01403	0.68623	0.0765268
0.0149744	0.226654	0.0746707
0.0149744	1.67198e-07	0.0740576
0.0133621	-0.386959	0.0740576
0.0130644	-0.0714492	0.0751042
0.0136408	0.138345	0.0752975
0.0130286	-0.146933	0.0749233
0.0130286	-4.94184e-06	0.0753207
0.0130286	5.55112e-17	0.0753207
0.0134257	0.095317	0.0753207
0.014318	0.214137	0.0750628
0.0156627	0.322738	0.0744836
0.0173745	0.410829	0.0736107
0.0190702	0.406964	0.0724995
0.0198452	0.186012	0.0713987
0.0198452	0	0.0708956
0.0181335	-0.410825	0.0708955
0.0138397	-1.03051	0.0720067
0.0115897	-0.539999	0.074794
0.00717821	-1.05875	0.0762546
0.00178173	-1.29515	0.0791183
-0.00322809	-1.20236	0.0826214
-0.00656393	-0.800601	0.0858735
-0.00656393	0	0.088039
-0.00201936	1.0907	0.088039
0.00618559	1.96919	0.0850889
0.0170731	2.613	0.0797626
0.0296416	3.01644	0.072695
0.0425033	3.08681	0.0645361
0.0535085	2.64124	0.0561869
0.0588022	1.27049	0.0490429
0.0583297	-0.113393	0.0456065
0.0529952	-1.28027	0.0459132
0.0445904	-2.01715	0.049376
0.0345648	-2.40616	0.054832
0.024339	-2.45419	0.0613401
0.015027	-2.23488	0.0679782
0.00807498	-1.66848	0.0740231
0.00456382	-0.842678	0.078536
0.00456382	0	0.0808152
0.00613784	0.377764	0.0808152
0.00782341	0.404537	0.0797934
0.00625363	-0.376747	0.0786992
0.00625363	-5.11131e-07	0.0797182
0.00668374	0.103227	0.0797182
0.00610481	-0.138944	0.079439
0.00610481	0	0.0798148
0.00610481	0	0.0798148
0.0061082	0.000815196	0.0798148
0.0061082	-6.15457e-07	0.0798126
0.0061082	-6.25626e-07	0.0798126
0.00610819	-5.38615e-07	0.0798126
0.00683311	0.173978	0.0798125
0.00850892	0.402194	0.079342
0.011689	0.76323	0.0782541
0.0124992	0.194449	0.0761897
0.0135066	0.24176	0.0756637
0.0149078	0.336294	0.0750098
0.0164001	0.358146	0.0741002
0.0176834	0.308007	0.0731315
0.0183802	0.167217	0.0722984
0.0183802	0	0.0718461
0.0153512	-0.726958	0.0718461
0.0100881	-1.26314	0.0738123
0.00377794	-1.51444	0.0772288
-0.00248515	-1.50314	0.0813251
-0.00771451	-1.25505	0.0853908
-0.0109007	-0.764697	0.0887854
-0.0109007	0	0.0908537
-0.00745233	0.827621	0.0908537
0.000921054	2.00961	0.0886152
0.0106967	2.34616	0.0831796
0.0206276	2.3834	0.0768337
0.0301344	2.28165	0.0703871
0.0386777	2.0504	0.0642157
0.0448336	1.47742	0.0586697
0.0462262	0.334216	0.0546736
0.044624	-0.384527	0.0537696
0.0408619	-0.902907	0.0548097
0.0359821	-1.17116	0.0572518
0.0307485	-1.25606	0.0604196
0.0258334	-1.17962	0.0638169
0.0219089	-0.941893	0.0670075
0.0198106	-0.503593	0.0695552
0.0198106	-2.8882e-07	0.0709173
0.020097	0.068732	0.0709172
0.0203624	0.0636954	0.0707313
0.0203624	5.10832e-08	0.070559
0.0203624	4.04547e-08	0.070559
0.0203624	3.78857e-08	0.070559
0.0203198	-0.0102218	0.070559
0.0187669	-0.372701	0.0705866
0.0147983	-0.952459	0.0715947
0.00936085	-1.30498	0.0741709
0.00360125	-1.3823	0.0777006
-0.00136776	-1.19256	0.0814394
-0.00454505	-0.762548	0.084665
-0.00495376	-0.0980909	0.0867276
-0.00211801	0.68058	0.0869929
0.00550619	1.82981	0.085152
0.0169638	2.74982	0.0802028
0.0303448	3.21144	0.0727651
0.0437412	3.21515	0.0640788
0.055174	2.74386	0.0553824
0.0619729	1.63173	0.0479608
0.0619729	5.49472e-07	0.0435473
0.0568148	-1.23795	0.0435473
0.0454992	-2.71573	0.0468957
0.0319743	-3.24599	0.0542412
0.0173367	-3.513	0.0630209
0.00287077	-3.47183	0.0725228
-0.00941686	-2.94903	0.0819134
-0.0162422	-1.63809	0.0898899
-0.0163198	-0.0186132	0.0943206
-0.0125182	0.912392	0.094371
-0.00608094	1.54493	0.0919031
-0.00144895	1.11168	0.0877244
0.00368255	1.23156	0.0847175
0.00803898	1.04554	0.0813864
0.0109049	0.687824	0.0785584
0.0111995	0.070701	0.0766979
0.0111995	0	0.0765067
0.0111995	0	0.0765067
0.0111995	0	0.0765067
0.0111995	-5.55112e-17	0.0765067
0.0111995	0	0.0765067
0.0111995	5.55112e-17	0.0765066
0.0117604	0.134609	0.0765066
0.0140917	0.559507	0.0761425
0.0181285	0.968852	0.0746292
0.0229446	1.15587	0.0720086
0.0277175	1.14549	0.0688822
0.031233	0.843728	0.0657839
0.0319167	0.164066	0.0635018
0.0303352	-0.379537	0.063058
0.0253339	-1.20033	0.0640846
0.0176682	-1.83976	0.0673312
0.00884758	-2.11696	0.0723073
0.000245041	-2.06461	0.0780333
-0.00682935	-1.69785	0.0836176
-0.011245	-1.05975	0.0882099
-0.0112714	-0.00635492	0.0910763
-0.00708657	1.00437	0.0910935
0.00096958	1.93348	0.0883769
0.0122877	2.71635	0.0831472
0.0243311	2.89041	0.0758
0.0363561	2.88601	0.0679821
0.0461562	2.35201	0.060176
0.0506907	1.0883	0.0538143
0.0506907	-1.38778e-17	0.0508706
0.0471633	-0.846592	0.0508706
0.0408645	-1.51172	0.0531605
0.0324595	-2.01718	0.0572493
0.0227734	-2.32468	0.0627054
0.0128336	-2.38554	0.0689931
0.0041837	-2.07597	0.0754455
-0.000506276	-1.1256	0.0810606
-0.000506276	0	0.0841051
0.0028833	0.813499	0.0841051
0.00795674	1.21763	0.0819047
0.0127546	1.15149	0.0786113
0.0174952	1.13774	0.0754967
0.0217219	1.01441	0.0724193
0.0241725	0.588135	0.0696756
0.0236389	-0.128069	0.0680848
0.0216355	-0.480821	0.0684312
0.0193075	-0.558722	0.0697317
0.0166437	-0.639307	0.0712429
0.0146685	-0.474043	0.0729721
0.0140029	-0.159747	0.0742542
0.0140029	-2.13788e-06	0.0746863
0.0148367	0.200107	0.0746863
0.0178269	0.717655	0.074145
0.0218307	0.960909	0.0722039
0.021947	0.0279101	0.0696049
0.021947	0	0.0695294
0.021947	5.55112e-17	0.0695293
0.0218	-0.0352834	0.0695293
0.0218	0	0.0696248
0.0199754	-0.437901	0.0696247
0.0162076	-0.904273	0.0708092
0.0116126	-1.1028	0.073255
0.00766922	-0.946405	0.0762378
0.00328499	-1.05222	0.0787977
0.000350279	-0.70433	0.0816437
0.000350273	-1.53327e-06	0.0835487
0.00393348	0.859969	0.0835487
0.0121144	1.96341	0.0812227
0.0234519	2.721	0.075912
0.035842	2.97364	0.0685523
0.0473594	2.76417	0.0605092
0.0558943	2.04836	0.0530326
0.0558943	0	0.0474923
0.0513312	-1.09512	0.0474922
0.0433145	-1.92402	0.0504543
0.0325233	-2.58988	0.0556584
0.0198953	-3.03072	0.0626634
0.00690306	-3.11815	0.0708609
-0.00452118	-2.74182	0.0792948
-0.0117532	-1.73568	0.0867109
-0.0125003	-0.179318	0.0914055
-0.00929329	0.769686	0.0918905
-0.00341127	1.41169	0.0898087
0.00395727	1.76845	0.0859903
0.0116103	1.83673	0.081207
0.0198264	1.97187	0.076239
0.0250806	1.26101	0.0709055
0.0262209	0.273661	0.0674948
0.0259343	-0.0687869	0.0667546
0.0254524	-0.11566	0.0669406
0.0251498	-0.0726198	0.0672534
0.0251498	0	0.0674498
0.0251498	0	0.0674498
0.0251498	0	0.0674498
0.0262363	0.260763	0.0674498
0.0286756	0.585443	0.0667445
0.0281127	-0.135113	0.065161
0.0281127	-1.11022e-16	0.0655264
0.0281127	5.55112e-17	0.0655264
0.0281127	0	0.0655264
0.0276411	-0.113181	0.0655264
0.0250056	-0.632522	0.0658325
0.0195284	-1.31453	0.0675433
0.0122489	-1.74706	0.0710988
0.00621308	-1.4486	0.0758243
-0.000293855	-1.56166	0.0797424
-0.00640789	-1.46737	0.0839664
-0.01042	-0.962896	0.0879353
-0.01042	-9.20227e-08	0.0905397
-0.00562669	1.15038	0.0905397
0.0034152	2.17005	0.0874282
0.0154852	2.89681	0.0815586
0.0287795	3.19062	0.0737233
0.0413689	3.02146	0.0650933
0.0509294	2.29453	0.0569209
0.0545691	0.873509	0.0507147
0.053606	-0.231147	0.048352
0.048596	-1.20239	0.0489772
0.040126	-2.0328	0.0522294
0.0292841	-2.60206	0.0577277
0.0173534	-2.86336	0.0647657
0.00617023	-2.68397	0.0725105
-0.00181244	-1.91584	0.07977
-0.00371828	-0.457403	0.084952
-0.00167653	0.490021	0.0861891
0.00477689	1.54882	0.0848637
0.0107022	1.42207	0.0806745
0.0164138	1.37079	0.076828
0.0219353	1.32516	0.0731203
0.0252338	0.791629	0.069536
0.0252338	-1.21495e-07	0.0673948
0.0223525	-0.691512	0.0673948
0.0176349	-1.13222	0.0692652
0.0122388	-1.29507	0.0723276
0.00742751	-1.1547	0.0758305
0.00428779	-0.753534	0.0789537
0.00382909	-0.110087	0.0809919
0.00552982	0.408176	0.0812896
0.0107235	1.24648	0.0801856
0.0187501	1.9264	0.0768141
0.0277605	2.16249	0.0716036
0.0356548	1.89462	0.0657545
0.0356548	0	0.0606299
0.0345964	-0.254011	0.0606299
0.0314063	-0.76562	0.0613169
0.0251541	-1.50053	0.0633877
0.0170323	-1.94925	0.0674463
0.00983645	-1.727	0.0727186
0.00367984	-1.47759	0.0773898
-0.000733475	-1.05919	0.0813864
-0.00304414	-0.554559	0.0842512
-0.00198697	0.253721	0.0857512
0.00416506	1.47649	0.0850649
0.0139007	2.33656	0.0810713
0.0253902	2.75747	0.0747514
0.0368004	2.73846	0.067293
0.0463363	2.28862	0.059886
0.0510656	1.13502	0.0536958
0.0463662	-1.12784	0.0506258
0.0385337	-1.87981	0.0536763
0.0284226	-2.42666	0.0587608
0.0170834	-2.72141	0.0653244
0.00583834	-2.69881	0.0726853
-0.00376001	-2.3036	0.079985
-0.00929989	-1.32957	0.0862158
-0.00929989	0	0.089812
-0.00530216	0.959455	0.089812
0.00171319	1.68368	0.0872168
0.0117452	2.40768	0.0826628
0.0213782	2.31192	0.0761505
0.0296187	1.97771	0.0698972
0.0337638	0.994833	0.0645479
0.0312657	-0.599542	0.0618571
0.0259648	-1.27222	0.0634787
0.0195042	-1.55054	0.0669198
0.0134774	-1.44642	0.0711137
0.00929436	-1.00394	0.0750259
0.00777847	-0.363813	0.0777414
0.00777847	0	0.0787254
0.0106222	0.682493	0.0787254
0.0159288	1.27359	0.0768794
0.0179797	0.492204	0.0734346
0.0196894	0.410347	0.0721032
0.0208337	0.274632	0.0709933
0.0210026	0.0405364	0.0702505
0.0206999	-0.0726618	0.0701408
0.0182711	-0.582913	0.0703374
0.0137911	-1.07519	0.071914
0.00826128	-1.32717	0.0748221
0.00404685	-1.01146	0.0784118
0.000520665	-0.846284	0.0811476
-0.00153966	-0.494477	0.0834366
-0.00153966	-1.81496e-07	0.0847741
0.00147361	0.723185	0.0847741
0.00848922	1.68375	0.082818
0.0183449	2.36537	0.0782638
0.0293852	2.64966	0.071866
0.040277	2.61404	0.0646992
0.0491052	2.11877	0.0576287
0.0533048	1.00789	0.0518979
0.0528627	-0.106101	0.0491717
0.0480127	-1.16399	0.0494587
0.039475	-2.04906	0.052607
0.0282283	-2.6992	0.0581493
0.015665	-3.01519	0.0654501
0.00367355	-2.87795	0.0736055
-0.00558145	-2.2212	0.0813898
-0.00897653	-0.814821	0.0873976
-0.00747184	0.361126	0.0896016
-0.00156145	1.41849	0.0886248
0.00600272	1.8154	0.084788
0.01006	0.973748	0.0798777
0.0141368	0.97842	0.0772439
0.0172032	0.735947	0.0745975
0.0172433	0.00963101	0.0726069
0.0156721	-0.377093	0.0725808
0.013202	-0.592834	0.0736008
0.0106754	-0.606383	0.0752043
0.00959813	-0.258539	0.0768444
0.00959812	-2.26626e-06	0.0775437
0.00960367	0.0013324	0.0775437
0.0103559	0.180546	0.0775401
0.0134404	0.740275	0.0770517
0.0194067	1.43192	0.0750494
0.0249423	1.32855	0.0711764
0.0288428	0.936104	0.0675829
0.0311433	0.552133	0.0650509
0.031496	0.0846455	0.0635575
0.0310493	-0.107208	0.0633285
0.0283326	-0.652019	0.0636185
0.0227413	-1.34191	0.0653821
0.0154109	-1.7593	0.0690116
0.00759421	-1.876	0.0737702
-0.000360357	-1.90909	0.0788444
-0.00625596	-1.41494	0.0840081
-0.0082116	-0.469355	0.0878352
