0.0266018	0.106049	0.433581
2.3177e-19	3.70831e-17	0.426704
0.00548237	1.31577	0.426672
0.0153652	2.37189	0.341739
0.0265306	2.67969	0.188666
0.0346488	1.94837	0.0157418
0.0356904	0.249976	-0.109981
0.0296288	-1.45477	-0.126105
0.0174011	-2.93466	-0.0322287
0.00264101	-3.54242	0.157132
-0.00928584	-2.86244	0.385695
-0.0130413	-0.901315	0.570367
-0.00727964	1.3828	0.628483
0.00770026	3.59518	0.539212
0.0278486	4.83559	0.307191
0.0461723	4.39769	-0.00485139
0.0550274	2.12523	-0.288617
0.0526487	-0.570897	-0.42573
0.0405582	-2.90172	-0.388866
0.0208915	-4.72001	-0.201606
-0.00327361	-5.79962	0.102968
-0.0235843	-4.87456	0.477182
-0.0312551	-1.84101	0.79168
-0.0234601	1.8708	0.910415
-0.00270677	4.98081	0.789635
0.027857	7.3353	0.468189
0.0583812	7.32581	-0.00515966
0.0765275	4.35512	-0.477863
0.0781974	0.400775	-0.758849
0.06711	-2.66099	-0.784658
0.0456779	-5.14371	-0.612904
0.0169996	-6.88278	-0.280964
-0.0155417	-7.80992	0.163169
-0.0407409	-6.0478	0.667095
-0.0468079	-1.45609	1.05728
-0.0363175	2.5177	1.15116
-0.0126228	5.68673	0.988625
0.0216682	8.22983	0.621615
0.059555	9.09285	0.0905354
0.086057	6.36046	-0.496194
0.0937373	1.84329	-0.906573
0.0863705	-1.76804	-1.02545
0.0666247	-4.73898	-0.911298
0.0375144	-6.98648	-0.605452
0.00262	-8.37465	-0.154605
-0.0333415	-8.63076	0.385782
-0.0557791	-5.38503	0.942657
-0.0565211	-0.178077	1.29006
-0.0416544	3.56801	1.30146
-0.0144687	6.52457	1.07114
0.0229779	8.98718	0.650062
0.0646465	10.0004	0.0701117
0.0943364	7.12559	-0.575179
0.104835	2.51958	-1.03492
0.0995736	-1.26267	-1.19743
0.0818446	-4.25495	-1.11588
0.0539788	-6.68781	-0.841247
0.018723	-8.46139	-0.409657
-0.0201262	-9.32379	0.136345
-0.0515342	-7.53794	0.737956
-0.0609492	-2.25958	1.22429
-0.0528098	1.95345	1.37001
-0.0310832	5.21438	1.24386
0.00138339	7.79198	0.907311
0.0421702	9.78883	0.404465
0.0797345	9.01545	-0.227195
0.0984157	4.48348	-0.808907
0.0984253	0.0023007	-1.09815
0.0844803	-3.34679	-1.09823
0.0595999	-5.97129	-0.882198
0.0265943	-7.92136	-0.496838
-0.0108942	-8.99722	0.0143238
-0.0444692	-8.05802	0.594871
-0.0593726	-3.5768	1.11478
-0.0554479	0.941924	1.34549
-0.0362827	4.59966	1.28462
-0.00501937	7.50319	0.987731
0.0352263	9.65897	0.503513
0.0746303	9.45696	-0.119774
0.0968398	5.33028	-0.729983
0.0999851	0.754872	-1.07387
0.0882786	-2.80956	-1.12251
0.0646783	-5.66408	-0.941145
0.0320711	-7.82571	-0.575604
-0.00520161	-8.94545	-0.0706074
-0.0404368	-8.45644	0.506605
-0.0587535	-4.39602	1.05222
-0.0573681	0.332506	1.3358
-0.0399435	4.18189	1.31425
-0.00945818	7.31649	1.04432
0.0314849	9.82634	0.572147
0.0743292	10.2826	-0.0619441
0.101173	6.44249	-0.725434
0.107988	1.63566	-1.14109
0.0990256	-2.15101	-1.24656
0.077238	-5.22904	-1.10768
0.0450198	-7.73235	-0.770194
0.00568258	-9.44094	-0.271209
-0.0361144	-10.0313	0.33799
-0.0645355	-6.82108	0.985237
-0.0700823	-1.33122	1.4253
-0.0589286	2.67688	1.5111
-0.0340903	5.9612	1.33826
-0.022371	2.81264	0.953518
-0.000331293	5.28952	0.771962
0.0302806	7.34685	0.430597
0.0598027	7.08531	-0.0434941
0.0771822	4.17108	-0.500676
0.0786699	0.357047	-0.769785
0.067906	-2.58335	-0.792772
0.0472356	-4.9609	-0.626028
0.0195794	-6.63747	-0.305881
-0.0117379	-7.51617	0.122424
-0.0379486	-6.29055	0.607398
-0.0498522	-2.85688	1.01325
-0.0466	0.78055	1.19752
-0.0307575	3.80218	1.14707
-0.0043422	6.33968	0.901654
0.0307162	8.41402	0.492518
0.0666608	8.62669	-0.0504372
0.0890093	5.36365	-0.607077
0.0936904	1.12346	-0.953129
0.0842104	-2.2752	-1.02556
0.0630179	-5.08619	-0.878679
0.0329527	-7.21564	-0.550431
-0.00271645	-8.5606	-0.0848021
-0.0378679	-8.43636	0.467579
-0.0578366	-4.79247	1.0119
-0.0578366	0	1.32107
-0.0419527	3.81212	1.32097
-0.0126898	7.02309	1.0749
0.0277928	9.71582	0.621656
0.072657	10.7674	-0.00530726
0.104251	7.58259	-0.700082
0.116227	2.87429	-1.18931
0.108657	-1.8168	-1.37469
0.0895417	-4.58774	-1.25737
0.0609534	-6.86121	-0.961255
0.0247639	-8.68546	-0.518467
-0.0155218	-9.66858	0.0420008
-0.0511459	-8.54979	0.665866
-0.0666895	-3.73045	1.2175
-0.0666399	0.0119001	1.45812
-0.0533866	3.18078	1.45725
-0.0290601	5.83838	1.2519
0.00492597	8.15665	0.87509
0.0433958	9.23276	0.348715
0.0774999	8.18499	-0.24706
0.0929229	3.70151	-0.775186
0.0916185	-0.31304	-1.01398
0.0760134	-3.74524	-0.993708
0.0492586	-6.42114	-0.751977
0.0150878	-8.20101	-0.3376
-0.0228223	-9.09842	0.191596
-0.0524561	-7.11209	0.778661
-0.0601115	-1.8373	1.23752
-0.0499936	2.42828	1.35598
-0.025766	5.81463	1.1992
0.00974111	8.52171	0.823921
0.0534243	10.484	0.273994
0.0903227	8.85561	-0.402511
0.107354	4.08758	-0.973898
0.107238	-0.0279621	-1.23758
0.093112	-3.39018	-1.2357
-0.053075	3.49203	1.47068
-0.0266408	6.34422	1.24525
0.0108855	9.00632	0.835802
0.0556974	10.7548	0.254605
0.0935107	9.07519	-0.439377
0.11146	4.30776	-1.02493
0.11146	0	-1.30282
0.0977994	-3.27848	-1.30273
0.0728779	-5.98116	-1.0911
0.038855	-8.16548	-0.705087
0.000738813	-9.14789	-0.178158
-0.0374358	-9.16191	0.412124
-0.0610825	-5.67521	1.00327
-0.0607616	0.0770115	1.36939
-0.0449819	3.78714	1.36433
-0.0164188	6.85516	1.11986
0.0218767	9.19091	0.677452
0.0658563	10.5551	0.084354
0.0988497	7.91841	-0.596727
0.112479	3.27093	-1.10763
0.110196	-0.547841	-1.31861
0.0950346	-3.63872	-1.28317
0.0692187	-6.1958	-1.04829
0.0341837	-8.4084	-0.648436
-0.00641689	-9.74414	-0.105836
-0.0454883	-9.37713	0.522915
-0.0609463	-3.70993	1.12794
-0.0597387	0.289831	1.36724
-0.0437745	3.83141	1.34845
-0.0154082	6.8079	1.10113
0.0233839	9.31011	0.661765
0.0675522	10.6004	0.0609772
0.100488	7.90467	-0.623024
0.114204	3.29167	-1.13304
0.112207	-0.479126	-1.34536
0.0975586	-3.51568	-1.31435
0.0725182	-6.00969	-1.08741
0.0388873	-8.0714	-0.699556
-0.000293247	-9.40334	-0.178698
-0.0398671	-9.49773	0.428068
-0.063672	-5.71316	1.04088
-0.0658793	-0.529753	1.40945
-0.0524015	3.23466	1.44353
-0.0287814	5.66882	1.23471
0.00606896	8.3641	0.868843
0.0494536	10.4123	0.329083
0.0887371	9.42803	-0.342802
0.10912	4.89189	-0.951129
0.111151	0.487428	-1.26672
0.0998379	-2.7151	-1.29808
0.0775696	-5.3444	-1.1228
0.046333	-7.49678	-0.777874
0.00907769	-8.94128	-0.294088
-0.0307595	-9.56093	0.282871
-0.0586716	-6.69889	0.899773
-0.0645563	-1.41234	1.33196
-0.0537166	2.60152	1.42299
-0.0295665	5.79604	1.25503
0.00510752	8.32175	0.880947
0.0478197	10.2509	0.343918
0.0863799	9.25445	-0.317553
0.105739	4.64616	-0.914681
0.106427	0.165041	-1.21442
0.0933066	-3.14878	-1.22498
0.0685003	-5.95351	-1.02172
0.0336644	-8.36062	-0.637501
0.00202193	-7.5942	-0.0979848
-0.0294051	-7.54249	0.392039
-0.0486708	-4.62376	0.878693
-0.0494547	-0.188147	1.17698
-0.0347898	3.51959	1.18904
-0.00698421	6.67333	0.961849
0.0315041	9.23718	0.531179
0.0721814	9.76257	-0.0648937
0.0990483	6.44805	-0.694826
0.107813	2.10361	-1.11084
0.10203	-1.38809	-1.2465
0.084255	-4.2659	-1.15685
0.055949	-6.79346	-0.881515
0.0192597	-8.80542	-0.443104
-0.021723	-9.83585	0.125099
-0.0551601	-8.0249	0.759752
-0.066737	-2.77847	1.27751
-0.0611159	1.34907	1.4567
-0.0419953	4.58896	1.36955
-0.011224	7.3851	1.07334
0.0290979	9.67725	0.59674
0.0725464	10.4276	-0.0277337
0.102075	7.08698	-0.700582
0.112244	2.44056	-1.15783
0.108199	-0.970837	-1.31523
0.092315	-3.81224	-1.25249
0.0662824	-6.24781	-1.00642
0.0320508	-8.2156	-0.603211
-0.00558058	-9.03152	-0.0730554
-0.0407237	-8.43434	0.509711
-0.0588722	-4.35566	1.0539
-0.0581939	0.162804	1.33488
-0.0419115	3.90777	1.32428
-0.013004	6.9378	1.07203
0.0258936	9.33542	0.624293
0.0689365	10.3303	0.0218744
0.0999488	7.44296	-0.644697
0.112239	2.94971	-1.12492
0.109349	-0.693582	-1.31517
0.0941126	-3.65684	-1.27033
0.0685121	-6.1441	-1.03428
0.0340417	-8.27291	-0.637761
0.000990434	-7.9323	-0.103904
-0.0319509	-7.90592	0.407936
-0.0513021	-4.64429	0.918039
-0.0513021	0	1.21765
-0.0364101	3.57407	1.21756
-0.00899017	6.58079	0.986856
0.0290061	9.11909	0.562157
0.070045	9.84934	-0.0262989
0.0979613	6.6999	-0.661833
0.107094	2.19194	-1.0941
0.101226	-1.40848	-1.23547
0.083268	-4.30984	-1.1445
0.0548841	-6.81213	-0.866327
0.0178332	-8.89221	-0.426712
-0.0227442	-9.73859	0.14709
-0.0551489	-7.77713	0.775465
-0.0663118	-2.67909	1.27723
-0.0610113	1.27213	1.45001
-0.041887	4.58983	1.36782
-0.0111517	7.37645	1.07157
0.0254604	8.78691	0.595519
0.0672455	10.0284	0.0284955
0.0816023	3.44563	-0.618598
0.0723259	-2.22634	-0.840889
0.0528657	-4.67045	-0.697177
0.0284766	-5.85339	-0.395768
-0.00175394	-7.25534	-0.0180492
-0.0301083	-6.80504	0.450104
-0.0447317	-3.50961	0.88917
-0.0422232	0.602026	1.11557
-0.0251349	4.1012	1.07664
0.000224371	6.08622	0.81193
0.0302441	7.20474	0.419155
0.0308922	0.155535	-0.0457656
0.0275282	-0.807372	-0.0558006
0.0212485	-1.50713	-0.00370286
0.013949	-1.75188	0.0935433
0.00765189	-1.5113	0.206575
0.00510497	-0.611262	0.304076
0.00633332	0.294806	0.343495
0.0115785	1.25883	0.324446
0.0173424	1.38335	0.243195
0.0235914	1.49976	0.153915
0.0275814	0.957594	0.0571292
0.0276543	0.0175098	-0.00466625
0.0248263	-0.678718	-0.00579797
0.0196836	-1.23425	0.0379949
0.0138593	-1.39783	0.117631
0.00986579	-0.958448	0.207816
0.00986579	0	0.269644
0.012899	0.72797	0.269623
0.0183996	1.32014	0.222629
0.0247068	1.51372	0.137428
0.0294646	1.14187	0.0397431
0.0304189	0.229056	-0.0339415
0.0278152	-0.624894	-0.0487213
0.021484	-1.5195	-0.00839851
0.0129059	-2.05874	0.0896466
0.00484474	-1.93468	0.222479
0.000543211	-1.03237	0.347298
0.000543211	0	0.413886
0.00574819	1.24919	0.413855
0.0154985	2.34007	0.333219
0.0269682	2.75274	0.182199
0.0358124	2.12261	0.00456261
0.0379374	0.510005	-0.132402
0.0330824	-1.16522	-0.165304
0.0219805	-2.66444	-0.0901078
0.00805164	-3.34294	0.0818205
-0.00357832	-2.79119	0.297518
-0.00823033	-1.11648	0.477598
-0.00485354	0.810429	0.549604
0.00681809	2.80119	0.497271
0.0237401	4.06128	0.316486
0.040221	3.95543	0.0544053
0.0499864	2.34368	-0.200827
0.0488516	-0.272351	-0.352042
0.036962	-2.8535	-0.334446
0.0172322	-4.73514	-0.150301
-0.00558057	-5.47507	0.155245
-0.0131251	-1.81069	0.508514
-0.0116351	0.357599	0.625312
-4.68067e-05	2.7812	0.602193
0.0194545	4.68031	0.42269
0.0413242	5.24874	0.120659
0.0579321	3.98588	-0.218029
0.0629961	1.21537	-0.475207
0.057704	-1.2701	-0.553599
0.0434187	-3.42849	-0.471608
0.0221442	-5.10586	-0.250353
-0.00351176	-6.15744	0.0791214
-0.0256452	-5.31203	0.476426
-0.0336262	-1.91543	0.819152
-0.0247102	2.13982	0.942687
-0.00127533	5.62437	0.804546
0.0335918	8.36811	0.441572
0.0692883	8.56717	-0.0984169
0.0917829	5.39869	-0.651213
0.0975634	1.38732	-0.999523
0.0897946	-1.86451	-1.08897
0.0705053	-4.62942	-0.968591
0.0416601	-6.92286	-0.66981
0.00650207	-8.43793	-0.223065
-0.0307304	-8.93579	0.32141
-0.055465	-5.93631	0.897972
-0.0590447	-0.859107	1.28095
-0.0468895	2.91723	1.33629
-0.0218093	6.01925	1.14796
0.0138938	8.56874	0.759487
0.0569997	10.3454	0.206529
0.0924811	8.51553	-0.461031
0.108449	3.8324	-1.01047
0.10785	-0.143866	-1.25769
0.0941255	-3.29388	-1.24832
0.0696869	-5.86527	-1.0357
0.0362921	-8.01474	-0.657167
-0.00265291	-9.34681	-0.139969
-0.0408975	-9.1787	0.463147
-0.0627917	-5.25461	1.05537
-0.0637382	-0.227157	1.39435
-0.0544992	2.21736	1.40891
-0.0319115	5.42105	1.26574
0.00184825	8.10233	0.91585
0.0441246	10.1463	0.392977
0.0836878	9.49518	-0.261749
0.10417	4.91575	-0.874414
0.105733	0.375025	-1.19155
0.0933771	-2.96536	-1.21566
0.0698481	-5.64696	-1.02424
0.0370095	-7.88126	-0.659799
0.00587965	-7.47116	-0.151213
-0.0235703	-7.068	0.330876
-0.0432927	-4.73337	0.786917
-0.0449876	-0.406772	1.09228
-0.032558	2.98311	1.11845
-0.00691628	6.15401	0.925887
0.0294339	8.72405	0.52873
0.0687345	9.43215	-0.034233
0.095301	6.37595	-0.642847
0.103771	2.03271	-1.05422
0.0992201	-1.09212	-1.18531
0.082972	-3.89955	-1.11476
0.0573786	-6.1424	-0.86306
0.0247348	-7.83453	-0.46666
-0.0122073	-8.86609	0.0388973
-0.0440165	-7.6342	0.610982
-0.0568889	-3.08939	1.10354
-0.0522805	1.10602	1.3028
-0.0338579	4.42142	1.23134
-0.00406588	7.15009	0.945963
0.0347052	9.30506	0.484531
0.0736025	9.33535	-0.115918
0.0970516	5.62779	-0.71828
0.102148	1.22316	-1.08137
0.0930588	-2.18142	-1.16022
0.0726688	-4.89361	-1.01938
0.0431184	-7.0921	-0.703553
0.00723237	-8.61264	-0.245884
-0.0309907	-9.17354	0.309866
-0.0568591	-6.20842	0.90177
-0.0613407	-1.07557	1.30231
-0.0499232	2.74021	1.37162
-0.0256722	5.82025	1.19471
0.00917577	8.3635	0.819066
0.0521927	10.3241	0.279348
0.0898779	9.04446	-0.386839
0.108406	4.44683	-0.970413
0.108406	7.07068e-08	-1.25728
0.0950645	-3.20206	-1.2572
0.0709517	-5.78706	-1.0505
0.0381881	-7.86327	-0.677012
0.000107887	-9.13925	-0.169585
-0.0380647	-9.16142	0.420139
-0.0615966	-5.64767	1.01125
-0.0641464	-0.611933	1.3756
-0.0528457	2.71215	1.41499
-0.0299213	5.50186	1.23988
0.00273401	7.83728	0.884785
0.0430471	9.67515	0.379017
0.0819036	9.32554	-0.245305
0.102716	4.99501	-0.847026
0.10537	0.636891	-1.16927
0.0945324	-2.60098	-1.21029
0.0729161	-5.18792	-1.04238
0.0473654	-6.13215	-0.707555
0.015034	-7.75955	-0.311828
-0.0199584	-8.39818	0.18888
-0.0457628	-6.19304	0.730762
-0.0506744	-1.1788	1.13032
-0.0394272	2.69933	1.2063
-0.0207569	4.48088	1.03204
0.00774325	6.84002	0.742833
0.0434317	8.56523	0.301423
0.0757043	7.74544	-0.251275
0.0911218	3.70018	-0.751038
0.0911218	0	-0.989744
0.0783368	-3.0684	-0.989678
0.0554376	-5.4958	-0.791621
0.0256136	-7.15776	-0.436949
-0.00785734	-8.03303	0.0249376
-0.0348495	-6.47811	0.54327
-0.0447121	-2.36703	0.961233
-0.0373828	1.75902	1.1139
-0.0162976	5.06047	1.00032
0.0153819	7.60308	0.673716
0.0532565	9.08989	0.183074
0.0832028	7.18712	-0.40347
0.0949818	2.82697	-0.867196
0.0912911	-0.88577	-1.04955
0.0754451	-3.80304	-0.992324
0.0580558	-4.17344	-0.746864
0.0311011	-6.46911	-0.477521
-0.00181662	-7.90026	-0.0600666
-0.0328887	-7.45729	0.449704
-0.048904	-3.84367	0.930856
-0.0471037	0.432063	1.1788
-0.0324048	3.52774	1.15084
-0.00691309	6.11801	0.92313
0.0273243	8.21696	0.528296
0.063909	8.78034	-0.00194657
0.0638662	-0.0102793	-0.568504
0.0544077	-2.27003	-0.567804
0.0372271	-4.12335	-0.421292
0.0132938	-5.74399	-0.155204
-0.0123035	-6.14336	0.215439
-0.0286802	-3.93042	0.611825
-0.0286802	-1.44447e-08	0.865393
-0.0143094	3.449	0.865331
0.0117238	6.24796	0.64272
0.0447102	7.91674	0.23952
0.072938	6.77466	-0.271331
0.0841005	2.679	-0.708452
0.0801149	-0.956536	-0.881269
0.0629794	-4.11252	-0.819488
0.0354524	-6.60647	-0.554071
0.00117962	-8.22547	-0.127749
-0.0252436	-6.34156	0.403011
-0.0390201	-3.30636	0.812174
-0.0353849	0.872434	1.02546
-0.0164509	4.54416	0.969092
0.0147561	7.48968	0.675809
0.0538515	9.3829	0.192484
0.0865882	7.85682	-0.412967
0.10142	3.55975	-0.919906
0.101025	-0.0949985	-1.14954
0.0882519	-3.06546	-1.14333
0.0644229	-5.71895	-0.945452
0.0320651	-7.76587	-0.576371
-0.00569725	-9.06297	-0.0752358
-0.0407409	-8.41048	0.50956
-0.0582103	-4.19266	1.05221
-0.0566192	0.381874	1.32267
-0.0398625	4.0216	1.29794
-0.0107923	6.97685	1.03835
0.0283747	9.40009	0.58809
0.0712216	10.2833	-0.0184987
0.101197	7.19413	-0.682032
0.112136	2.62539	-1.14619
0.107713	-1.06156	-1.31552
0.0905645	-4.11567	-1.24693
0.0631147	-6.58795	-0.98128
0.0272626	-8.60451	-0.556123
-0.0132096	-9.71332	-0.000876549
-0.0489977	-8.58914	0.625879
-0.0706924	-5.20674	1.18005
-0.0726246	-0.463714	1.51593
-0.057254	3.68894	1.54575
-0.0289111	6.80229	1.30761
0.00975092	9.27888	0.868594
0.0557976	11.0512	0.269807
0.0965101	9.771	-0.443299
0.117056	4.931	-1.07375
0.118418	0.326955	-1.39185
0.105699	-3.05266	-1.41285
0.0832187	-5.39522	-1.21578
0.0543961	-6.91744	-0.867571
0.0187638	-8.55174	-0.421161
-0.0202564	-9.36486	0.130671
-0.052033	-7.62638	0.734933
-0.0627894	-2.58153	1.22698
-0.0553261	1.79119	1.39346
-0.0330864	5.33752	1.27779
0.00133634	8.26146	0.933289
0.0449234	10.4609	0.400147
0.086686	10.023	-0.274878
0.109653	5.51196	-0.921602
0.113522	0.928631	-1.2772
0.102792	-2.57527	-1.33704
0.0800846	-5.44966	-1.17077
0.0478918	-7.72629	-0.819052
0.00912745	-9.30344	-0.320455
-0.0322844	-9.93884	0.279875
-0.06106	-6.90615	0.921162
-0.0674243	-1.52743	1.36672
-0.0598406	1.8201	1.46518
-0.0379722	5.2484	1.34763
-0.00444041	8.04763	1.00888
0.038728	10.3604	0.489531
0.0826418	10.5393	-0.179017
0.10943	6.42925	-0.859061
0.116806	1.77025	-1.27385
0.109479	-1.75861	-1.38799
0.0901956	-4.62799	-1.27442
0.0612704	-6.94205	-0.975714
0.0247026	-8.77626	-0.527708
-0.0164074	-9.86641	0.0386187
-0.0495507	-7.95439	0.675249
-0.0622025	-3.03644	1.18846
-0.0563311	1.40913	1.3843
-0.0357024	4.95091	1.29328
-0.00343053	7.74524	0.973729
0.0380128	9.94639	0.473894
0.0793195	9.91361	-0.167937
0.103431	5.78678	-0.807608
0.108043	1.10681	-1.18095
0.0983671	-2.32216	-1.25229
0.0790554	-4.63481	-1.10236
0.0507159	-6.80148	-0.803225
0.0159066	-8.35422	-0.364302
-0.0220787	-9.11648	0.174782
-0.0501851	-6.74552	0.763013
-0.0571186	-1.66404	1.19822
-0.0470039	2.42751	1.3055
-0.0226422	5.84683	1.14878
0.0131421	8.58823	0.771424
0.0569221	10.5072	0.217208
0.093742	8.83678	-0.460791
0.112502	4.50234	-1.03096
0.112956	0.108898	-1.32141
0.100022	-3.10416	-1.32834
0.075301	-5.93294	-1.12795
0.0410146	-8.22873	-0.745052
0.000540606	-9.71375	-0.214039
-0.040905	-9.94695	0.412759
-0.0668313	-6.22231	1.05456
-0.0707911	-0.950332	1.45598
-0.0585974	2.92647	1.5172
-0.0334749	6.02941	1.32826
0.00210453	8.53906	0.939115
0.0460741	10.5527	0.388061
0.0878134	10.0174	-0.292886
0.111007	5.56652	-0.939248
0.11563	1.10954	-1.29837
0.106239	-2.2538	-1.36987
0.0854549	-4.98829	-1.22435
0.0555772	-7.17063	-0.902396
0.0188929	-8.80423	-0.439646
-0.0208869	-9.54715	0.12848
-0.0521108	-7.49374	0.744504
-0.0615317	-2.26102	1.22799
-0.0534331	1.94368	1.37379
-0.03112	5.35513	1.24828
0.00253719	8.07773	0.902648
0.0451377	10.2241	0.381363
0.0849728	9.56043	-0.278382
0.106519	5.17105	-0.895256
0.109823	0.792909	-1.22886
0.099584	-2.45728	-1.27994
0.0781556	-5.1428	-1.1213
0.0471589	-7.43922	-0.789378
0.00941656	-9.05815	-0.309305
-0.0311891	-9.74537	0.275196
-0.0596004	-6.8187	0.904
-0.0679613	-2.00661	1.34391
-0.0595094	2.02846	1.4733
-0.0370972	5.37891	1.34231
-0.00299165	8.18534	0.995133
0.0406745	10.4799	0.466898
0.0843642	10.4855	-0.209356
0.110011	6.15513	-0.885927
0.116148	1.47301	-1.28303
0.109258	-1.65365	-1.37799
0.0901659	-4.58209	-1.27119
0.0608406	-7.03806	-0.975446
0.0226904	-9.15606	-0.521245
-0.0201513	-10.282	0.0695888
-0.0566407	-8.75746	0.733033
-0.0710712	-3.46332	1.29806
-0.066263	1.15398	1.52144
-0.0470033	4.62232	1.44687
-0.0160938	7.41828	1.14851
0.0243121	9.69741	0.669761
0.0701512	11.0014	0.0439813
0.103841	8.08548	-0.665895
0.117202	3.20665	-1.18757
0.117202	0	-1.3944
0.104707	-2.99884	-1.39431
0.0810827	-5.66975	-1.20071
0.0513152	-7.14419	-0.834784
0.0181911	-7.94979	-0.373745
-0.0181592	-8.72406	0.139243
-0.0474063	-7.0193	0.702156
-0.0550111	-1.82515	1.15503
-0.0449516	2.41426	1.27272
-0.0205241	5.86262	1.11684
0.0153294	8.60482	0.738475
0.0589108	10.4595	0.183191
0.0945591	8.5556	-0.491731
0.110772	3.89107	-1.04375
0.110367	-0.0971449	-1.29476
0.0962665	-3.38413	-1.2884
0.0710101	-6.06154	-1.06995
0.0370075	-8.16063	-0.678752
-0.00235706	-9.44749	-0.152138
-0.0407616	-9.21709	0.457475
-0.0645684	-5.71363	1.05218
-0.0662098	-0.393933	1.42078
-0.0516219	3.50109	1.4461
-0.0237788	6.68236	1.22008
0.015004	9.30785	0.788814
0.0617909	11.2289	0.188163
0.101158	9.44808	-0.5364
0.12064	4.6757	-1.14601
0.121134	0.118469	-1.44763
0.107995	-3.1533	-1.45518
0.0838036	-5.80592	-1.25161
0.0503861	-8.0202	-0.876895
0.0104365	-9.5879	-0.359329
-0.0321438	-10.2193	0.259358
-0.0620246	-7.1714	0.918741
-0.0690792	-1.6931	1.38141
-0.0596464	2.26386	1.49056
-0.0367179	5.50284	1.34438
-0.00287916	8.1213	0.989212
0.0397782	10.2378	0.46511
0.0820185	10.1377	-0.195522
0.106597	5.89879	-0.849649
0.111227	1.11123	-1.23021
0.100186	-2.64993	-1.30183
0.0766916	-5.63854	-1.13076
0.0433755	-7.99588	-0.76685
0.00826569	-8.42635	-0.250861
-0.0294856	-9.06031	0.292869
-0.0547707	-6.06841	0.877468
-0.0579134	-0.754252	1.26897
-0.0443168	3.26317	1.31755
-0.0167645	6.61255	1.1069
0.0217879	9.25258	0.680142
0.0671996	10.8988	0.0830648
0.102359	8.43825	-0.620195
0.117731	3.68921	-1.16464
0.116498	-0.295741	-1.4026
0.101564	-3.58424	-1.38343
0.075586	-6.23473	-1.15206
0.0408352	-8.34019	-0.74968
0.000511919	-9.6776	-0.211475
-0.0398763	-9.69317	0.41299
-0.0648297	-5.98881	1.03842
-0.0696414	-1.15481	1.42477
-0.0574845	2.91766	1.49919
-0.0315559	6.22284	1.31082
0.00554029	8.9031	0.909191
0.0462488	9.77003	0.334649
0.0842225	9.11369	-0.295793
0.104728	4.92135	-0.88384
0.106555	0.438428	-1.20133
0.0945424	-2.883	-1.22954
0.0712177	-5.59792	-1.04343
0.0388518	-7.76782	-0.682152
0.000837348	-9.12347	-0.180884
-0.037134	-9.11313	0.407823
-0.0586192	-5.15643	0.995822
-0.0586192	0	1.32847
-0.0424596	3.87831	1.32838
-0.0132992	6.9985	1.07803
0.0253372	9.27274	0.626375
0.0688344	10.4393	0.0280013
0.100526	7.60601	-0.645605
0.112521	2.87866	-1.13634
0.108127	-1.05457	-1.32201
0.0899226	-4.36894	-1.25388
0.0607209	-7.00841	-0.971884
0.0229877	-9.05596	-0.519597
-0.0129613	-8.62776	0.0647776
-0.0435092	-7.33148	0.621482
-0.0544456	-2.62473	1.0945
-0.0476578	1.62907	1.26379
-0.026384	5.10571	1.15858
0.00666659	7.93213	0.82905
0.0483637	10.0073	0.317166
0.0862897	9.10225	-0.328585
0.106115	4.75813	-0.915891
0.107162	0.251298	-1.22285
0.0939569	-3.16931	-1.23898
0.0693675	-5.90146	-1.0344
0.0357401	-8.07058	-0.653533
-0.00335895	-9.38377	-0.132732
-0.0410736	-9.05152	0.472769
-0.0616294	-4.93339	1.05679
-0.0616294	-3.04347e-08	1.37504
-0.0461181	3.72272	1.37494
-0.0181031	6.7236	1.13464
0.0200762	9.16304	0.700712
0.0649575	10.7715	0.109411
0.100162	8.44905	-0.585636
0.115766	3.74505	-1.13078
0.115211	-0.133338	-1.37235
0.101121	-3.38155	-1.36365
0.0759362	-6.04431	-1.14536
0.0419848	-8.14834	-0.755275
0.00522277	-8.82289	-0.229448
-0.0330163	-9.17738	0.339867
-0.0572709	-5.82111	0.932016
-0.0594824	-0.530761	1.30756
-0.0450963	3.45267	1.34171
-0.0170665	6.72716	1.11883
0.021922	9.35724	0.68468
0.0679119	11.0376	0.0808496
0.10264	8.3348	-0.631362
0.117321	3.52331	-1.16913
0.116401	-0.220731	-1.39639
0.102076	-3.43806	-1.38205
0.0762968	-6.18694	-1.16012
0.0412308	-8.41583	-0.760822
9.23395e-06	-9.89318	-0.217736
-0.0420098	-10.0846	0.420639
-0.067893	-6.21197	1.07132
-0.0718019	-0.93812	1.47207
-0.0619138	2.37313	1.5325
-0.0388043	5.54628	1.37927
-0.00571432	7.94159	1.02129
0.0364393	10.1169	0.508783
0.0797018	10.383	-0.14405
0.106661	6.47022	-0.81401
0.110457	0.91096	-1.23145
0.100252	-2.44914	-1.29015
0.0791433	-5.06608	-1.13203
0.0517905	-6.56465	-0.805059
0.0182227	-8.05628	-0.381417
-0.0186494	-8.84931	0.138443
-0.0483117	-7.11894	0.709437
-0.0560618	-1.86003	1.16874
-0.0461739	2.3731	1.28868
-0.0221806	5.75841	1.13546
0.0124762	8.31762	0.763814
0.0544069	10.0634	0.22706
0.0900386	8.55162	-0.422301
0.10693	4.05404	-0.974071
0.10693	-6.11859e-09	-1.23559
0.09337	-3.25452	-1.23551
0.0682569	-6.02712	-1.02543
0.0337134	-8.29046	-0.636455
-0.0064726	-9.64463	-0.101467
-0.0445225	-9.13198	0.520863
-0.0638395	-4.63608	1.11007
-0.0638395	3.46945e-18	1.40914
-0.0480791	3.78249	1.40904
-0.0193198	6.90225	1.16487
0.0199508	9.42492	0.719415
0.0663195	11.1285	0.111214
0.102872	8.77269	-0.606867
0.119324	3.94846	-1.17289
0.11715	-0.521705	-1.42759
0.104591	-3.01435	-1.39383
0.0813862	-5.56908	-1.19923
0.0488943	-7.79806	-0.839799
0.00962287	-9.42513	-0.336568
-0.032653	-10.1462	0.271615
-0.0621904	-7.08897	0.926283
-0.0689747	-1.62825	1.38364
-0.0589842	2.39773	1.4886
-0.0355828	5.61633	1.33378
-0.0013329	8.21998	0.971289
0.0415993	10.3037	0.440821
0.0836991	10.104	-0.224065
0.106628	5.50298	-0.876014
0.103849	-0.667033	-1.23104
0.0875047	-3.9226	-1.18791
0.0601616	-6.56234	-0.934725
0.0245087	-8.55671	-0.511224
-0.0135898	-9.14363	0.0409353
-0.0413535	-6.66331	0.630928
-0.0503875	-2.16815	1.06084
-0.0423394	1.93154	1.20066
-0.0200197	5.35673	1.07594
0.014237	8.22162	0.730219
0.0567487	10.2028	0.199662
0.0926345	8.61258	-0.458695
0.109158	3.96576	-1.0144
0.109158	0	-1.27022
0.096238	-3.10091	-1.27013
0.0723767	-5.7267	-1.06996
0.0392731	-7.94486	-0.700369
-6.09756e-05	-9.44018	-0.187676
-0.0396024	-9.48995	0.421468
-0.0633117	-5.69021	1.03378
-0.0676786	-1.04807	1.40087
-0.0574211	2.4618	1.4684
-0.033651	5.70482	1.30944
0.00149116	8.43412	0.941245
0.0455257	10.5683	0.396961
0.0877739	10.1396	-0.284993
0.110801	5.52653	-0.939236
0.114549	0.899398	-1.29577
0.107944	-1.58505	-1.35372
0.0904199	-4.20585	-1.25135
0.0628279	-6.62207	-0.979883
0.0273462	-8.51562	-0.552524
-0.0124197	-9.54382	-0.00301343
-0.0470834	-8.31929	0.612804
-0.0617099	-3.51035	1.14957
-0.0581558	0.852987	1.37599
-0.0398661	4.38951	1.32085
-0.00988758	7.19485	1.03752
0.0295458	9.46401	0.573199
0.0724503	10.2971	-0.0375129
0.102111	7.11868	-0.701936
0.11278	2.5604	-1.16123
0.108288	-1.07807	-1.32636
0.0910952	-4.12621	-1.2567
0.06325	-6.68285	-0.990374
0.0268661	-8.73215	-0.559092
-0.0138899	-9.78142	0.00439075
-0.0492757	-8.49261	0.63554
-0.0637833	-3.48183	1.18348
-0.0597541	0.967026	1.40807
-0.0406338	4.58886	1.34557
-0.00898567	7.59556	1.04937
0.032779	10.0235	0.559191
0.077767	10.7971	-0.0876231
0.109584	7.63602	-0.784308
0.122351	3.06419	-1.27697
0.120036	-0.555606	-1.4746
0.10467	-3.68794	-1.43865
0.0782189	-6.34821	-1.20059
0.0429429	-8.46624	-0.790887
0.00170398	-9.89734	-0.244545
-0.0406439	-10.1635	0.394101
-0.063798	-5.55698	1.04988
-0.0651392	-0.321899	1.40837
-0.0507545	3.45233	1.42904
-0.0237329	6.48517	1.20617
0.0136025	8.9605	0.787628
0.0582757	10.7216	0.20939
0.095925	9.03582	-0.482441
0.1134	4.19394	-1.06545
0.113351	-0.0116623	-1.33599
0.0990624	-3.4293	-1.33515
0.0745292	-5.88796	-1.11378
0.0412667	-7.983	-0.733784
0.00202073	-9.41903	-0.218628
-0.0378163	-9.56088	0.389153
-0.0617042	-5.73311	1.00604
-0.0629137	-0.290266	1.3759
-0.0477083	3.64929	1.39454
-0.0194705	6.77707	1.15896
0.0190958	9.25591	0.721588
0.0645752	10.9151	0.124294
0.100838	8.70307	-0.580017
0.117269	3.94338	-1.14155
0.117164	-0.0252202	-1.39592
0.103289	-3.32992	-1.3942
0.0781584	-6.03135	-1.17924
0.0439187	-8.21752	-0.789982
0.00338659	-9.72771	-0.259689
-0.0346765	-9.13515	0.368012
-0.0579228	-5.57911	0.957435
-0.0592529	-0.319218	1.31736
-0.044518	3.53637	1.33787
-0.016779	6.65736	1.10958
0.0215455	9.19788	0.679935
0.0666784	10.8319	0.0863873
0.102365	8.56468	-0.612555
0.117479	3.62756	-1.16515
0.11628	-0.287961	-1.39915
0.101481	-3.55171	-1.38047
0.075584	-6.21523	-1.1512
0.040728	-8.36543	-0.750081
2.41785e-05	-9.76893	-0.210247
-0.0405676	-9.74202	0.420111
-0.0643222	-5.7011	1.04869
-0.0662742	-0.468491	1.41648
-0.0525617	3.291	1.44661
-0.0261508	6.33861	1.23415
0.0106564	8.83374	0.825063
0.0551058	10.6678	0.255002
0.0939452	9.32146	-0.433366
0.113126	4.60341	-1.03481
0.113293	0.0400826	-1.33178
0.0996273	-3.27979	-1.33427
0.0748314	-5.951	-1.12255
0.0411608	-8.08094	-0.738485
0.00566777	-8.51833	-0.217008
-0.0308874	-8.77323	0.332655
-0.0545761	-5.68529	0.898727
-0.0565871	-0.482641	1.26551
-0.0417209	3.5679	1.29656
-0.0133118	6.81816	1.06625
0.0258914	9.40879	0.626227
0.0705677	10.7223	0.0190744
0.101873	7.51323	-0.672791
0.113725	2.84449	-1.15754
0.109968	-0.901769	-1.34101
0.0931623	-4.03325	-1.28273
0.0653737	-6.66926	-1.02239
0.028758	-8.78777	-0.591986
-0.00989538	-9.27682	-0.0249116
-0.0448827	-8.39696	0.57368
-0.06233	-4.18734	1.11546
-0.0609075	0.34139	1.38557
-0.0437913	4.10789	1.36344
-0.0140478	7.13846	1.09828
0.0259283	9.59425	0.637589
0.0714423	10.9234	0.0184682
0.104811	8.0085	-0.686371
0.120323	3.72278	-1.20308
0.119487	-0.200595	-1.44321
0.10489	-3.50312	-1.43017
0.0792634	-6.1505	-1.20403
0.0448127	-8.26818	-0.807084
0.0042388	-9.73773	-0.273522
-0.0379949	-10.1361	0.354827
-0.0651613	-6.51994	1.00884
-0.0697633	-1.10449	1.42947
-0.0580729	2.80569	1.50063
-0.0333898	5.92395	1.31949
0.00205339	8.50636	0.937147
0.0431814	9.87071	0.388203
0.0826739	9.47822	-0.248739
0.104377	5.20869	-0.860311
0.109871	1.31858	-1.19635
0.10253	-1.76193	-1.28135
0.0842004	-4.39899	-1.16757
0.056775	-6.5821	-0.883645
0.0223339	-8.26586	-0.458872
-0.0159666	-9.19213	0.0745164
-0.0481294	-7.71907	0.667636
-0.0600973	-2.87229	1.16566
-0.0546184	1.31495	1.35092
-0.0337584	5.00639	1.26597
-0.00049592	7.98299	0.942844
0.0423797	10.2902	0.42767
0.0849056	10.2062	-0.23634
0.109361	5.86924	-0.894886
0.114562	1.24831	-1.27354
0.105332	-2.21521	-1.354
0.0839809	-5.12425	-1.21097
0.0522627	-7.61238	-0.880245
0.0129346	-9.43873	-0.388993
-0.0300377	-10.3133	0.220071
-0.0629621	-7.90186	0.885527
-0.0718869	-2.14195	1.39534
-0.06419	1.84727	1.53345
-0.0426427	5.17135	1.41414
-0.00971659	7.90226	1.08036
0.0326124	10.159	0.570384
0.0781518	10.9294	-0.08517
0.10887	7.37238	-0.790394
0.119461	2.54183	-1.26605
0.115958	-0.840665	-1.42997
0.100582	-3.6903	-1.37563
0.0745325	-6.25186	-1.13742
0.0399405	-8.30209	-0.733939
-0.00010654	-9.61128	-0.198193
-0.0397295	-9.50952	0.421991
-0.0626641	-5.50429	1.03557
-0.0635706	-0.217571	1.39066
-0.0486084	3.59092	1.4046
-0.021045	6.61523	1.17279
0.0167226	9.06422	0.745859
0.0615622	10.7615	0.160931
0.0984483	8.85265	-0.533474
0.115657	4.13013	-1.10466
0.115657	6.29084e-08	-1.37108
0.102101	-3.25347	-1.37099
0.0769372	-6.03933	-1.16097
0.0425108	-8.26232	-0.771197
0.00222023	-9.66975	-0.238015
-0.0338129	-8.64794	0.385945
-0.0558806	-5.29626	0.943929
-0.0569555	-0.257968	1.28561
-0.0421201	3.5605	1.30216
-0.0140728	6.73134	1.07232
0.0245848	9.27783	0.637904
0.0691877	10.7047	0.0392009
0.10261	8.02123	-0.65153
0.117054	3.46676	-1.16906
0.115778	-0.306212	-1.39268
0.101106	-3.52138	-1.37282
0.0749327	-6.2816	-1.14551
0.039482	-8.50817	-0.740109
-0.00193647	-9.94043	-0.191066
-0.0438494	-10.0591	0.450357
-0.0659667	-5.30814	1.09939
-0.0675975	-0.391393	1.44182
-0.0533553	3.41811	1.46698
-0.026352	6.4808	1.24632
0.010985	8.96088	0.828052
0.0558883	10.7768	0.249787
0.0949643	9.37824	-0.44561
0.114011	4.57123	-1.05072
0.114957	0.227129	-1.34561
0.102525	-2.98386	-1.36017
0.0788743	-5.6761	-1.16754
0.0462236	-7.83616	-0.801211
0.00727462	-9.34775	-0.295525
-0.0336914	-9.83185	0.307663
-0.0609737	-6.54774	0.942044
-0.066191	-1.25217	1.36447
-0.0539894	2.92839	1.44517
-0.0277626	6.29443	1.25611
0.00929955	8.89492	0.849873
0.0544035	10.8249	0.275863
0.0947036	9.67204	-0.422643
0.115372	4.96048	-1.04671
0.117101	0.414813	-1.36672
0.105033	-2.89614	-1.39339
0.0814275	-5.66543	-1.20642
0.0483688	-7.9341	-0.840773
0.00844476	-9.58176	-0.328764
-0.030644	-9.3813	0.289524
-0.0584564	-6.67497	0.894836
-0.0644732	-1.44404	1.32548
-0.0536172	2.60544	1.41856
-0.0290553	5.89487	1.25034
0.00665757	8.57109	0.869885
0.0507761	10.5885	0.316768
0.0911637	9.69303	-0.366481
0.113281	5.3082	-0.991905
0.116013	0.655594	-1.33435
0.10414	-2.84941	-1.37656
0.0807153	-5.622	-1.19261
0.0478034	-7.89887	-0.829768
0.00824598	-9.49377	-0.320033
-0.0339873	-10.136	0.292578
-0.0626374	-6.87603	0.946584
-0.0686639	-1.44637	1.3902
-0.0581742	2.51753	1.48342
-0.034469	5.68926	1.32087
4.5802e-05	8.28355	0.953679
0.0430801	10.3282	0.41911
0.0850173	10.0649	-0.247356
0.108638	5.66904	-0.896785
0.11287	1.01554	-1.26252
0.102388	-2.51569	-1.32796
0.079996	-5.374	-1.16555
0.0481305	-7.64772	-0.818709
0.00968253	-9.22751	-0.325181
-0.025314	-8.39916	0.270249
-0.0493123	-5.75959	0.812189
-0.0535372	-1.01397	1.18377
-0.0405958	3.10593	1.24911
-0.013634	6.47082	1.04861
0.0246466	9.18736	0.631005
0.0693554	10.7301	0.03814
0.102347	7.91793	-0.654231
0.115703	3.20546	-1.1651
0.113453	-0.540009	-1.37185
0.0983326	-3.62886	-1.33691
0.0725527	-6.18718	-1.10267
0.0378989	-8.31692	-0.703363
-0.00236145	-9.66247	-0.166662
-0.0400344	-9.04152	0.456823
-0.0619951	-5.27057	1.0402
-0.0625082	-0.123139	1.38021
-0.0472686	3.6575	1.38806
-0.019239	6.72712	1.15196
0.0191984	9.22497	0.717804
0.0645864	10.8931	0.122505
0.100818	8.69554	-0.580389
0.116864	3.85117	-1.14143
0.11676	-0.0249282	-1.38986
0.10345	-3.19452	-1.38815
0.0790927	-5.84575	-1.18193
0.0455215	-8.05708	-0.80465
0.00555579	-9.59178	-0.284709
-0.0365024	-10.094	0.334223
-0.0639766	-6.5938	0.985517
-0.068982	-1.2013	1.41091
-0.0575426	2.74544	1.48833
-0.0329025	5.91362	1.31107
0.00234244	8.45879	0.929399
0.045866	10.4457	0.383524
0.0873681	9.9605	-0.290516
0.109745	5.37055	-0.933204
0.112832	0.740892	-1.27968
0.101538	-2.71061	-1.3274
0.078039	-5.6398	-1.1524
0.0447032	-8.00061	-0.788415
0.00514587	-9.49375	-0.272119
-0.0300143	-8.43844	0.340487
-0.0524442	-5.38317	0.884956
-0.0551783	-0.656191	1.23224
-0.0414907	3.28503	1.2745
-0.0141368	6.56492	1.06244
0.024302	9.22533	0.638758
0.0692096	10.7778	0.0434425
0.102868	8.0781	-0.652006
0.117341	3.47349	-1.17321
0.116396	-0.226752	-1.39726
0.102658	-3.29721	-1.38253
0.0782101	-5.86748	-1.16968
0.0449463	-7.98331	-0.790999
0.00577978	-9.39997	-0.275818
-0.0371329	-10.2991	0.330737
-0.0640621	-6.46299	0.995263
-0.0695486	-1.31677	1.41222
-0.0586774	2.6091	1.49708
-0.0340203	5.9177	1.32863
0.00183498	8.60527	0.946688
0.0464924	10.7178	0.391361
0.0894896	10.3193	-0.300239
0.112965	5.63419	-0.96608
0.116495	0.847155	-1.32956
0.105163	-2.71963	-1.38414
0.0825557	-5.42585	-1.20856
0.0505234	-7.68776	-0.858369
0.0113424	-9.40344	-0.362255
-0.0310297	-10.1693	0.24453
-0.0611434	-7.2273	0.90069
-0.0688457	-1.84856	1.36697
-0.0593669	2.27491	1.48615
-0.0358105	5.65354	1.33926
-0.00130387	8.28159	0.974365
0.0418144	10.3484	0.439921
0.0844356	10.2291	-0.227847
0.10925	5.95556	-0.887869
0.114549	1.27168	-1.2721
0.105226	-2.23754	-1.35406
0.084153	-5.05753	-1.20959
0.052907	-7.49903	-0.883172
0.0226718	-7.25643	-0.399234
-0.0116445	-8.23591	0.0690165
-0.0403302	-6.88457	0.600436
-0.0498815	-2.29233	1.04462
-0.0421493	1.85573	1.19246
-0.0199636	5.32457	1.07264
0.0139769	8.14574	0.728988
0.0558475	10.0489	0.203327
0.0925675	8.81279	-0.445102
0.111393	4.51823	-1.01372
0.112165	0.18512	-1.3052
0.0998853	-2.94708	-1.31705
0.0763056	-5.65913	-1.1268
0.0432923	-7.92319	-0.761566
0.00395958	-9.43985	-0.250267
-0.0365567	-9.7239	0.358859
-0.0615782	-6.00517	0.986272
-0.0644598	-0.69159	1.37369
-0.0511254	3.20027	1.41822
-0.0248189	6.31356	1.21162
0.01195	8.82452	0.804144
0.0563527	10.6567	0.234679
0.0950008	9.27555	-0.452966
0.113936	4.54446	-1.05145
0.114182	0.0590562	-1.34461
0.101194	-3.11714	-1.34833
0.0772313	-5.75106	-1.1471
0.0444825	-7.85971	-0.775932
0.00565362	-9.31893	-0.268729
-0.0346401	-9.67049	0.332597
-0.0604304	-6.18968	0.956565
-0.0690879	-2.07779	1.35589
-0.0619568	1.71147	1.48986
-0.0403973	5.17427	1.37932
-0.00723452	7.95907	1.04535
0.0351869	10.1811	0.531716
0.0797726	10.7006	-0.125267
0.108675	6.93657	-0.81572
0.117273	2.06353	-1.26325
0.112506	-1.14404	-1.39632
0.0951629	-4.1624	-1.3224
0.0672614	-6.69637	-1.05373
0.0380316	-7.01515	-0.621572
0.0038401	-8.20596	-0.168875
-0.0300652	-8.13726	0.360628
-0.0501697	-4.8251	0.885662
-0.0501697	0	1.19694
-0.0346656	3.721	1.19686
-0.00613203	6.84805	0.95667
0.0324935	9.27012	0.514728
0.0743711	10.0506	-0.0834691
0.103286	6.93963	-0.731987
0.113718	2.50365	-1.17972
0.10933	-1.05314	-1.34119
0.0924199	-4.05842	-1.27315
0.0650617	-6.56597	-1.01119
0.0292274	-8.60023	-0.587446
-0.0112619	-9.71744	-0.0324732
-0.0469523	-8.5657	0.59455
-0.061925	-3.59344	1.14721
-0.0585027	0.821358	1.379
-0.0402731	4.37511	1.3259
-0.0101065	7.23999	1.0435
0.0298639	9.59288	0.576264
0.0738614	10.5594	-0.0427636
0.104824	7.43103	-0.724114
0.116021	2.68728	-1.20356
0.111566	-1.0692	-1.37687
0.0942188	-4.16333	-1.30779
0.0666157	-6.62476	-1.03906
0.0307236	-8.61411	-0.611523
-0.00976503	-9.71726	-0.0556523
-0.0448408	-8.41819	0.571361
-0.0602407	-3.69597	1.11451
-0.0575895	0.636294	1.35291
-0.0428487	3.5378	1.31176
-0.0152168	6.63166	1.08339
0.022677	9.09451	0.655399
0.0677752	10.8236	0.0685233
0.102746	8.39289	-0.629879
0.11665	3.3371	-1.17139
0.116475	-0.0421091	-1.38664
0.105075	-2.73591	-1.38383
0.0840638	-5.04269	-1.2072
0.0546168	-7.06728	-0.881735
0.0187552	-8.60678	-0.425656
-0.020306	-9.3747	0.129729
-0.0504901	-7.24418	0.734625
-0.0592214	-2.0955	1.20201
-0.0511154	1.94543	1.33713
-0.0288628	5.34061	1.21151
0.00502685	8.13353	0.866817
0.0474999	10.1935	0.341934
0.08744	9.58563	-0.315834
0.109404	5.27135	-0.934331
0.112337	0.703876	-1.27441
0.102203	-2.4322	-1.31974
0.0805628	-5.19356	-1.16271
0.0492381	-7.51792	-0.827512
0.0107208	-9.24416	-0.342359
-0.0309292	-9.99598	0.254147
-0.0596598	-6.89536	0.899123
-0.0661294	-1.55271	1.34399
-0.0564862	2.31439	1.44408
-0.0334181	5.53633	1.29464
0.000651751	8.17677	0.937313
0.0432814	10.2311	0.409636
0.0849426	9.99869	-0.250562
0.108367	5.6219	-0.895718
0.11249	0.989398	-1.25841
0.102543	-2.38729	-1.32217
0.0810276	-5.16361	-1.16804
0.0501393	-7.41318	-0.834775
0.0135541	-8.78045	-0.35638
-0.0260966	-9.51617	0.210207
-0.0543401	-6.77844	0.824226
-0.060867	-1.56647	1.26155
-0.050868	2.39977	1.36254
-0.027174	5.68656	1.20759
0.00163693	6.91461	0.840578
0.0397044	9.1362	0.394348
0.0769097	8.92926	-0.195199
0.099382	5.39334	-0.771353
0.105371	1.43743	-1.11931
0.097761	-1.82646	-1.21198
0.0819754	-3.78854	-1.09405
0.0573269	-5.91565	-0.849517
0.0255719	-7.6212	-0.46775
-0.0107485	-8.71688	0.0240421
-0.042185	-7.54478	0.5865
-0.0541369	-2.86844	1.07329
-0.0486855	1.30832	1.2583
-0.0332964	3.69338	1.17379
-0.0055739	6.6534	0.935387
0.0323253	9.0958	0.506006
0.0731649	9.80152	-0.0809424
0.100698	6.60788	-0.713387
0.110381	2.3239	-1.13972
0.10618	-1.00824	-1.28959
0.090739	-3.70576	-1.22445
0.0653543	-6.09233	-0.985246
0.031234	-8.18888	-0.592069
-0.00797282	-9.40964	-0.0636384
-0.0431731	-8.44806	0.543526
-0.0591799	-3.84164	1.0886
-0.0569961	0.524122	1.33641
-0.0401837	4.03497	1.30249
-0.0189143	5.10465	1.04204
0.0128303	7.6187	0.712587
0.0524267	9.50315	0.220935
0.0866822	8.22131	-0.392277
0.102081	3.69572	-0.922737
0.101607	-0.113701	-1.16114
0.0881997	-3.21781	-1.15373
0.0642706	-5.743	-0.946019
0.0320593	-7.73069	-0.575385
-0.00343215	-8.51796	-0.07652
-0.0337774	-7.28287	0.473109
-0.047593	-3.31573	0.943005
-0.0437205	0.929405	1.15689
-0.0245686	4.59646	1.09683
0.0068984	7.55207	0.800166
0.0479048	9.84153	0.312808
0.0680591	4.83702	-0.322246
0.0733261	1.26409	-0.634337
0.0664204	-1.65736	-0.715861
0.0492615	-4.11815	-0.608872
0.0242484	-6.00313	-0.343106
-0.00589111	-7.23349	0.0442711
-0.0313301	-6.10535	0.511011
-0.0407188	-2.25331	0.904924
-0.0357358	1.19593	1.05025
-0.0180797	4.23747	0.973012
0.0100904	6.76082	0.699518
0.0462479	8.6778	0.263222
0.0583871	2.91343	-0.296738
0.0583871	0	-0.48471
0.0479186	-2.51245	-0.484679
0.0290835	-4.52043	-0.32253
0.00460012	-5.87601	-0.0308268
-0.0140295	-4.4711	0.348326
-0.0207115	-1.60368	0.6368
-0.013255	1.78956	0.740232
0.00652933	4.74824	0.624707
0.0346496	6.74886	0.318279
0.0529213	4.3852	-0.117219
0.0605526	1.83151	-0.400171
0.0557039	-1.16368	-0.518324
0.0378772	-4.2784	-0.443203
0.0165007	-5.13036	-0.167108
-0.00696107	-5.63083	0.16394
-0.0231303	-3.88062	0.527259
-0.0236907	-0.134505	0.777619
-0.00933852	3.44453	0.786242
0.0172692	6.38586	0.563925
0.0508144	8.05084	0.151833
0.0789356	6.7491	-0.367665
0.0894117	2.51425	-0.80313
0.0848584	-1.09279	-0.96531
0.0673402	-4.20437	-0.894732
0.0397033	-6.63284	-0.623382
0.00693645	-7.86405	-0.195353
-0.0268623	-8.1117	0.31209
-0.0479187	-5.05353	0.835478
-0.048345	-0.102319	1.1615
-0.0332174	3.63063	1.16802
-0.00550247	6.65157	0.933667
0.0321407	9.03436	0.504404
0.0725036	9.6871	-0.07858
0.0996698	6.51989	-0.703642
0.107906	1.97666	-1.12429
0.101077	-1.63884	-1.25176
0.0817199	-4.64581	-1.14593
0.0522701	-7.06794	-0.84608
0.0165605	-8.57031	-0.389961
-0.0227665	-9.43848	0.163068
-0.052124	-7.0458	0.772077
-0.0577975	-1.36165	1.22666
-0.046414	2.73206	1.31443
-0.0209118	6.12052	1.13805
0.0159303	8.84211	0.743038
0.0602621	10.6396	0.172442
0.0984805	9.17242	-0.514099
0.117691	4.61042	-1.10592
0.118652	0.230617	-1.40334
0.106227	-2.98191	-1.41812
0.0824393	-5.70902	-1.22561
0.0493972	-7.9301	-0.857154
0.00961236	-9.54836	-0.345402
-0.0330174	-10.2311	0.270732
-0.0626176	-7.10405	0.930881
-0.069539	-1.66113	1.38921
-0.0598134	2.33413	1.49629
-0.0365401	5.5856	1.34558
-0.0021547	8.25249	0.985067
0.0413078	10.431	0.4525
0.0851306	10.5175	-0.220599
0.111173	6.25029	-0.899231
0.119792	2.06836	-1.30247
0.113024	-1.62429	-1.43585
0.0936709	-4.6447	-1.33094
0.0641165	-7.09305	-1.03115
0.0266578	-8.99008	-0.573397
-0.0151196	-10.0266	0.00673028
-0.0501628	-8.41037	0.653698
-0.0627804	-3.02823	1.19633
-0.0573209	1.3103	1.39165
-0.0374186	4.77654	1.307
-0.00587132	7.57135	0.998699
0.0351444	9.84377	0.510082
0.0784119	10.3842	-0.12513
0.106952	6.84954	-0.795169
0.115793	2.12182	-1.23709
0.108855	-1.6651	-1.37391
0.0923027	-3.97247	-1.26638
0.0663729	-6.22316	-1.00997
0.0328005	-8.05738	-0.608347
-0.00528536	-9.1406	-0.0883999
-0.0404015	-8.42787	0.501406
-0.0577403	-4.16132	1.04518
-0.0555289	0.530754	1.31362
-0.037504	4.32598	1.27928
-0.00677358	7.37529	1.00005
0.0341807	9.82902	0.524086
0.0781157	10.5444	-0.110176
0.107751	7.11241	-0.790554
0.117453	2.32845	-1.24943
0.111109	-1.52244	-1.39959
0.0915689	-4.68968	-1.30126
0.0615748	-7.19858	-0.998569
0.0232444	-9.19929	-0.534009
-0.019321	-10.2157	0.0596144
-0.0510593	-7.6172	0.718781
-0.0606045	-2.29084	1.21023
-0.0527512	1.88479	1.35796
-0.0308768	5.24985	1.23625
0.0023855	7.98295	0.897413
0.0444548	10.0966	0.382245
0.0852813	9.79835	-0.269275
0.10775	5.39258	-0.901502
0.110698	0.707507	-1.2494
0.100072	-2.55035	-1.29497
0.0777063	-5.36773	-1.13032
0.04595	-7.62153	-0.783885
0.00775884	-9.16587	-0.292049
-0.0312076	-9.35195	0.299401
-0.0567914	-6.1401	0.902818
-0.0600955	-0.79299	1.29895
-0.0466134	3.23569	1.35002
-0.0196497	6.47129	1.14114
0.0179313	9.01944	0.723497
0.0626616	10.7353	0.141461
0.0995177	8.84546	-0.551252
0.116722	4.12908	-1.12197
0.116722	8.66623e-08	-1.38833
0.103225	-3.23945	-1.38823
0.0784364	-5.94916	-1.17911
0.0444709	-8.15172	-0.79516
0.00409554	-9.69007	-0.269112
-0.0361079	-9.64883	0.356162
-0.0620771	-6.23259	0.978731
-0.0658871	-0.9144	1.38082
-0.0531497	3.05697	1.43973
-0.0269391	6.29055	1.24237
0.0101539	8.9023	0.836382
0.0552421	10.8212	0.261896
0.0962417	9.83991	-0.436367
0.1178	5.17401	-1.07126
0.12018	0.571264	-1.40505
0.1082	-2.87541	-1.44181
0.0846316	-5.6563	-1.25618
0.0517909	-7.88178	-0.891116
0.0119476	-9.56239	-0.38248
-0.0309081	-10.2854	0.234562
-0.060967	-7.21413	0.898212
-0.0683731	-1.77747	1.36364
-0.0590358	2.24094	1.47824
-0.0361271	5.49809	1.33354
-0.00219944	8.14264	0.978674
0.0406269	10.2783	0.453195
0.0838796	10.3807	-0.210051
0.107246	5.60788	-0.879856
0.112242	1.19911	-1.24165
0.102455	-2.3489	-1.31894
0.0834327	-4.56535	-1.16728
0.055642	-6.66978	-0.872623
0.0211018	-8.28963	-0.442194
-0.0171311	-9.17591	0.0927279
-0.0482252	-7.46257	0.6848
-0.0591219	-2.61522	1.16628
-0.0516402	1.79561	1.33494
-0.0291315	5.4021	1.21898
0.00536712	8.27966	0.870324
0.0485821	10.3716	0.336012
0.0885104	9.58277	-0.333247
0.109244	4.97601	-0.951559
0.111073	0.438951	-1.27257
0.0990793	-2.87842	-1.30081
0.0755483	-5.64744	-1.11499
0.042337	-7.97071	-0.750512
0.00266934	-9.52024	-0.236148
-0.0376761	-9.68291	0.378165
-0.0600408	-5.36751	1.00293
-0.0624757	-0.584394	1.3492
-0.0489343	3.24995	1.38681
-0.0220853	6.44375	1.17701
0.0154776	9.01509	0.76114
0.0604991	10.8052	0.179382
0.099676	9.40244	-0.517842
0.119325	4.71587	-1.12451
0.120366	0.249774	-1.42872
0.10785	-3.00396	-1.44474
0.084077	-5.70543	-1.25081
0.051296	-7.86746	-0.882582
0.0118827	-9.45917	-0.374871
-0.0302703	-10.1167	0.235511
-0.0597403	-7.0728	0.88828
-0.0667229	-1.67583	1.34459
-0.0567991	2.38171	1.45263
-0.037024	4.74603	1.29885
-0.005364	7.5984	0.992514
0.0358506	9.89151	0.502152
0.0784907	10.2336	-0.136139
0.106701	6.77048	-0.796462
0.115654	2.14872	-1.23328
0.112178	-0.834268	-1.37184
0.0972928	-3.57243	-1.31792
0.072847	-5.86699	-1.08731
0.0404454	-7.77639	-0.708669
0.00280626	-9.03339	-0.206846
-0.0346509	-8.98971	0.37605
-0.0578224	-5.56116	0.956088
-0.0593617	-0.369438	1.31486
-0.0445327	3.55896	1.3386
-0.0164665	6.7359	1.10886
0.022173	9.27348	0.674146
0.0674627	10.8695	0.0757206
0.102626	8.43924	-0.625647
0.117557	3.58333	-1.17015
0.11611	-0.347177	-1.40129
0.100858	-3.66063	-1.37879
0.0738775	-6.47521	-1.14249
0.0375886	-8.70932	-0.724601
-0.00462069	-10.1302	-0.162579
-0.0397144	-8.4225	0.491089
-0.0586737	-4.55022	1.03452
-0.0586737	0	1.32805
-0.0429002	3.78564	1.32796
-0.0142712	6.87095	1.08359
0.0247638	9.36841	0.640163
0.0701539	10.8936	0.0356147
0.104693	8.28931	-0.667307
0.120439	3.77905	-1.20213
0.119849	-0.141535	-1.4459
0.105972	-3.33038	-1.43667
0.0812023	-5.94483	-1.22167
0.047744	-8.02999	-0.837998
0.00816886	-9.49804	-0.319803
-0.0333022	-9.95306	0.293083
-0.060383	-6.4994	0.935287
-0.0649806	-1.10341	1.3546
-0.05308	2.85614	1.4257
-0.0280241	6.01341	1.2413
0.0077845	8.59407	0.853197
0.0516402	10.5254	0.298599
0.0920101	9.68878	-0.380578
0.112843	4.99999	-1.00573
0.114612	0.424563	-1.32829
0.102517	-2.90279	-1.35559
0.0786981	-5.71663	-1.1682
0.045564	-7.9522	-0.799247
0.00601668	-9.49135	-0.286074
-0.03228	-9.1912	0.326378
-0.0574644	-6.04426	0.91942
-0.062928	-1.31126	1.30936
-0.0517643	2.67927	1.39388
-0.026651	6.02719	1.2209
0.0097758	8.74244	0.831905
0.0549261	10.8361	0.267734
0.096023	9.86325	-0.43149
0.117427	5.13687	-1.06789
0.119708	0.547622	-1.39928
0.107928	-2.8274	-1.43452
0.0842764	-5.67627	-1.25198
0.0509096	-8.00805	-0.885634
0.0103934	-9.72388	-0.368851
-0.0310606	-9.94896	0.258611
-0.060168	-6.98576	0.900553
-0.0687727	-2.06513	1.35125
-0.0601748	2.0635	1.48441
-0.0376611	5.4033	1.35115
-0.0039246	8.09675	1.00241
0.0389674	10.2941	0.479888
0.0831605	10.6064	-0.184378
0.110791	6.63131	-0.868748
0.118861	1.93688	-1.29658
0.112241	-1.58885	-1.42147
0.0931198	-4.58912	-1.31885
0.0643029	-6.91606	-1.02265
0.0274511	-8.84443	-0.576314
-0.013606	-9.85371	-0.00558444
-0.0480576	-8.26838	0.630229
-0.0601938	-2.91269	1.16371
-0.0540628	1.47145	1.35156
-0.0333707	4.96609	1.25652
-0.000710019	7.83857	0.935994
0.0411297	10.0415	0.430139
0.0834161	10.1487	-0.217829
0.109125	6.17003	-0.872667
0.115665	1.56967	-1.27073
0.10766	-1.92115	-1.37193
0.0874546	-4.8493	-1.24787
0.0571392	-7.27569	-0.934885
0.018985	-9.15703	-0.465355
-0.016458	-8.50631	0.125537
-0.0446161	-6.75794	0.674401
-0.0521535	-1.80897	1.11041
-0.0428012	2.24456	1.22706
-0.0193689	5.62375	1.08214
0.0154933	8.36691	0.719186
0.0582161	10.2535	0.179255
0.094616	8.73597	-0.482371
0.111502	4.05274	-1.04603
0.112738	0.296462	-1.30747
0.101076	-2.79871	-1.32651
0.0775381	-5.64918	-1.14583
0.0446566	-7.89156	-0.781235
0.00497654	-9.52321	-0.271975
-0.0364204	-9.93527	0.342532
-0.0630628	-6.39416	0.983584
-0.0677436	-1.12341	1.3961
-0.0562799	2.7513	1.46849
-0.0318406	5.86544	1.29086
0.00322164	8.41493	0.912295
0.0464959	10.3858	0.369251
0.0881267	9.99141	-0.300927
0.111382	5.58133	-0.945608
0.115655	1.02536	-1.30568
0.105378	-2.46651	-1.37176
0.0833215	-5.29343	-1.21251
0.0518582	-7.55121	-0.870866
0.0136643	-9.16652	-0.383562
-0.027352	-9.84391	0.207937
-0.0565527	-7.00818	0.843104
-0.0638754	-1.75744	1.29525
-0.0539225	2.38869	1.40856
-0.0297829	5.79351	1.25433
0.00340287	7.96458	0.880408
0.045284	10.0515	0.366425
0.0766611	7.53051	-0.282178
0.0774177	0.181592	-0.768071
0.06794	-2.27466	-0.779737
0.0494581	-4.43564	-0.632911
0.024117	-6.08187	-0.346657
-0.00618848	-7.27332	0.0458009
-0.032165	-6.23436	0.51511
-0.0438728	-2.80987	0.917348
-0.0411634	0.65025	1.09859
-0.0260299	3.63203	1.05655
0.00205885	6.74131	0.82212
0.0400912	9.12776	0.387074
0.078715	9.26971	-0.201928
0.088188	2.27352	-0.800049
0.0839691	-1.01252	-0.946695
0.0679587	-3.8425	-0.881298
0.0428739	-6.02036	-0.6333
0.0117352	-7.47328	-0.244791
-0.0209007	-7.83262	0.237441
-0.0426318	-5.21546	0.742827
-0.0446747	-0.490295	1.0793
-0.031573	3.14441	1.11086
-0.00637777	6.04685	0.90789
0.0279949	8.24944	0.517648
0.0652469	8.94048	-0.0146896
0.0910799	6.19993	-0.591579
0.0981709	1.70183	-0.991594
0.0899176	-1.9808	-1.10134
0.0693487	-4.93652	-0.973452
0.0391838	-7.23957	-0.654855
0.00318624	-8.63943	-0.187674
-0.0317452	-8.38355	0.3698
-0.0510224	-4.62652	0.910725
-0.0510224	0	1.20919
-0.0361138	3.57806	1.2091
-0.01898	4.1121	0.978139
-0.0087987	2.44352	0.712734
-0.00586442	0.704227	0.555013
-0.00123455	1.11117	0.509532
0.00462592	1.40651	0.437796
0.00595335	0.318584	0.347007
0.00971074	0.901773	0.326424
0.0136155	0.937138	0.268212
0.0164092	0.670489	0.207721
0.0185994	0.525653	0.164441
0.020475	0.450136	0.130509
0.0222462	0.425092	0.101453
0.023212	0.231781	0.0740142
0.023212	0	0.0590511
0.023212	0	0.0590448
0.0219208	-0.30987	0.0590385
0.0210546	-0.207888	0.0790267
0.0205415	-0.123154	0.092433
0.0205415	-1.48927e-08	0.100371
0.0205415	-6.93889e-17	0.100362
0.0205415	0	0.100353
0.0206695	0.0307127	0.100343
0.0211426	0.113554	0.0983524
0.0218389	0.167107	0.0910162
0.0224885	0.155901	0.080225
0.0228535	0.0876007	0.0701577
0.0228535	0	0.0644981
0.0228535	0	0.0644914
0.0228535	0	0.0644848
0.0228535	0	0.0644781
0.0228535	0	0.0644714
0.0228535	0	0.0644647
0.0228535	0	0.064458
0.0228535	0	0.0644513
0.0227784	-0.0180085	0.0644446
0.0227396	-0.0093241	0.0656
0.0227396	0	0.0661948
0.0227396	-5.55112e-17	0.066188
0.0227396	0	0.0661812
0.0227396	0	0.0661744
0.0227396	0	0.0661676
0.0227396	5.55112e-17	0.0661608
0.0227396	0	0.066154
0.0227396	0	0.0661472
0.0227396	-6.71367e-08	0.0661404
0.022125	-0.147489	0.0661336
0.021602	-0.125542	0.0756436
0.0215765	-0.00611628	0.0837368
0.0215765	8.91067e-09	0.0841234
0.0215765	8.40727e-09	0.0841154
0.0215765	3.35279e-09	0.0841073
0.0215765	-3.89841e-09	0.0840992
0.0218639	0.0689947	0.0840912
0.0222905	0.102381	0.0796312
0.0226831	0.0942142	0.0730173
0.0229074	0.0538244	0.0669308
0.0229074	-2.4354e-08	0.0634509
0.0229074	-2.38784e-08	0.0634443
0.0229074	-2.30152e-08	0.0634377
0.0227357	-0.0411971	0.063431
0.022365	-0.088968	0.0660827
0.0220644	-0.072139	0.0718166
0.0220644	-9.71464e-09	0.0764642
0.0220644	-5.98571e-09	0.0764567
0.0220644	-5.88545e-09	0.0764491
0.0220644	-1.36834e-08	0.0764416
0.0220644	0	0.0764341
0.0228428	0.186814	0.0764266
0.0228428	0	0.0643648
0.0228428	0	0.0643581
0.0228428	0	0.0643515
0.0228428	0	0.0643448
0.0228428	2.77556e-17	0.0643381
0.0228428	0	0.0643314
0.0228428	0	0.0643247
0.0228428	0	0.0643181
0.0179683	-1.1699	0.0643114
0.0149277	-0.729723	0.139793
0.0149277	1.11022e-16	0.186867
0.0167315	0.432908	0.186851
0.0201467	0.819635	0.158903
0.0240112	0.927478	0.106002
0.0272575	0.779115	0.0461464
0.0287531	0.35894	-0.00413176
0.0287531	0	-0.0272944
0.0272238	-0.367025	-0.0272947
0.0244003	-0.677629	-0.00361255
0.0208533	-0.851298	0.0401098
0.0172785	-0.857947	0.0950353
0.0147907	-0.597078	0.150386
0.0146129	-0.0426552	0.1889
0.0157035	0.261737	0.191637
0.0181579	0.589048	0.174733
0.0209805	0.677444	0.13671
0.0235302	0.611925	0.0929856
0.0251664	0.39267	0.0534922
0.0251664	0	0.0281491
0.0250194	-0.0352807	0.0281449
0.024815	-0.0490341	0.0304173
0.0246626	-0.0365775	0.0335769
0.024608	-0.0131138	0.0359326
0.024328	-0.0671957	0.036774
0.0233434	-0.236317	0.0411051
0.0218665	-0.354455	0.0563485
0.0204084	-0.349947	0.0792138
0.0204084	0	0.101787
0.0204084	0	0.101777
0.0204084	0	0.101768
0.0204084	0	0.101759
0.0204084	-3.46945e-18	0.101749
0.0204084	0	0.10174
0.0204084	0	0.101731
0.0204084	0	0.101722
0.020592	0.0440783	0.101712
0.0211373	0.130861	0.0988589
0.0219748	0.200997	0.0904059
0.0223653	0.0937215	0.077428
0.0223653	0	0.071373
0.0221418	-0.0536205	0.0713659
0.0221418	-2.37887e-07	0.0748186
0.0221418	-5.09883e-07	0.0748112
0.0221418	-5.55112e-17	0.0748038
0.0220826	-0.0142178	0.0747964
0.0220826	0	0.0757064
0.0249005	0.676299	0.0756989
0.0261001	0.287901	0.0320529
0.0261001	0	0.0134716
0.0257362	-0.0873341	0.0134684
0.0246958	-0.2497	0.0191006
0.0233312	-0.32749	0.0352091
0.0220574	-0.305717	0.0563359
0.021295	-0.18299	0.0760563
0.0210472	-0.0594736	0.0878564
0.0196952	-0.324474	0.0916856
0.0196952	0	0.112614
0.0196952	0	0.112604
0.0196952	0	0.112594
0.0203892	0.16656	0.112584
0.0208479	0.110089	0.101826
0.0208479	0	0.0947135
0.0209421	0.0226117	0.0947047
0.0214409	0.119708	0.0932369
0.0221824	0.177961	0.085504
0.0225859	0.0968307	0.0740128
0.0225859	-2.14229e-07	0.0677574
0.0225859	-1.10728e-07	0.0677505
0.0225859	3.06911e-09	0.0677436
0.0225867	0.000197939	0.0677367
0.0225874	0.00016691	0.067717
0.0225874	0	0.0676993
0.0225874	0	0.0676924
0.0225874	0	0.0676855
0.0225874	0	0.0676786
0.0225874	0	0.0676717
0.0225874	0	0.0676648
0.0225874	0	0.0676579
0.0225874	0	0.0676509
0.0225874	0	0.067644
0.0225874	0	0.0676371
0.0225874	0	0.0676302
0.0225874	0	0.0676233
0.0225874	0	0.0676164
0.0225874	0	0.0676095
0.0225874	0	0.0676026
0.0225874	5.55112e-17	0.0675957
0.0220888	-0.119657	0.0675888
0.0217752	-0.075274	0.0753029
0.0217752	0	0.0801525
0.0217752	0	0.0801447
0.0217752	0	0.080137
0.0217752	0	0.0801292
0.0217752	0	0.0801214
0.0217752	0	0.0801136
0.0217752	0	0.0801059
0.0217752	0	0.0800981
0.0222078	0.103823	0.0800903
0.0255378	0.799204	0.0733833
0.0270114	0.353661	0.021807
0.0270114	5.55112e-17	-0.0010169
0.0259855	-0.246208	-0.00101902
0.0238439	-0.513973	0.0148656
0.0215567	-0.54893	0.0480267
0.0202842	-0.30541	0.0834412
0.0202842	0	0.10314
0.0234564	0.761335	0.10313
0.0272427	0.908714	0.0539956
0.0292273	0.476309	-0.00464557
0.0292273	-1.94762e-08	-0.0353815
0.0273646	-0.447057	-0.0353812
0.0234313	-0.943997	-0.00653435
0.0184963	-1.18439	0.0543758
0.0143483	-0.995518	0.130793
0.0128123	-0.368648	0.195018
0.0131146	0.0725439	0.21879
0.0155496	0.5844	0.214091
0.0197895	1.01759	0.176365
0.0245597	1.14483	0.11069
0.0279695	0.818356	0.0368094
0.028395	0.102129	-0.0160003
0.0270786	-0.315946	-0.0225912
0.0244469	-0.631607	-0.00220527
0.0214997	-0.707327	0.0385475
0.0193316	-0.520335	0.0841832
0.0185735	-0.181956	0.11775
0.0185735	0	0.12948
0.0185735	0	0.129469
0.0189506	0.0905076	0.129458
0.0192046	0.0609673	0.123607
0.0193739	0.0406113	0.119662
0.0196614	0.0690107	0.117031
0.0205414	0.211211	0.112568
0.0217507	0.290217	0.0989292
0.0226757	0.222008	0.0801937
0.0228003	0.0298994	0.0658608
0.0228003	-3.60189e-08	0.0639247
0.0228003	-4.37317e-08	0.0639181
0.0228003	-4.70416e-08	0.0639114
0.0228003	-3.18661e-08	0.0639048
0.0227123	-0.021108	0.0638981
0.0224974	-0.0515892	0.0652535
0.0223944	-0.0247281	0.0685756
0.0223944	9.9854e-09	0.0701642
0.0237713	0.330467	0.0701571
0.0237713	0	0.0488265
0.0237713	0	0.0488209
0.0237713	0	0.0488154
0.0237713	0	0.0488098
0.0247459	0.233893	0.0488042
0.0251779	0.103699	0.0337065
0.0251779	1.19401e-08	0.0270107
0.0251779	-5.44564e-08	0.0270067
0.0248274	-0.0841295	0.0270026
0.0233177	-0.362317	0.032427
0.0210728	-0.538776	0.0558012
0.0188669	-0.52942	0.0905599
0.017524	-0.322294	0.124713
0.017524	0	0.145498
0.0178432	0.0766067	0.145485
0.0194605	0.388135	0.14053
0.0211408	0.403288	0.115473
0.0223169	0.282252	0.0894409
0.0226093	0.0701702	0.07122
0.0226093	0	0.0666851
0.0226093	0	0.0666782
0.0226093	2.77556e-17	0.0666714
0.0226093	0	0.0666646
0.0226093	0	0.0666577
0.0226093	0	0.0666509
0.0232357	0.150348	0.0666441
0.0232357	-9.10478e-08	0.056936
0.0232357	3.31607e-09	0.0569298
0.0232357	2.39835e-09	0.0569237
0.0232357	2.22045e-16	0.0569175
0.0232357	0	0.0569113
0.0232357	0	0.0569052
0.0232357	0	0.056899
0.0232357	0	0.0568929
0.0232357	0	0.0568867
0.0232357	0	0.0568806
0.0232357	5.55112e-17	0.0568744
0.0226614	-0.137837	0.0568683
0.0226614	6.66134e-16	0.0657561
0.0226614	2.22045e-16	0.0657494
0.0226614	3.58978e-08	0.0657426
0.0226614	1.66533e-16	0.0657358
0.0226614	0	0.0657291
0.0226614	-2.77556e-17	0.0657223
0.0226614	0	0.0657155
0.0226614	0	0.0657088
0.0255453	0.692135	0.065702
0.026992	0.347217	0.0210349
0.027208	0.0518273	-0.00137309
0.0268277	-0.0912721	-0.00471937
0.0250883	-0.417438	0.00116815
0.0216707	-0.820235	0.0281013
0.01759	-0.979361	0.0810232
0.014415	-0.76201	0.144209
0.0140104	-0.0971035	0.193366
0.015024	0.243262	0.199616
0.0175775	0.612845	0.183903
0.0212316	0.876988	0.144344
0.0247598	0.846778	0.0877439
0.0267159	0.469451	0.0330968
0.0267159	0	0.00280077
0.0259386	-0.186549	0.00279839
0.024804	-0.272311	0.0148332
0.0238404	-0.231258	0.0324009
0.0232086	-0.151622	0.0473186
0.0229416	-0.0640826	0.0570966
0.0229416	0	0.0612254
0.0229416	-1.00738e-06	0.0612189
0.0224378	-0.120913	0.0612125
0.0221162	-0.0771958	0.0690081
0.0221162	5.10702e-08	0.0739822
0.0221162	0	0.0739748
0.0221162	0	0.0739675
0.0221162	0	0.0739601
0.0221162	0	0.0739528
0.0221162	1.4e-07	0.0739455
0.0221162	-2.08911e-07	0.0739381
0.0221162	-1.65926e-07	0.0739308
0.0221162	-1.34307e-07	0.0739235
0.0221162	3.0514e-08	0.0739161
0.0219737	-0.0341931	0.0739088
0.0204949	-0.354912	0.0761078
0.0204949	1.11022e-15	0.0990012
0.0204949	5.27356e-16	0.0989921
0.0204949	2.41474e-15	0.098983
0.0204949	0	0.0989739
0.0204949	0	0.0989648
0.0205075	0.00301896	0.0989558
0.0205075	-3.46945e-18	0.0987519
0.0205075	0	0.0987428
0.0225164	0.482145	0.0987337
0.0242229	0.409565	0.067614
0.0246709	0.107519	0.0411798
