-0.0517429	-0.382367	-0.21706
9.30985e-20	1.48958e-17	-0.21622
0.000381281	0.0915075	-0.21622
0.000856224	0.113986	-0.216421
0.000719454	-0.0328248	-0.216671
-0.000912162	-0.391588	-0.216599
-0.00470005	-0.909093	-0.215738
-0.0100836	-1.29205	-0.213739
-0.0162362	-1.47662	-0.210899
-0.0216746	-1.30522	-0.207652
-0.0245319	-0.685747	-0.204782
-0.02331	0.29324	-0.203275
-0.0170551	1.50117	-0.203919
-0.00612714	2.62272	-0.20722
0.00760868	3.2966	-0.212986
0.0209169	3.19398	-0.220234
0.0299912	2.17783	-0.227257
0.0317756	0.428253	-0.232045
0.0260001	-1.38613	-0.232986
0.0136538	-2.96311	-0.229939
-0.00414635	-4.27204	-0.223424
-0.023765	-4.70847	-0.214031
-0.0400226	-3.90182	-0.203679
-0.0484171	-2.01468	-0.1951
-0.0470562	0.326617	-0.190671
-0.0373835	2.32145	-0.191389
-0.0210001	3.932	-0.196493
-0.00120057	4.75189	-0.205138
0.0163787	4.21902	-0.215586
0.0284823	2.90487	-0.224862
0.0328815	1.0558	-0.231248
0.029403	-0.83483	-0.23357
0.019584	-2.35656	-0.231734
0.00489023	-3.52651	-0.226553
-0.0111638	-3.85296	-0.218799
-0.0231159	-2.86852	-0.210328
-0.0289055	-1.38949	-0.204021
-0.0276268	0.306882	-0.200966
-0.0196742	1.90862	-0.201641
-0.00668802	3.11669	-0.205837
0.00767949	3.4482	-0.21269
0.0177327	2.41278	-0.220271
0.0202859	0.612752	-0.225576
0.0146393	-1.35519	-0.226923
0.00171642	-3.10148	-0.223943
-0.0160963	-4.27505	-0.217124
-0.0352667	-4.6009	-0.207725
-0.0513686	-3.86445	-0.197609
-0.0583811	-1.68301	-0.189113
-0.053301	1.21923	-0.185413
-0.0375375	3.78322	-0.188093
-0.0127904	5.93931	-0.196411
0.0190342	7.6379	-0.209469
0.0518663	7.87972	-0.226262
0.0771931	6.07842	-0.243587
0.091103	3.33837	-0.256951
0.0940292	0.702285	-0.264291
0.0871664	-1.64707	-0.265835
0.0719508	-3.65173	-0.262214
0.0497421	-5.3301	-0.254185
0.022005	-6.6569	-0.242466
-0.0089292	-7.4242	-0.22783
-0.03885	-7.18098	-0.211507
-0.0608903	-5.28969	-0.195718
-0.0712252	-2.48037	-0.184088
-0.0711688	0.0135366	-0.178635
-0.0621237	2.17083	-0.178665
-0.0455938	3.96717	-0.183437
-0.0246843	5.01827	-0.19216
-0.00332932	5.1252	-0.203193
0.0157555	4.58035	-0.214461
0.0297872	3.36762	-0.224532
0.0361676	1.5313	-0.231936
0.0341985	-0.47259	-0.235303
0.0250487	-2.19594	-0.234264
0.0102993	-3.53985	-0.229436
-0.00771246	-4.32283	-0.221653
-0.0227172	-3.60115	-0.212148
-0.0317103	-2.15834	-0.204231
-0.0331853	-0.353986	-0.199485
-0.0268081	1.53053	-0.198707
-0.0136472	3.1586	-0.202072
0.00396964	4.22805	-0.209017
0.022105	4.35247	-0.218313
0.034105	2.88	-0.227882
0.0362504	0.514905	-0.234214
0.0292865	-1.67133	-0.235346
0.0146498	-3.5128	-0.231672
-0.00618656	-5.00073	-0.223948
-0.0301421	-5.74934	-0.212953
-0.0522561	-5.30736	-0.200313
-0.067208	-3.58844	-0.188644
-0.0709911	-0.907947	-0.180754
-0.0633091	1.84368	-0.178758
-0.0463494	4.07033	-0.182811
-0.0218855	5.87133	-0.19176
0.00850567	7.29389	-0.204669
0.0404012	7.65493	-0.220706
0.0657354	6.08022	-0.237536
0.0792115	3.23426	-0.250904
0.081677	0.591721	-0.258015
0.0745462	-1.7114	-0.259316
0.0594938	-3.61258	-0.255554
0.0435397	-3.82899	-0.247611
0.0236988	-4.76181	-0.239192
0.00306942	-4.95105	-0.228723
-0.0144661	-4.20853	-0.217837
-0.026005	-2.76932	-0.208584
-0.0301895	-1.0043	-0.202495
-0.0263047	0.93237	-0.200287
-0.0149051	2.73589	-0.202337
0.00140689	3.91488	-0.208352
0.0163772	3.59288	-0.21696
0.0256289	2.22042	-0.224859
0.0274508	0.43725	-0.229741
0.021371	-1.45915	-0.230702
0.00852301	-3.08353	-0.227494
-0.00990008	-4.42154	-0.220715
-0.03065	-4.97997	-0.210993
-0.0491224	-4.43339	-0.200044
-0.0581833	-2.17461	-0.190297
-0.0553753	0.673924	-0.185516
-0.04252	3.08528	-0.186997
-0.0211458	5.12981	-0.193781
0.00733941	6.83644	-0.205059
0.0384467	7.46576	-0.22009
0.0657634	6.556	-0.236504
0.0828069	4.09044	-0.250919
0.0887036	1.4152	-0.259912
0.0851635	-0.849621	-0.263024
0.0741964	-2.63211	-0.261156
0.0573598	-4.04078	-0.255368
0.0357756	-5.1802	-0.246484
0.0106222	-6.03682	-0.235095
-0.0161555	-6.42665	-0.221822
-0.0385854	-5.38316	-0.207692
-0.0519839	-3.21565	-0.195857
-0.0539624	-0.474845	-0.188787
-0.0462282	1.85621	-0.187743
-0.0305237	3.76908	-0.191824
-0.00938194	5.07402	-0.20011
0.0110702	4.9085	-0.211266
0.0257807	3.53054	-0.222058
0.0315598	1.38697	-0.229821
0.0276553	-0.937084	-0.23287
0.0154407	-2.93149	-0.23081
-0.00170531	-4.11504	-0.224364
-0.0231776	-5.15335	-0.215317
-0.0425324	-4.64515	-0.203987
-0.0557305	-3.16756	-0.193774
-0.0623443	-1.5873	-0.186809
-0.0626015	-0.0617181	-0.183319
-0.0572833	1.27636	-0.183184
-0.047214	2.41664	-0.18599
-0.033135	3.37894	-0.191303
-0.0174555	3.76307	-0.198732
-0.00461171	3.08252	-0.207006
0.00553507	2.43523	-0.213783
0.0115873	1.45253	-0.219137
0.0128456	0.301987	-0.222331
0.00915252	-0.886332	-0.222995
0.000989247	-1.95919	-0.221046
-0.0103793	-2.72844	-0.216739
-0.0223366	-2.86976	-0.21074
-0.0133562	6.82991	-0.194145
0.0096807	5.52886	-0.209162
0.028624	4.54639	-0.221318
0.0401853	2.77471	-0.231314
0.0429219	0.656802	-0.237414
0.0384301	-1.07804	-0.238858
0.0281523	-2.46668	-0.236488
0.0156177	-3.0083	-0.231065
0.00345655	-2.91867	-0.22445
-0.00731126	-2.58427	-0.218033
-0.0141834	-1.64931	-0.212351
-0.0160792	-0.454994	-0.208725
-0.0140832	0.479042	-0.207725
-0.0145258	-0.106235	-0.208778
-0.0152815	-0.181354	-0.208544
-0.0182257	-0.706609	-0.208146
-0.0224156	-1.00558	-0.206592
-0.026084	-0.880433	-0.204381
-0.0276018	-0.364264	-0.202445
-0.025846	0.42139	-0.201645
-0.0203758	1.31285	-0.202571
-0.0111339	2.21807	-0.205457
0.00205897	3.16628	-0.210334
0.0193939	4.16037	-0.217296
0.0380916	4.48747	-0.226443
0.0539965	3.81715	-0.236309
0.0614305	1.78417	-0.244702
0.0634812	0.492174	-0.248624
0.0601938	-0.788996	-0.249706
0.0499895	-2.44902	-0.247972
0.0311774	-4.51489	-0.242587
0.00491033	-6.30411	-0.232661
-0.027303	-7.7312	-0.2188
-0.0604828	-7.96314	-0.201802
-0.0877149	-6.53571	-0.184294
-0.106369	-4.47694	-0.169924
-0.115286	-2.14024	-0.160081
-0.112962	0.55787	-0.155375
-0.0994258	3.24869	-0.156602
-0.0763335	5.54214	-0.163745
-0.0456631	7.3609	-0.17593
-0.00966847	8.63872	-0.192114
0.0279035	9.01728	-0.211107
0.0553055	6.57647	-0.230933
0.0716442	3.92128	-0.245392
0.0781837	1.56949	-0.254013
0.0765905	-0.382367	-0.257464
0.0686285	-1.91089	-0.256623
0.0562767	-2.96443	-0.252422
0.0432091	-3.13621	-0.245904
0.0313631	-2.84305	-0.239009
0.0196273	-2.81659	-0.232758
0.00779968	-2.83862	-0.226565
-0.00462588	-2.98214	-0.220324
-0.0158058	-2.68318	-0.213768
-0.0267353	-2.62307	-0.207868
-0.038749	-2.88329	-0.202101
-0.0502293	-2.75529	-0.195762
-0.0586826	-2.02877	-0.189704
-0.0631556	-1.07354	-0.185243
-0.063049	0.0255975	-0.182883
-0.0578956	1.23682	-0.182939
-0.0473579	2.52903	-0.185659
-0.0307642	3.98249	-0.191219
-0.00629962	5.87151	-0.199975
0.0249038	7.48882	-0.212884
0.0525408	6.63287	-0.229349
0.0749874	5.38719	-0.243933
0.0915419	3.97308	-0.255777
0.101716	2.4417	-0.264512
0.105086	0.808908	-0.269881
0.0998065	-1.2671	-0.271659
0.085327	-3.47507	-0.268873
0.0630732	-5.34092	-0.261233
0.0353418	-6.65554	-0.24949
0.00329651	-7.69086	-0.234857
-0.0320022	-8.47169	-0.217948
-0.0652588	-7.98159	-0.199322
-0.0878313	-5.41738	-0.181773
-0.0976818	-2.36413	-0.169862
-0.0963634	0.316423	-0.164664
-0.0857805	2.53989	-0.16536
-0.0679721	4.27401	-0.170944
-0.0454904	5.39562	-0.180341
-0.0286474	4.0423	-0.192204
-0.0113779	4.14469	-0.201092
0.00549218	4.04882	-0.210204
0.0195284	3.36868	-0.219106
0.0287165	2.20516	-0.226513
0.0317705	0.732965	-0.231361
0.0297183	-0.492528	-0.232972
0.0261301	-0.861182	-0.231889
0.0230167	-0.747213	-0.229996
0.0195029	-0.843315	-0.228353
0.0157434	-0.902276	-0.226499
0.010976	-1.14418	-0.224515
0.0050481	-1.42269	-0.222
-0.00234901	-1.77531	-0.218872
-0.0133839	-2.64836	-0.214968
-0.0278001	-3.4599	-0.209145
-0.0430182	-3.65234	-0.201538
-0.0552817	-2.94324	-0.193508
-0.061915	-1.59198	-0.187037
-0.0626294	-0.171457	-0.183537
-0.0572913	1.28114	-0.18316
-0.0456236	2.80025	-0.185977
-0.0263671	4.62155	-0.192133
0.00217984	6.85127	-0.202294
0.0300049	6.67802	-0.217358
0.0569619	6.46968	-0.23204
0.0788677	5.25739	-0.246265
0.0950647	3.88728	-0.257824
0.105002	2.38503	-0.266371
0.106529	0.366355	-0.271614
0.0981557	-2.00955	-0.27242
0.0811807	-4.074	-0.268002
0.0571563	-5.76585	-0.259044
0.0275067	-7.1159	-0.246367
-0.00646374	-8.15291	-0.230722
-0.0434467	-8.87591	-0.212797
-0.0752172	-7.62493	-0.193282
-0.0945006	-4.628	-0.176517
-0.101805	-1.75303	-0.166342
-0.0993038	0.600268	-0.162488
-0.0891118	2.44608	-0.163807
-0.0726803	3.94356	-0.169185
-0.0531709	4.68224	-0.177856
-0.0334028	4.74435	-0.18815
-0.0157863	4.22796	-0.198582
0.00159375	4.17121	-0.207877
0.0175236	3.82316	-0.217048
0.0291946	2.80104	-0.225454
0.035352	1.47778	-0.231612
0.0376115	0.54229	-0.234861
0.0378253	0.0512965	-0.236054
0.0368292	-0.239061	-0.236166
0.0331167	-0.890988	-0.235641
0.0261287	-1.67714	-0.233682
0.0156888	-2.50557	-0.229994
0.000664598	-3.6058	-0.224486
-0.0183693	-4.56814	-0.216558
-0.0378721	-4.68067	-0.206514
-0.05686	-4.55709	-0.196223
-0.071156	-3.43106	-0.186204
-0.0802624	-2.18552	-0.17866
-0.0843129	-0.972121	-0.173855
-0.0831246	0.285192	-0.171717
-0.0763916	1.61592	-0.172344
-0.0638682	3.00561	-0.175897
-0.0455981	4.38482	-0.182505
-0.0215332	5.77557	-0.192146
0.00910356	7.35283	-0.204844
0.0427912	8.08502	-0.22101
0.073974	7.48388	-0.238786
0.0996857	6.1708	-0.255241
0.119541	4.76524	-0.268808
0.131073	2.76778	-0.279285
0.132394	0.316955	-0.28537
0.12455	-1.88252	-0.286067
0.108698	-3.80458	-0.281928
0.0861914	-5.4015	-0.273563
0.0584996	-6.64604	-0.261687
0.0271547	-7.52276	-0.247075
-0.00550381	-7.83805	-0.230535
-0.0363026	-7.39172	-0.213302
-0.0600804	-5.70667	-0.197051
-0.0726556	-3.01805	-0.184504
-0.0754691	-0.675232	-0.177868
-0.0700786	1.29372	-0.176384
-0.0588732	2.68929	-0.179228
-0.0456948	3.16282	-0.185141
-0.0317943	3.33612	-0.192095
-0.0166346	3.63832	-0.199429
-0.000353021	3.90759	-0.207429
0.0148508	3.64892	-0.21602
0.0266774	2.83837	-0.224043
0.0333281	1.59618	-0.230283
0.0340499	0.173238	-0.233793
0.0321616	-0.453192	-0.234174
0.0291945	-0.712104	-0.233177
0.023798	-1.29517	-0.231611
0.0154592	-2.00131	-0.228764
0.00493258	-2.52639	-0.224364
-0.00716629	-2.90373	-0.218809
-0.0195176	-2.96432	-0.212425
-0.0310701	-2.77259	-0.205907
-0.0421177	-2.65143	-0.199811
-0.0511461	-2.1668	-0.193982
-0.059384	-1.97711	-0.189218
-0.0634581	-0.977773	-0.184871
-0.0632301	0.0547012	-0.182721
-0.0582376	1.1982	-0.182841
-0.047653	2.54032	-0.185476
-0.0321088	3.7306	-0.191061
-0.0110051	5.06489	-0.199263
0.0157144	6.41268	-0.210399
0.0439385	6.77377	-0.224498
0.0688418	5.97679	-0.239391
0.0885438	4.72849	-0.252532
0.102773	3.41496	-0.262928
0.111426	2.07679	-0.270436
0.112158	0.175588	-0.275002
0.103018	-2.19351	-0.275388
0.0867588	-3.90222	-0.270566
0.0630595	-5.68784	-0.261986
0.0334748	-7.10034	-0.249481
-0.000571833	-8.17118	-0.233869
-0.0377293	-8.9178	-0.215904
-0.071051	-7.99721	-0.196297
-0.0913575	-4.87356	-0.178714
-0.0993291	-1.91316	-0.167999
-0.0966057	0.653613	-0.163793
-0.0849471	2.79806	-0.16523
-0.0661033	4.52252	-0.171381
-0.0427975	5.59339	-0.181325
-0.0188093	5.75717	-0.193623
0.00510092	5.73844	-0.20628
0.0262673	5.07994	-0.218897
0.0412657	3.59961	-0.230066
0.0475771	1.51472	-0.23798
0.0466398	-0.224941	-0.241311
0.0401519	-1.55709	-0.240816
0.0316274	-2.04589	-0.237393
0.0238513	-1.86626	-0.232894
0.015791	-1.93446	-0.228791
0.00672705	-2.17536	-0.224538
-0.00280726	-2.28823	-0.219755
-0.012159	-2.24442	-0.214724
-0.0260733	-3.33942	-0.209789
-0.0391816	-3.146	-0.202447
-0.0514458	-2.9434	-0.19553
-0.060271	-2.11805	-0.189059
-0.064761	-1.07761	-0.184402
-0.0642268	0.128209	-0.182033
-0.0585221	1.36913	-0.182315
-0.0474816	2.64972	-0.185325
-0.0311153	3.9279	-0.19115
-0.00823773	5.49062	-0.199786
0.0212026	7.06569	-0.211858
0.0492363	6.72808	-0.227393
0.0731991	5.75108	-0.242186
0.0915839	4.41233	-0.25483
0.104351	3.06402	-0.264531
0.111582	1.73548	-0.271268
0.11118	-0.096399	-0.275084
0.101458	-2.33333	-0.274872
0.083483	-4.31398	-0.269742
0.0584501	-6.00788	-0.260257
0.0288918	-7.09399	-0.247048
-0.00464416	-8.04864	-0.23145
-0.0407716	-8.6706	-0.213754
-0.0714862	-7.37149	-0.194691
-0.0890266	-4.20971	-0.178484
-0.0941096	-1.21991	-0.169228
-0.0887252	1.29225	-0.166546
-0.0748196	3.33735	-0.169387
-0.0543751	4.90668	-0.176725
-0.0313463	5.52693	-0.187513
-0.00882949	5.40402	-0.199664
0.0121528	5.03574	-0.211546
0.0289845	4.0396	-0.222617
0.0388846	2.37604	-0.231499
0.0405222	0.393015	-0.236723
0.0354876	-1.20831	-0.237587
0.0263018	-2.2046	-0.234931
0.0166383	-2.31924	-0.230083
0.00725211	-2.25268	-0.224984
-0.00133514	-2.06094	-0.220031
-0.00864514	-1.7544	-0.2155
-0.0136709	-1.20617	-0.211643
-0.0158461	-0.522069	-0.208991
-0.0161159	-0.0647495	-0.207843
-0.0174797	-0.327306	-0.207701
-0.020454	-0.713819	-0.206981
-0.0234578	-0.720913	-0.205412
-0.0253456	-0.453073	-0.203826
-0.025255	0.0217457	-0.20283
-0.0225011	0.660925	-0.202878
-0.01672	1.38747	-0.204331
-0.00785348	2.12796	-0.207382
0.004817	3.04092	-0.21206
0.0210498	3.89587	-0.218746
0.0334118	2.96688	-0.227312
0.0422464	2.1203	-0.233835
0.0465828	1.04075	-0.238497
0.0463563	-0.0543749	-0.240785
0.0415333	-1.15751	-0.240665
0.0298689	-2.79946	-0.23812
0.0110439	-4.518	-0.231965
-0.0148983	-6.22611	-0.222032
-0.0440434	-6.99483	-0.208343
-0.0705638	-6.3649	-0.192964
-0.0870917	-3.9667	-0.17897
-0.0963516	-2.22236	-0.170248
-0.0981381	-0.428766	-0.165362
-0.091693	1.54681	-0.164419
-0.0755745	3.86844	-0.16782
-0.0502748	6.07195	-0.176325
-0.0272783	5.51915	-0.189675
0.00127304	6.85233	-0.20181
0.0330566	7.62806	-0.216876
0.0622739	7.01214	-0.233647
0.0822107	4.78482	-0.249064
0.0920145	2.35292	-0.259584
0.0929576	0.226355	-0.264757
0.0863627	-1.58278	-0.265255
0.0736767	-3.04464	-0.261775
0.0563021	-4.16992	-0.255081
0.0371208	-4.6035	-0.245913
0.0173483	-4.74539	-0.235791
-0.00116704	-4.44369	-0.225358
-0.0186121	-4.18682	-0.215588
-0.0326321	-3.36478	-0.206383
-0.0411608	-2.04689	-0.198985
-0.0428852	-0.413869	-0.194484
-0.0400989	0.668705	-0.193574
-0.0358087	1.02967	-0.195045
-0.0296635	1.47483	-0.197308
-0.0239303	1.37597	-0.200551
-0.0164944	1.78463	-0.203576
-0.00796412	2.04726	-0.2075
0.000907574	2.12921	-0.212001
0.00921649	1.99414	-0.216683
0.0182131	2.15918	-0.221067
0.0260248	1.87481	-0.225814
0.031113	1.22119	-0.229936
0.0320985	0.236515	-0.232621
0.0290512	-0.731358	-0.233141
0.0227434	-1.51388	-0.231533
0.0125436	-2.44794	-0.228205
-0.00149	-3.36807	-0.222822
-0.019875	-4.41241	-0.215417
-0.0406173	-4.97815	-0.205716
-0.0592331	-4.4678	-0.194771
-0.073465	-3.41564	-0.184948
-0.0831091	-2.31458	-0.177438
-0.0878178	-1.13009	-0.172349
-0.0871655	0.156552	-0.169864
-0.0804823	1.60396	-0.170209
-0.065898	3.50022	-0.173735
-0.0418211	5.77846	-0.181431
-0.00985315	7.67231	-0.194135
0.0283989	9.1805	-0.211004
0.0666009	9.16847	-0.231189
0.0918906	6.06953	-0.251347
0.10927	4.17113	-0.264691
0.116946	1.84211	-0.273862
0.11426	-0.644551	-0.277912
0.102751	-2.76213	-0.276495
0.0840098	-4.49797	-0.270422
0.0598365	-5.80159	-0.260533
0.0318917	-6.70675	-0.247777
0.00252582	-7.0478	-0.233031
-0.0246513	-6.52251	-0.217536
-0.0454417	-4.98969	-0.203195
-0.0565385	-2.66323	-0.192225
-0.0572591	-0.172952	-0.186369
-0.0492898	1.91263	-0.185989
-0.036032	3.18189	-0.190194
-0.0216255	3.45756	-0.19719
-0.00687834	3.53931	-0.204792
0.00633869	3.17209	-0.212573
0.0163217	2.39593	-0.219548
0.0215332	1.25076	-0.224815
0.0214027	-0.031316	-0.227565
0.0164824	-1.18088	-0.227496
0.0100807	-1.53642	-0.2249
0.00576911	-1.03477	-0.221522
0.0035183	-0.540193	-0.219247
0.00302713	-0.117881	-0.218059
0.00383367	0.193569	-0.2178
0.00503956	0.289414	-0.218226
0.00388273	-0.27764	-0.218862
-0.00174885	-1.35158	-0.218251
-0.0141886	-2.98554	-0.21528
-0.0297041	-3.72373	-0.208716
-0.0449984	-3.67061	-0.200529
-0.0565889	-2.78173	-0.192458
-0.0615361	-1.18732	-0.186342
-0.0598186	0.412187	-0.183732
-0.0512965	2.04531	-0.184638
-0.0349368	3.92632	-0.189135
-0.00993782	5.99976	-0.197767
0.0187505	6.8852	-0.210959
0.0485801	7.15909	-0.226097
0.0740495	6.11267	-0.241837
0.093302	4.62058	-0.255276
0.104432	2.6712	-0.265435
0.10554	0.265974	-0.271308
0.0970072	-2.04793	-0.271893
0.0813608	-3.75512	-0.26739
0.0589491	-5.37882	-0.259134
0.0313484	-6.62415	-0.247308
8.41512e-05	-7.50342	-0.232744
-0.0323503	-7.78427	-0.216247
-0.0588233	-6.35351	-0.199132
-0.0740205	-3.64735	-0.185163
-0.0784131	-1.0542	-0.177144
-0.0734389	1.19379	-0.174826
-0.060735	3.04895	-0.17745
-0.0438209	4.05938	-0.184154
-0.0264734	4.16341	-0.193079
-0.0108113	3.75888	-0.202233
0.00475408	3.7357	-0.210497
0.0180097	3.18134	-0.218711
0.0269351	2.14211	-0.225705
0.0304126	0.834587	-0.230415
0.0286598	-0.420676	-0.23225
0.0254544	-0.7693	-0.231325
0.0228783	-0.618259	-0.229634
0.0198753	-0.720724	-0.228274
0.0159905	-0.932337	-0.22669
0.0112035	-1.14887	-0.22464
0.00579274	-1.29859	-0.222114
-0.00408315	-2.37021	-0.219259
-0.01708	-3.11924	-0.214047
-0.0325113	-3.70351	-0.207189
-0.0477268	-3.65173	-0.199047
-0.0592005	-2.75368	-0.191018
-0.0658013	-1.58418	-0.184963
-0.0672969	-0.358962	-0.18148
-0.0631421	0.997164	-0.180691
-0.0530899	2.41253	-0.182883
-0.0367919	3.91152	-0.188188
-0.0142293	5.41501	-0.196788
0.0149084	6.99305	-0.208693
0.0459323	7.44573	-0.224068
0.0733002	6.56829	-0.240439
0.0920713	4.50506	-0.25488
0.10416	2.90133	-0.264785
0.107651	0.837769	-0.271164
0.101191	-1.55047	-0.273006
0.085964	-3.65437	-0.269597
0.0632085	-5.46132	-0.261562
0.0345445	-6.87938	-0.249555
0.00272548	-7.63655	-0.23443
-0.0315566	-8.22771	-0.21764
-0.0619344	-7.29066	-0.19955
-0.0805807	-4.4751	-0.18352
-0.0878047	-1.73376	-0.173681
-0.0850935	0.650677	-0.169869
-0.074035	2.65404	-0.1713
-0.0570135	4.08515	-0.177135
-0.037897	4.58797	-0.186117
-0.0189197	4.55456	-0.196204
4.89055e-05	4.55246	-0.206218
0.0166941	3.99486	-0.216227
0.0285084	2.83542	-0.22501
0.0337249	1.25195	-0.231244
0.0323882	-0.320795	-0.233997
0.0265138	-1.40986	-0.233292
0.0198514	-1.59899	-0.230192
0.0136392	-1.49093	-0.226676
0.00818052	-1.31008	-0.223398
0.00367009	-1.0825	-0.220518
0.000451966	-0.77235	-0.218138
-0.00155207	-0.480969	-0.21644
-0.00307488	-0.365475	-0.215382
-0.00729995	-1.01402	-0.214579
-0.0153625	-1.93501	-0.212349
-0.0258517	-2.5174	-0.208095
-0.0359229	-2.41708	-0.20256
-0.0432459	-1.75754	-0.197246
-0.0450202	-0.42583	-0.193381
-0.0409375	0.97985	-0.192445
-0.0306839	2.46088	-0.194599
-0.0130908	4.22234	-0.20001
0.0123342	6.10198	-0.209293
0.0421856	7.16435	-0.222709
0.0703873	6.7684	-0.238461
0.0933928	5.52134	-0.253342
0.103712	2.47664	-0.265482
0.108704	1.19814	-0.270927
0.10691	-0.430708	-0.273561
0.0963238	-2.54065	-0.272614
0.07722	-4.58493	-0.267028
0.0511362	-6.26011	-0.256948
0.0195516	-7.58028	-0.243184
-0.0162624	-8.59538	-0.226518
-0.0527736	-8.76267	-0.207619
-0.082292	-7.08441	-0.188354
-0.0994548	-4.11908	-0.172777
-0.105183	-1.37476	-0.163721
-0.101034	0.995679	-0.160698
-0.0891735	2.84658	-0.162888
-0.0712853	4.29318	-0.169146
-0.0604238	2.60676	-0.178585
-0.0481368	2.94888	-0.184317
-0.0340644	3.37739	-0.1908
-0.0176958	3.92846	-0.198226
0.000857365	4.45275	-0.206863
0.019429	4.45718	-0.216653
0.0354247	3.83897	-0.226453
0.048979	3.25304	-0.234893
0.0608885	2.85827	-0.242045
0.0702573	2.24852	-0.24833
0.0759019	1.3547	-0.253273
0.0743894	-0.363002	-0.256252
0.0685463	-1.40234	-0.255454
0.0581352	-2.49868	-0.25237
0.0415307	-3.98507	-0.246877
0.0169396	-5.90187	-0.238115
-0.0144731	-7.53903	-0.225139
-0.0499283	-8.50925	-0.208563
-0.0822276	-7.75184	-0.189854
-0.106746	-5.88435	-0.172811
-0.122834	-3.86113	-0.159873
-0.130124	-1.74961	-0.151384
-0.127021	0.744557	-0.147537
-0.113094	3.34266	-0.149174
-0.0898069	5.58884	-0.156524
-0.0588607	7.42709	-0.168811
-0.0220576	8.83274	-0.185141
0.0116668	8.09387	-0.204561
0.0428834	7.49199	-0.222356
0.065389	5.40133	-0.238828
0.0777722	2.97198	-0.250704
0.0814708	0.887661	-0.257238
0.0781106	-0.806452	-0.25919
0.0694285	-2.08371	-0.257417
0.0586756	-2.5807	-0.252835
0.0485572	-2.42841	-0.247161
0.0381545	-2.49664	-0.241822
0.0267868	-2.72826	-0.236333
0.0142403	-3.01115	-0.230334
-0.000667615	-3.57791	-0.223714
-0.0173274	-3.99834	-0.215848
-0.0361887	-4.52672	-0.207057
-0.0555219	-4.63995	-0.197104
-0.0710279	-3.72146	-0.186902
-0.0819971	-2.63259	-0.17872
-0.0881199	-1.46948	-0.172932
-0.0891687	-0.251712	-0.169701
-0.0847218	1.06725	-0.169148
-0.0740426	2.56303	-0.171494
-0.055198	4.5227	-0.177129
-0.0273966	6.67233	-0.187073
0.00780971	8.44951	-0.201743
0.047261	9.46831	-0.220321
0.0781509	7.41357	-0.241138
0.102569	5.86041	-0.257438
0.118942	3.92941	-0.270322
0.12525	1.51404	-0.278962
0.121244	-0.961617	-0.282291
0.109149	-2.90265	-0.280176
0.0899661	-4.60394	-0.273794
0.0651318	-5.96024	-0.263672
0.036538	-6.86249	-0.250568
0.00656442	-7.19367	-0.23548
-0.0221828	-6.89934	-0.219663
-0.045973	-5.70963	-0.204494
-0.0605807	-3.50584	-0.191941
-0.0646599	-0.979013	-0.184233
-0.0597228	1.18491	-0.18208
-0.0562055	0.844132	-0.184685
-0.0500745	1.47146	-0.186541
-0.0424213	1.83676	-0.189776
-0.0320922	2.47898	-0.193815
-0.0183925	3.28792	-0.199265
-0.0020345	3.92593	-0.206494
0.0137964	3.79942	-0.215126
0.0279226	3.39028	-0.223479
0.0405037	3.01948	-0.230933
0.0516089	2.66524	-0.237572
0.0606387	2.16715	-0.243432
0.0666065	1.43227	-0.248196
0.0692177	0.626695	-0.251345
0.0680559	-0.278818	-0.252723
0.0627443	-1.27479	-0.25211
0.051081	-2.79921	-0.249307
0.0309937	-4.82094	-0.243153
0.00324384	-6.65997	-0.232554
-0.0307232	-8.1521	-0.217911
-0.0655935	-8.36887	-0.199987
-0.0942974	-6.88892	-0.181587
-0.114837	-4.92956	-0.166441
-0.126437	-2.78391	-0.155602
-0.127651	-0.291361	-0.149482
-0.117838	2.35504	-0.148841
-0.0986174	4.61299	-0.154019
-0.071866	6.42034	-0.164161
-0.0456069	6.30217	-0.178277
-0.0154568	7.23603	-0.192133
0.0158737	7.51931	-0.208043
0.0430297	6.51746	-0.224575
0.0612949	4.38365	-0.238904
0.0698259	2.04742	-0.248542
0.0699715	0.0349436	-0.253044
0.0633549	-1.58798	-0.253121
0.0530768	-2.46673	-0.249629
0.0421434	-2.62403	-0.244206
0.031024	-2.66866	-0.238436
0.0186969	-2.95849	-0.232569
0.00480772	-3.33341	-0.226064
-0.00976693	-3.49792	-0.218735
-0.0231241	-3.20571	-0.211045
-0.0350093	-2.85244	-0.203997
-0.0462824	-2.70556	-0.197725
-0.0550849	-2.1126	-0.191777
-0.0601293	-1.21065	-0.187132
-0.0608137	-0.164249	-0.18447
-0.056826	0.957032	-0.184109
-0.0476632	2.19908	-0.186213
-0.0329676	3.52694	-0.191048
-0.0127172	4.86009	-0.198802
0.0141563	6.44964	-0.209488
0.0453396	7.48399	-0.223668
0.0747137	7.04979	-0.240123
0.0955546	5.00182	-0.255623
0.11149	3.82442	-0.26662
0.120274	2.10813	-0.275028
0.123661	0.813065	-0.279663
0.119322	-1.04156	-0.281451
0.105779	-3.25025	-0.279161
0.0842245	-5.17303	-0.272015
0.055886	-6.80124	-0.260641
0.0224829	-8.01676	-0.245688
-0.0143369	-8.83675	-0.228062
-0.0525857	-9.17972	-0.208633
-0.0833645	-7.38691	-0.18845
-0.100862	-4.19932	-0.172209
-0.106586	-1.37382	-0.162976
-0.102046	1.08966	-0.159956
-0.0889518	3.14253	-0.162351
-0.0696568	4.63081	-0.169261
-0.0481245	5.16776	-0.179442
-0.0314413	4.00395	-0.190804
-0.0140802	4.16668	-0.199607
0.0033339	4.17938	-0.208768
0.0188348	3.72022	-0.217957
0.0302151	2.73127	-0.226136
0.0361122	1.41529	-0.232142
0.0405574	1.06685	-0.235253
0.0440065	0.827802	-0.237599
0.0463083	0.55242	-0.239419
0.0430318	-0.78635	-0.240633
0.0362278	-1.63297	-0.238904
0.0258443	-2.49203	-0.235314
0.0117089	-3.39249	-0.229835
-0.0072352	-4.54659	-0.222376
-0.0305431	-5.5939	-0.21238
-0.0549364	-5.85439	-0.200081
-0.0751362	-4.84796	-0.187209
-0.0905044	-3.68837	-0.17655
-0.100109	-2.30512	-0.168441
-0.10311	-0.720251	-0.163373
-0.0993983	0.890839	-0.161789
-0.088387	2.64271	-0.163748
-0.0682973	4.82152	-0.169558
-0.0392863	6.96265	-0.180159
-0.00285796	8.7428	-0.195467
0.0394312	10.1494	-0.214689
0.07325	8.11649	-0.237004
0.0992518	6.24044	-0.254849
0.115645	3.93429	-0.26857
0.121399	1.38112	-0.27722
0.117798	-0.864356	-0.280256
0.106167	-2.7913	-0.278356
0.0881458	-4.32519	-0.272219
0.0651757	-5.51284	-0.262709
0.0398706	-6.07322	-0.250589
0.016468	-5.61662	-0.237236
-0.0059295	-5.37539	-0.224887
-0.0266976	-4.98435	-0.213068
-0.0425603	-3.80705	-0.20211
-0.0508826	-1.99734	-0.193739
-0.0523154	-0.34387	-0.189348
-0.0507902	0.366046	-0.188592
-0.0476689	0.749112	-0.189397
-0.0425287	1.23364	-0.191044
-0.0348447	1.84416	-0.193756
-0.0239963	2.60362	-0.197811
-0.010026	3.35286	-0.203535
0.00595632	3.83576	-0.210907
0.0191015	3.15485	-0.21934
0.033073	3.35316	-0.226276
0.0461709	3.14349	-0.233649
0.0561872	2.40392	-0.24056
0.0633227	1.71252	-0.245845
0.0622264	-0.263112	-0.249611
0.056902	-1.27786	-0.249032
0.0471858	-2.33189	-0.246223
0.031184	-3.84042	-0.241096
0.00712938	-5.77312	-0.232652
-0.0238883	-7.44425	-0.219959
-0.0567178	-7.87907	-0.203592
-0.0847183	-6.72012	-0.186268
-0.104858	-4.83353	-0.171493
-0.117143	-2.94849	-0.160866
-0.121259	-0.987817	-0.154383
-0.115589	1.36086	-0.152212
-0.0991922	3.93525	-0.155204
-0.0737947	6.0954	-0.163856
-0.0413453	7.78786	-0.177257
-0.0136856	6.63832	-0.19438
0.0177798	7.55171	-0.208975
0.0467637	6.95614	-0.225579
0.0663042	4.68972	-0.240873
0.0758784	2.29781	-0.251183
0.0767746	0.215073	-0.256236
0.0704763	-1.51159	-0.256708
0.0583097	-2.91998	-0.253385
0.044629	-3.28337	-0.246965
0.031294	-3.20041	-0.239746
0.0178819	-3.2189	-0.232709
0.00376872	-3.38715	-0.225632
-0.0101689	-3.34502	-0.218185
-0.0222346	-2.89578	-0.210831
-0.0319029	-2.32039	-0.204464
-0.0402071	-1.99301	-0.199362
-0.0470957	-1.65327	-0.19498
-0.0514267	-1.03942	-0.191345
-0.0523028	-0.210279	-0.18906
-0.0490339	0.784541	-0.188598
-0.0413435	1.84571	-0.190322
-0.0285263	3.07611	-0.19438
-0.0102866	4.37754	-0.201144
0.0141228	5.85824	-0.210768
0.0424401	6.79615	-0.223648
0.0689517	6.36279	-0.238591
0.0908215	5.24876	-0.25258
0.107348	3.96639	-0.26412
0.117977	2.55101	-0.272841
0.117666	-0.0747627	-0.278449
0.109476	-1.96548	-0.278285
0.0923597	-4.10799	-0.273964
0.0676648	-5.92679	-0.264932
0.0367707	-7.41458	-0.251901
0.00236763	-8.25673	-0.235599
-0.0348925	-8.94243	-0.217445
-0.0695471	-8.31711	-0.197784
-0.0928587	-5.59478	-0.179498
-0.103291	-2.50369	-0.167197
-0.102385	0.217374	-0.161692
-0.0919071	2.5147	-0.16217
-0.0738002	4.34567	-0.167699
-0.0614606	2.96151	-0.177254
-0.0469517	3.48213	-0.183765
-0.0312052	3.77916	-0.191421
-0.013791	4.17941	-0.19973
0.00483137	4.46937	-0.208919
0.0220302	4.12771	-0.218745
0.035378	3.20349	-0.22782
0.0437119	2.00014	-0.234864
0.0491656	1.30887	-0.239261
0.0529498	0.908219	-0.242139
0.0547965	0.443203	-0.244136
0.0539933	-0.192773	-0.24511
0.049726	-1.02416	-0.244686
0.0417641	-1.91086	-0.242435
0.0285309	-3.17596	-0.238233
0.00793566	-4.94285	-0.231251
-0.0198271	-6.66306	-0.220383
-0.0501579	-7.2794	-0.205733
-0.0770536	-6.45496	-0.189729
-0.0968669	-4.75519	-0.175537
-0.108977	-2.90647	-0.165082
-0.113309	-1.03966	-0.158691
-0.108839	1.07292	-0.156405
-0.0941854	3.51678	-0.158764
-0.0697725	5.85909	-0.166496
-0.0373398	7.78383	-0.179378
0.00138903	9.29493	-0.196492
0.0371943	8.59327	-0.216928
0.0684449	7.50014	-0.235822
0.0883154	4.76893	-0.252312
0.0973543	2.16933	-0.262797
0.0966771	-0.162516	-0.267566
0.0876654	-2.16281	-0.267209
0.0718958	-3.78472	-0.262454
0.052528	-4.64826	-0.254133
0.0317133	-4.99554	-0.243913
0.0118841	-4.759	-0.232929
-0.00767516	-4.69422	-0.222466
-0.0253641	-4.24535	-0.212145
-0.0382112	-3.08331	-0.202811
-0.0440585	-1.40335	-0.196032
-0.0438954	0.0391621	-0.192947
-0.0416804	0.531589	-0.193033
-0.0379246	0.901401	-0.194201
-0.0318733	1.45231	-0.196183
-0.0227947	2.17885	-0.199376
-0.0111434	2.79633	-0.204167
0.0017211	3.08747	-0.210315
0.0145469	3.07819	-0.217103
0.0265576	2.88256	-0.223871
0.0383773	2.83675	-0.230209
0.0483288	2.38835	-0.236446
0.0554057	1.69846	-0.241697
0.0591349	0.894993	-0.245431
0.0561995	-0.704481	-0.247399
0.0494821	-1.61218	-0.24585
0.0385857	-2.61514	-0.242305
0.0214023	-4.124	-0.236555
-0.00359952	-6.00044	-0.227488
-0.0344359	-7.40072	-0.214295
-0.065151	-7.37164	-0.198024
-0.0894032	-5.82053	-0.181816
-0.10614	-4.01675	-0.169019
-0.115259	-2.18865	-0.160188
-0.116487	-0.29466	-0.155376
-0.108363	1.94962	-0.154728
-0.0897728	4.46174	-0.159014
-0.0623053	6.59221	-0.168824
-0.0339533	6.80446	-0.183318
-0.000293067	8.07846	-0.198278
0.0366934	8.87674	-0.21604
0.0687276	7.6882	-0.235557
0.0888859	4.83801	-0.25246
0.0984142	2.28679	-0.263097
0.0984782	0.0153488	-0.268125
0.0904965	-1.9156	-0.268159
0.0761637	-3.43989	-0.263947
0.0587969	-4.16803	-0.256384
0.040171	-4.4702	-0.24722
0.0222149	-4.30946	-0.237392
0.004048	-4.36006	-0.227917
-0.0140849	-4.3519	-0.21833
-0.0294765	-3.69399	-0.208762
-0.0397147	-2.45717	-0.20064
-0.0444975	-1.14788	-0.195238
-0.0464674	-0.472763	-0.192714
-0.0466926	-0.0540494	-0.191675
-0.0447339	0.470096	-0.191556
-0.0395619	1.24126	-0.192589
-0.0315563	1.92136	-0.195318
-0.0195675	2.87732	-0.199543
-0.00446079	3.6256	-0.205869
0.0124752	4.06465	-0.21384
0.0307809	4.39336	-0.222777
0.0490042	4.37358	-0.232436
0.063806	3.55244	-0.242052
0.0747871	2.63547	-0.249863
0.0816373	1.64404	-0.255657
0.083994	0.56561	-0.259272
0.081525	-0.592572	-0.260515
0.0727431	-2.10764	-0.259212
0.0556021	-4.11384	-0.254579
0.0305952	-6.00166	-0.245534
-0.000902332	-7.5594	-0.232338
-0.0375297	-8.79056	-0.215718
-0.0719874	-8.26985	-0.196391
-0.0981012	-6.26732	-0.178208
-0.115709	-4.22588	-0.164429
-0.123295	-1.82066	-0.155137
-0.119588	0.8898	-0.151134
-0.106007	3.25924	-0.153091
-0.084271	5.21676	-0.160257
-0.0581311	6.27355	-0.171726
-0.0317589	6.32935	-0.18552
-0.00361314	6.75497	-0.199435
0.0234588	6.49725	-0.214287
0.0451124	5.19688	-0.228572
0.0572814	2.92055	-0.239998
0.060826	0.850696	-0.246419
0.0574538	-0.809316	-0.24829
0.0487847	-2.08059	-0.24651
0.0389578	-2.35846	-0.241936
0.03056	-2.01547	-0.236751
0.0215344	-2.16614	-0.232319
0.0113019	-2.4558	-0.227557
0.00034596	-2.62943	-0.222157
-0.0100572	-2.49676	-0.216376
-0.0197849	-2.33464	-0.210887
-0.030449	-2.5594	-0.205754
-0.0414142	-2.63165	-0.200126
-0.0502036	-2.10945	-0.19434
-0.0548341	-1.11133	-0.189702
-0.0548184	0.00378707	-0.187259
-0.0497304	1.22112	-0.187267
-0.0392649	2.51172	-0.189952
-0.0231959	3.85655	-0.195474
-0.000106272	5.54151	-0.203954
0.0291769	7.02796	-0.216137
0.0592804	7.22484	-0.231589
0.0846109	6.07932	-0.247474
0.101136	3.96606	-0.26084
0.112119	2.63599	-0.26956
0.117024	1.17719	-0.275356
0.114149	-0.690048	-0.277944
0.101623	-3.00628	-0.276427
0.080645	-5.03475	-0.269817
0.0525488	-6.74309	-0.258747
0.0189945	-8.05302	-0.243922
-0.0173767	-8.72908	-0.226216
-0.0546655	-8.94933	-0.207024
-0.0839622	-7.03121	-0.187348
-0.100314	-3.92441	-0.171889
-0.104893	-1.09909	-0.16326
-0.0992439	1.35589	-0.160844
-0.085466	3.30669	-0.163825
-0.0729447	3.00512	-0.171095
-0.0573938	3.7322	-0.177702
-0.0407214	4.00138	-0.185908
-0.0226716	4.33196	-0.194705
-0.0027382	4.78401	-0.20423
0.0170178	4.74145	-0.214748
0.03372	4.00851	-0.225173
0.0448333	2.6672	-0.233986
0.0515009	1.60022	-0.23985
0.0570701	1.33663	-0.243368
0.0612856	1.0117	-0.246307
0.0630512	0.423749	-0.248531
0.0617389	-0.314942	-0.249463
0.0571296	-1.10625	-0.248771
0.0485653	-2.05542	-0.246338
0.0325172	-3.85154	-0.241819
0.0089587	-5.65405	-0.233351
-0.0213652	-7.27773	-0.22092
-0.0538053	-7.78563	-0.204919
-0.082089	-6.7881	-0.187801
-0.102825	-4.97655	-0.172877
-0.115466	-3.03392	-0.161935
-0.120114	-1.11543	-0.155264
-0.115584	1.0871	-0.152812
-0.10052	3.61548	-0.155202
-0.075913	5.90557	-0.163151
-0.0435274	7.77254	-0.176135
-0.0121181	7.53823	-0.193224
0.023387	8.52122	-0.209798
0.0560954	7.85003	-0.228533
0.0776696	5.17781	-0.245792
0.0884928	2.59757	-0.257176
0.0897351	0.29815	-0.262888
0.0827912	-1.66655	-0.263543
0.0692833	-3.2419	-0.259879
0.0523912	-4.0541	-0.252751
0.0347766	-4.2275	-0.243838
0.01745	-4.15838	-0.234543
-2.90528e-05	-4.19498	-0.2254
-0.0169803	-4.06829	-0.216177
-0.0306929	-3.29103	-0.207232
-0.0391787	-2.0366	-0.199996
-0.0430624	-0.932092	-0.195519
-0.0449276	-0.447635	-0.193469
-0.0449444	-0.0040309	-0.192485
-0.042473	0.593123	-0.192476
-0.0365866	1.41275	-0.19378
-0.0270452	2.28994	-0.196886
-0.0134841	3.25465	-0.201921
0.0031333	3.98818	-0.209077
0.0216408	4.4418	-0.217845
0.0412727	4.71164	-0.227611
0.0591724	4.29593	-0.23797
0.0734599	3.429	-0.247416
0.0836793	2.45264	-0.254955
0.0864513	0.665286	-0.260347
0.0846513	-0.431995	-0.26181
0.077169	-1.79575	-0.26086
0.0623298	-3.56142	-0.256912
0.0394031	-5.5024	-0.249082
0.00973535	-7.12026	-0.236984
-0.0252459	-8.39551	-0.221329
-0.0603388	-8.42229	-0.20287
-0.0886572	-6.79642	-0.184353
-0.107952	-4.63068	-0.16941
-0.116997	-2.1708	-0.159229
-0.114435	0.614777	-0.154456
-0.100924	3.24271	-0.155807
-0.0782806	5.43438	-0.162937
-0.0554202	5.48649	-0.174885
-0.0279291	6.59786	-0.186948
0.00209039	7.20468	-0.201454
0.0306647	6.85784	-0.217295
0.0529002	5.33651	-0.232373
0.0649986	2.90362	-0.244106
0.068195	0.767127	-0.25049
0.0641553	-0.969513	-0.252176
0.0545569	-2.30362	-0.250045
0.0431695	-2.73298	-0.24498
0.0323627	-2.59364	-0.238971
0.0209643	-2.73561	-0.233268
0.00792943	-3.12838	-0.227254
-0.00611168	-3.36987	-0.220376
-0.0193443	-3.17584	-0.212966
-0.0306104	-2.70386	-0.205984
-0.0410303	-2.50077	-0.200039
-0.0500738	-2.17043	-0.194541
-0.0560819	-1.44196	-0.189769
-0.0583161	-0.536213	-0.186598
-0.0563511	0.471602	-0.18542
-0.0497251	1.59024	-0.186456
-0.0379472	2.82669	-0.189953
-0.0207585	4.12528	-0.196168
0.00297952	5.69714	-0.205238
0.0320948	6.98766	-0.217763
0.0613928	7.03154	-0.233127
0.086012	5.90859	-0.248586
0.101409	3.69537	-0.261577
0.111416	2.40162	-0.269702
0.115413	0.959252	-0.274982
0.112354	-0.734084	-0.277091
0.100195	-2.91832	-0.275477
0.0795741	-4.94894	-0.269061
0.0520156	-6.61404	-0.25818
0.020095	-7.66094	-0.243638
-0.0154458	-8.52979	-0.226795
-0.0519359	-8.75763	-0.208041
-0.080801	-6.92761	-0.188786
-0.0965033	-3.76855	-0.173555
-0.0995607	-0.733771	-0.165269
-0.0917852	1.86612	-0.163656
-0.078247	3.24916	-0.167758
-0.0622676	3.83506	-0.174902
-0.0427247	4.69029	-0.183334
-0.0221491	4.93815	-0.193646
-0.000331225	5.23629	-0.204503
0.0207436	5.05795	-0.216016
0.0375144	4.02501	-0.227137
0.0470301	2.28377	-0.235986
0.0495058	0.594167	-0.241007
0.0473886	-0.508139	-0.242314
0.0439308	-0.829864	-0.241196
0.039885	-0.970997	-0.239372
0.0339708	-1.4194	-0.237237
0.0255573	-2.01925	-0.234116
0.0141249	-2.74378	-0.229677
-0.000546628	-3.52116	-0.223644
-0.0180813	-4.20833	-0.215902
-0.038083	-4.8004	-0.20665
-0.0574608	-4.65067	-0.196095
-0.072367	-3.5775	-0.18587
-0.082392	-2.40599	-0.178004
-0.0869631	-1.09708	-0.172715
-0.0854722	0.357838	-0.170302
-0.0779526	1.80469	-0.171089
-0.0640682	3.33225	-0.175057
-0.0419844	5.30013	-0.182383
-0.0109517	7.44784	-0.194036
0.0185619	7.08328	-0.210411
0.048853	7.26984	-0.225985
0.0746212	6.18438	-0.241969
0.0939733	4.6445	-0.255566
0.105692	2.81243	-0.265777
0.107996	0.553026	-0.271961
0.100351	-1.83487	-0.273177
0.0840027	-3.92352	-0.269143
0.0615765	-5.38229	-0.260516
0.0341968	-6.57113	-0.248682
0.00270134	-7.5589	-0.234235
-0.0306169	-7.99639	-0.217616
-0.0584244	-6.67378	-0.200034
-0.0744069	-3.83581	-0.185361
-0.078955	-1.09154	-0.176928
-0.0736227	1.27973	-0.174528
-0.060062	3.25459	-0.177341
-0.041092	4.55278	-0.184497
-0.020734	4.88594	-0.194507
-0.000267612	4.91192	-0.205249
0.0180591	4.39842	-0.216049
0.0316324	3.25757	-0.225719
0.0381657	1.568	-0.232882
0.0372935	-0.209323	-0.236329
0.0306267	-1.60004	-0.235869
0.021201	-2.26217	-0.232351
0.012542	-2.07816	-0.227377
0.00520492	-1.76089	-0.222808
-0.000507168	-1.3709	-0.218936
-0.0041149	-0.865855	-0.215922
-0.00576511	-0.396051	-0.214019
-0.0140575	-1.99018	-0.213148
-0.0232428	-2.20447	-0.208772
-0.0327495	-2.28161	-0.203925
-0.0412642	-2.04353	-0.198909
-0.0464582	-1.24655	-0.194416
-0.0472153	-0.181714	-0.191675
-0.0430185	1.00724	-0.191275
-0.0337145	2.23296	-0.19349
-0.0186192	3.62286	-0.198399
0.00225159	5.009	-0.206365
0.0280044	6.18067	-0.217378
0.0505481	5.41048	-0.230967
0.0681851	4.23288	-0.242862
0.0808009	3.0278	-0.252169
0.0883377	1.80883	-0.258826
0.0901939	0.445479	-0.262803
0.0844549	-1.37735	-0.263782
0.0696151	-3.56155	-0.260754
0.046871	-5.45858	-0.252923
0.0174361	-7.06436	-0.240922
-0.017134	-8.29683	-0.22539
-0.0534807	-8.7232	-0.207148
-0.084301	-7.39688	-0.187969
-0.104306	-4.80119	-0.171706
-0.111921	-1.82772	-0.16115
-0.108023	0.935542	-0.157132
-0.0942453	3.30674	-0.159188
-0.072498	5.21934	-0.166459
-0.045007	6.59785	-0.177934
-0.0156133	7.05448	-0.19244
0.0132223	6.92054	-0.207951
0.0380732	5.96423	-0.223166
0.0548667	4.03044	-0.236279
0.0622678	1.77626	-0.245141
0.061734	-0.128106	-0.249046
0.0549822	-1.62044	-0.248765
0.0453895	-2.30225	-0.245202
0.0361181	-2.22514	-0.24014
0.0267524	-2.24776	-0.235248
0.0166166	-2.4326	-0.230306
0.00495779	-2.79811	-0.224957
-0.00613292	-2.66177	-0.218805
-0.0165719	-2.50536	-0.212953
-0.0271987	-2.55044	-0.207444
-0.042808	-3.74621	-0.201837
-0.0564804	-3.28138	-0.1936
-0.065778	-2.23144	-0.186386
-0.0701071	-1.03899	-0.18148
-0.0689892	0.268312	-0.179195
-0.0627343	1.50117	-0.179785
-0.0520474	2.56486	-0.183086
-0.0365594	3.71712	-0.188725
-0.0150326	5.16641	-0.196897
0.0127773	6.6744	-0.208257
0.0426063	7.15896	-0.222931
0.0694253	6.43656	-0.238671
0.0907074	5.10769	-0.252823
0.105894	3.64477	-0.264053
0.114347	2.0287	-0.272066
0.113959	-0.0931683	-0.276526
0.103396	-2.53496	-0.276322
0.0838873	-4.68215	-0.270748
0.0572144	-6.40151	-0.260454
0.0254421	-7.62534	-0.246379
-0.010568	-8.64243	-0.229614
-0.0487861	-9.17234	-0.210612
-0.0797275	-7.42594	-0.190446
-0.0967348	-4.08174	-0.174119
-0.101608	-1.16963	-0.165144
-0.0959598	1.35561	-0.162573
-0.0813268	3.51192	-0.165553
-0.0598364	5.15769	-0.173275
-0.0355197	5.83602	-0.184614
-0.011436	5.78007	-0.197446
0.012329	5.70361	-0.210154
0.0322328	4.77691	-0.222694
0.0450884	3.08535	-0.233197
0.0494445	1.04547	-0.23998
0.0467602	-0.644246	-0.242279
0.0390248	-1.8565	-0.240862
0.0303137	-2.09066	-0.236781
0.0220907	-1.97352	-0.232184
0.0142326	-1.88594	-0.227845
0.00639394	-1.88127	-0.223698
-0.00109385	-1.79707	-0.219562
-0.00772988	-1.59265	-0.215611
-0.0130672	-1.28095	-0.212109
-0.0191513	-1.46019	-0.209293
-0.0306302	-2.75493	-0.206083
-0.0418246	-2.68666	-0.200025
-0.0498039	-1.91503	-0.194118
-0.0536635	-0.926303	-0.189908
-0.052021	0.394208	-0.187871
-0.0442776	1.85841	-0.188738
-0.0319235	2.96499	-0.192824
-0.0145906	4.15989	-0.199343
0.00807875	5.44064	-0.208489
0.0333813	6.07262	-0.220451
0.0568507	5.63266	-0.233802
0.0755041	4.47681	-0.246187
0.0888619	3.20588	-0.256029
0.0957984	1.66475	-0.263078
0.096122	0.0776718	-0.266738
0.0879585	-1.95926	-0.266909
0.0707277	-4.13539	-0.262601
0.0459034	-5.95782	-0.253509
0.0153928	-7.32255	-0.24041
-0.0192607	-8.31685	-0.22431
-0.0545856	-8.47798	-0.206024
-0.0834473	-6.9268	-0.187384
-0.100685	-4.13698	-0.172155
-0.105125	-1.06573	-0.163059
-0.0984725	1.59666	-0.160716
-0.0827348	3.77704	-0.164227
-0.059784	5.5082	-0.172531
-0.0321171	6.64004	-0.184641
-0.00657069	6.13115	-0.19924
0.0165766	5.55536	-0.21272
0.0349485	4.40924	-0.224935
0.0454503	2.52044	-0.234629
0.0475658	0.507698	-0.24017
0.0428918	-1.12174	-0.241287
0.033304	-2.30107	-0.23882
0.0227214	-2.53984	-0.233761
0.0133359	-2.25251	-0.228177
0.00573547	-1.8241	-0.223224
0.000745549	-1.19758	-0.219214
-0.00255411	-0.791917	-0.216581
-0.0042347	-0.403342	-0.21484
-0.01208	-1.88288	-0.213953
-0.0220006	-2.38094	-0.209813
-0.0328298	-2.599	-0.204578
-0.0407447	-1.89957	-0.198864
-0.0446443	-0.9359	-0.194688
-0.0438904	0.18093	-0.19263
-0.0383703	1.32481	-0.193028
-0.0279053	2.5116	-0.19594
-0.0121807	3.77392	-0.201462
0.00871551	5.01508	-0.20976
0.0299276	5.0909	-0.220786
0.0490548	4.59052	-0.231979
0.0630696	3.36357	-0.242072
0.0718959	2.11831	-0.249467
0.0757002	0.913034	-0.254125
0.0750676	-0.151827	-0.256132
0.0681853	-1.65175	-0.255798
0.0528088	-3.69037	-0.252167
0.029588	-5.57299	-0.244053
-5.47085e-05	-7.11425	-0.2318
-0.0333012	-7.97917	-0.216158
-0.0653541	-7.69269	-0.198615
-0.0902067	-5.96463	-0.181701
-0.106418	-3.89082	-0.168587
-0.112245	-1.39848	-0.160033
-0.105681	1.57553	-0.156958
-0.0893276	3.92475	-0.160422
-0.0650205	5.83371	-0.169051
-0.0405156	5.88117	-0.181877
-0.0151856	6.07919	-0.194808
0.0121719	6.5658	-0.208174
0.0359366	5.70354	-0.22261
0.0520077	3.85705	-0.23515
0.0587238	1.61188	-0.24363
0.057548	-0.282194	-0.247174
0.0500707	-1.79455	-0.246553
0.0386348	-2.74463	-0.242608
0.0265496	-2.90043	-0.236573
0.0146569	-2.85426	-0.230196
0.00182866	-3.07877	-0.223921
-0.0104259	-2.94109	-0.217152
-0.018925	-2.03979	-0.210685
-0.0242433	-1.2764	-0.2062
-0.0275992	-0.805414	-0.203394
-0.0312956	-0.887119	-0.201623
-0.0342753	-0.715139	-0.199673
-0.0348616	-0.140709	-0.1981
-0.0318835	0.714739	-0.197791
-0.0247453	1.71318	-0.199362
-0.0134643	2.70742	-0.203129
0.00118576	3.51602	-0.209082
0.0189152	4.25507	-0.216812
0.0390973	4.84369	-0.226167
0.0578262	4.49493	-0.236817
0.0737869	3.83058	-0.2467
0.0851896	2.73664	-0.255122
0.0916796	1.5576	-0.261139
0.0871885	-1.07786	-0.264563
0.0758187	-2.72876	-0.262193
0.0558333	-4.79649	-0.256194
0.0284226	-6.57857	-0.245648
-0.00466701	-7.94151	-0.231184
-0.0418848	-8.93226	-0.213724
-0.0761736	-8.22933	-0.194085
-0.101268	-6.02254	-0.175992
-0.115628	-3.44647	-0.16275
-0.118247	-0.628577	-0.155173
-0.110066	1.96341	-0.153791
-0.0927182	4.1635	-0.158107
-0.0680607	5.91779	-0.167261
-0.0390277	6.96791	-0.180272
-0.0170314	5.27912	-0.195592
0.00530377	5.36044	-0.207199
0.0252007	4.77527	-0.218985
0.039281	3.37926	-0.229484
0.0450797	1.3917	-0.236913
0.0438325	-0.299327	-0.239973
0.0380966	-1.37663	-0.239315
0.0325452	-1.33232	-0.236288
0.0269709	-1.33784	-0.233359
0.0201172	-1.6449	-0.230418
0.0112117	-2.13732	-0.226801
0.00131728	-2.37466	-0.222102
-0.00868577	-2.40073	-0.216881
-0.0192101	-2.52584	-0.211603
-0.0318387	-3.03086	-0.206049
-0.0441199	-2.94748	-0.199385
-0.0529651	-2.12285	-0.192905
-0.0572028	-1.01705	-0.188238
-0.0565676	0.152439	-0.186001
-0.0507674	1.39207	-0.186337
-0.0392814	2.75663	-0.189397
-0.0212573	4.3258	-0.195458
0.00502072	6.30672	-0.204969
0.0333928	6.80931	-0.218835
0.0611039	6.65065	-0.233806
0.0838738	5.46478	-0.248428
0.101388	4.20352	-0.260443
0.113196	2.83383	-0.269685
0.117363	1.00014	-0.275916
0.11197	-1.29443	-0.278115
0.0972906	-3.52303	-0.275269
0.0746963	-5.42264	-0.267523
0.0455239	-7.00137	-0.255601
0.0112518	-8.2253	-0.240207
-0.0250804	-8.71972	-0.222123
-0.0595711	-8.27776	-0.202951
-0.0831513	-5.65927	-0.184751
-0.0946818	-2.76731	-0.172309
-0.0956089	-0.222498	-0.166224
-0.0874231	1.96458	-0.165735
-0.0717819	3.7539	-0.170055
-0.0580259	3.30144	-0.178308
-0.0427923	3.65607	-0.185567
-0.0264561	3.92068	-0.193605
-0.00823941	4.372	-0.202225
0.0105236	4.50312	-0.211838
0.0269869	3.95119	-0.221738
0.0387645	2.82662	-0.230425
0.0443907	1.3503	-0.23664
0.0475765	0.764602	-0.239609
0.0503825	0.673439	-0.24129
0.0512345	0.204459	-0.242771
0.0495857	-0.395691	-0.24322
0.0449495	-1.1127	-0.24235
0.0360094	-2.14562	-0.239904
0.0217596	-3.41996	-0.235186
0.00143927	-4.87688	-0.227667
-0.0251646	-6.38493	-0.216944
-0.053385	-6.77289	-0.202906
-0.0775611	-5.80226	-0.188015
-0.0952193	-4.23797	-0.175258
-0.105912	-2.5662	-0.16594
-0.109304	-0.814067	-0.160298
-0.10553	0.905715	-0.158508
-0.093459	2.89701	-0.1605
-0.0716597	5.23185	-0.166869
-0.0410054	7.35702	-0.178372
-0.0032464	9.06216	-0.194547
0.0334548	8.8083	-0.214472
0.0682973	8.36219	-0.233838
0.0940439	6.1792	-0.252223
0.109034	3.59769	-0.265809
0.113262	1.01469	-0.273719
0.10811	-1.23645	-0.27595
0.0949925	-3.14827	-0.273232
0.0762417	-4.5002	-0.26631
0.0534733	-5.46442	-0.256415
0.0298951	-5.65876	-0.244401
0.00736421	-5.40741	-0.231959
-0.0146635	-5.28664	-0.220071
-0.0333571	-4.48646	-0.208447
-0.0455891	-2.93569	-0.198583
-0.0493291	-0.897596	-0.192128
-0.0476368	0.406162	-0.190155
-0.0442658	0.809037	-0.191048
-0.0394904	1.14608	-0.192827
-0.0324638	1.68639	-0.195346
-0.022537	2.38242	-0.199054
-0.0099223	3.02753	-0.204292
0.00390734	3.31912	-0.210949
0.0164302	3.00548	-0.218246
0.0285502	2.90881	-0.224854
0.0409143	2.96738	-0.23125
0.0497655	2.12429	-0.237774
0.0553307	1.33564	-0.242444
0.05736	0.487045	-0.245381
0.0555429	-0.436102	-0.246452
0.0495952	-1.42745	-0.245493
0.0383378	-2.70177	-0.242354
0.0200775	-4.38247	-0.236414
-0.0058522	-6.22314	-0.226779
-0.0368975	-7.45088	-0.213096
-0.0673337	-7.30469	-0.196714
-0.090057	-5.45359	-0.180654
-0.105602	-3.73092	-0.168664
-0.113551	-1.90758	-0.160461
-0.113779	-0.0548102	-0.156267
-0.104397	2.25172	-0.156146
-0.0847248	4.72131	-0.161097
-0.0564268	6.79151	-0.171477
-0.021241	8.44461	-0.186409
0.0119751	7.97184	-0.204976
0.0459381	8.15114	-0.222503
0.0725333	6.38283	-0.240424
0.0877598	3.65437	-0.254458
0.0927828	1.20551	-0.262492
0.0888698	-0.939123	-0.265143
0.0783078	-2.53487	-0.263078
0.0627837	-3.72578	-0.257505
0.0440494	-4.49625	-0.249313
0.0252015	-4.5235	-0.239427
0.00734132	-4.28643	-0.229482
-0.0101969	-4.20918	-0.220058
-0.0247436	-3.49121	-0.210803
-0.0339885	-2.21876	-0.203127
-0.0371142	-0.750184	-0.198249
-0.0364599	0.157043	-0.1966
-0.0340642	0.574954	-0.196945
-0.0324398	0.389858	-0.198209
-0.0279138	1.08624	-0.199066
-0.0204168	1.79928	-0.201454
-0.0107049	2.33086	-0.20541
0.000857357	2.77494	-0.210535
0.0132562	2.97572	-0.216636
0.0270849	3.31889	-0.223178
0.0407157	3.2714	-0.230476
0.051239	2.52559	-0.237668
0.058141	1.65646	-0.243221
0.0611379	0.719273	-0.246863
0.0599709	-0.280086	-0.248444
0.0539775	-1.43841	-0.247828
0.0418081	-2.92065	-0.244666
0.0215885	-4.85272	-0.238244
-0.00638111	-6.7127	-0.227575
-0.0396497	-7.98446	-0.212816
-0.0719401	-7.7497	-0.195261
-0.0968814	-5.9859	-0.178223
-0.113798	-4.05995	-0.165062
-0.122619	-2.11717	-0.156135
-0.121907	0.170937	-0.15148
-0.110474	2.74383	-0.151856
-0.089752	4.9734	-0.157889
-0.0613135	6.82524	-0.168824
-0.032775	6.84924	-0.18383
-0.00037962	7.77488	-0.198889
0.0329956	8.01006	-0.215983
0.0594817	6.35665	-0.233594
0.0751577	3.76224	-0.24757
0.0811673	1.4423	-0.255842
0.0789331	-0.536215	-0.259013
0.070158	-2.10601	-0.257834
0.0575398	-3.02838	-0.253204
0.0441305	-3.21821	-0.246545
0.0313986	-3.05567	-0.23947
0.018217	-3.16358	-0.232751
0.00403362	-3.404	-0.225796
-0.00989476	-3.34281	-0.218311
-0.021637	-2.81813	-0.210962
-0.0308561	-2.21259	-0.204766
-0.0390926	-1.97675	-0.199901
-0.0455768	-1.55621	-0.195555
-0.048933	-0.8055	-0.192133
-0.0483042	0.150918	-0.190362
-0.0433184	1.19659	-0.190694
-0.0336934	2.31	-0.193325
-0.0190682	3.51005	-0.198404
0.000410299	4.67484	-0.206121
0.0239873	5.65848	-0.216399
0.0495508	6.13525	-0.22884
0.0719164	5.36773	-0.242329
0.0898781	4.31081	-0.254131
0.0993757	2.27943	-0.263609
0.103786	1.0585	-0.26862
0.102404	-0.331721	-0.270948
0.0940846	-1.99666	-0.270218
0.076846	-4.13725	-0.265828
0.0513999	-6.10708	-0.256732
0.0200089	-7.53382	-0.243305
-0.0160016	-8.64252	-0.226741
-0.0538323	-9.07938	-0.207739
-0.0860163	-7.72416	-0.187777
-0.107866	-5.24382	-0.170794
-0.118122	-2.46161	-0.159265
-0.116898	0.293856	-0.153853
-0.105701	2.68733	-0.154499
-0.0932066	2.99857	-0.160407
-0.0758588	4.16347	-0.167
-0.054971	5.01307	-0.176154
-0.032778	5.32634	-0.187176
-0.00982075	5.50973	-0.198886
0.0139672	5.70911	-0.211
0.0347767	4.99428	-0.223552
0.049168	3.45391	-0.234533
0.0560454	1.65059	-0.242127
0.0585043	0.590118	-0.245756
0.0595121	0.241871	-0.247053
0.0594712	-0.00981278	-0.247585
0.057675	-0.431092	-0.247564
0.0532516	-1.0616	-0.246616
0.0461181	-1.71204	-0.244282
0.0357522	-2.48781	-0.240517
0.0202602	-3.71809	-0.235048
-0.00261941	-5.4911	-0.226873
-0.0310787	-6.83023	-0.2148
-0.0597763	-6.88742	-0.199783
-0.0828185	-5.53012	-0.18464
-0.0989124	-3.86255	-0.172481
-0.107602	-2.08547	-0.163989
-0.108888	-0.308738	-0.159404
-0.101996	1.65408	-0.158725
-0.0853997	3.98318	-0.162361
-0.0593853	6.24344	-0.171119
-0.0257713	8.06737	-0.184846
0.00418431	7.18935	-0.202583
0.0369012	7.85204	-0.21839
0.0660767	7.00213	-0.235654
0.0852093	4.59182	-0.251049
0.0934613	1.9805	-0.261144
0.0920754	-0.332631	-0.265499
0.0823443	-2.33545	-0.264767
0.0658893	-3.9492	-0.259633
0.0442787	-5.18655	-0.25095
0.0216929	-5.4206	-0.239546
-0.00028365	-5.27437	-0.227628
-0.0208421	-4.93402	-0.216032
-0.0368557	-3.84326	-0.205184
-0.0457166	-2.12664	-0.196734
-0.0461081	-0.0939508	-0.192058
-0.0408294	1.26689	-0.191852
-0.0336166	1.73106	-0.194637
-0.0255774	1.92942	-0.198443
-0.0165366	2.16979	-0.202685
-0.00693969	2.30326	-0.207456
0.00210742	2.17131	-0.21252
0.009306	1.72766	-0.217294
0.0148057	1.31993	-0.221092
0.0188778	0.977309	-0.223994
0.0233613	1.07603	-0.226143
0.0280743	1.13112	-0.228509
0.031172	0.743456	-0.230995
0.0314487	0.0663992	-0.23263
0.0284875	-0.710668	-0.232776
0.0215	-1.67702	-0.231213
0.00947491	-2.88601	-0.227526
-0.00890337	-4.41079	-0.221181
-0.0319918	-5.54123	-0.211483
-0.0559796	-5.75705	-0.1993
-0.075089	-4.58627	-0.186642
-0.0879181	-3.07897	-0.176559
-0.0944237	-1.56136	-0.169789
-0.095004	-0.139273	-0.166356
-0.0897927	1.25073	-0.16605
-0.07775	2.89024	-0.1688
-0.0580982	4.71645	-0.175155
-0.0317774	6.31698	-0.185524
0.00024348	7.68501	-0.199413
0.0365276	8.70818	-0.21631
0.0711189	8.30192	-0.235456
0.0984968	6.57069	-0.253709
0.116045	4.21149	-0.268155
0.123212	1.7201	-0.277415
0.124487	0.305969	-0.281196
0.117303	-1.72401	-0.281869
0.102799	-3.4811	-0.278079
0.0823689	-4.90315	-0.270425
0.0574404	-5.98284	-0.259645
0.0312313	-6.29017	-0.246491
0.00607741	-6.03694	-0.232661
-0.0192355	-6.07509	-0.219388
-0.0414092	-5.32169	-0.206031
-0.0567616	-3.68459	-0.19433
-0.0635037	-1.61809	-0.186229
-0.063063	0.10577	-0.182672
-0.058836	1.01448	-0.182904
-0.0527873	1.45168	-0.185135
-0.0448441	1.90638	-0.188326
-0.0340123	2.59963	-0.192518
-0.0199405	3.37722	-0.198233
-0.00269751	4.13833	-0.205659
0.0152884	4.31662	-0.214757
0.031176	3.81301	-0.224248
0.0433269	2.91622	-0.232631
0.0525173	2.20571	-0.239043
0.0594193	1.65648	-0.243893
0.0621686	0.659836	-0.247535
0.0579179	-1.02019	-0.248985
0.0497216	-1.9671	-0.246742
0.0375048	-2.93204	-0.242417
0.0203299	-4.12198	-0.235971
-0.00162026	-5.26803	-0.226908
-0.0289191	-6.55173	-0.215326
-0.0575247	-6.86534	-0.200921
-0.0822542	-5.93507	-0.185826
-0.101456	-4.60832	-0.172777
-0.114812	-3.20553	-0.162645
-0.121592	-1.6273	-0.155597
-0.121461	0.0314634	-0.152019
-0.11363	1.87944	-0.152089
-0.101581	2.89179	-0.156221
-0.0829414	4.47352	-0.162579
-0.057736	6.0493	-0.172414
-0.02667	7.45585	-0.185715
0.00956181	8.69562	-0.202107
0.0487083	9.39515	-0.221226
0.0827516	8.17041	-0.241882
0.105514	5.46287	-0.259846
0.1178	2.94876	-0.271857
0.120927	0.750408	-0.27834
0.116111	-1.15582	-0.27999
0.104536	-2.77806	-0.277449
0.087603	-4.06386	-0.271341
0.0675301	-4.81748	-0.262406
0.0475168	-4.8032	-0.251814
0.028621	-4.53499	-0.241253
0.00904306	-4.6987	-0.231283
-0.0117943	-5.00097	-0.220952
-0.031072	-4.62664	-0.209956
-0.0458252	-3.54078	-0.199784
-0.054927	-2.18441	-0.191999
-0.0611427	-1.49177	-0.187197
-0.0648451	-0.888577	-0.183917
-0.0655	-0.157169	-0.181963
-0.0624125	0.740987	-0.181617
-0.0552843	1.71077	-0.183247
-0.0439378	2.72316	-0.187008
-0.0281051	3.79985	-0.192995
-0.00712316	5.03567	-0.20135
0.0204087	6.60765	-0.212421
0.0502975	7.17331	-0.226949
0.0767321	6.34432	-0.24272
0.0979244	5.08615	-0.256669
0.113598	3.76161	-0.267852
0.123559	2.39078	-0.276122
0.127317	0.901713	-0.281379
0.122986	-1.03923	-0.283361
0.109323	-3.27933	-0.281076
0.0875252	-5.23137	-0.273866
0.0590241	-6.84028	-0.262364
0.0252536	-8.10491	-0.247325
-0.0123686	-9.02933	-0.229505
-0.0519127	-9.49059	-0.209653
-0.0847752	-7.887	-0.188787
-0.105077	-4.87249	-0.171446
-0.113329	-1.98043	-0.160733
-0.111134	0.526731	-0.156379
-0.100078	2.65364	-0.157537
-0.081924	4.35684	-0.163371
-0.0597562	5.32027	-0.17295
-0.0369195	5.48081	-0.184648
-0.0142458	5.44169	-0.196698
0.00493877	4.6043	-0.208662
0.0223653	4.18237	-0.218785
0.0352941	3.10292	-0.227981
0.0417492	1.54922	-0.234803
0.0427637	0.243478	-0.238209
0.0424262	-0.0810011	-0.238744
0.0425872	0.0386342	-0.238566
0.042096	-0.117893	-0.238651
0.0399556	-0.513696	-0.238392
0.0330458	-1.65834	-0.237263
0.0228445	-2.44831	-0.233617
0.00808881	-3.54137	-0.228234
-0.0108906	-4.55505	-0.220447
-0.0333778	-5.39694	-0.210432
-0.0553193	-5.26596	-0.198567
-0.0719965	-4.00252	-0.186989
-0.0837361	-2.81752	-0.178189
-0.0902095	-1.55362	-0.171994
-0.0914612	-0.30039	-0.168578
-0.0875426	0.940451	-0.167917
-0.0776887	2.36494	-0.169985
-0.0603977	4.14984	-0.175185
-0.0358012	5.90316	-0.184309
-0.00515025	7.35622	-0.197288
0.0306024	8.58063	-0.213461
0.0655647	8.39095	-0.232327
0.0932381	6.64162	-0.250776
0.11196	4.49322	-0.265378
0.1198	1.8817	-0.275257
0.117352	-0.5877	-0.279394
0.105977	-2.72983	-0.278102
0.0870713	-4.53743	-0.2721
0.0621304	-5.98581	-0.262124
0.032702	-7.06283	-0.248963
0.00174279	-7.4302	-0.233435
-0.0276265	-7.04863	-0.217098
-0.0512837	-5.67774	-0.201601
-0.0648912	-3.26579	-0.189118
-0.0676302	-0.657353	-0.181937
-0.0616931	1.42489	-0.180492
-0.0493782	2.95559	-0.183625
-0.0347047	3.52165	-0.190123
-0.0190522	3.75661	-0.197866
-0.00208608	4.07186	-0.206125
0.0141811	3.90411	-0.215078
0.0273076	3.15036	-0.223661
0.0351395	1.87966	-0.230588
0.0363315	0.286082	-0.234721
0.0322373	-0.982619	-0.23535
0.0263256	-1.41881	-0.233189
0.0202125	-1.46713	-0.23007
0.0131203	-1.70214	-0.226844
0.00641183	-1.61003	-0.223102
-0.000569547	-1.67553	-0.219562
-0.0073827	-1.63516	-0.215878
-0.0133886	-1.44142	-0.212283
-0.0191761	-1.38899	-0.209114
-0.0288813	-2.32926	-0.20606
-0.0387388	-2.36579	-0.200938
-0.0461026	-1.7673	-0.195737
-0.0488673	-0.66354	-0.191851
-0.0468288	0.489244	-0.190392
-0.0397011	1.71064	-0.191468
-0.0271837	3.00417	-0.195229
-0.00866376	4.44479	-0.201834
0.0162344	5.97555	-0.211607
0.0442833	6.73175	-0.224745
0.0662922	5.28212	-0.239545
0.0834699	4.12266	-0.251159
0.095584	2.90739	-0.260223
0.101591	1.44161	-0.266615
0.101909	0.0762772	-0.269785
0.0943009	-1.82584	-0.269952
0.0778878	-3.93913	-0.265938
0.0542746	-5.66718	-0.257277
0.0251258	-6.99571	-0.244817
-0.00869921	-8.118	-0.229436
-0.0455369	-8.84104	-0.211588
-0.0781035	-7.81598	-0.192149
-0.099985	-5.25158	-0.174965
-0.109397	-2.25898	-0.163419
-0.107468	0.463139	-0.158452
-0.0960622	2.73733	-0.15947
-0.0768509	4.61071	-0.165488
-0.0517254	6.03012	-0.175626
-0.0297969	5.26283	-0.188884
-0.00749272	5.353	-0.200455
0.0148139	5.3536	-0.212224
0.0336671	4.52475	-0.223995
0.045933	2.94382	-0.233943
0.0506242	1.12589	-0.240415
0.0493984	-0.294201	-0.242891
0.0453327	-0.975752	-0.242244
0.0416655	-0.880142	-0.240098
0.0376576	-0.961881	-0.238163
0.0322011	-1.30956	-0.236048
0.0245205	-1.84336	-0.233169
0.0138881	-2.55176	-0.229116
0.000601156	-3.18888	-0.223506
-0.0165264	-4.11061	-0.216495
-0.037065	-4.92926	-0.207457
-0.0572131	-4.83554	-0.196619
-0.0726797	-3.71198	-0.185988
-0.0830648	-2.49244	-0.177826
-0.0880562	-1.19793	-0.172346
-0.0872854	0.184994	-0.169713
-0.0802937	1.67801	-0.170119
-0.0653192	3.59387	-0.173809
-0.0422278	5.54193	-0.18171
-0.0187226	5.64126	-0.193895
0.0103421	6.97552	-0.206298
0.041552	7.49039	-0.221635
0.0697364	6.76424	-0.238103
0.0915114	5.22601	-0.252975
0.104232	3.05289	-0.264465
0.106434	0.528588	-0.271177
0.0991064	-1.75868	-0.27234
0.0853192	-3.30893	-0.268473
0.0648711	-4.90753	-0.261198
0.0387009	-6.28086	-0.250408
0.00847753	-7.2536	-0.236599
-0.0227528	-7.49529	-0.22065
-0.0485825	-6.19911	-0.204171
-0.0645708	-3.8372	-0.190541
-0.0698403	-1.26467	-0.182105
-0.0659691	0.929073	-0.179324
-0.0545151	2.74896	-0.181367
-0.0380412	3.95374	-0.187411
-0.0204553	4.22063	-0.196104
-0.00264888	4.27353	-0.205383
0.0135135	3.87896	-0.214779
0.0255386	2.88604	-0.223308
0.0314403	1.4164	-0.229653
0.0301957	-0.298708	-0.232767
0.0230147	-1.72344	-0.23211
0.0126339	-2.49138	-0.228321
0.00365046	-2.15603	-0.222843
-0.00271521	-1.52776	-0.218103
-0.00555554	-0.681678	-0.214744
-0.00515022	0.097277	-0.213245
-0.00213942	0.722592	-0.213459
0.00261432	1.1409	-0.215048
0.00627401	0.878327	-0.217556
0.00477612	-0.359495	-0.219487
-0.0020822	-1.646	-0.218697
-0.0128801	-2.5915	-0.215078
-0.025403	-3.0055	-0.20938
-0.0368957	-2.75824	-0.202772
-0.0444893	-1.82246	-0.196708
-0.0456545	-0.279656	-0.192701
-0.0390453	1.58621	-0.192086
-0.0228083	3.89689	-0.195573
0.00249206	6.07208	-0.204141
0.0330546	7.33502	-0.217491
0.0630304	7.19419	-0.233619
0.0800586	4.08676	-0.249436
0.0911768	2.66837	-0.258421
0.094498	0.797082	-0.264288
0.0882316	-1.50394	-0.26604
0.0734918	-3.53754	-0.262734
0.0529428	-4.93176	-0.254956
0.0270047	-6.22516	-0.244113
-0.00304421	-7.21173	-0.230426
-0.035912	-7.88826	-0.21457
-0.0634619	-6.612	-0.197227
-0.0783225	-3.56652	-0.182689
-0.0819483	-0.870193	-0.174848
-0.0760507	1.4154	-0.172934
-0.0623298	3.29303	-0.176046
-0.0426366	4.72636	-0.183287
-0.0207393	5.25535	-0.193678
-0.00460402	3.87248	-0.205233
0.00993881	3.49028	-0.213747
0.0207596	2.59699	-0.221421
0.0262124	1.30867	-0.22713
0.0255748	-0.153017	-0.230008
0.0194883	-1.46076	-0.229671
0.0111204	-2.00829	-0.22646
0.00491154	-1.49014	-0.222044
0.00137472	-0.848837	-0.218768
0.000739668	-0.152413	-0.216901
0.00399968	0.782404	-0.216566
0.00888354	1.17213	-0.218286
0.0133963	1.08306	-0.220864
0.013736	0.081519	-0.223245
0.00426084	-2.27403	-0.223424
-0.0111931	-3.70893	-0.218424
-0.0294951	-4.39248	-0.21027
-0.0468016	-4.15356	-0.200612
-0.0590734	-2.94523	-0.19148
-0.064659	-1.34055	-0.185004
-0.063054	0.385208	-0.182057
-0.0523272	2.57443	-0.182904
-0.0318172	4.92239	-0.188564
-0.00966653	5.31617	-0.199387
0.0171569	6.43762	-0.211075
0.0447217	6.61554	-0.225229
0.0682219	5.64006	-0.239774
0.0845572	3.92048	-0.252174
0.0912479	1.60576	-0.260794
0.0881696	-0.738794	-0.264325
0.0764955	-2.80178	-0.2627
0.0595828	-4.05906	-0.25654
0.0365369	-5.53101	-0.247616
0.00934459	-6.52616	-0.235455
-0.0207514	-7.22305	-0.221106
-0.0474432	-6.40603	-0.205226
-0.0644846	-4.08993	-0.191141
-0.0707861	-1.51236	-0.182149
-0.0679496	0.680775	-0.178824
-0.0571319	2.59624	-0.18032
-0.0402937	4.04115	-0.186029
-0.0208571	4.66479	-0.194914
-0.0015353	4.63723	-0.20517
0.0154427	4.07472	-0.215365
0.0276283	2.92455	-0.224324
0.0330151	1.29283	-0.230754
0.0306709	-0.562607	-0.233596
0.0222233	-2.02743	-0.232359
0.0100031	-2.93286	-0.227902
-0.000972325	-2.63409	-0.221454
-0.00774306	-1.62498	-0.215662
-0.0095334	-0.429681	-0.212089
-0.00573186	0.912368	-0.211145
-0.00329144	0.585701	-0.213151
0.000993827	1.02846	-0.214438
0.00548947	1.07896	-0.2167
0.00655193	0.254988	-0.219072
0.0029508	-0.86427	-0.219632
-0.00462983	-1.81935	-0.217732
-0.0147	-2.41683	-0.213732
-0.0240755	-2.25014	-0.208418
-0.0315028	-1.78253	-0.203471
-0.0350029	-0.84004	-0.199552
-0.0327108	0.550117	-0.197705
-0.0221581	2.53263	-0.198914
-0.00267611	4.67569	-0.204483
0.020519	5.56683	-0.214763
0.0421054	5.18074	-0.227002
0.0596185	4.20315	-0.238393
0.0716134	2.87877	-0.247634
0.0774859	1.40939	-0.253963
0.0750682	-0.58025	-0.257062
0.0631861	-2.85169	-0.255786
0.0430318	-4.83704	-0.249516
0.0159408	-6.50184	-0.238881
-0.0151556	-7.46313	-0.224586
-0.0480521	-7.89516	-0.208178
-0.0758949	-6.68227	-0.190819
