0.195908	-15.0753	-2.83266
0.114096	-19.6349	-2.17446
0.0177258	-23.1288	-1.31723
-0.0857728	-24.8397	-0.307507
-0.179745	-22.5533	0.776875
-0.242669	-15.1017	1.76141
-0.276119	-8.02813	2.42062
-0.282812	-1.60619	2.77102
-0.265376	4.18444	2.84105
-0.226065	9.43479	2.65829
-0.16687	14.2068	2.24633
-0.0895648	18.5532	1.62607
0.00373695	22.3924	0.816082
0.107958	25.0131	-0.161482
0.198816	21.8059	-1.25342
0.257413	14.0631	-2.20532
0.284048	6.39254	-2.81917
0.281335	-0.651073	-3.09815
0.252107	-7.01487	-3.06963
0.199258	-12.6837	-2.7633
0.125595	-17.6791	-2.20951
0.0336106	-22.0762	-1.43766
-0.0745011	-25.9468	-0.473884
-0.186291	-26.8296	0.658836
-0.274861	-21.2568	1.83006
-0.338917	-15.3735	2.75797
-0.377362	-9.2266	3.42901
-0.390439	-3.13847	3.83169
-0.37966	2.58682	3.96858
-0.346741	7.90068	3.85553
-0.293546	12.7666	3.51051
-0.222015	17.1674	2.95308
-0.133926	21.1414	2.20355
-0.0308911	24.7284	1.28055
0.084612	27.7207	0.200999
0.197476	27.0874	-1.00915
0.280148	19.8412	-2.19162
0.294174	3.36621	-3.05772
0.296861	0.644992	-3.20457
0.283755	-3.14557	-3.23263
0.256228	-6.6063	-3.09521
0.215813	-9.69962	-2.80672
0.155192	-14.549	-2.3832
0.0775213	-18.6411	-1.74799
-0.0136177	-21.8734	-0.934159
-0.110393	-23.226	0.0207493
-0.190632	-19.2573	1.03468
-0.239837	-11.8093	1.87532
-0.260876	-5.04937	2.3908
-0.256357	1.08467	2.61116
-0.228453	6.69696	2.56372
-0.179174	11.827	2.27129
-0.110318	16.5253	1.75492
-0.0233784	20.8656	1.03345
0.0802772	24.8773	0.122538
0.166297	20.6447	-0.963483
0.2245	13.9688	-1.8647
0.245722	5.09336	-2.47444
0.248515	0.6702	-2.69672
0.233651	-3.56737	-2.72589
0.20264	-7.44266	-2.57007
0.148363	-13.0264	-2.24508
0.0734565	-17.9776	-1.67635
-0.019487	-22.3064	-0.891488
-0.122647	-24.7584	0.0823247
-0.21131	-21.2792	1.16315
-0.269478	-13.9603	2.09205
-0.299295	-7.15604	2.70142
-0.303126	-0.919504	3.01374
-0.283517	4.70617	3.05379
-0.242771	9.77912	2.84825
-0.183005	14.3439	2.42125
-0.106107	18.4556	1.795
-0.0140933	22.0832	0.989267
0.0901534	25.0192	0.0251973
0.186926	23.2253	-1.06701
0.253573	15.9954	-2.08088
0.288883	8.47442	-2.77909
0.295247	1.52741	-3.14895
0.275447	-4.75205	-3.21553
0.232171	-10.3863	-3.00799
0.168054	-15.388	-2.55448
0.0854961	-19.814	-1.88264
0.0131128	-17.372	-1.01761
-0.0628259	-18.2253	-0.259203
-0.134412	-17.1808	0.536428
-0.1785	-10.5811	1.28644
-0.193557	-3.61351	1.74831
-0.18198	2.77831	1.90601
-0.156618	6.08689	1.78466
-0.108525	11.5424	1.51888
-0.0399179	16.4657	1.01496
0.0473081	20.9342	0.296118
0.142088	22.7473	-0.617773
0.219536	18.5874	-1.61078
0.267506	11.5127	-2.42217
0.283963	3.94976	-2.92468
0.27119	-3.06546	-3.09701
0.232539	-9.27632	-2.9631
0.171315	-14.6937	-2.55805
0.090529	-19.3887	-1.91651
-0.00722884	-23.4619	-1.07004
-0.0745599	-16.1595	-0.0457853
-0.139841	-15.6675	0.659656
-0.185058	-10.8519	1.3436
-0.208366	-5.59396	1.8173
-0.208413	-0.0113876	2.06145
-0.184552	5.72669	2.06188
-0.137657	11.2549	1.81182
-0.0691063	16.4521	1.32043
0.0193947	21.2402	0.602179
0.123211	24.9158	-0.32508
0.216962	22.5004	-1.41277
0.283988	16.0861	-2.39497
0.322747	9.30225	-3.09714
0.332333	2.30062	-3.50313
0.314267	-4.33594	-3.60346
0.271482	-10.2684	-3.41406
0.207271	-15.4107	-2.96569
0.124635	-19.8325	-2.29285
0.0260747	-23.6545	-1.42699
-0.08608	-26.9171	-0.394311
-0.196616	-26.5285	0.780766
-0.279075	-19.7902	1.93884
-0.332524	-12.8278	2.80272
-0.358409	-6.21248	3.36263
-0.358786	-0.0905388	3.63373
-0.335826	5.51046	3.63758
-0.291386	10.6656	3.39691
-0.227283	15.3847	2.9312
-0.145517	19.624	2.25949
-0.0481881	23.3588	1.40273
0.0616571	26.3628	0.382965
0.173073	26.7399	-0.767913
0.255729	19.8375	-1.93522
0.303585	11.4853	-2.80116
0.31871	3.63	-3.30246
0.317538	-0.281114	-3.46082
0.290631	-6.45768	-3.44845
0.239713	-12.2203	-3.16643
0.168112	-17.1844	-2.63286
0.0789624	-21.3958	-1.88259
-0.0266193	-25.3396	-0.948499
-0.083201	-13.5796	0.157727
-0.125578	-10.1704	0.750539
-0.143059	-4.19546	1.1945
-0.157055	-3.35916	1.37762
-0.146537	2.52425	1.52422
-0.113486	7.93225	1.41398
-0.0598173	12.8806	1.06765
0.0127026	17.4048	0.505321
0.0981015	20.4957	-0.254498
0.174775	18.4017	-1.14923
0.225578	12.1926	-1.95252
0.247579	5.28035	-2.48472
0.242615	-1.19144	-2.71516
0.213169	-7.0669	-2.66306
0.162023	-12.2753	-2.35448
0.0916804	-16.8821	-1.81853
0.00451626	-20.9194	-1.08148
-0.0942581	-23.7058	-0.168217
-0.186581	-22.1576	0.866664
-0.252023	-15.706	1.83392
-0.290388	-9.20756	2.51951
-0.307664	-4.14632	2.92139
-0.300136	1.80681	3.10231
-0.26965	7.31663	3.02333
-0.21794	12.4104	2.70384
-0.146593	17.1233	2.16198
-0.0573308	21.4228	1.4144
0.0469172	25.0195	0.479141
0.157472	26.5332	-0.613097
0.243153	20.5635	-1.77138
0.295159	12.4814	-2.66902
0.315339	4.84305	-3.21382
0.306417	-2.14117	-3.42514
0.271187	-8.45527	-3.33156
0.212492	-14.0867	-2.96234
0.133073	-19.0607	-2.3473
0.035697	-23.3701	-1.51513
-0.0763252	-26.8853	-0.494865
-0.187723	-26.7356	0.678827
-0.268786	-19.455	1.84594
-0.319869	-12.2601	2.69519
-0.343601	-5.69568	3.23032
-0.342611	0.23777	3.47887
-0.319167	5.62646	3.46838
-0.275297	10.5287	3.22265
-0.212939	14.9661	2.76292
-0.134042	18.9352	2.1095
-0.0412764	22.2638	1.28282
0.0627669	24.9704	0.310855
0.167119	25.0445	-0.779233
0.24503	18.6986	-1.87252
0.291198	11.0805	-2.68875
0.307661	3.95101	-3.17238
0.296957	-2.56893	-3.34477
0.261606	-8.4843	-3.23252
0.204117	-13.7973	-2.86203
0.126796	-18.557	-2.25963
0.0321452	-22.7162	-1.44945
-0.0759585	-25.9449	-0.457734
-0.180729	-25.1449	0.674902
-0.255078	-17.8437	1.77258
-0.299096	-10.5644	2.55149
-0.315426	-3.91936	3.0126
-0.306669	2.10184	3.1836
-0.275138	7.56741	3.09175
-0.222995	12.5143	2.7613
-0.152412	16.94	2.21491
-0.0653965	20.8837	1.47533
0.0357395	24.2726	0.563607
0.143928	25.9651	-0.49603
0.22899	20.415	-1.62952
0.280594	12.3848	-2.52068
0.300871	4.86647	-3.06126
0.292684	-1.96467	-3.27361
0.258879	-8.11333	-3.18775
0.202365	-13.5634	-2.83346
0.125896	-18.3525	-2.24127
0.0318645	-22.5675	-1.44002
-0.0777025	-26.2961	-0.45479
-0.190036	-26.9602	0.693177
-0.278239	-21.1686	1.8701
-0.339802	-14.7752	2.79416
-0.374116	-8.23539	3.43908
-0.382386	-1.98477	3.79849
-0.373497	2.13336	3.88502
-0.350651	5.48312	3.79176
-0.315299	8.48451	3.55228
-0.260564	13.1364	3.18178
-0.188642	17.2614	2.60822
-0.101714	20.8627	1.8546
-0.00267091	23.7703	0.943782
0.105909	26.0592	-0.0939357
0.202995	23.3007	-1.23154
0.268251	15.6613	-2.24869
0.301639	8.01312	-2.93232
0.305463	0.917811	-3.28204
0.282523	-5.50552	-3.322
0.235493	-11.2873	-3.08156
0.166909	-16.4601	-2.58872
0.0791018	-21.0738	-1.87007
-0.0250476	-24.9959	-0.950043
-0.137089	-26.89	0.141178
-0.231025	-22.5446	1.31505
-0.294339	-15.1953	2.2992
-0.328996	-8.31773	2.96248
-0.337097	-1.9442	3.32549
-0.320996	3.86435	3.41027
-0.282923	9.13746	3.24146
-0.225069	13.8849	2.84247
-0.149466	18.1448	2.23624
-0.0737508	18.1716	1.44406
0.0137206	20.9931	0.650739
0.112239	23.6444	-0.265734
0.196845	20.3055	-1.29792
0.250754	12.9382	-2.18431
0.274232	5.63467	-2.74906
0.269781	-1.06834	-2.99496
0.239988	-7.15031	-2.94823
0.187525	-12.591	-2.63599
0.115044	-17.3956	-2.08625
0.0253106	-21.5359	-1.32678
-0.0771626	-24.5936	-0.386591
-0.175153	-23.5176	0.68705
-0.242411	-16.1421	1.71369
-0.279734	-8.95738	2.41832
-0.290136	-2.49651	2.80928
-0.276471	3.27948	2.91817
-0.24115	8.47717	2.77492
-0.186241	13.1781	2.40476
-0.113403	17.4811	1.8294
-0.0252742	21.151	1.06621
0.0745119	23.9487	0.142837
0.169503	22.7978	-0.902644
0.235677	15.8819	-1.89785
0.269641	8.15128	-2.59111
0.273566	0.942135	-2.94688
0.250324	-5.57818	-2.98791
0.202744	-11.4192	-2.74431
0.133652	-16.582	-2.24572
0.0456321	-21.1249	-1.52176
-0.059177	-25.1542	-0.599512
-0.170074	-26.6154	0.49861
-0.257193	-20.9084	1.66049
-0.31489	-13.8472	2.57319
-0.344527	-7.11299	3.17761
-0.348044	-0.844023	3.48803
-0.327787	4.86168	3.52477
-0.285976	10.0345	3.31242
-0.224767	14.6902	2.87427
-0.146096	18.881	2.23288
-0.0517099	22.6528	1.40856
0.0563557	25.9357	0.419617
0.168298	26.8661	-0.712617
0.253932	20.5522	-1.88543
0.306622	12.6456	-2.78258
0.328587	5.27156	-3.33453
0.322552	-1.4483	-3.56456
0.291222	-7.51917	-3.50122
0.237361	-12.9268	-3.17287
0.163602	-17.702	-2.60845
0.0722755	-21.9184	-1.83559
-0.0344909	-25.6239	-0.878687
-0.149109	-27.5084	0.23995
-0.243242	-22.5919	1.44082
-0.305795	-15.0127	2.42702
-0.339439	-8.07466	3.08232
-0.346625	-1.72468	3.43473
-0.329807	4.03632	3.50991
-0.291173	9.27216	3.3336
-0.256525	8.31571	2.92872
-0.210381	11.0743	2.56561
-0.151101	14.2272	2.08208
-0.076777	17.8378	1.46093
0.00846595	20.4583	0.682177
0.100988	22.2052	-0.210949
0.163927	15.1054	-1.18031
0.204575	9.75564	-1.8397
0.214263	2.325	-2.26552
0.195705	-4.45397	-2.36695
0.151707	-10.5595	-2.17244
0.0851951	-15.9628	-1.7114
-0.00123052	-20.7422	-1.01449
-0.10206	-24.199	-0.108961
-0.197927	-23.0081	0.947448
-0.269537	-17.1865	1.95184
-0.317902	-11.6074	2.70205
-0.342282	-5.85129	3.20869
-0.342116	0.039803	3.46403
-0.318447	5.68057	3.46218
-0.272973	10.9138	3.21409
-0.20752	15.7086	2.73755
-0.123919	20.0644	2.05171
-0.0237594	24.0383	1.17574
0.0914307	27.6456	0.126318
0.20443	27.1197	-1.08055
0.287759	19.9991	-2.26443
0.339226	12.3519	-3.13742
0.360898	5.20144	-3.67654
0.355562	-1.28081	-3.9035
0.325857	-7.12916	-3.84746
0.274371	-12.3567	-3.53612
0.203503	-17.0082	-2.99658
0.116567	-20.8648	-2.254
0.0177895	-23.7065	-1.34308
-0.0871531	-25.1862	-0.308133
-0.182385	-22.8556	0.791379
-0.246811	-15.4622	1.78911
-0.282332	-8.52504	2.46406
-0.291698	-2.24798	2.83614
-0.277433	3.42352	2.93419
-0.24162	8.59527	2.78465
-0.18137	14.46	2.40934
-0.102542	18.9187	1.77802
-0.00645653	23.0606	0.952068
0.103604	26.4146	-0.0546667
0.204127	24.1254	-1.20779
0.256005	12.4508	-2.26095
0.276021	4.80381	-2.80441
0.266836	-2.20435	-3.01404
0.23613	-7.36954	-2.91771
0.186501	-11.9108	-2.59591
0.116161	-16.8818	-2.07586
0.0626963	-12.8315	-1.33882
0.00226435	-14.5037	-0.778627
-0.0664842	-16.4996	-0.145446
-0.126671	-14.4448	0.574849
-0.160777	-8.18538	1.20542
-0.167773	-1.6791	1.56271
-0.149802	4.31292	1.63597
-0.108826	9.83441	1.44764
-0.0467272	14.9036	1.01827
0.0346853	19.539	0.367625
0.125865	21.883	-0.485359
0.203374	18.6023	-1.44064
0.25532	12.4669	-2.25268
0.279553	5.81608	-2.79685
0.275762	-0.909993	-3.05067
0.24595	-7.15484	-3.01085
0.193101	-12.6836	-2.69841
0.120318	-17.468	-2.14462
0.0307607	-21.4938	-1.382
-0.0721016	-24.6869	-0.443643
-0.174956	-24.6851	0.634077
-0.252227	-18.5451	1.71168
-0.304335	-12.5058	2.52121
-0.332513	-6.76272	3.06707
-0.336757	-1.01857	3.3622
-0.317826	4.54324	3.40657
-0.277074	9.78063	3.20813
-0.216144	14.6232	2.78106
-0.136713	19.0635	2.1426
-0.0410531	22.9583	1.31032
0.067121	25.9618	0.308037
0.174164	25.6904	-0.825331
0.252119	18.709	-1.94682
0.296377	10.622	-2.7635
0.309313	3.10465	-3.22711
0.29396	-3.68455	-3.36254
0.2533	-9.75848	-3.20159
0.190264	-15.1286	-2.77549
0.107498	-19.8639	-2.11496
0.0076713	-23.9584	-1.24774
-0.104113	-26.8281	-0.201802
-0.206829	-24.652	0.969384
-0.278478	-17.1956	2.04554
-0.321352	-10.2899	2.79614
-0.337507	-3.87717	3.24526
-0.329242	1.98359	3.41442
-0.298667	7.33791	3.32772
-0.247863	12.193	3.00728
-0.178801	16.5749	2.47491
-0.093333	20.5124	1.75126
0.00694876	24.0676	0.855738
0.119637	27.0451	-0.194957
0.21958	23.9864	-1.3756
0.286429	16.0438	-2.42268
0.321063	8.31212	-3.123
0.326021	1.18997	-3.48577
0.304353	-5.20043	-3.53761
0.259014	-10.8814	-3.31047
0.192942	-15.8572	-2.83534
0.108866	-20.1783	-2.14301
0.00963471	-23.8154	-1.26206
-0.100691	-26.4781	-0.222364
-0.20444	-24.8999	0.93354
-0.280025	-18.1404	2.02051
-0.327246	-11.333	2.81237
-0.336255	-2.16202	3.30703
-0.338535	-0.547166	3.40131
-0.31714	5.1348	3.42509
-0.274048	10.3419	3.20083
-0.211205	15.0824	2.74925
-0.13043	19.386	2.09075
-0.0334172	23.2831	1.24439
0.0770468	26.5114	0.227933
0.185656	26.0663	-0.929424
0.263934	18.7866	-2.06732
0.309003	10.8165	-2.88738
0.323111	3.38594	-3.35948
0.309183	-3.34271	-3.50719
0.270102	-9.37947	-3.36116
0.208722	-14.7311	-2.95159
0.127641	-19.4593	-2.30842
0.0290094	-23.6717	-1.45885
-0.0849332	-27.3462	-0.42542
-0.198435	-27.2404	0.768389
-0.215886	-4.18818	1.95754
-0.208742	1.71448	2.14032
-0.178303	7.30535	2.06541
-0.126099	12.529	1.74643
-0.0537972	17.3524	1.19942
0.0368434	21.7537	0.44187
0.138086	24.2982	-0.5078
0.223751	20.5597	-1.56852
0.283655	14.3769	-2.466
0.317883	8.21469	-3.09355
0.325108	1.73392	-3.45206
0.305575	-4.6879	-3.52765
0.261525	-10.5719	-3.32289
0.195938	-15.7409	-2.86127
0.111851	-20.1809	-2.17402
0.0118352	-24.0037	-1.29295
-0.100207	-26.8901	-0.245034
-0.206496	-25.5094	0.928858
-0.226885	-4.89337	2.04244
-0.224732	0.516774	2.256
-0.200188	5.89057	2.23337
-0.153582	11.1854	1.97615
-0.085923	16.2381	1.48779
0.00154351	20.992	0.77887
0.105882	25.0413	-0.137555
0.205512	23.911	-1.23072
0.200911	-1.10419	-2.27452
0.172019	-6.93401	-2.22625
0.120713	-12.3135	-1.92347
0.0496687	-17.0505	-1.38587
-0.0380186	-21.045	-0.641487
-0.132687	-22.7204	0.277249
-0.210957	-18.7848	1.2691
-0.263691	-12.6562	2.08911
-0.268708	-1.20416	2.64155
-0.251277	4.18356	2.69403
-0.212518	9.30201	2.51132
-0.154066	14.0285	2.10516
-0.0778272	18.2974	1.49269
0.0141916	22.0845	0.693869
0.1174	24.7699	-0.270249
0.206268	21.3284	-1.35157
0.263283	13.6837	-2.28262
0.288928	6.15478	-2.8799
0.285791	-0.75283	-3.1485
0.256633	-6.99808	-3.11554
0.20445	-12.5239	-2.80994
0.132252	-17.3276	-2.26313
0.0433553	-21.3351	-1.50662
-0.0576586	-24.2433	-0.575193
-0.158092	-24.1041	0.483164
-0.231292	-17.5679	1.53541
-0.274844	-10.4526	2.30229
-0.291406	-3.97497	2.75852
-0.283668	1.85723	2.93196
-0.253932	7.13667	2.8508
-0.204275	11.9176	2.53916
-0.136671	16.2249	2.01882
-0.0535674	19.9449	1.31046
0.0414944	22.8148	0.439727
0.140226	23.6955	-0.556266
0.215586	18.0865	-1.59067
0.25899	10.4169	-2.38019
0.272543	3.25277	-2.83486
0.258912	-3.27133	-2.97677
0.220807	-9.14539	-2.83387
0.160977	-14.3592	-2.43454
0.0819957	-18.9554	-1.80762
-0.0140014	-23.0393	-0.980064
-0.097208	-19.9696	0.0257437
-0.170365	-17.5577	0.897514
-0.216771	-11.1374	1.66397
-0.236242	-4.67308	2.15012
-0.230764	1.31463	2.35405
-0.202278	6.83682	2.29659
-0.15276	11.8842	1.99806
-0.0843591	16.4163	1.4792
-6.43385e-05	20.2307	0.7625
0.095295	22.8862	-0.120693
0.179769	20.2739	-1.11979
0.234361	13.1021	-2.0048
0.258143	5.70754	-2.57671
0.253574	-1.09657	-2.82579
0.223102	-7.31314	-2.77783
0.169358	-12.8986	-2.45849
0.0952984	-17.7744	-1.89533
0.00497694	-21.6771	-1.11934
-0.094296	-23.8255	-0.172987
-0.183976	-21.5231	0.867118
-0.244387	-14.4987	1.80668
-0.276713	-7.75828	2.43957
-0.283101	-1.53309	2.77818
-0.265846	4.14125	2.84502
-0.227052	9.31044	2.66415
-0.168761	13.99	2.25762
-0.0928644	18.2152	1.64682
-0.00106538	22.0318	0.851589
0.103509	25.0979	-0.110231
0.197675	22.5999	-1.20587
0.260533	15.0859	-2.19243
0.291867	7.52005	-2.85094
0.294021	0.517031	-3.17914
0.269906	-5.78763	-3.20161
0.222338	-11.4163	-2.94885
0.154083	-16.3812	-2.45038
0.0676524	-20.7433	-1.73518
-0.0349295	-24.6197	-0.829583
-0.145935	-26.6414	0.245211
-0.201084	-13.2356	1.40823
-0.231318	-7.25627	1.98599
-0.236093	-1.14598	2.3027
-0.216128	4.79161	2.35265
-0.173078	10.332	2.1434
-0.108608	15.4728	1.6923
-0.0242462	20.2468	1.01678
0.0787825	24.7269	0.132878
0.185472	25.6054	-0.946574
0.270505	20.4079	-2.06435
0.328262	13.8618	-2.95519
0.357711	7.0677	-3.56023
0.35958	0.448602	-3.86866
0.335838	-5.69809	-3.88813
0.288879	-11.2703	-3.63926
0.221314	-16.2155	-3.14714
0.13598	-20.4801	-2.43916
0.0358667	-24.0272	-1.54502
-0.0752216	-26.6612	-0.496071
-0.183052	-25.8792	0.667837
-0.22018	-8.91071	1.79757
-0.229975	-2.35091	2.18651
-0.214765	3.6505	2.28907
-0.176494	9.18495	2.12964
-0.117236	14.222	1.72861
-0.03911	18.7502	1.10769
0.0557452	22.7652	0.289125
0.155177	23.8637	-0.704697
0.232781	18.6249	-1.74644
0.278401	10.9487	-2.55946
0.291884	3.23597	-3.03734
0.275935	-3.82788	-3.17852
0.233833	-10.1044	-3.01131
0.168854	-15.595	-2.57011
0.0839746	-20.371	-1.88924
-0.0182004	-24.522	-0.999883
-0.13244	-27.4174	0.0706534
-0.235375	-24.7045	1.26756
-0.312525	-18.5159	2.34599
-0.364138	-12.3871	3.15423
-0.389907	-6.18458	3.69489
-0.390651	-0.178737	3.96476
-0.36831	5.36195	3.97244
-0.324887	10.4216	3.73824
-0.262344	15.0103	3.28318
-0.182635	19.13	2.6278
-0.088013	22.7093	1.7926
0.0186153	25.5908	0.801175
0.133747	27.6316	-0.316012
0.231461	23.4514	-1.52226
0.296105	15.5146	-2.54598
0.32953	8.02199	-3.22318
0.333994	1.07146	-3.57328
0.312279	-5.21158	-3.61995
0.267022	-10.8617	-3.39232
0.201165	-15.8059	-2.91805
0.118603	-19.8148	-2.22796
0.0255132	-22.3416	-1.36288
-0.0730935	-23.6656	-0.387518
-0.163834	-21.7777	0.645614
-0.224185	-14.4842	1.5963
-0.255182	-7.43931	2.22855
-0.259739	-1.09361	2.55325
-0.240594	4.59464	2.60091
-0.200008	9.7406	2.40025
-0.139942	14.4159	1.97495
-0.062561	18.5715	1.34557
0.0299213	22.1958	0.534794
0.130314	24.0942	-0.434176
0.209212	18.9355	-1.48599
0.253851	10.7135	-2.31257
0.266684	3.07995	-2.7802
0.250795	-3.81348	-2.91457
0.209265	-9.96727	-2.748
0.145209	-15.3734	-2.31279
0.0615789	-20.0711	-1.6416
-0.0390558	-24.1523	-0.765343
-0.148349	-26.2305	0.289049
-0.241074	-22.254	1.43413
-0.309799	-16.4939	2.40558
-0.356374	-11.1782	3.12554
-0.380264	-5.73348	3.61343
-0.380264	0	3.86361
-0.35701	5.58105	3.86349
-0.312036	10.7938	3.61973
-0.247056	15.595	3.14842
-0.163905	19.9563	2.46753
-0.0644085	23.8792	1.59626
0.0496838	27.3822	0.553771
0.172674	29.5177	-0.641611
0.270916	23.5782	-1.93018
0.335673	15.5415	-2.95942
0.368934	7.98279	-3.63779
0.373431	1.07908	-3.98617
0.352193	-5.09697	-4.03315
0.308026	-10.6	-3.81052
0.247807	-14.4526	-3.34766
0.175513	-17.3507	-2.71663
0.0881107	-20.9764	-1.9591
-0.011388	-23.8797	-1.04332
-0.11636	-25.1933	-0.000820707
-0.204943	-21.26	1.09899
-0.262404	-13.7905	2.02706
-0.291822	-7.06041	2.62902
-0.295662	-0.921557	2.93716
-0.276239	4.66161	2.9773
-0.235441	9.79153	2.77371
-0.17504	14.4962	2.34618
-0.0974116	18.6308	1.71327
-0.00622531	21.8847	0.899898
0.0949334	24.2781	-0.0555043
0.185844	21.8186	-1.11536
0.245401	14.2936	-2.06781
0.27237	6.47251	-2.69173
0.269076	-0.790561	-2.97421
0.238112	-7.43122	-2.9396
0.182374	-13.3773	-2.6151
0.104839	-18.6082	-2.03104
0.00830404	-23.1685	-1.21864
-0.102892	-26.6871	-0.207182
-0.209615	-25.6136	0.957847
-0.287529	-18.6993	2.07597
-0.336937	-11.8579	2.89223
-0.35965	-5.45119	3.40979
-0.357913	0.41687	3.64766
-0.333824	5.78141	3.62935
-0.289326	10.6796	3.37685
-0.2261	15.1741	2.91053
-0.145767	19.2801	2.24802
-0.0503617	22.8971	1.40628
0.0571254	25.7969	0.406662
0.16786	26.5762	-0.719511
0.25326	20.4961	-1.87967
0.307097	12.9208	-2.77437
0.331277	5.80324	-3.33834
0.328197	-0.739335	-3.59158
0.300251	-6.70684	-3.55919
0.249861	-12.0936	-3.26629
0.179438	-16.9015	-2.73825
0.0923745	-20.8953	-2.00033
-0.00574455	-23.5486	-1.08808
-0.107266	-24.3651	-0.0600391
-0.193255	-20.6375	1.00362
-0.247686	-13.0634	1.90451
-0.253134	-1.30758	2.47474
-0.233913	4.61298	2.53174
-0.192065	10.0437	2.33029
-0.129505	15.0143	1.89176
-0.0479565	19.5716	1.23625
0.0511751	23.7916	0.381816
0.15866	25.7964	-0.656814
0.243216	20.2935	-1.78293
0.293481	12.0636	-2.66878
0.311388	4.29766	-3.19533
0.299935	-2.74866	-3.38285
0.262295	-9.03352	-3.26275
0.201643	-14.5565	-2.86829
0.12101	-19.3519	-2.23274
0.0230576	-23.5087	-1.38787
-0.0377495	-14.5937	-0.361559
-0.103244	-15.7186	0.275539
-0.156669	-12.8221	0.961724
-0.188324	-7.59716	1.52144
-0.196795	-2.03317	1.85305
-0.18063	3.87958	1.94175
-0.140694	9.58463	1.77233
-0.0784955	14.9277	1.35386
0.00440984	19.8973	0.702147
0.10449	24.0193	-0.166488
0.200611	23.0689	-1.21504
0.273447	17.4808	-2.22207
0.319292	11.0026	-2.98513
0.33641	4.10845	-3.46535
0.32609	-2.47684	-3.6446
0.291005	-8.42046	-3.53636
0.234131	-13.6497	-3.16866
0.158227	-18.2169	-2.57268
0.0657276	-22.1999	-1.77735
-0.0412345	-25.6709	-0.808158
-0.154353	-27.1484	0.312528
-0.246205	-22.0444	1.49768
-0.308006	-14.8324	2.45998
-0.341742	-8.09665	3.10741
-0.349549	-1.87356	3.46077
-0.333615	3.82397	3.54246
-0.295987	9.0309	3.37541
-0.238731	13.7412	2.98106
-0.163933	17.9516	2.3811
-0.0740374	21.575	1.59735
0.027866	24.4568	0.655452
0.136812	26.147	-0.412227
0.22463	21.0762	-1.55366
0.2782	12.857	-2.47369
0.299396	5.08695	-3.03488
0.290947	-2.02781	-3.25686
0.255601	-8.48288	-3.16824
0.196359	-14.2182	-2.79782
0.116228	-19.2313	-2.17704
0.0179918	-23.5768	-1.33743
-0.0947665	-27.062	-0.308148
-0.204432	-26.3198	0.87325
-0.284686	-19.2609	2.02221
-0.335255	-12.1366	2.86298
-0.358363	-5.546	3.39271
-0.356532	0.439404	3.63472
-0.331997	5.88841	3.61542
-0.286795	10.8484	3.35825
-0.222699	15.3831	2.88456
-0.14157	19.4709	2.21293
-0.0458707	22.9679	1.36286
0.0613595	25.7353	0.360157
0.169993	26.072	-0.763324
0.252195	19.7285	-1.90147
0.302544	12.0838	-2.76266
0.323067	4.92558	-3.29009
0.316294	-1.62556	-3.50501
0.28474	-7.57306	-3.43394
0.230917	-12.9174	-3.10323
0.157174	-17.6985	-2.53923
0.0663022	-21.8092	-1.76653
-0.0368012	-24.7448	-0.814395
-0.141162	-25.0466	0.265863
-0.222035	-19.4095	1.35926
-0.271914	-11.971	2.20654
-0.29368	-5.22372	2.72906
-0.289997	0.883825	2.95702
-0.263177	6.43679	2.91835
-0.215381	11.471	2.63726
-0.148591	16.0295	2.13641
-0.0650513	20.0496	1.43658
0.0329808	23.5277	0.561273
0.138675	25.3666	-0.465843
0.221592	19.9001	-1.57321
0.270125	11.6479	-2.44189
0.286623	3.95958	-2.9503
0.274117	-3.00158	-3.12307
0.235671	-9.22699	-2.99194
0.174399	-14.7053	-2.58904
0.0932533	-19.4749	-1.947
-0.00519609	-23.6278	-1.09677
-0.116583	-26.7328	-0.0652627
-0.220563	-24.9553	1.10176
-0.299575	-18.9628	2.19115
-0.355031	-13.3095	3.0189
-0.385779	-7.37935	3.59983
-0.391445	-1.35991	3.92186
-0.373495	4.30786	3.98111
-0.333649	9.56316	3.79293
-0.273774	14.37	3.37533
-0.195803	18.7131	2.74791
-0.101504	22.6317	1.93091
0.00743554	26.1455	0.942864
0.127822	28.8928	-0.198543
0.234132	25.5142	-1.45985
0.306752	17.4288	-2.57362
0.347494	9.77817	-3.3344
0.35889	2.73511	-3.76116
0.343839	-3.61229	-3.88044
0.305073	-9.30372	-3.72263
0.245197	-14.3705	-3.31636
0.166587	-18.8662	-2.68892
0.0720611	-22.6863	-1.86523
-0.0333936	-25.3091	-0.874807
-0.141704	-25.9945	0.230088
-0.219178	-18.5937	1.36487
-0.266242	-11.2952	2.17654
-0.285782	-4.6896	2.66956
-0.280374	1.29782	2.8742
-0.252127	6.77935	2.81746
-0.202932	11.8068	2.52142
-0.134463	16.4323	2.00592
-0.0487542	20.5702	1.2885
0.0504247	23.8029	0.390474
0.151525	24.2642	-0.648651
0.226662	18.0328	-1.70788
0.268395	10.0159	-2.49505
0.278696	2.47234	-2.93221
0.260448	-4.37956	-3.04005
0.216504	-10.5465	-2.84877
0.149778	-16.0142	-2.38827
0.0630774	-20.8083	-1.6891
-0.0411219	-25.0078	-0.780666
-0.15473	-27.2659	0.311072
-0.251573	-23.2424	1.50135
-0.32352	-17.2673	2.51595
-0.370196	-11.2021	3.26968
-0.391149	-5.02875	3.7586
-0.387796	0.804718	3.97802
-0.361915	6.21147	3.94276
-0.315373	11.1701	3.67148
-0.249937	15.7045	3.18374
-0.16716	19.8664	2.49806
-0.0687118	23.6277	1.63072
0.0429165	26.7908	0.599208
0.162374	28.6699	-0.570359
0.258027	22.9566	-1.82192
0.321157	15.1512	-2.82403
0.353707	7.81204	-3.48537
0.357929	1.01339	-3.82629
0.336508	-5.14106	-3.87041
0.291934	-10.6978	-3.64586
0.226854	-15.6192	-3.17874
0.144432	-19.7814	-2.49678
0.0506951	-22.4967	-1.63315
-0.049212	-23.9777	-0.65101
-0.146645	-23.3839	0.395754
-0.217909	-17.1033	1.41656
-0.259122	-9.89124	2.16316
-0.273131	-3.36204	2.5949
-0.262539	2.54187	2.74159
-0.24763	3.5782	2.63054
-0.224405	5.57414	2.47425
-0.194711	7.1266	2.23084
-0.162015	7.847	1.91966
-0.0980042	15.3625	1.57704
-0.0203718	18.6318	0.906343
0.0675476	21.1006	0.0929471
0.150071	19.8057	-0.828202
0.205075	13.2009	-1.69279
0.227695	5.42886	-2.26902
0.220381	-1.7555	-2.50595
0.185876	-8.28108	-2.42923
0.127226	-14.0761	-2.06765
0.0474492	-19.1464	-1.4531
-0.050754	-23.5688	-0.617217
-0.156738	-25.4362	0.411694
-0.244155	-20.9799	1.5221
-0.308523	-15.4483	2.43793
-0.351168	-10.2348	3.11225
-0.371624	-4.90951	3.55895
-0.369097	0.60636	3.77316
-0.36649	0.625848	3.74658
-0.347253	4.61672	3.71914
-0.30975	9.00091	3.51749
-0.256107	12.8743	3.12444
-0.188106	16.3202	2.56232
-0.107469	19.353	1.84979
-0.0171938	21.6659	1.00488
0.0781319	22.8782	0.0590255
0.168719	21.7408	-0.93972
0.232467	15.2996	-1.88878
0.266803	8.24055	-2.55663
0.273733	1.66334	-2.91629
0.255678	-4.33316	-2.98881
0.21492	-9.78194	-2.79956
0.154197	-14.5737	-2.37244
0.0773024	-18.4546	-1.73615
-0.0105187	-21.0771	-0.930466
-0.101007	-21.7172	-0.0103197
-0.175745	-17.9371	0.937741
-0.220309	-10.6955	1.72075
-0.237347	-4.08905	2.18761
-0.229597	1.85992	2.36605
-0.199319	7.26683	2.28479
-0.148544	12.1859	1.96748
-0.0790843	16.6704	1.43545
0.00725551	20.7216	0.70766
0.106119	23.7272	-0.196958
0.192376	20.7017	-1.23276
0.24556	12.7642	-2.13645
0.264972	4.65886	-2.6936
0.253625	-2.72333	-2.8969
0.237444	-3.88339	-2.77793
0.221608	-3.80052	-2.60831
0.201278	-4.87932	-2.44232
0.177078	-5.80801	-2.22924
0.149609	-6.59258	-1.97562
0.119187	-7.30111	-1.68776
0.0860402	-7.95535	-1.36898
0.0507628	-8.46657	-1.02165
0.014928	-8.60034	-0.652008
-0.0190753	-8.16081	-0.276541
-0.0495254	-7.30802	0.0797273
-0.0654094	-3.81215	0.398756
-0.0601128	1.27118	0.565164
-0.0318017	6.79468	0.509653
0.0156528	11.3891	0.213017
0.072417	13.6234	-0.284178
0.123574	12.2778	-0.878897
0.155859	7.74832	-1.41486
0.161735	1.41031	-1.75306
0.139742	-5.27833	-1.81458
0.0926767	-11.2958	-1.58409
0.0243639	-16.3951	-1.09093
-0.0593512	-20.0916	-0.375171
-0.0936292	-8.22673	0.501938
-0.109731	-3.86444	0.86106
-0.105951	0.907204	1.02974
-0.0835595	5.37396	0.9901
-0.0449559	9.26486	0.755471
0.0063305	12.3087	0.350991
0.0628284	13.5595	-0.186356
0.112728	11.976	-0.778288
0.147618	8.37353	-1.30107
0.16501	4.17408	-1.66658
0.165782	0.185212	-1.84875
0.151632	-3.39597	-1.85677
0.123576	-6.73336	-1.70847
0.082312	-9.90342	-1.41447
0.0285032	-12.9141	-0.982093
-0.0346553	-15.1581	-0.418298
-0.0982388	-15.26	0.243438
-0.146574	-11.6005	0.909606
-0.171548	-5.9936	1.416
-0.17527	-0.893406	1.67761
-0.170041	1.25498	1.71656
-0.185109	-3.6163	1.66172
-0.181974	0.752484	1.81954
-0.161237	4.97681	1.78663
-0.123915	8.95722	1.56931
-0.0714551	12.5904	1.17824
-0.00553692	15.8204	0.628569
0.0695071	18.0106	-0.062086
0.135007	15.7199	-0.848333
0.173265	9.18187	-1.53456
0.180701	1.78482	-1.93534
0.161381	-4.63678	-2.0132
0.121267	-9.62746	-1.81072
0.0674552	-12.9148	-1.39038
0.00451338	-15.106	-0.826539
-0.060967	-15.7153	-0.167061
-0.115543	-13.0982	0.518994
-0.143934	-6.81396	1.09078
-0.145736	-0.432387	1.38821
-0.124336	5.13596	1.40704
-0.0823086	10.0866	1.18279
-0.0215414	14.5841	0.742423
0.0538397	18.0915	0.105732
0.1268	17.5105	-0.684051
0.175824	11.7658	-1.44845
0.194882	4.57396	-1.96204
0.186874	-1.92203	-2.16165
0.15458	-7.75051	-2.07768
0.100633	-12.9474	-1.73927
0.0274594	-17.5616	-1.174
-0.0609255	-21.2124	-0.40731
-0.15199	-21.8554	0.518726
-0.222171	-16.8435	1.47281
-0.269889	-11.4523	2.20806
-0.296309	-6.34082	2.70794
-0.30056	-1.02027	2.98467
-0.282245	4.39562	3.02911
-0.242156	9.62128	2.83713
-0.181381	14.5861	2.41703
-0.10127	19.2266	1.7802
-0.00345617	23.4753	0.940811
0.109828	27.1882	-0.08403
0.217301	25.7935	-1.27093
0.297677	19.2902	-2.3969
0.348206	12.127	-3.23894
0.367807	4.70426	-3.76824
0.358302	-2.28138	-3.97349
0.322659	-8.55412	-3.87377
0.264255	-14.0171	-3.50022
0.186178	-18.7384	-2.8882
0.0911033	-22.8179	-2.07009
-0.0187036	-26.3537	-1.07391
-0.138483	-28.7471	0.0765912
-0.243057	-25.0977	1.33154
-0.316678	-17.6691	2.42714
-0.361045	-10.648	3.1984
-0.378635	-4.22167	3.66314
-0.371887	1.61957	3.84733
-0.3429	6.95692	3.77651
-0.293647	11.8208	3.47269
-0.2259	16.2592	2.95655
-0.1417	20.2079	2.24666
-0.0441997	23.4001	1.36442
0.0631667	25.7679	0.342849
0.170302	25.7125	-0.782058
0.249108	18.9135	-1.90451
0.294036	10.7826	-2.73012
0.307103	3.1361	-3.20075
0.291219	-3.8121	-3.33755
0.249272	-10.0673	-3.17103
0.18423	-15.6102	-2.73145
0.098986	-20.4585	-2.0499
-0.00366786	-24.6369	-1.15673
-0.118323	-27.5172	-0.0811681
-0.221336	-24.7232	1.12009
-0.292603	-17.1041	2.19935
-0.334506	-10.0566	2.94596
-0.349481	-3.59405	3.38489
-0.340101	2.25115	3.54168
-0.308585	7.56389	3.4433
-0.256915	12.4008	3.11299
-0.187048	16.7682	2.57154
-0.100828	20.6927	1.83945
-0.000364556	24.1112	0.936057
0.11062	26.6362	-0.116544
0.209796	23.8024	-1.27934
0.27719	16.1744	-2.31839
0.313311	8.66898	-3.02441
0.320373	1.69492	-3.40276
0.30104	-4.63985	-3.47665
0.257923	-10.3481	-3.27399
0.19361	-15.435	-2.82214
0.11048	-19.9513	-2.14824
0.0107596	-23.9328	-1.2772
-0.101473	-26.9358	-0.232377
-0.205368	-24.9349	0.943511
-0.277095	-17.2143	2.03201
-0.319043	-10.0676	2.78344
-0.333764	-3.53301	3.22286
-0.323828	2.38464	3.37699
-0.291505	7.75759	3.27278
-0.238937	12.6163	2.93403
-0.168024	17.0191	2.38317
-0.0805996	20.9818	1.64013
0.0211694	24.4246	0.724125
0.131319	26.4359	-0.342149
0.2219	21.7395	-1.4962
0.277934	13.448	-2.44518
0.301461	5.64663	-3.03218
0.295287	-1.4817	-3.27859
0.262349	-7.9053	-3.2138
0.205723	-13.5901	-2.8686
0.128412	-18.5546	-2.27523
0.0331018	-22.8746	-1.46517
-0.0781402	-26.6981	-0.466534
-0.192499	-27.4462	0.698982
-0.282284	-21.5484	1.89712
-0.345313	-15.1268	2.83776
-0.380812	-8.51979	3.49803
-0.390113	-2.23221	3.86985
-0.375288	3.55783	3.96718
-0.338362	8.86238	3.81174
-0.281405	13.6695	3.42474
-0.20635	18.0134	2.82789
-0.114861	21.9573	2.04143
-0.0087696	25.4619	1.08283
0.108886	28.2373	-0.0287439
0.21684	25.9089	-1.26144
0.292392	18.1327	-2.39245
0.335729	10.4008	-3.18396
0.349104	3.21	-3.63791
0.335253	-3.32431	-3.77792
0.296883	-9.2087	-3.63269
0.236699	-14.4444	-3.23057
0.157201	-19.0795	-2.5999
0.0608709	-23.1191	-1.76691
-0.04899	-26.3666	-0.75759
-0.160543	-26.7727	0.393465
-0.24522	-20.3226	1.56221
-0.298705	-12.8363	2.44934
-0.323935	-6.05517	3.00964
-0.323686	0.0596351	3.27388
-0.300324	5.60691	3.27118
-0.256034	10.6297	3.02631
-0.192755	15.1868	2.56218
-0.11217	19.3404	1.89912
-0.0163183	23.0045	1.05476
0.0913264	25.8347	0.0504694
0.190426	23.784	-1.07734
0.257137	16.0104	-2.1156
0.290445	7.99401	-2.81447
0.292691	0.539057	-3.16336
0.266992	-6.16786	-3.18679
0.21643	-12.1347	-2.91744
0.14412	-17.3545	-2.38761
0.0528869	-21.8959	-1.62993
-0.0550045	-25.894	-0.67401
-0.170228	-27.6536	0.456409
-0.264581	-22.6448	1.66361
-0.333156	-16.458	2.65211
-0.374977	-10.037	3.3705
-0.390327	-3.68391	3.80857
-0.381108	2.21239	3.96927
-0.349305	7.63278	3.87257
-0.296963	12.5622	3.53924
-0.226019	17.0264	2.99073
-0.138167	21.0845	2.24735
-0.0351182	24.7317	1.32684
0.0803776	27.719	0.24714
0.194221	27.3223	-0.962937
0.278203	20.1557	-2.15566
0.329764	12.3748	-3.03549
0.351019	5.10117	-3.57561
0.344574	-1.54692	-3.79819
0.313045	-7.56696	-3.73055
0.259087	-12.9498	-3.4001
0.185201	-17.7326	-2.83467
0.0940112	-21.8857	-2.06047
-0.0106019	-25.1072	-1.10499
-0.125859	-27.6618	-0.00890314
-0.223623	-23.4632	1.19867
-0.28922	-15.7433	2.22292
-0.32586	-8.79354	2.91012
-0.3361	-2.4577	3.29391
-0.322353	3.29922	3.4011
-0.28662	8.57607	3.25697
-0.231506	13.2273	2.88248
-0.164631	16.0499	2.30496
-0.0835059	19.4701	1.60423
0.00814538	21.9963	0.754217
0.105689	23.4105	-0.206052
0.188403	19.8513	-1.22803
0.240596	12.5263	-2.0946
0.262516	5.26095	-2.64136
0.256701	-1.39576	-2.87095
0.225617	-7.46013	-2.80993
0.171839	-12.9067	-2.48417
0.0979782	-17.7266	-1.92065
0.00555685	-22.1811	-1.14674
-0.101416	-25.6734	-0.178392
-0.204963	-24.8513	0.942384
-0.283582	-18.8687	2.02724
-0.336174	-12.6221	2.85088
-0.362508	-6.32014	3.40181
-0.363799	-0.309713	3.67761
-0.341861	5.26515	3.69102
-0.298572	10.3893	3.46106
-0.235915	15.0376	3.00741
-0.155823	19.2221	2.35085
-0.0599605	23.007	1.51164
0.0501884	26.4357	0.507225
0.167646	28.1898	-0.646838
0.260178	22.2077	-1.87744
0.31999	14.3548	-2.84686
0.349205	7.01168	-3.47343
0.350321	0.267727	-3.77941
0.326219	-5.78443	-3.79098
0.279584	-11.1923	-3.53835
0.212956	-15.9909	-3.04964
0.129237	-20.0924	-2.35147
0.0312198	-23.5242	-1.47426
-0.0777057	-26.1421	-0.447271
-0.182526	-25.157	0.693974
-0.256802	-17.8262	1.79218
-0.301578	-10.7462	2.57032
-0.319462	-4.29213	3.03937
-0.312881	1.5794	3.22665
-0.283907	6.95378	3.1576
-0.234461	11.8671	2.85394
-0.166256	16.369	2.33579
-0.0824157	20.1218	1.62113
-0.0107194	17.2071	0.74267
0.0713055	19.686	-0.00852706
0.145361	17.7734	-0.867916
0.192254	11.2543	-1.64379
0.208453	3.88766	-2.13504
0.196608	-2.84267	-2.30469
0.159379	-8.93511	-2.18052
0.0994726	-14.3775	-1.79039
0.0197558	-19.132	-1.16269
-0.0741338	-22.5335	-0.327446
-0.164729	-21.7429	0.656262
-0.227128	-14.9757	1.60543
-0.261407	-8.22699	2.25914
-0.269838	-2.02346	2.61822
-0.254884	3.58897	2.70647
-0.218743	8.674	2.54971
-0.163443	13.272	2.17097
-0.0908728	17.4168	1.59152
-0.00295107	21.1012	0.831145
0.0967199	23.921	-0.0900512
0.186293	21.4976	-1.13432
0.245535	14.2181	-2.07276
0.274013	6.83469	-2.69338
0.274193	0.0430965	-2.99167
0.248967	-6.05415	-2.99346
0.201062	-11.4972	-2.72907
0.133112	-16.3081	-2.22708
0.0702218	-15.0936	-1.51508
0.0062777	-15.3466	-0.856124
-0.0661452	-17.3815	-0.186144
-0.133561	-16.1798	0.57265
-0.176132	-10.217	1.27896
-0.19167	-3.72908	1.72494
-0.182006	2.31935	1.88768
-0.148994	7.92275	1.78637
-0.094401	13.1024	1.44045
-0.0199134	17.877	0.868425
0.0712624	21.8822	0.0879789
0.16171	21.7075	-0.867288
0.226292	15.4995	-1.8149
0.258837	7.8108	-2.49147
0.260845	0.482072	-2.83238
0.23525	-6.14295	-2.85333
0.18514	-12.0262	-2.58507
0.113501	-17.1934	-2.05999
0.0228861	-21.7476	-1.30935
-0.0832739	-25.4784	-0.35992
-0.189541	-25.504	0.752348
-0.269364	-19.1575	1.8657
-0.320907	-12.3705	2.70196
-0.345707	-5.95184	3.24191
-0.345978	-0.0651663	3.50164
-0.324171	5.2337	3.50438
-0.282488	10.004	3.27579
-0.222984	14.2809	2.83897
-0.147778	18.0495	2.21545
-0.0600413	21.0568	1.42743
0.0381816	23.5735	0.50816
0.141832	24.8761	-0.520953
0.222779	19.4272	-1.6069
0.271668	11.7334	-2.45494
0.29058	4.53888	-2.96709
0.282186	-2.01452	-3.16514
0.249135	-7.93237	-3.0771
0.194047	-13.2209	-2.73072
0.119539	-17.882	-2.15347
0.0299806	-21.494	-1.37277
-0.0681513	-23.5517	-0.434409
-0.159947	-22.0309	0.59375
-0.221711	-14.8235	1.55549
-0.253987	-7.74615	2.20256
-0.259706	-1.37257	2.54065
-0.24166	4.33108	2.60049
-0.202192	9.47221	2.41134
-0.14333	14.127	1.99776
-0.0667779	18.3724	1.38098
0.0257127	22.1977	0.578893
0.112947	20.9361	-0.390164
0.183371	16.9018	-1.30412
0.223886	9.72369	-2.04192
0.235273	2.7329	-2.46634
0.220226	-3.61134	-2.58557
0.181349	-9.3305	-2.42784
0.121239	-14.4264	-2.02044
0.0430347	-18.769	-1.3906
-0.0501726	-22.3697	-0.571197
-0.147816	-23.4344	0.40537
-0.224951	-18.5125	1.42839
-0.274955	-12.0007	2.2365
-0.298007	-5.53266	2.76033
-0.295888	0.508583	3.00177
-0.270578	6.07447	2.97947
-0.224045	11.168	2.7142
-0.15825	15.7907	2.22658
-0.0752834	19.9119	1.53717
0.0211319	23.1397	0.66787
0.125582	25.068	-0.34231
0.211449	20.6081	-1.43664
0.264158	12.65	-2.33624
0.285712	5.17311	-2.8884
0.278878	-1.64017	-3.11415
0.246394	-7.79623	-3.04245
0.190965	-13.303	-2.70201
0.115025	-18.2254	-2.12119
0.0210557	-22.5527	-1.32549
-0.0864472	-25.8007	-0.340913
-0.189299	-24.6843	0.785424
-0.262965	-17.68	1.86299
-0.308027	-10.8149	2.63475
-0.326343	-4.39574	3.10679
-0.320056	1.50891	3.2986
-0.291205	6.92426	3.23262
-0.241905	11.8319	2.93025
-0.174259	16.235	2.41363
-0.090236	20.1656	1.70482
0.00868706	23.7415	0.824446
0.119926	26.6974	-0.212012
0.218127	23.5681	-1.37748
0.282795	15.5204	-2.4063
0.314817	7.68528	-3.08376
0.316981	0.519404	-3.41917
0.2925	-5.87545	-3.44174
0.244457	-11.5303	-3.18514
0.175792	-16.4797	-2.68168
0.0891451	-20.7951	-1.96218
-0.0130211	-24.5199	-1.05431
-0.125473	-26.9884	0.0161343
-0.226294	-24.197	1.19431
-0.300502	-17.81	2.25059
-0.348534	-11.5277	3.02802
-0.370334	-5.23209	3.53116
-0.367454	0.691325	3.75946
-0.341695	6.18209	3.72917
-0.294903	11.2302	3.45917
-0.228919	15.836	2.96881
-0.145498	20.0212	2.2774
-0.046875	23.6694	1.40331
0.063485	26.4864	0.369981
0.174576	26.6619	-0.78629
0.257476	19.8958	-1.95019
0.307095	11.9087	-2.81868
0.325579	4.43606	-3.33847
0.31579	-2.3494	-3.53202
0.280515	-8.46595	-3.42935
0.222479	-13.9287	-3.05966
0.144115	-18.8073	-2.45151
0.0481891	-23.0222	-1.6304
-0.0610698	-26.2221	-0.625321
-0.171135	-26.4156	0.519423
-0.2537	-19.8157	1.67258
-0.306673	-12.7135	2.53758
-0.332085	-6.0989	3.09251
-0.332085	0	3.35866
-0.308962	5.54942	3.35855
-0.264939	10.5656	3.11619
-0.202227	15.0508	2.65486
-0.122929	19.0315	1.99773
-0.0287223	22.6097	1.16685
0.0789804	25.8486	0.179794
0.184097	25.228	-0.948631
0.258608	17.8825	-2.04993
0.299632	9.84571	-2.83052
0.309868	2.4568	-3.26025
0.292456	-4.17889	-3.3674
0.250479	-10.0744	-3.18487
0.186952	-15.2466	-2.74497
0.104652	-19.752	-2.0793
0.00594281	-23.6903	-1.21697
-0.105173	-26.6679	-0.182732
-0.210213	-25.2095	0.981458
-0.288727	-18.8433	2.08195
-0.342354	-12.8705	2.90449
-0.370704	-6.80396	3.46626
-0.373999	-0.790854	3.76318
-0.353868	4.8314	3.79759
-0.312018	10.0442	3.58656
-0.250223	14.8307	3.14797
-0.170243	19.1952	2.50044
-0.0739137	23.119	1.6624
0.0356377	26.2923	0.653089
0.152436	28.0315	-0.49472
0.245598	22.3591	-1.71841
0.304793	14.2067	-2.69445
0.332182	6.57338	-3.31455
0.330597	-0.380423	-3.60141
0.302843	-6.66085	-3.58469
0.251709	-12.2723	-3.2938
0.179737	-17.2733	-2.75796
0.0894422	-21.6707	-2.0038
-0.0157436	-25.2446	-1.05771
-0.0236886	-1.90679	0.0443707
-0.0238378	-0.0357973	0.127611
-0.0146589	2.20293	0.12917
0.00320667	4.28773	0.0329975
0.0265	5.59041	-0.154184
0.0498053	5.59327	-0.398227
0.066546	4.01776	-0.642388
0.0565537	-2.39817	-0.817763
0.0359294	-4.94983	-0.713046
0.00734975	-6.85911	-0.496939
-0.0267559	-8.18537	-0.19749
-0.060784	-8.16674	0.159848
-0.087473	-6.40535	0.516362
-0.0988322	-2.72622	0.795971
-0.0933492	1.31593	0.914959
-0.0709083	5.38582	0.857485
-0.0328063	9.14448	0.622342
0.0181735	12.2352	0.223122
0.0713259	12.7566	-0.311009
0.111564	9.65711	-0.867885
0.128493	4.06298	-1.28944
0.120404	-1.94145	-1.46677
0.0893938	-7.44233	-1.38197
0.0399872	-11.8576	-1.05703
-0.0201871	-14.4418	-0.539356
-0.0800157	-14.3589	0.0911177
-0.12351	-10.4387	0.71795
-0.140328	-4.03611	1.17363
-0.131808	2.04461	1.34979
-0.100673	7.47238	1.26049
-0.049262	12.3387	0.934248
0.0198965	16.598	0.395573
0.096862	18.4717	-0.329024
0.158627	14.8235	-1.1354
0.191363	7.85672	-1.78248
0.196957	1.34258	-2.12541
0.176591	-4.88778	-2.18395
0.132701	-10.5336	-1.97051
0.0678318	-15.5687	-1.51061
0.00656812	-14.7033	-0.830909
-0.0648667	-17.1444	-0.189012
-0.135109	-16.8582	0.559429
-0.185884	-12.1859	1.29535
-0.215479	-7.10276	1.82729
-0.224135	-2.07758	2.1373
-0.211591	3.01046	2.22793
-0.177954	8.07307	2.09644
-0.124097	12.9256	1.74395
-0.051368	17.455	1.17963
0.0386815	21.6119	0.417601
0.11122	17.4093	-0.525875
0.166287	13.2161	-1.28586
0.193842	6.61325	-1.86277
0.193134	-0.170116	-2.15141
0.166328	-6.43342	-2.14392
0.140639	-6.16523	-1.863
0.0985167	-10.1094	-1.5938
0.0411808	-13.7606	-1.15242
-0.0286566	-16.761	-0.55167
-0.104179	-18.1254	0.180045
-0.16888	-15.5282	0.971301
-0.210584	-10.009	1.64916
-0.230446	-4.76681	2.08604
-0.230112	0.0801061	2.29408
-0.210253	4.76616	2.29051
-0.170436	9.55593	2.08237
-0.110362	14.4179	1.66514
-0.0310746	19.029	1.03568
0.0656495	23.2138	0.204944
0.14751	19.6466	-0.808458
0.207573	14.415	-1.6661
0.239607	7.68825	-2.29533
0.244645	1.20909	-2.63089
0.225201	-4.66664	-2.68359
0.184072	-9.87085	-2.47979
0.142627	-9.94692	-2.0488
0.0869456	-13.3634	-1.61451
0.0204762	-15.9526	-1.03108
-0.0540385	-17.8835	-0.334634
-0.123923	-16.7724	0.446081
-0.170448	-11.166	1.17826
-0.190366	-4.78023	1.66568
-0.186753	0.867182	1.87431
-0.162881	5.72924	1.83639
-0.121801	9.85911	1.58623
-0.0660015	13.392	1.15578
0.00270328	16.4891	0.571121
0.0801164	18.5791	-0.148727
0.145878	15.7828	-0.959793
0.183034	8.91736	-1.64876
0.189379	1.52289	-2.03799
0.167615	-5.22345	-2.10441
0.120861	-11.2208	-1.87632
0.052891	-16.3129	-1.38642
-0.031078	-20.1526	-0.674237
-0.118761	-21.0439	0.205542
-0.187367	-16.4656	1.1242
-0.226643	-9.42611	1.84297
-0.23921	-3.01601	2.25441
-0.227725	2.7563	2.38601
-0.194382	8.00229	2.26561
-0.141086	12.791	1.9162
-0.0696751	17.1387	1.35775
0.0178158	20.9978	0.609522
0.115548	23.4558	-0.307154
0.197858	19.7544	-1.3311
0.24992	12.4947	-2.19344
0.272879	5.51023	-2.73883
0.269214	-0.879721	-2.97929
0.241282	-6.70364	-2.9408
0.191439	-11.9623	-2.64806
0.121887	-16.6925	-2.12576
0.0346209	-20.9438	-1.39699
-0.0670207	-24.394	-0.482645
-0.168767	-24.4191	0.582287
-0.241497	-17.4552	1.64828
-0.284693	-10.3671	2.41023
-0.300723	-3.84721	2.86274
-0.291914	2.11409	3.0306
-0.260239	7.6022	2.93821
-0.207581	12.6378	2.60625
-0.135703	17.2508	2.05447
-0.0464748	21.4148	1.30133
0.0576806	24.9973	0.366429
0.164128	25.5474	-0.724836
0.243016	18.933	-1.84008
0.287864	10.7637	-2.66654
0.300888	3.12569	-3.13635
0.285095	-3.79042	-3.2727
0.243502	-9.98232	-3.10713
0.1792	-15.4324	-2.67126
0.0949961	-20.2089	-1.99748
-0.00670378	-24.408	-1.1152
-0.121727	-27.6056	-0.0496342
-0.22898	-25.7405	1.15549
-0.31013	-19.4762	2.27915
-0.333964	-5.71998	3.12931
-0.345434	-2.75295	3.37892
-0.332937	2.99935	3.499
-0.29826	8.32255	3.36796
-0.243234	13.2061	3.00453
-0.169602	17.6718	2.42793
-0.0788893	21.771	1.65639
0.0271366	25.4462	0.705935
0.143572	27.9445	-0.404938
0.241129	23.4137	-1.62484
0.306162	15.6078	-2.64691
0.340322	8.19858	-3.32819
0.345908	1.34054	-3.68599
0.325627	-4.86734	-3.7444
0.282041	-10.4608	-3.5318
0.217617	-15.4616	-3.07503
0.135055	-19.8151	-2.39996
0.0386901	-23.1275	-1.53486
-0.0657968	-25.0769	-0.525182
-0.16582	-24.0057	0.569562
-0.190599	-5.94698	1.61751
-0.203442	-3.08222	1.87707
-0.190774	3.04028	2.01157
-0.154795	8.63491	1.87879
-0.0974822	13.7552	1.50177
-0.0205593	18.4615	0.901247
0.0739105	22.6728	0.0952851
0.170347	23.1447	-0.894494
0.242991	17.4346	-1.90485
0.283318	9.67833	-2.66589
0.291765	2.02736	-3.08832
0.271446	-4.87654	-3.17673
0.225596	-11.0041	-2.96374
0.157394	-16.3685	-2.48327
0.069791	-21.0246	-1.76863
-0.0347613	-25.0925	-0.850747
-0.149235	-27.4736	0.244692
-0.248324	-23.7815	1.44404
-0.270407	-5.2999	2.48218
-0.272213	-0.433267	2.71347
-0.253654	4.45404	2.7323
-0.214397	9.42183	2.53778
-0.155083	14.2353	2.12639
-0.0770907	18.7181	1.50489
0.0178449	22.7845	0.687702
0.12566	25.8757	-0.306975
