0.195908	-15.0753	-5.13494
0.114096	-19.6349	-3.94421
0.0177258	-23.1288	-2.39362
-0.0857728	-24.8397	-0.567355
-0.179745	-22.5533	1.39379
-0.242669	-15.1017	3.17422
-0.276119	-8.02813	4.36616
-0.282812	-1.60619	4.99952
-0.265376	4.18444	5.1258
-0.226065	9.43479	4.7949
-0.16687	14.2068	4.04952
-0.0895648	18.5532	2.92747
0.00373695	22.3924	1.4624
0.107958	25.0131	-0.305632
0.198816	21.8059	-2.28038
0.257413	14.0631	-4.0017
0.284048	6.39254	-5.11156
0.281335	-0.651073	-5.61571
0.252107	-7.01487	-5.56371
0.199258	-12.6837	-5.0093
0.125595	-17.6791	-4.0074
0.0336106	-22.0762	-2.61121
-0.0745011	-25.9468	-0.868019
-0.186291	-26.8296	1.18057
-0.274861	-21.2568	3.29863
-0.338917	-15.3735	4.9765
-0.377362	-9.2266	6.18971
-0.390439	-3.13847	6.9175
-0.37966	2.58682	7.16455
-0.346741	7.90068	6.95956
-0.293546	12.7666	6.33508
-0.222015	17.1674	5.32649
-0.133926	21.1414	3.97056
-0.0308911	24.7284	2.30103
0.084612	27.7207	0.348494
0.197476	27.0874	-1.84009
0.280148	19.8412	-3.97843
0.294174	3.36621	-5.54447
0.296861	0.644992	-5.80964
0.283755	-3.14557	-5.85995
0.256228	-6.6063	-5.61099
0.215813	-9.69962	-5.08883
0.155192	-14.549	-4.32251
0.0775213	-18.6411	-3.17341
-0.0136177	-21.8734	-1.70137
-0.110393	-23.226	0.0257111
-0.190632	-19.2573	1.8594
-0.239837	-11.8093	3.37956
-0.260876	-5.04937	4.31155
-0.256357	1.08467	4.70974
-0.228453	6.69696	4.62361
-0.179174	11.827	4.0944
-0.110318	16.5253	3.16023
-0.0233784	20.8656	1.85523
0.0802772	24.8773	0.207709
0.166297	20.6447	-1.75637
0.2245	13.9688	-3.38608
0.245722	5.09336	-4.48855
0.248515	0.6702	-4.89019
0.233651	-3.56737	-4.94258
0.20264	-7.44266	-4.66042
0.148363	-13.0264	-4.07233
0.0734565	-17.9776	-3.04347
-0.019487	-22.3064	-1.62382
-0.122647	-24.7584	0.137437
-0.21131	-21.2792	2.09209
-0.269478	-13.9603	3.77186
-0.299295	-7.15604	4.87362
-0.303126	-0.919504	5.43808
-0.283517	4.70617	5.5101
-0.242771	9.77912	5.13797
-0.183005	14.3439	4.36537
-0.106107	18.4556	3.23246
-0.0140933	22.0832	1.77506
0.0901534	25.0192	0.0314149
0.186926	23.2253	-1.94385
0.253573	15.9954	-3.77727
0.288883	8.47442	-5.0397
0.295247	1.52741	-5.70822
0.275447	-4.75205	-5.8282
0.232171	-10.3863	-5.45241
0.168054	-15.388	-4.63184
0.0854961	-19.814	-3.41648
0.0131128	-17.372	-1.85181
-0.0628259	-18.2253	-0.480098
-0.134412	-17.1808	0.958835
-0.1785	-10.5811	2.31515
-0.193557	-3.61351	3.15028
-0.18198	2.77831	3.43524
-0.156618	6.08689	3.21553
-0.108525	11.5424	2.73463
-0.0399179	16.4657	1.82308
0.0473081	20.9342	0.522924
0.142088	22.7473	-1.12988
0.219536	18.5874	-2.92565
0.267506	11.5127	-4.39281
0.283963	3.94976	-5.30128
0.27119	-3.06546	-5.61255
0.232539	-9.27632	-5.36994
0.171315	-14.6937	-4.63701
0.090529	-19.3887	-3.47645
-0.00722884	-23.4619	-1.94535
-0.0745599	-16.1595	-0.0928338
-0.139841	-15.6675	1.18296
-0.185058	-10.8519	2.41978
-0.208366	-5.59396	3.27628
-0.208413	-0.0113876	3.71758
-0.184552	5.72669	3.71809
-0.137657	11.2549	3.26558
-0.0691063	16.4521	2.37666
0.0193947	21.2402	1.07753
0.123211	24.9158	-0.599494
0.216962	22.5004	-2.56653
0.283988	16.0861	-4.34265
0.322747	9.30225	-5.61219
0.332333	2.30062	-6.346
0.314267	-4.33594	-6.52697
0.271482	-10.2684	-6.18395
0.207271	-15.4107	-5.37261
0.124635	-19.8325	-4.15538
0.0260747	-23.6545	-2.58917
-0.08608	-26.9171	-0.721375
-0.196616	-26.5285	1.4038
-0.279075	-19.7902	3.49808
-0.332524	-12.8278	5.06014
-0.358409	-6.21248	6.07236
-0.358786	-0.0905388	6.56219
-0.335826	5.51046	6.56865
-0.291386	10.6656	6.1329
-0.227283	15.3847	5.29021
-0.145517	19.624	4.07503
-0.0481881	23.3588	2.5253
0.0616571	26.3628	0.680859
0.173073	26.7399	-1.40055
0.255729	19.8375	-3.51151
0.303585	11.4853	-5.0773
0.31871	3.63	-5.98352
0.317538	-0.281114	-6.26947
0.290631	-6.45768	-6.24661
0.239713	-12.2203	-5.73612
0.168112	-17.1844	-4.77073
0.0789624	-21.3958	-3.41352
-0.0266193	-25.3396	-1.72396
-0.083201	-13.5796	0.276778
-0.125578	-10.1704	1.34886
-0.143059	-4.19546	2.15166
-0.157055	-3.35916	2.48267
-0.146537	2.52425	2.74761
-0.113486	7.93225	2.54803
-0.0598173	12.8806	1.92152
0.0127026	17.4048	0.9044
0.0981015	20.4957	-0.469797
0.174775	18.4017	-2.08788
0.225578	12.1926	-3.54046
0.247579	5.28035	-4.50269
0.242615	-1.19144	-4.9191
0.213169	-7.0669	-4.82451
0.162023	-12.2753	-4.26607
0.0916804	-16.8821	-3.29649
0.00451626	-20.9194	-1.9633
-0.0942581	-23.7058	-0.311516
-0.186581	-22.1576	1.56009
-0.252023	-15.706	3.30926
-0.290388	-9.20756	4.54889
-0.307664	-4.14632	5.27535
-0.300136	1.80681	5.60214
-0.26965	7.31663	5.4589
-0.21794	12.4104	4.88068
-0.146593	17.1233	3.90037
-0.0573308	21.4228	2.54808
0.0469172	25.0195	0.856488
0.157472	26.5332	-1.11888
0.243153	20.5635	-3.21356
0.295159	12.4814	-4.8367
0.315339	4.84305	-5.82159
0.306417	-2.14117	-6.20333
0.271187	-8.45527	-6.03363
0.212492	-14.0867	-5.36545
0.133073	-19.0607	-4.25274
0.035697	-23.3701	-2.74745
-0.0763252	-26.8853	-0.902093
-0.187723	-26.7356	1.22059
-0.268786	-19.455	3.33123
-0.319869	-12.2601	4.86684
-0.343601	-5.69568	5.83426
-0.342611	0.23777	6.28332
-0.319167	5.62646	6.26388
-0.275297	10.5287	5.81902
-0.212939	14.9661	4.98716
-0.134042	18.9352	3.80507
-0.0412764	22.2638	2.30975
0.0627669	24.9704	0.551781
0.167119	25.0445	-1.41968
0.24503	18.6986	-3.39678
0.291198	11.0805	-4.87267
0.307661	3.95101	-5.74695
0.296957	-2.56893	-6.05828
0.261606	-8.4843	-5.85482
0.204117	-13.7973	-5.18437
0.126796	-18.557	-4.09453
0.0321452	-22.7162	-2.62902
-0.0759585	-25.9449	-0.835305
-0.180729	-25.1449	1.21313
-0.255078	-17.8437	3.19818
-0.299096	-10.5644	4.6066
-0.315426	-3.91936	5.44017
-0.306669	2.10184	5.74903
-0.275138	7.56741	5.58248
-0.222995	12.5143	4.98445
-0.152412	16.94	3.99593
-0.0653965	20.8837	2.6581
0.0357395	24.2726	1.00906
0.143928	25.9651	-0.907366
0.22899	20.415	-2.95721
0.280594	12.3848	-4.56866
0.300871	4.86647	-5.54595
0.292684	-1.96467	-5.92957
0.258879	-8.11333	-5.77383
0.202365	-13.5634	-5.13267
0.125896	-18.3525	-4.06131
0.0318645	-22.5675	-2.61195
-0.0777025	-26.2961	-0.829971
-0.190036	-26.9602	1.24619
-0.278239	-21.1686	3.37455
-0.339802	-14.7752	5.04545
-0.374116	-8.23539	6.21142
-0.382386	-1.98477	6.86094
-0.373497	2.13336	7.01692
-0.350651	5.48312	6.84775
-0.315299	8.48451	6.41414
-0.260564	13.1364	5.74361
-0.188642	17.2614	4.7059
-0.101714	20.8627	3.34262
-0.00267091	23.7703	1.69516
0.105909	26.0592	-0.18167
0.202995	23.3007	-2.23902
0.268251	15.6613	-4.07836
0.301639	8.01312	-5.31438
0.305463	0.917811	-5.94645
0.282523	-5.50552	-6.01828
0.235493	-11.2873	-5.58299
0.166909	-16.4601	-4.69127
0.0791018	-21.0738	-3.39125
-0.0250476	-24.9959	-1.72713
-0.137089	-26.89	0.246473
-0.231025	-22.5446	2.36941
-0.294339	-15.1953	4.14905
-0.328996	-8.31773	5.34828
-0.337097	-1.9442	6.00439
-0.320996	3.86435	6.15726
-0.282923	9.13746	5.85152
-0.225069	13.8849	5.1295
-0.149466	18.1448	4.03275
-0.0737508	18.1716	2.5998
0.0137206	20.9931	1.16489
0.112239	23.6444	-0.492636
0.196845	20.3055	-2.3593
0.250754	12.9382	-3.96216
0.274232	5.63467	-4.98321
0.269781	-1.06834	-5.42754
0.239988	-7.15031	-5.34262
0.187525	-12.591	-4.77754
0.115044	-17.3956	-3.78298
0.0253106	-21.5359	-2.4092
-0.0771626	-24.5936	-0.708689
-0.175153	-23.5176	1.23304
-0.242411	-16.1421	3.08962
-0.279734	-8.95738	4.36371
-0.290136	-2.49651	5.07043
-0.276471	3.27948	5.267
-0.24115	8.47717	5.00753
-0.186241	13.1781	4.33773
-0.113403	17.4811	3.29687
-0.0252742	21.151	1.9164
0.0745119	23.9487	0.24633
0.169503	22.7978	-1.64444
0.235677	15.8819	-3.44414
0.269641	8.15128	-4.69764
0.273566	0.942135	-5.34069
0.250324	-5.57818	-5.4145
0.202744	-11.4192	-4.97353
0.133652	-16.582	-4.07147
0.0456321	-21.1249	-2.76189
-0.059177	-25.1542	-1.09379
-0.170074	-26.6154	0.892237
-0.257193	-20.9084	2.99342
-0.31489	-13.8472	4.64382
-0.344527	-7.11299	5.73656
-0.348044	-0.844023	6.29753
-0.327787	4.86168	6.3635
-0.285976	10.0345	5.979
-0.224767	14.6902	5.18615
-0.146096	18.881	4.02582
-0.0517099	22.6528	2.53475
0.0563557	25.9357	0.746049
0.168298	26.8661	-1.30165
0.253932	20.5522	-3.42258
0.306622	12.6456	-5.04481
0.328587	5.27156	-6.04264
0.322552	-1.4483	-6.45819
0.291222	-7.51917	-6.34316
0.237361	-12.9268	-5.74885
0.163602	-17.702	-4.72768
0.0722755	-21.9184	-3.32961
-0.0344909	-25.6239	-1.5988
-0.149109	-27.5084	0.424369
-0.243242	-22.5919	2.5961
-0.305795	-15.0127	4.37945
-0.339439	-8.07466	5.56424
-0.346625	-1.72468	6.20114
-0.329807	4.03632	6.33665
-0.291173	9.27216	6.01732
-0.256525	8.31571	5.28465
-0.210381	11.0743	4.62757
-0.151101	14.2272	3.75277
-0.076777	17.8378	2.62914
0.00846595	20.4583	1.22057
0.100988	22.2052	-0.394735
0.163927	15.1054	-2.14779
0.204575	9.75564	-3.34013
0.214263	2.325	-4.10998
0.195705	-4.45397	-4.2931
0.151707	-10.5595	-3.941
0.0851951	-15.9628	-3.10692
-0.00123052	-20.7422	-1.84633
-0.10206	-24.199	-0.208549
-0.197927	-23.0081	1.70198
-0.269537	-17.1865	3.51829
-0.317902	-11.6074	4.87479
-0.342282	-5.85129	5.79067
-0.342116	0.039803	6.25202
-0.318447	5.68057	6.24822
-0.272973	10.9138	5.79908
-0.20752	15.7086	4.93683
-0.123919	20.0644	3.69612
-0.0237594	24.0383	2.11166
0.0914307	27.6456	0.213619
0.20443	27.1197	-1.96902
0.287759	19.9991	-4.1099
0.339226	12.3519	-5.68839
0.360898	5.20144	-6.66297
0.355562	-1.28081	-7.07292
0.325857	-7.12916	-6.97105
0.274371	-12.3567	-6.40747
0.203503	-17.0082	-5.43123
0.116567	-20.8648	-4.08787
0.0177895	-23.7065	-2.44016
-0.0871531	-25.1862	-0.568285
-0.182385	-22.8556	1.42022
-0.246811	-15.4622	3.22451
-0.282332	-8.52504	4.44491
-0.291698	-2.24798	5.11749
-0.277433	3.42352	5.29443
-0.24162	8.59527	5.02359
-0.18137	14.46	4.34446
-0.102542	18.9187	3.2024
-0.00645653	23.0606	1.70844
0.103604	26.4146	-0.112366
0.204127	24.1254	-2.19778
0.256005	12.4508	-4.10224
0.276021	4.80381	-5.08479
0.266836	-2.20435	-5.46351
0.23613	-7.36954	-5.2889
0.186501	-11.9108	-4.70652
0.116161	-16.8818	-3.76566
0.0626963	-12.8315	-2.43245
0.00226435	-14.5037	-1.41916
-0.0664842	-16.4996	-0.273944
-0.126671	-14.4448	1.02873
-0.160777	-8.18538	2.16903
-0.167773	-1.6791	2.81504
-0.149802	4.31292	2.94731
-0.108826	9.83441	2.60649
-0.0467272	14.9036	1.8298
0.0346853	19.539	0.652969
0.125865	21.883	-0.889697
0.203374	18.6023	-2.61726
0.25532	12.4669	-4.08563
0.279553	5.81608	-5.06945
0.275762	-0.909993	-5.52809
0.24595	-7.15484	-5.45567
0.193101	-12.6836	-4.89022
0.120318	-17.468	-3.88833
0.0307607	-21.4938	-2.50883
-0.0721016	-24.6869	-0.811632
-0.174956	-24.6851	1.13748
-0.252227	-18.5451	3.08624
-0.304335	-12.5058	4.55004
-0.332513	-6.76272	5.53689
-0.336757	-1.01857	6.07022
-0.317826	4.54324	6.15
-0.277074	9.78063	5.79067
-0.216144	14.6232	5.01788
-0.136713	19.0635	3.86285
-0.0410531	22.9583	2.35739
0.067121	25.9618	0.544591
0.174164	25.6904	-1.50514
0.252119	18.709	-3.53323
0.296377	10.622	-5.00993
0.309313	3.10465	-5.84799
0.29396	-3.68455	-6.09249
0.2533	-9.75848	-5.80095
0.190264	-15.1286	-5.02991
0.107498	-19.8639	-3.83497
0.0076713	-23.9584	-2.26632
-0.104113	-26.8281	-0.374569
-0.206829	-24.652	1.74355
-0.278478	-17.1956	3.68963
-0.321352	-10.2899	5.04683
-0.337507	-3.87717	5.85868
-0.329242	1.98359	6.16417
-0.298667	7.33791	6.00691
-0.247863	12.193	5.42695
-0.178801	16.5749	4.46375
-0.093333	20.5124	3.1547
0.00694876	24.0676	1.53492
0.119637	27.0451	-0.365374
0.21958	23.9864	-2.50054
0.286429	16.0438	-4.39399
0.321063	8.31212	-5.66018
0.326021	1.18997	-6.31582
0.304353	-5.20043	-6.4091
0.259014	-10.8814	-5.99785
0.192942	-15.8572	-5.13813
0.108866	-20.1783	-3.88566
0.00963471	-23.8154	-2.29218
-0.100691	-26.4781	-0.411717
-0.20444	-24.8999	1.67876
-0.280025	-18.1404	3.64443
-0.327246	-11.333	5.07623
-0.336255	-2.16202	5.97043
-0.338535	-0.547166	6.14049
-0.31714	5.1348	6.18304
-0.274048	10.3419	5.777
-0.211205	15.0824	4.9599
-0.13043	19.386	3.76863
-0.0334172	23.2831	2.23771
0.0770468	26.5114	0.399287
0.185656	26.0663	-1.69382
0.263934	18.7866	-3.75156
0.309003	10.8165	-5.23436
0.323111	3.38594	-6.08777
0.309183	-3.34271	-6.35444
0.270102	-9.37947	-6.08986
0.208722	-14.7311	-5.34871
0.127641	-19.4593	-4.18513
0.0290094	-23.6717	-2.64838
-0.0849332	-27.3462	-0.779224
-0.198435	-27.2404	1.37984
-0.215886	-4.18818	3.53031
-0.208742	1.71448	3.8606
-0.178303	7.30535	3.72483
-0.126099	12.529	3.14768
-0.0537972	17.3524	2.1582
0.0368434	21.7537	0.788001
0.138086	24.2982	-0.929532
0.223751	20.5597	-2.84777
0.283655	14.3769	-4.47065
0.317883	8.21469	-5.60523
0.325108	1.73392	-6.25318
0.305575	-4.6879	-6.38941
0.261525	-10.5719	-6.01863
0.195938	-15.7409	-5.18334
0.111851	-20.1809	-3.94006
0.0118352	-24.0037	-2.34636
-0.100207	-26.8901	-0.451021
-0.206496	-25.5094	1.67199
-0.226885	-4.89337	3.68578
-0.224732	0.516774	4.07172
-0.200188	5.89057	4.03049
-0.153582	11.1854	3.56501
-0.085923	16.2381	2.68155
0.00154351	20.992	1.39927
0.105882	25.0413	-0.258184
0.205512	23.911	-2.23516
0.200911	-1.10419	-4.12269
0.172019	-6.93401	-4.03508
0.120713	-12.3135	-3.48721
0.0496687	-17.0505	-2.51469
-0.0380186	-21.045	-1.16829
-0.132687	-22.7204	0.493327
-0.210957	-18.7848	2.28704
-0.263691	-12.6562	3.76986
-0.268708	-1.20416	4.76866
-0.251277	4.18356	4.86323
-0.212518	9.30201	4.53243
-0.154066	14.0285	3.79756
-0.0778272	18.2974	2.68961
0.0141916	22.0845	1.24476
0.1174	24.7699	-0.498941
0.206268	21.3284	-2.45446
0.263283	13.6837	-4.13807
0.288928	6.15478	-5.21796
0.285791	-0.75283	-5.70332
0.256633	-6.99808	-5.64329
0.20445	-12.5239	-5.09019
0.132252	-17.3276	-4.10089
0.0433553	-21.3351	-2.73245
-0.0576586	-24.2433	-1.04776
-0.158092	-24.1041	0.866354
-0.231292	-17.5679	2.76927
-0.274844	-10.4526	4.15596
-0.291406	-3.97497	4.98075
-0.283668	1.85723	5.29404
-0.253932	7.13667	5.14686
-0.204275	11.9176	4.58288
-0.136671	16.2249	3.64151
-0.0535674	19.9449	2.36017
0.0414944	22.8148	0.785278
0.140226	23.6955	-1.01603
0.215586	18.0865	-2.88667
0.25899	10.4169	-4.31429
0.272543	3.25277	-5.13624
0.258912	-3.27133	-5.3925
0.220807	-9.14539	-5.13366
0.160977	-14.3592	-4.41109
0.0819957	-18.9554	-3.27697
-0.0140014	-23.0393	-1.7801
-0.097208	-19.9696	0.0390352
-0.170365	-17.5577	1.61563
-0.216771	-11.1374	3.00163
-0.236242	-4.67308	3.88061
-0.230764	1.31463	4.24914
-0.202278	6.83682	4.1449
-0.15276	11.8842	3.6047
-0.0843591	16.4163	2.66607
-6.43385e-05	20.2307	1.36973
0.095295	22.8862	-0.227625
0.179769	20.2739	-2.03446
0.234361	13.1021	-3.63486
0.258143	5.70754	-4.66888
0.253574	-1.09657	-5.11899
0.223102	-7.31314	-5.03188
0.169358	-12.8986	-4.45398
0.0952984	-17.7744	-3.43516
0.00497694	-21.6771	-2.03152
-0.094296	-23.8255	-0.3199
-0.183976	-21.5231	1.56115
-0.244387	-14.4987	3.26023
-0.276713	-7.75828	4.40456
-0.283101	-1.53309	5.01661
-0.265846	4.14125	5.13712
-0.227052	9.31044	4.80963
-0.168761	13.99	4.07407
-0.0928644	18.2152	2.96913
-0.00106538	22.0318	1.53074
0.103509	25.0979	-0.208823
0.197675	22.5999	-2.19027
0.260533	15.0859	-3.97429
0.291867	7.52005	-5.1649
0.294021	0.517031	-5.75806
0.269906	-5.78763	-5.79827
0.222338	-11.4163	-5.34072
0.154083	-16.3812	-4.43884
0.0676524	-20.7433	-3.14508
-0.0349295	-24.6197	-1.50707
-0.145935	-26.6414	0.436808
-0.201084	-13.2356	2.54009
-0.231318	-7.25627	3.58477
-0.236093	-1.14598	4.15728
-0.216128	4.79161	4.24731
-0.173078	10.332	3.86857
-0.108608	15.4728	3.05245
-0.0242462	20.2468	1.83056
0.0787825	24.7269	0.231888
0.185472	25.6054	-1.72031
0.270505	20.4079	-3.74167
0.328262	13.8618	-5.35247
0.357711	7.0677	-6.44629
0.35958	0.448602	-7.0036
0.335838	-5.69809	-7.03828
0.288879	-11.2703	-6.58767
0.221314	-16.2155	-5.69719
0.13598	-20.4801	-4.41638
0.0358667	-24.0272	-2.79901
-0.0752216	-26.6612	-0.901772
-0.183052	-25.8792	1.20322
-0.22018	-8.91071	3.24625
-0.229975	-2.35091	3.9494
-0.214765	3.6505	4.13459
-0.176494	9.18495	3.84595
-0.117236	14.222	3.1204
-0.03911	18.7502	1.99725
0.0557452	22.7652	0.516717
0.155177	23.8637	-1.28064
0.232781	18.6249	-3.16454
0.278401	10.9487	-4.63464
0.291884	3.23597	-5.49855
0.275935	-3.82788	-5.75344
0.233833	-10.1044	-5.45062
0.168854	-15.595	-4.65231
0.0839746	-20.371	-3.42059
-0.0182004	-24.522	-1.81195
-0.13244	-27.4174	0.124249
-0.235375	-24.7045	2.28884
-0.312525	-18.5159	4.23901
-0.364138	-12.3871	5.70039
-0.389907	-6.18458	6.67774
-0.390651	-0.178737	7.16531
-0.36831	5.36195	7.17866
-0.324887	10.4216	6.75458
-0.262344	15.0103	5.93109
-0.182635	19.13	4.74541
-0.088013	22.7093	3.2346
0.0186153	25.5908	1.44136
0.133747	27.6316	-0.579175
0.231461	23.4514	-2.76062
0.296105	15.5146	-4.61181
0.32953	8.02199	-5.83619
0.333994	1.07146	-6.4689
0.312279	-5.21158	-6.55281
0.267022	-10.8617	-6.14066
0.201165	-15.8059	-5.28249
0.118603	-19.8148	-4.03406
0.0255132	-22.3416	-2.46926
-0.0730935	-23.6656	-0.705139
-0.163834	-21.7777	1.16333
-0.224185	-14.4842	2.88255
-0.255182	-7.43931	4.02577
-0.259739	-1.09361	4.61268
-0.240594	4.59464	4.69853
-0.200008	9.7406	4.33529
-0.139942	14.4159	3.56582
-0.062561	18.5715	2.42731
0.0299213	22.1958	0.960846
0.130314	24.0942	-0.791604
0.209212	18.9355	-2.69375
0.253851	10.7135	-4.18841
0.266684	3.07995	-5.0338
0.250795	-3.81348	-5.27642
0.209265	-9.96727	-4.97479
0.145209	-15.3734	-4.18735
0.0615789	-20.0711	-2.97318
-0.0390558	-24.1523	-1.38826
-0.148349	-26.2305	0.51871
-0.241074	-22.254	2.58954
-0.309799	-16.4939	4.34622
-0.356374	-11.1782	5.64794
-0.380264	-5.73348	6.52986
-0.380264	0	6.98183
-0.35701	5.58105	6.98109
-0.312036	10.7938	6.53973
-0.247056	15.595	5.68688
-0.163905	19.9563	4.45506
-0.0644085	23.8792	2.87905
0.0496838	27.3822	0.993491
0.172674	29.5177	-1.16843
0.270916	23.5782	-3.49871
0.335673	15.5415	-5.35983
0.368934	7.98279	-6.58626
0.373431	1.07908	-7.2158
0.352193	-5.09697	-7.30023
0.308026	-10.6	-6.89706
0.247807	-14.4526	-6.05946
0.175513	-17.3507	-4.91778
0.0881107	-20.9764	-3.54743
-0.011388	-23.8797	-1.89097
-0.11636	-25.1933	-0.00547816
-0.204943	-21.26	1.98353
-0.262404	-13.7905	3.66179
-0.291822	-7.06041	4.75016
-0.295662	-0.921557	5.30708
-0.276239	4.66161	5.37928
-0.235441	9.79153	5.01068
-0.17504	14.4962	4.23711
-0.0974116	18.6308	3.09219
-0.00622531	21.8847	1.62097
0.0949334	24.2781	-0.106986
0.185844	21.8186	-2.02372
0.245401	14.2936	-3.74608
0.27237	6.47251	-4.87416
0.269076	-0.790561	-5.38464
0.238112	-7.43122	-5.32166
0.182374	-13.3773	-4.7344
0.104839	-18.6082	-3.67777
0.00830404	-23.1685	-2.20827
-0.102892	-26.6871	-0.378888
-0.209615	-25.6136	1.72809
-0.287529	-18.6993	3.75009
-0.336937	-11.8579	5.226
-0.35965	-5.45119	6.16162
-0.357913	0.41687	6.59134
-0.333824	5.78141	6.55774
-0.289326	10.6796	6.10061
-0.2261	15.1741	5.25681
-0.145767	19.2801	4.05827
-0.0503617	22.8971	2.53568
0.0571254	25.7969	0.727696
0.16786	26.5762	-1.30904
0.25326	20.4961	-3.40708
0.307097	12.9208	-5.02489
0.331277	5.80324	-6.04445
0.328197	-0.739335	-6.50197
0.300251	-6.70684	-6.44291
0.249861	-12.0936	-5.91273
0.179438	-16.9015	-4.95731
0.0923745	-20.8953	-3.62242
-0.00574455	-23.5486	-1.97236
-0.107266	-24.3651	-0.112997
-0.193255	-20.6375	1.81063
-0.247686	-13.0634	3.43976
-0.253134	-1.30758	4.47075
-0.233913	4.61298	4.57352
-0.192065	10.0437	4.20884
-0.129505	15.0143	3.41545
-0.0479565	19.5716	2.22971
0.0511751	23.7916	0.684304
0.15866	25.7964	-1.1941
0.243216	20.2935	-3.23059
0.293481	12.0636	-4.83241
0.311388	4.29766	-5.78431
0.299935	-2.74866	-6.123
0.262295	-9.03352	-5.90535
0.201643	-14.5565	-5.19153
0.12101	-19.3519	-4.04175
0.0230576	-23.5087	-2.51349
-0.0377495	-14.5937	-0.657226
-0.103244	-15.7186	0.495014
-0.156669	-12.8221	1.73594
-0.188324	-7.59716	2.74806
-0.196795	-2.03317	3.34756
-0.18063	3.87958	3.50773
-0.140694	9.58463	3.20107
-0.0784955	14.9277	2.44403
0.00440984	19.8973	1.26523
0.10449	24.0193	-0.305787
0.200611	23.0689	-2.20207
0.273447	17.4808	-4.02312
0.319292	11.0026	-5.4028
0.33641	4.10845	-6.27088
0.32609	-2.47684	-6.59458
0.291005	-8.42046	-6.39833
0.234131	-13.6497	-5.73286
0.158227	-18.2169	-4.65461
0.0657276	-22.1999	-3.2159
-0.0412345	-25.6709	-1.46289
-0.154353	-27.1484	0.563979
-0.246205	-22.0444	2.70728
-0.308006	-14.8324	4.44739
-0.341742	-8.09665	5.61793
-0.349549	-1.87356	6.25657
-0.333615	3.82397	6.40383
-0.295987	9.0309	6.10125
-0.238731	13.7412	5.38762
-0.163933	17.9516	4.30219
-0.0740374	21.575	2.88446
0.027866	24.4568	1.18082
0.136812	26.147	-0.75016
0.22463	21.0762	-2.81438
0.2782	12.857	-4.47804
0.299396	5.08695	-5.49262
0.290947	-2.02781	-5.89365
0.255601	-8.48288	-5.73293
0.196359	-14.2182	-5.06261
0.116228	-19.2313	-3.93955
0.0179918	-23.5768	-2.42083
-0.0947665	-27.062	-0.55919
-0.204432	-26.3198	1.57741
-0.284686	-19.2609	3.65518
-0.335255	-12.1366	5.17543
-0.358363	-5.546	6.13306
-0.356532	0.439404	6.57027
-0.331997	5.88841	6.53489
-0.286795	10.8484	6.06931
-0.222699	15.3831	5.21219
-0.14157	19.4709	3.99715
-0.0458707	22.9679	2.45951
0.0613595	25.7353	0.645942
0.169993	26.072	-1.38592
0.252195	19.7285	-3.44414
0.302544	12.0838	-5.00134
0.323067	4.92558	-5.95482
0.316294	-1.62556	-6.34307
0.28474	-7.57306	-6.21406
0.230917	-12.9174	-5.61551
0.157174	-17.6985	-4.59509
0.0663022	-21.8092	-3.19731
-0.0368012	-24.7448	-1.47515
-0.141162	-25.0466	0.478604
-0.222035	-19.4095	2.45598
-0.271914	-11.971	3.9881
-0.29368	-5.22372	4.93278
-0.289997	0.883825	5.34467
-0.263177	6.43679	5.27433
-0.215381	11.471	4.76559
-0.148591	16.0295	3.85946
-0.0650513	20.0496	2.59352
0.0329808	23.5277	1.01034
0.138675	25.3666	-0.847272
0.221592	19.9001	-2.84987
0.270125	11.6479	-4.42067
0.286623	3.95958	-5.3398
0.274117	-3.00158	-5.65184
0.235671	-9.22699	-5.41427
0.174399	-14.7053	-4.68523
0.0932533	-19.4749	-3.52376
-0.00519609	-23.6278	-1.98584
-0.116583	-26.7328	-0.120221
-0.220563	-24.9553	1.99034
-0.299575	-18.9628	3.96035
-0.355031	-13.3095	5.45704
-0.385779	-7.37935	6.50724
-0.391445	-1.35991	7.08915
-0.373495	4.30786	7.19577
-0.333649	9.56316	6.85491
-0.273774	14.37	6.09918
-0.195803	18.7131	4.96403
-0.101504	22.6317	3.48611
0.00743554	26.1455	1.69898
0.127822	28.8928	-0.365376
0.234132	25.5142	-2.64642
0.306752	17.4288	-4.66048
0.347494	9.77817	-6.03598
0.35889	2.73511	-6.80732
0.343839	-3.61229	-7.02254
0.305073	-9.30372	-6.73661
0.245197	-14.3705	-6.00137
0.166587	-18.8662	-4.86619
0.0720611	-22.6863	-3.37619
-0.0333936	-25.3091	-1.58476
-0.141704	-25.9945	0.413557
-0.219178	-18.5937	2.46578
-0.266242	-11.2952	3.93349
-0.285782	-4.6896	4.82483
-0.280374	1.29782	5.19456
-0.252127	6.77935	5.09155
-0.202932	11.8068	4.55579
-0.134463	16.4323	3.62316
-0.0487542	20.5702	2.32545
0.0504247	23.8029	0.701195
0.151525	24.2642	-1.17811
0.226662	18.0328	-3.09364
0.268395	10.0159	-4.51699
0.278696	2.47234	-5.30726
0.260448	-4.37956	-5.50189
0.216504	-10.5465	-5.15554
0.149778	-16.0142	-4.32236
0.0630774	-20.8083	-3.05758
-0.0411219	-25.0078	-1.41445
-0.15473	-27.2659	0.560062
-0.251573	-23.2424	2.71264
-0.32352	-17.2673	4.54733
-0.370196	-11.2021	5.91011
-0.391149	-5.02875	6.79388
-0.387796	0.804718	7.19018
-0.361915	6.21147	7.12589
-0.315373	11.1701	6.63475
-0.249937	15.7045	5.75217
-0.16716	19.8664	4.5117
-0.0687118	23.6277	2.94278
0.0429165	26.7908	1.07707
0.162374	28.6699	-1.03817
0.258027	22.9566	-3.30153
0.321157	15.1512	-5.1136
0.353707	7.81204	-6.30924
0.357929	1.01339	-6.92533
0.336508	-5.14106	-7.0046
0.291934	-10.6978	-6.59798
0.226854	-15.6192	-5.75269
0.144432	-19.7814	-4.51895
0.0506951	-22.4967	-2.95673
-0.049212	-23.9777	-1.18031
-0.146645	-23.3839	0.712848
-0.217909	-17.1033	2.55893
-0.259122	-9.89124	3.90896
-0.273131	-3.36204	4.68946
-0.262539	2.54187	4.95439
-0.24763	3.5782	4.75319
-0.224405	5.57414	4.47019
-0.194711	7.1266	4.02965
-0.162015	7.847	3.46658
-0.0980042	15.3625	2.8467
-0.0203718	18.6318	1.63353
0.0675476	21.1006	0.162386
0.150071	19.8057	-1.50352
0.205075	13.2009	-3.06702
0.227695	5.42886	-4.1089
0.220381	-1.7555	-4.53707
0.185876	-8.28108	-4.39799
0.127226	-14.0761	-3.74374
0.0474492	-19.1464	-2.63204
-0.050754	-23.5688	-1.12016
-0.156738	-25.4362	0.740711
-0.244155	-20.9799	2.74882
-0.308523	-15.4483	4.40489
-0.351168	-10.2348	5.62406
-0.371624	-4.90951	6.4315
-0.369097	0.60636	6.81843
-0.36649	0.625848	6.76984
-0.347253	4.61672	6.71971
-0.30975	9.00091	6.35452
-0.256107	12.8743	5.64323
-0.188106	16.3202	4.62621
-0.107469	19.353	3.33725
-0.0171938	21.6659	1.80899
0.0781319	22.8782	0.0982823
0.168719	21.7408	-1.70795
0.232467	15.2996	-3.4242
0.266803	8.24055	-4.63174
0.273733	1.66334	-5.28184
0.255678	-4.33316	-5.4126
0.21492	-9.78194	-5.06992
0.154197	-14.5737	-4.2971
0.0773024	-18.4546	-3.14606
-0.0105187	-21.0771	-1.68874
-0.101007	-21.7172	-0.0245346
-0.175745	-17.9371	1.69003
-0.220309	-10.6955	3.10598
-0.237347	-4.08905	3.95006
-0.229597	1.85992	4.27248
-0.199319	7.26683	4.12519
-0.148544	12.1859	3.55104
-0.0790843	16.6704	2.58859
0.00725551	20.7216	1.2722
0.106119	23.7272	-0.363897
0.192376	20.7017	-2.23711
0.24556	12.7642	-3.87127
0.264972	4.65886	-4.87858
0.253625	-2.72333	-5.24588
0.237444	-3.88339	-5.03032
0.221608	-3.80052	-4.7232
0.201278	-4.87932	-4.42265
0.177078	-5.80801	-4.03696
0.149609	-6.59258	-3.57799
0.119187	-7.30111	-3.05713
0.0860402	-7.95535	-2.48039
0.0507628	-8.46657	-1.85205
0.014928	-8.60034	-1.18342
-0.0190753	-8.16081	-0.504299
-0.0495254	-7.30802	0.14005
-0.0654094	-3.81215	0.717003
-0.0601128	1.27118	1.0179
-0.0318017	6.79468	0.917432
0.0156528	11.3891	0.380898
0.072417	13.6234	-0.518305
0.123574	12.2778	-1.59381
0.155859	7.74832	-2.56297
0.161735	1.41031	-3.17443
0.139742	-5.27833	-3.28543
0.0926767	-11.2958	-2.86836
0.0243639	-16.3951	-1.97626
-0.0593512	-20.0916	-0.681666
-0.0936292	-8.22673	0.904634
-0.109731	-3.86444	1.55404
-0.105951	0.907204	1.85897
-0.0835595	5.37396	1.78715
-0.0449559	9.26486	1.36269
0.0063305	12.3087	0.631093
0.0628284	13.5595	-0.340744
0.112728	11.976	-1.41122
0.147618	8.37353	-2.35658
0.16501	4.17408	-3.01741
0.165782	0.185212	-3.34664
0.151632	-3.39597	-3.3609
0.123576	-6.73336	-3.09244
0.082312	-9.90342	-2.56051
0.0285032	-12.9141	-1.77837
-0.0346553	-15.1581	-0.758615
-0.0982388	-15.26	0.438191
-0.146574	-11.6005	1.64292
-0.171548	-5.9936	2.55861
-0.17527	-0.893406	3.03153
-0.170041	1.25498	3.10175
-0.185109	-3.6163	3.00234
-0.181974	0.752484	3.28753
-0.161237	4.97681	3.22778
-0.123915	8.95722	2.83452
-0.0714551	12.5904	2.12705
-0.00553692	15.8204	1.13282
0.0695071	18.0106	-0.116314
0.135007	15.7199	-1.53823
0.173265	9.18187	-2.77915
0.180701	1.78482	-3.50376
0.161381	-4.63678	-3.6443
0.121267	-9.62746	-3.27784
0.0674552	-12.9148	-2.51741
0.00451338	-15.106	-1.49752
-0.060967	-15.7153	-0.304743
-0.115543	-13.0982	0.936008
-0.143934	-6.81396	1.97001
-0.145736	-0.432387	2.50776
-0.124336	5.13596	2.54164
-0.0823086	10.0866	2.13589
-0.0215414	14.5841	1.33933
0.0538397	18.0915	0.187775
0.1268	17.5105	-1.24056
0.175824	11.7658	-2.62287
0.194882	4.57396	-3.5515
0.186874	-1.92203	-3.91224
0.15458	-7.75051	-3.76008
0.100633	-12.9474	-3.14778
0.0274594	-17.5616	-2.12526
-0.0609255	-21.2124	-0.738547
-0.15199	-21.8554	0.936243
-0.222171	-16.8435	2.66162
-0.269889	-11.4523	3.99113
-0.296309	-6.34082	4.89487
-0.30056	-1.02027	5.39496
-0.282245	4.39562	5.47494
-0.242156	9.62128	5.12733
-0.181381	14.5861	4.36719
-0.10127	19.2266	3.21517
-0.00345617	23.4753	1.69689
0.109828	27.1882	-0.156657
0.217301	25.7935	-2.30314
0.297677	19.2902	-4.33929
0.348206	12.127	-5.86178
0.367807	4.70426	-6.81859
0.358302	-2.28138	-7.18927
0.322659	-8.55412	-7.00839
0.264255	-14.0171	-6.3323
0.186178	-18.7384	-5.22499
0.0911033	-22.8179	-3.74504
-0.0187036	-26.3537	-1.94318
-0.138483	-28.7471	0.137642
-0.243057	-25.0977	2.4072
-0.316678	-17.6691	4.3884
-0.361045	-10.648	5.78291
-0.378635	-4.22167	6.62296
-0.371887	1.61957	6.95556
-0.3429	6.95692	6.82696
-0.293647	11.8208	6.277
-0.2259	16.2592	5.34309
-0.1417	20.2079	4.05887
-0.0441997	23.4001	2.46303
0.0631667	25.7679	0.615342
0.170302	25.7125	-1.41909
0.249108	18.9135	-3.44893
0.294036	10.7826	-4.94179
0.307103	3.1361	-5.79255
0.291219	-3.8121	-6.03953
0.249272	-10.0673	-5.73792
0.18423	-15.6102	-4.94251
0.098986	-20.4585	-3.70956
-0.00366786	-24.6369	-2.09398
-0.118323	-27.5172	-0.148679
-0.221336	-24.7232	2.02381
-0.292603	-17.1041	3.97549
-0.334506	-10.0566	5.32543
-0.349481	-3.59405	6.11883
-0.340101	2.25115	6.40194
-0.308585	7.56389	6.22353
-0.256915	12.4008	5.62571
-0.187048	16.7682	4.64608
-0.100828	20.6927	3.32175
-0.000364556	24.1112	1.68772
0.11062	26.6362	-0.216029
0.209796	23.8024	-2.31893
0.27719	16.1744	-4.19787
0.313311	8.66898	-5.47439
0.320373	1.69492	-6.15823
0.30104	-4.63985	-6.29139
0.257923	-10.3481	-5.92441
0.19361	-15.435	-5.1068
0.11048	-19.9513	-3.88767
0.0107596	-23.9328	-2.31211
-0.101473	-26.9358	-0.422372
-0.205368	-24.9349	1.70425
-0.277095	-17.2143	3.67267
-0.319043	-10.0676	5.03135
-0.333764	-3.53301	5.82566
-0.323828	2.38464	6.10397
-0.291505	7.75759	5.91506
-0.238937	12.6163	5.30198
-0.168024	17.0191	4.30537
-0.0805996	20.9818	2.96126
0.0211694	24.4246	1.30444
0.131319	26.4359	-0.624007
0.2219	21.7395	-2.71105
0.277934	13.448	-4.42709
0.301461	5.64663	-5.48833
0.295287	-1.4817	-5.93355
0.262349	-7.9053	-5.81594
0.205723	-13.5901	-5.19121
0.128412	-18.5546	-4.11772
0.0331018	-22.8746	-2.65241
-0.0781402	-26.6981	-0.846185
-0.192499	-27.4462	1.26171
-0.282284	-21.5484	3.42845
-0.345313	-15.1268	5.12932
-0.380812	-8.51979	6.32304
-0.390113	-2.23221	6.99501
-0.375288	3.55783	7.1705
-0.338362	8.86238	6.88886
-0.281405	13.6695	6.18845
-0.20635	18.0134	5.10859
-0.114861	21.9573	3.6859
-0.0087696	25.4619	1.95199
0.108886	28.2373	-0.0584211
0.21684	25.9089	-2.28774
0.292392	18.1327	-4.333
0.335729	10.4008	-5.76411
0.349104	3.21	-6.58464
0.335253	-3.32431	-6.83737
0.296883	-9.2087	-6.5742
0.236699	-14.4444	-5.84648
0.157201	-19.0795	-4.70548
0.0608709	-23.1191	-3.19866
-0.04899	-26.3666	-1.37307
-0.160543	-26.7727	0.708709
-0.24522	-20.3226	2.82233
-0.298705	-12.8363	4.42649
-0.323935	-6.05517	5.43945
-0.323686	0.0596351	5.91693
-0.300324	5.60691	5.9116
-0.256034	10.6297	5.46831
-0.192755	15.1868	4.62852
-0.11217	19.3404	3.42904
-0.0163183	23.0045	1.90176
0.0913264	25.8347	0.0853684
0.190426	23.784	-1.95428
0.257137	16.0104	-3.83182
0.290445	7.99401	-5.09543
0.292691	0.539057	-5.72601
0.266992	-6.16786	-5.76797
0.21643	-12.1347	-5.2804
0.14412	-17.3545	-4.32182
0.0528869	-21.8959	-2.95123
-0.0550045	-25.894	-1.22224
-0.170228	-27.6536	0.822214
-0.264581	-22.6448	3.00537
-0.333156	-16.458	4.79285
-0.374977	-10.037	6.0917
-0.390327	-3.68391	6.88348
-0.381108	2.21239	7.1736
-0.349305	7.63278	6.99817
-0.296963	12.5622	6.39483
-0.226019	17.0264	5.40237
-0.138167	21.0845	4.05757
-0.0351182	24.7317	2.39253
0.0803776	27.719	0.43972
0.194221	27.3223	-1.74873
0.278203	20.1557	-3.90563
0.329764	12.3748	-5.49651
0.351019	5.10117	-6.47291
0.344574	-1.54692	-6.87496
0.313045	-7.56696	-6.7521
0.259087	-12.9498	-6.15398
0.185201	-17.7326	-5.13095
0.0940112	-21.8857	-3.73042
-0.0106019	-25.1072	-2.00216
-0.125859	-27.6618	-0.0197472
-0.223623	-23.4632	2.16415
-0.28922	-15.7433	4.01633
-0.32586	-8.79354	5.25884
-0.3361	-2.4577	5.95253
-0.322353	3.29922	6.14594
-0.28662	8.57607	5.88482
-0.231506	13.2273	5.20712
-0.164631	16.0499	4.16228
-0.0835059	19.4701	2.89471
0.00814538	21.9963	1.35724
0.105689	23.4105	-0.379499
0.188403	19.8513	-2.22771
0.240596	12.5263	-3.79473
0.262516	5.26095	-4.78327
0.256701	-1.39576	-5.19812
0.225617	-7.46013	-5.08737
0.171839	-12.9067	-4.49786
0.0979782	-17.7266	-3.4784
0.00555685	-22.1811	-2.07852
-0.101416	-25.6734	-0.327111
-0.204963	-24.8513	1.69983
-0.283582	-18.8687	3.66166
-0.336174	-12.6221	5.15095
-0.362508	-6.32014	6.14692
-0.363799	-0.309713	6.64524
-0.341861	5.26515	6.66899
-0.298572	10.3893	6.25261
-0.235915	15.0376	5.43171
-0.155823	19.2221	4.24393
-0.0599605	23.007	2.7259
0.0501884	26.4357	0.90922
0.167646	28.1898	-1.17797
0.260178	22.2077	-3.40342
0.31999	14.3548	-5.15635
0.349205	7.01168	-6.28911
0.350321	0.267727	-6.84201
0.326219	-5.78443	-6.86243
0.279584	-11.1923	-6.40502
0.212956	-15.9909	-5.52072
0.129237	-20.0924	-4.25766
0.0312198	-23.5242	-2.67092
-0.0777057	-26.1421	-0.813408
-0.182526	-25.157	1.25059
-0.256802	-17.8262	3.2366
-0.301578	-10.7462	4.64363
-0.319462	-4.29213	5.49155
-0.312881	1.5794	5.82983
-0.283907	6.95378	5.70452
-0.234461	11.8671	5.15492
-0.166256	16.369	4.21748
-0.0824157	20.1218	2.9247
-0.0107194	17.2071	1.33579
0.0713055	19.686	-0.0228475
0.145361	17.7734	-1.57705
0.192254	11.2543	-2.98008
0.208453	3.88766	-3.86829
0.196608	-2.84267	-4.17481
0.159379	-8.93511	-3.94994
0.0994726	-14.3775	-3.2441
0.0197558	-19.132	-2.10866
-0.0741338	-22.5335	-0.597964
-0.164729	-21.7429	1.18111
-0.227128	-14.9757	2.89759
-0.261407	-8.22699	4.07961
-0.269838	-2.02346	4.7287
-0.254884	3.58897	4.88795
-0.218743	8.674	4.60409
-0.163443	13.272	3.9188
-0.0908728	17.4168	2.87056
-0.00295107	21.1012	1.49521
0.0967199	23.921	-0.170878
0.186293	21.4976	-2.05942
0.245535	14.2181	-3.75642
0.274013	6.83469	-4.87854
0.274193	0.0430965	-5.41762
0.248967	-6.05415	-5.42045
0.201062	-11.4972	-4.94191
0.133112	-16.3081	-4.03369
0.0702218	-15.0936	-2.74574
0.0062777	-15.3466	-1.55381
-0.0661452	-17.3815	-0.342037
-0.133561	-16.1798	1.03027
-0.176132	-10.217	2.30755
-0.19167	-3.72908	3.11394
-0.182006	2.31935	3.40802
-0.148994	7.92275	3.22455
-0.094401	13.1024	2.59871
-0.0199134	17.877	1.56401
0.0712624	21.8822	0.152456
0.16171	21.7075	-1.57515
0.226292	15.4995	-3.28879
0.258837	7.8108	-4.51212
0.260845	0.482072	-5.1283
0.23525	-6.14295	-5.16582
0.18514	-12.0262	-4.68029
0.113501	-17.1934	-3.73032
0.0228861	-21.7476	-2.37251
-0.0832739	-25.4784	-0.655294
-0.189541	-25.504	1.35629
-0.269364	-19.1575	3.36968
-0.320907	-12.3705	4.8818
-0.345707	-5.95184	5.85794
-0.345978	-0.0651663	6.32722
-0.324171	5.2337	6.3317
-0.282488	10.004	5.91783
-0.222984	14.2809	5.12739
-0.147778	18.0495	3.99938
-0.0600413	21.0568	2.57396
0.0381816	23.5735	0.911261
0.141832	24.8761	-0.949954
0.222779	19.4272	-2.91381
0.271668	11.7334	-4.44727
0.29058	4.53888	-5.37315
0.282186	-2.01452	-5.73093
0.249135	-7.93237	-5.57128
0.194047	-13.2209	-4.94443
0.119539	-17.882	-3.90012
0.0299806	-21.494	-2.48792
-0.0681513	-23.5517	-0.790714
-0.159947	-22.0309	1.06877
-0.221711	-14.8235	2.80799
-0.253987	-7.74615	3.978
-0.259706	-1.37257	4.58914
-0.24166	4.33108	4.69702
-0.202192	9.47221	4.35459
-0.14333	14.127	3.6063
-0.0667779	18.3724	2.4906
0.0257127	22.1977	1.03984
0.112947	20.9361	-0.712772
0.183371	16.9018	-2.3656
0.223886	9.72369	-3.69974
0.235273	2.7329	-4.46703
0.220226	-3.61134	-4.68231
0.181349	-9.3305	-4.3967
0.121239	-14.4264	-3.6596
0.0430347	-18.769	-2.52025
-0.0501726	-22.3697	-1.03818
-0.147816	-23.4344	0.728015
-0.224951	-18.5125	2.57808
-0.274955	-12.0007	4.03937
-0.298007	-5.53266	4.9864
-0.295888	0.508583	5.42267
-0.270578	6.07447	5.38195
-0.224045	11.168	4.90181
-0.15825	15.7907	4.01958
-0.0752834	19.9119	2.77248
0.0211319	23.1397	1.20015
0.125582	25.068	-0.626848
0.211449	20.6081	-2.6059
0.264158	12.65	-4.23262
0.285712	5.17311	-5.23089
0.278878	-1.64017	-5.63875
0.246394	-7.79623	-5.50866
0.190965	-13.303	-4.89257
0.115025	-18.2254	-3.84178
0.0210557	-22.5527	-2.40248
-0.0864472	-25.8007	-0.621697
-0.189299	-24.6843	1.41533
-0.262965	-17.68	3.364
-0.308027	-10.8149	4.75947
-0.326343	-4.39574	5.61281
-0.320056	1.50891	5.95926
-0.291205	6.92426	5.8395
-0.241905	11.8319	5.29222
-0.174259	16.235	4.35753
-0.090236	20.1656	3.07533
0.00868706	23.7415	1.48294
0.119926	26.6974	-0.391604
0.218127	23.5681	-2.49931
0.282795	15.5204	-4.35974
0.314817	7.68528	-5.58461
0.316981	0.519404	-6.19077
0.2925	-5.87545	-6.23112
0.244457	-11.5303	-5.7666
0.175792	-16.4797	-4.85567
0.0891451	-20.7951	-3.55409
-0.0130211	-24.5199	-1.91194
-0.125473	-26.9884	0.0240992
-0.226294	-24.197	2.15483
-0.300502	-17.81	4.06495
-0.348534	-11.5277	5.47061
-0.370334	-5.23209	6.38014
-0.367454	0.691325	6.79254
-0.341695	6.18209	6.73725
-0.294903	11.2302	6.24846
-0.228919	15.836	5.36118
-0.145498	20.0212	4.11036
-0.046875	23.6694	2.52927
0.063485	26.4864	0.660308
0.174576	26.6619	-1.43085
0.257476	19.8958	-3.53565
0.307095	11.9087	-5.10605
0.325579	4.43606	-6.0457
0.31579	-2.3494	-6.39528
0.280515	-8.46595	-6.20912
0.222479	-13.9287	-5.54008
0.144115	-18.8073	-4.43983
0.0481891	-23.0222	-2.95453
-0.0610698	-26.2221	-1.13662
-0.171135	-26.4156	0.933735
-0.2537	-19.8157	3.01914
-0.306673	-12.7135	4.58327
-0.332085	-6.0989	5.58651
-0.332085	0	6.06743
-0.308962	5.54942	6.06679
-0.264939	10.5656	5.62802
-0.202227	15.0508	4.79328
-0.122929	19.0315	3.60452
-0.0287223	22.6097	2.1016
0.0789804	25.8486	0.316354
0.184097	25.228	-1.72442
0.258608	17.8825	-3.71598
0.299632	9.84571	-5.12741
0.309868	2.4568	-5.90418
0.292456	-4.17889	-6.09752
0.250479	-10.0744	-5.76695
0.186952	-15.2466	-4.97097
0.104652	-19.752	-3.76674
0.00594281	-23.6903	-2.20693
-0.105173	-26.6679	-0.33635
-0.210213	-25.2095	1.76911
-0.288727	-18.8433	3.75921
-0.342354	-12.8705	5.24649
-0.370704	-6.80396	6.26206
-0.373999	-0.790854	6.79857
-0.353868	4.8314	6.86029
-0.312018	10.0442	6.47813
-0.250223	14.8307	5.68446
-0.170243	19.1952	4.51298
-0.0739137	23.119	2.99705
0.0356377	26.2923	1.1715
0.152436	28.0315	-0.904398
0.245598	22.3591	-3.11738
0.304793	14.2067	-4.88229
0.332182	6.57338	-6.00338
0.330597	-0.380423	-6.52172
0.302843	-6.66085	-6.49099
0.251709	-12.2723	-5.96443
0.179737	-17.2733	-4.99491
0.0894422	-21.6707	-3.63066
-0.0157436	-25.2446	-1.91938
-0.0236886	-1.90679	0.0738773
-0.0238378	-0.0357973	0.224412
-0.0146589	2.20293	0.227216
0.00320667	4.28773	0.0532725
0.0265	5.59041	-0.285247
0.0498053	5.59327	-0.726577
0.066546	4.01776	-1.16809
0.0565537	-2.39817	-1.48516
0.0359294	-4.94983	-1.29567
0.00734975	-6.85911	-0.904745
-0.0267559	-8.18537	-0.363123
-0.060784	-8.16674	0.283149
-0.087473	-6.40535	0.927882
-0.0988322	-2.72622	1.43349
-0.0933492	1.31593	1.64857
-0.0709083	5.38582	1.54451
-0.0328063	9.14448	1.11913
0.0181735	12.2352	0.397064
0.0713259	12.7566	-0.568938
0.111564	9.65711	-1.576
0.128493	4.06298	-2.33826
0.120404	-1.94145	-2.65878
0.0893938	-7.44233	-2.50523
0.0399872	-11.8576	-1.91739
-0.0201871	-14.4418	-0.981034
-0.0800157	-14.3589	0.15925
-0.12351	-10.4387	1.29286
-0.140328	-4.03611	2.11686
-0.131808	2.04461	2.43529
-0.100673	7.47238	2.27361
-0.049262	12.3387	1.68343
0.0198965	16.598	0.709116
0.096862	18.4717	-0.601368
0.158627	14.8235	-2.05964
0.191363	7.85672	-3.22974
0.196957	1.34258	-3.84968
0.176591	-4.88778	-3.95527
0.132701	-10.5336	-3.56896
0.0678318	-15.5687	-2.73696
0.00656812	-14.7033	-1.50752
-0.0648667	-17.1444	-0.346542
-0.135109	-16.8582	1.00704
-0.185884	-12.1859	2.33788
-0.215479	-7.10276	3.29971
-0.224135	-2.07758	3.86012
-0.211591	3.01046	4.02374
-0.177954	8.07307	3.78564
-0.124097	12.9256	3.14788
-0.051368	17.455	2.12707
0.0386815	21.6119	0.748785
0.11122	17.4093	-0.957543
0.166287	13.2161	-2.3319
0.193842	6.61325	-3.37506
0.193134	-0.170116	-3.89681
0.166328	-6.43342	-3.88297
0.140639	-6.16523	-3.37464
0.0985167	-10.1094	-2.88754
0.0411808	-13.7606	-2.0891
-0.0286566	-16.761	-1.00248
-0.104179	-18.1254	0.320898
-0.16888	-15.5282	1.75186
-0.210584	-10.009	2.97762
-0.230446	-4.76681	3.76752
-0.230112	0.0801061	4.14346
-0.210253	4.76616	4.1367
-0.170436	9.55593	3.75997
-0.110362	14.4179	3.00514
-0.0310746	19.029	1.86654
0.0656495	23.2138	0.36401
0.14751	19.6466	-1.46875
0.207573	14.415	-3.01968
0.239607	7.68825	-4.15742
0.244645	1.20909	-4.76397
0.225201	-4.66664	-4.85892
0.184072	-9.87085	-4.48997
0.142627	-9.94692	-3.7102
0.0869456	-13.3634	-2.9245
0.0204762	-15.9526	-1.86915
-0.0540385	-17.8835	-0.609496
-0.123923	-16.7724	0.80247
-0.170448	-11.166	2.12656
-0.190366	-4.78023	3.00789
-0.186753	0.867182	3.38497
-0.162881	5.72924	3.31615
-0.121801	9.85911	2.86348
-0.0660015	13.392	2.08481
0.00270328	16.4891	1.0273
0.0801164	18.5791	-0.274624
0.145878	15.7828	-1.74141
0.183034	8.91736	-2.98727
0.189379	1.52289	-3.69098
0.167615	-5.22345	-3.81082
0.120861	-11.2208	-3.39802
0.052891	-16.3129	-2.51179
-0.031078	-20.1526	-1.22362
-0.118761	-21.0439	0.367546
-0.187367	-16.4656	2.02891
-0.226643	-9.42611	3.32865
-0.23921	-3.01601	4.07249
-0.227725	2.7563	4.31018
-0.194382	8.00229	4.09211
-0.141086	12.791	3.4599
-0.0696751	17.1387	2.4497
0.0178158	20.9978	1.09635
0.115548	23.4558	-0.561541
0.197858	19.7544	-2.41331
0.24992	12.4947	-3.97266
0.272879	5.51023	-4.95869
0.269214	-0.879721	-5.3932
0.241282	-6.70364	-5.32317
0.191439	-11.9623	-4.79336
0.121887	-16.6925	-3.84843
0.0346209	-20.9438	-2.53016
-0.0670207	-24.394	-0.876382
-0.168767	-24.4191	1.04961
-0.241497	-17.4552	2.97738
-0.284693	-10.3671	4.35515
-0.300723	-3.84721	5.17317
-0.291914	2.11409	5.47636
-0.260239	7.6022	5.30888
-0.207581	12.6378	4.70813
-0.135703	17.2508	3.70988
-0.0464748	21.4148	2.34755
0.0576806	24.9973	0.656612
0.164128	25.5474	-1.31698
0.243016	18.933	-3.33381
0.287864	10.7637	-4.8282
0.300888	3.12569	-5.67748
0.285095	-3.79042	-5.92365
0.243502	-9.98232	-5.62377
0.1792	-15.4324	-4.83508
0.0949961	-20.2089	-3.61618
-0.00670378	-24.408	-2.02031
-0.121727	-27.6056	-0.0930969
-0.22898	-25.7405	2.08637
-0.31013	-19.4762	4.11836
-0.333964	-5.71998	5.65557
-0.345434	-2.75295	6.10656
-0.332937	2.99935	6.32326
-0.29826	8.32255	6.0858
-0.243234	13.2061	5.42809
-0.169602	17.6718	4.3849
-0.0788893	21.771	2.98926
0.0271366	25.4462	1.27013
0.143572	27.9445	-0.738971
0.241129	23.4137	-2.9451
0.306162	15.6078	-4.79329
0.340322	8.19858	-6.02502
0.345908	1.34054	-6.67166
0.325627	-4.86734	-6.77679
0.282041	-10.4608	-6.39179
0.217617	-15.4616	-5.56524
0.135055	-19.8151	-4.34396
0.0386901	-23.1275	-2.77911
-0.0657968	-25.0769	-0.952907
-0.16582	-24.0057	1.02701
-0.190599	-5.94698	2.92214
-0.203442	-3.08222	3.39134
-0.190774	3.04028	3.63433
-0.154795	8.63491	3.39391
-0.0974822	13.7552	2.71183
-0.0205593	18.4615	1.62558
0.0739105	22.6728	0.167883
0.170347	23.1447	-1.62214
0.242991	17.4346	-3.44924
0.283318	9.67833	-4.82533
0.291765	2.02736	-5.58892
0.271446	-4.87654	-5.74839
0.225596	-11.0041	-5.36278
0.157394	-16.3685	-4.49344
0.069791	-21.0246	-3.20068
-0.0347613	-25.0925	-1.54045
-0.149235	-27.4736	0.44076
-0.248324	-23.7815	2.60975
-0.270407	-5.2999	4.48702
-0.272213	-0.433267	4.90497
-0.253654	4.45404	4.93866
-0.214397	9.42183	4.5865
-0.155083	14.2353	3.84216
-0.0770907	18.7181	2.71789
0.0178449	22.7845	1.23981
0.12566	25.8757	-0.559149
