0.119525	-6.81334	-2.81641
0.0887172	-7.39396	-2.19912
0.0586195	-7.22345	-1.52935
0.0340729	-5.89119	-0.875106
0.0162567	-4.27589	-0.341581
0.00669731	-2.29426	0.0456147
0.00605934	-0.153113	0.253334
0.0138115	1.86053	0.267159
0.0287189	3.57777	0.0986606
0.0488723	4.8368	-0.225298
0.0719267	5.53305	-0.663207
0.0953814	5.62914	-1.1641
0.11732	5.2653	-1.67361
0.134558	4.13699	-2.15012
0.144408	2.36403	-2.52439
0.147696	0.789289	-2.73809
0.145423	-0.545522	-2.80917
0.138101	-1.75732	-2.75939
0.126162	-2.86535	-2.5999
0.109925	-3.89692	-2.3401
0.089691	-4.85618	-1.98694
0.0657819	-5.7382	-1.54697
0.0385569	-6.534	-1.0272
0.00791332	-7.35445	-0.435453
-0.0235465	-7.55036	0.230498
-0.049142	-6.14291	0.914094
-0.0616179	-2.99423	1.47016
-0.0608269	0.189845	1.74106
-0.0483417	2.99644	1.72362
-0.025847	5.39874	1.45207
0.00503934	7.41272	0.96305
0.0426053	9.01583	0.291744
0.0826928	9.621	-0.524619
0.12082	9.15048	-1.39566
0.152467	7.59525	-2.22398
0.174722	5.34116	-2.91137
0.188226	3.24107	-3.39457
0.192205	0.954945	-3.68755
0.185973	-1.49572	-3.7735
0.1767	-2.22546	-3.63755
0.164444	-2.9415	-3.43554
0.14901	-3.70411	-3.16873
0.129267	-4.73842	-2.83291
0.105888	-5.61085	-2.40349
0.0805651	-6.07751	-1.89513
0.0569477	-5.66818	-1.3446
0.0389747	-4.31353	-0.831199
0.027196	-2.82689	-0.440527
0.0223969	-1.15177	-0.184513
0.0244376	0.489772	-0.0802058
0.032649	1.97073	-0.124543
0.0457684	3.14867	-0.302964
0.062089	3.91695	-0.588014
0.079661	4.21727	-0.942586
0.0960912	3.94325	-1.3243
0.115959	4.76837	-1.68115
0.122682	1.61333	-2.11266
0.112622	-2.41432	-2.25844
0.0986772	-3.34674	-2.03953
0.0819012	-4.02624	-1.73623
0.0624908	-4.65852	-1.37144
0.0401158	-5.37	-0.949456
0.0154085	-5.92974	-0.463111
-0.00892736	-5.84061	0.0738465
-0.0290538	-4.83034	0.602659
-0.0390957	-2.41005	1.03993
-0.0356744	0.8211	1.25799
-0.020337	3.68098	1.18347
0.00499302	6.0792	0.850012
0.0378302	7.88093	0.299462
0.0741963	8.72786	-0.414144
0.109863	8.56005	-1.20433
0.141714	7.64429	-1.97922
0.169228	6.6032	-2.67108
0.189706	4.91484	-3.26858
0.200622	2.61977	-3.71313
0.203012	0.573629	-3.94982
0.198261	-1.14019	-4.0012
0.187611	-2.55598	-3.89741
0.171999	-3.74688	-3.66544
0.152196	-4.75273	-3.32568
0.128842	-5.60498	-2.89489
0.102496	-6.32316	-2.387
0.0696524	-7.8824	-1.81415
0.0331578	-8.75871	-1.10021
0.00192686	-7.49542	-0.307018
-0.0181812	-4.82593	0.371678
-0.0256359	-1.78913	0.808577
-0.02059	1.211	0.970454
-0.00397936	3.98656	0.860669
0.0212117	6.04586	0.49959
0.0516522	7.30571	-0.0478918
0.0835552	7.65673	-0.709368
0.11343	7.17003	-1.40253
0.140525	6.50262	-2.05153
0.16261	5.30055	-2.64002
0.176329	3.29246	-3.11958
0.181356	1.20646	-3.41725
0.178856	-0.599981	-3.52601
0.169884	-2.1533	-3.4712
0.155336	-3.49133	-3.27575
0.136063	-4.6256	-2.95918
0.101374	-8.32538	-2.53995
0.063619	-9.06122	-1.7858
0.0239874	-9.51159	-0.965123
-0.0138713	-9.08608	-0.103784
-0.0416661	-6.67073	0.718908
-0.0548967	-3.17535	1.32279
-0.0544505	0.107089	1.61011
-0.042494	2.86956	1.60019
-0.021196	5.11152	1.34014
0.007285	6.83543	0.877138
0.0409811	8.08706	0.258113
0.076935	8.62895	-0.474151
0.110363	8.02272	-1.25538
0.13633	6.23217	-1.9816
0.153573	4.13822	-2.54561
0.162414	2.1219	-2.91994
0.163749	0.320335	-3.11166
0.158637	-1.22686	-3.14023
0.147975	-2.55895	-3.02871
0.132987	-3.59707	-2.7966
0.114841	-4.35509	-2.47052
0.0958363	-4.56107	-2.07585
0.0801033	-3.77592	-1.66259
0.0688673	-2.69664	-1.32048
0.0614141	-1.78876	-1.07614
0.0570014	-1.05906	-0.914033
0.0554186	-0.379863	-0.818018
0.0564034	0.236343	-0.783513
0.0595202	0.74804	-0.804805
0.0638671	1.04324	-0.872426
0.06684	0.713518	-0.966765
0.0646214	-0.532469	-1.03124
0.0566262	-1.91886	-0.982885
0.043863	-3.06316	-0.809011
0.0279829	-3.81121	-0.531554
0.0217115	-1.50515	-0.186404
0.0145363	-1.72204	-0.0501008
0.00624775	-1.98925	0.105822
-0.00370481	-2.38861	0.285917
-0.0160187	-2.95534	0.502146
-0.0252317	-2.21112	0.769658
-0.0247258	0.121416	0.969749
-0.0129525	2.8256	0.958618
0.00175652	3.53016	0.702643
0.0145183	3.06284	0.382911
0.0343966	4.77079	0.105536
0.0589717	5.898	-0.326443
0.0853713	6.3359	-0.860423
0.110631	6.0624	-1.43398
0.133962	5.59932	-1.98269
0.155551	5.18142	-2.48939
0.173278	4.25454	-2.95818
0.184275	2.63914	-3.34299
0.187883	0.865961	-3.58148
0.184495	-0.813123	-3.65939
0.174866	-2.31103	-3.58526
0.159615	-3.66013	-3.37551
0.139338	-4.86646	-3.04365
0.114839	-5.8798	-2.6026
0.0869572	-6.69161	-2.06987
0.0582422	-6.89161	-1.4637
0.0432146	-3.60661	-0.839515
0.0333065	-2.37796	-0.512847
0.0290442	-1.02295	-0.297471
0.0304527	0.338038	-0.204812
0.037106	1.5968	-0.235394
0.0480634	2.62977	-0.379943
0.0613896	3.19828	-0.618
0.0728404	2.74819	-0.907498
0.0778715	1.20747	-1.1562
0.0768431	-0.246822	-1.26537
0.0707941	-1.45174	-1.24285
0.0605032	-2.46981	-1.11124
0.0464956	-3.36182	-0.88746
0.0295509	-4.06674	-0.58295
0.0109846	-4.45592	-0.214657
-0.0077931	-4.50664	0.188822
-0.0249127	-4.1087	0.596837
-0.0373092	-2.97517	0.968764
-0.0397018	-0.574219	1.23801
-0.0298968	2.3532	1.28982
-0.00910653	4.98965	1.07657
0.0209145	7.20505	0.624641
0.0568768	8.63095	-0.0278145
0.0946033	9.05436	-0.809284
0.129887	8.46806	-1.62898
0.161653	7.62382	-2.39548
0.189811	6.758	-3.08543
0.212653	5.48202	-3.69689
0.226493	3.32157	-4.19273
0.23016	0.880021	-4.49289
0.226436	-0.893641	-4.57195
0.216794	-2.31399	-4.4904
0.202025	-3.54455	-4.28026
0.182739	-4.62876	-3.95873
0.159454	-5.58837	-3.53908
0.132605	-6.4437	-3.0326
0.10258	-7.20607	-2.44874
0.0705474	-7.68782	-1.79595
0.0398314	-7.37183	-1.09962
0.0151193	-5.9309	-0.432004
-0.000948324	-3.85623	0.105055
-0.00698738	-1.44937	0.454192
-0.00302147	0.951818	0.585356
0.0100259	3.13137	0.499091
0.0303355	4.87431	0.215495
0.0554209	6.0205	-0.225872
0.0824087	6.47706	-0.770957
0.108396	6.23695	-1.3573
0.13145	5.53288	-1.92183
0.147084	3.75236	-2.42252
0.154753	1.84045	-2.76194
0.155846	0.262204	-2.92819
0.151297	-1.09168	-2.95153
0.141743	-2.29302	-2.85228
0.127656	-3.38085	-2.64426
0.109434	-4.37324	-2.33779
0.0874468	-5.27691	-1.9415
0.0620721	-6.08993	-1.46344
0.0337161	-6.80542	-0.911839
0.00277977	-7.42473	-0.295532
-0.0269073	-7.12491	0.376762
-0.047632	-4.97393	1.02182
-0.0541876	-1.57333	1.47202
-0.0480279	1.47832	1.61427
-0.0370523	2.63416	1.48019
-0.0160028	5.05186	1.24148
0.0129655	6.95239	0.783889
0.0482027	8.45695	0.154287
0.0858837	9.04344	-0.611454
0.121642	8.58199	-1.43019
0.150358	6.89184	-2.20703
0.168643	4.38845	-2.83073
0.177573	2.14316	-3.22768
0.179673	0.504015	-3.42128
0.175915	-0.901955	-3.46644
0.166845	-2.1769	-3.38429
0.152895	-3.34801	-3.18672
0.134443	-4.42831	-2.88314
0.111832	-5.42659	-2.48179
0.0855887	-6.29851	-1.9901
0.0576324	-6.7095	-1.41954
0.0325477	-6.02033	-0.811852
0.0141205	-4.42254	-0.266643
0.0042368	-2.37208	0.13382
0.00369812	-0.129283	0.348574
0.0120119	1.99531	0.360227
0.0279008	3.81332	0.179512
0.0493486	5.14749	-0.165785
0.0738558	5.88173	-0.631833
0.0987381	5.97175	-1.1643
0.129615	7.41046	-1.70484
0.142308	3.04628	-2.37556
0.150431	1.94949	-2.65105
0.152445	0.483497	-2.8272
0.148231	-1.01147	-2.87058
0.138246	-2.3963	-2.7786
0.123437	-3.55427	-2.56125
0.104613	-4.51763	-2.23908
0.0824037	-5.3303	-1.82973
0.0574311	-5.99342	-1.34686
0.0307797	-6.39634	-0.804012
0.00555374	-6.05424	-0.22476
-0.0122156	-4.26465	0.323436
-0.0185997	-1.53218	0.709522
-0.0134246	1.24204	0.848148
0.00203557	3.71044	0.735569
0.0255077	5.63332	0.399509
0.0539687	6.83062	-0.110606
0.0840102	7.20997	-0.729058
0.112195	6.7644	-1.38177
0.135302	5.54567	-1.99405
0.149276	3.35364	-2.49589
0.153346	0.976834	-2.79919
0.150256	-0.741513	-2.88725
0.141534	-2.09324	-2.81971
0.128142	-3.21418	-2.62979
0.110794	-4.16356	-2.33841
0.0900771	-4.972	-1.9611
0.0664776	-5.66388	-1.51065
0.0404246	-6.25272	-0.997622
0.0123456	-6.73896	-0.431346
-0.0143605	-6.40946	0.178875
-0.0338999	-4.68946	0.759178
-0.0399647	-1.45554	1.18367
-0.0327602	1.72906	1.31529
-0.0142	4.45445	1.15855
0.0137396	6.70551	0.755062
0.048197	8.26978	0.147818
0.0850524	8.84529	-0.600975
0.120084	8.40756	-1.40177
0.15113	7.451	-2.16282
0.177431	6.31226	-2.83716
0.195603	4.36134	-3.40829
0.204752	2.19564	-3.80271
0.205649	0.215457	-4.00098
0.199815	-1.40018	-4.01993
0.188376	-2.74532	-3.8926
0.172196	-3.88326	-3.64349
0.15197	-4.8543	-3.29138
0.128283	-5.68487	-2.8514
0.101662	-6.3889	-2.33628
0.0730128	-6.87592	-1.75749
0.0444121	-6.86416	-1.13468
0.0203058	-5.7855	-0.51302
0.00513865	-3.64012	0.0108842
-0.000160471	-1.27179	0.340467
0.00409285	1.0208	0.455568
0.0167886	3.04698	0.363075
0.0360092	4.61295	0.0871391
0.0561738	4.8395	-0.330546
0.0788015	5.43065	-0.768686
0.101813	5.52276	-1.26029
0.122191	4.89081	-1.76016
0.135383	3.16601	-2.20275
0.138966	0.859862	-2.4891
0.133855	-1.2265	-2.56661
0.113518	-4.88094	-2.4552
0.0902323	-5.58862	-2.01293
0.064441	-6.18992	-1.50664
0.0364922	-6.70771	-0.945981
0.00688008	-7.1069	-0.338517
-0.0219906	-6.92897	0.305007
-0.047865	-6.20984	0.93233
-0.0690796	-5.09151	1.49445
-0.0854648	-3.93246	1.95524
-0.0951485	-2.32407	2.31102
-0.0945648	0.140079	2.52112
-0.0816133	3.10836	2.50808
-0.0575393	5.77776	2.22629
-0.0242902	7.97978	1.70284
0.0162509	9.72985	0.980087
0.0621952	11.0266	0.0989782
0.10833	11.0723	-0.899421
0.149203	9.80959	-1.90182
0.182414	7.97051	-2.78974
0.206373	5.75034	-3.51103
0.220762	3.45336	-4.03119
0.226559	1.39113	-4.34331
0.225173	-0.332527	-4.46866
0.217589	-1.82021	-4.43793
0.204596	-3.11831	-4.27251
0.186887	-4.25012	-3.98957
0.165806	-5.05946	-3.6042
0.144243	-5.17508	-3.1456
0.126734	-4.20233	-2.6766
0.11486	-2.84971	-2.29574
0.107327	-1.8078	-2.0374
0.103201	-0.990393	-1.87343
0.101618	-0.379906	-1.7835
0.101829	0.0507587	-1.74886
0.103379	0.371948	-1.75321
0.114042	2.55908	-1.78665
0.124627	2.54044	-2.01811
0.134989	2.48678	-2.24785
0.143474	2.03655	-2.4727
0.147078	0.864843	-2.65675
0.140999	-1.45884	-2.73468
0.129416	-2.77995	-2.60222
0.113331	-3.86039	-2.35015
0.0978954	-3.70458	-2.0003
0.0836451	-3.42008	-1.6646
0.0663211	-4.15776	-1.3547
0.0585714	-1.85991	-0.978063
0.0476465	-2.62198	-0.809528
0.040108	-1.80926	-0.572017
0.0393868	-0.173068	-0.408125
0.0450688	1.36367	-0.392401
0.0560201	2.62832	-0.51582
0.0704943	3.47381	-0.753727
0.0864501	3.82939	-1.06815
0.102054	3.745	-1.41473
0.116741	3.52481	-1.75362
0.130234	3.23828	-2.07252
0.143081	3.08324	-2.36544
0.15544	2.96628	-2.64428
0.164333	2.13433	-2.91249
0.166712	0.571	-3.10533
0.162152	-1.09453	-3.1566
0.151197	-2.62907	-3.05706
0.134755	-3.94608	-2.81859
0.113614	-5.07392	-2.46091
0.0884951	-6.02855	-2.00116
0.0594811	-6.96336	-1.45505
0.0266306	-7.88411	-0.824363
-0.00701695	-8.07541	-0.110401
-0.0349151	-6.69554	0.620782
-0.0511898	-3.90593	1.22693
-0.0542569	-0.736098	1.58041
-0.0457632	2.03847	1.64683
-0.0274897	4.38564	1.46203
-0.00122525	6.30347	1.06473
0.0307742	7.67986	0.493845
0.0624768	7.60863	-0.201583
0.0874235	5.9872	-0.890465
0.103447	3.8456	-1.43244
0.111587	1.95362	-1.78044
0.113198	0.386589	-1.95708
0.109368	-0.919038	-1.99181
0.100862	-2.04156	-1.90832
0.088279	-3.01989	-1.72321
0.0721217	-3.87774	-1.44954
0.0535377	-4.46018	-1.09824
0.0356166	-4.30106	-0.694256
0.0240793	-2.76896	-0.304732
0.0208635	-0.771787	-0.0539835
0.0256727	1.15421	0.0159001
0.0374275	2.82114	-0.0886115
0.0542722	4.04275	-0.344036
0.0739262	4.71694	-0.710034
0.0939157	4.79748	-1.13702
0.112441	4.44603	-1.57124
0.129208	4.02407	-1.97358
0.143999	3.54991	-2.33766
0.156141	2.91414	-2.65876
0.163013	1.64924	-2.92224
0.162983	-0.00722971	-3.07117
0.15635	-1.59191	-3.07008
0.14429	-2.89448	-2.92552
0.127711	-3.97884	-2.66304
0.107295	-4.8999	-2.30242
0.0835963	-5.6877	-1.85845
0.0571001	-6.35908	-1.34321
0.0282699	-6.91925	-0.767259
-0.00161095	-7.17141	-0.140666
-0.0296554	-6.73068	0.50867
-0.0508163	-5.07861	1.11801
-0.0589648	-1.95563	1.57768
-0.0653004	-1.52054	1.75453
-0.0626737	0.6304	1.89195
-0.0487013	3.35337	1.83461
-0.0251379	5.65523	1.53072
0.00632183	7.55033	1.01847
0.0440573	9.05651	0.334693
0.0835208	9.47124	-0.485359
0.117552	8.16743	-1.34285
0.140903	5.60437	-2.08217
0.15505	3.39523	-2.58931
0.161607	1.57374	-2.89637
0.161653	0.0109649	-3.03846
0.156064	-1.34132	-3.03903
0.145458	-2.54549	-2.91716
0.130345	-3.62718	-2.68628
0.111181	-4.5993	-2.35749
0.0884184	-5.46302	-1.94073
0.0635278	-5.97374	-1.44583
0.0401786	-5.60382	-0.904749
0.0258027	-3.4502	-0.397239
0.0192853	-1.56417	-0.0847959
0.0206332	0.323493	0.0568374
0.0290547	2.02115	0.0275358
0.0430332	3.35484	-0.155472
0.0604546	4.18114	-0.459211
0.0789659	4.44272	-0.837722
0.0969436	4.31463	-1.23987
0.114377	4.18406	-1.63035
0.130797	3.94076	-2.00897
0.143233	2.98453	-2.3655
0.149161	1.42289	-2.6354
0.148195	-0.231912	-2.76386
0.140684	-1.80269	-2.74248
0.12742	-3.1832	-2.57888
0.109177	-4.3784	-2.29031
0.0867581	-5.38057	-1.89356
0.060643	-6.26761	-1.40613
0.0313892	-7.02092	-0.838446
0.0044254	-6.47131	-0.202638
-0.0148707	-4.63107	0.383318
-0.023501	-2.07126	0.802572
-0.0211598	0.56189	0.989994
-0.00894834	2.93074	0.938978
0.0106971	4.71491	0.673485
0.0344625	5.70369	0.246486
0.0510007	3.96918	-0.26998
0.0640823	3.13958	-0.629326
0.0717536	1.8411	-0.913508
0.0732489	0.358881	-1.08008
0.0689333	-1.03576	-1.11243
0.0593289	-2.30505	-1.0185
0.0449484	-3.45132	-0.809652
0.0287385	-3.89036	-0.49705
0.0180675	-2.56105	-0.144739
0.0135032	-1.09542	0.0871627
0.0159343	0.583469	0.18633
0.0248659	2.14359	0.133471
0.0388353	3.35264	-0.0606377
0.0556339	4.03167	-0.36419
0.0713179	3.76414	-0.729182
0.082681	2.72716	-1.0699
0.0878726	1.24598	-1.31668
0.0871399	-0.17585	-1.42931
0.081129	-1.44262	-1.41319
0.0705225	-2.54555	-1.28238
0.0560932	-3.46304	-1.05172
0.0387254	-4.16827	-0.738027
0.0210996	-4.23019	-0.36052
0.00815001	-3.1079	0.0225405
0.00418864	-0.950728	0.303933
0.0095469	1.28598	0.389969
0.0232906	3.29849	0.273474
0.0434286	4.83311	-0.0252225
0.0673452	5.74	-0.462826
0.0921336	5.9492	-0.982481
0.114969	5.48051	-1.521
0.135584	4.94749	-2.01702
0.152751	4.12012	-2.4647
0.162488	2.33692	-2.8374
0.162727	0.0573571	-3.0486
0.156022	-1.60907	-3.05337
0.144173	-2.84392	-2.90726
0.128004	-3.88055	-2.64936
0.108133	-4.7691	-2.29764
0.0850712	-5.53472	-1.86551
0.0592428	-6.19882	-1.36412
0.0310179	-6.77398	-0.802676
0.0014805	-7.08897	-0.189231
-0.0144394	-3.82079	0.452648
-0.0264562	-2.88403	0.798526
-0.0305938	-0.993002	1.05954
-0.0239789	1.58756	1.1493
-0.0073233	3.99735	1.00539
0.0181178	6.10587	0.643316
0.0493547	7.49685	0.0903798
0.0825996	7.97878	-0.588422
0.112363	7.14328	-1.31076
0.134037	5.20179	-1.95736
0.147071	3.12811	-2.42807
0.152695	1.34966	-2.71096
0.151844	-0.204302	-2.83279
0.145197	-1.59508	-2.8139
0.133313	-2.85225	-2.66909
0.116875	-3.945	-2.41046
0.0971823	-4.72636	-2.05294
0.0772151	-4.79215	-1.62472
0.0611768	-3.84919	-1.1906
0.0498984	-2.70681	-0.841921
0.0433935	-1.56116	-0.596724
0.042182	-0.290763	-0.455292
0.0459625	0.907305	-0.428906
0.0540636	1.94427	-0.511
0.0654002	2.72078	-0.686972
0.0786174	3.17212	-0.933227
0.0922532	3.27259	-1.22031
0.105794	3.24985	-1.51646
0.117493	2.80762	-1.8105
0.124137	1.59458	-2.06446
0.125028	0.21391	-2.20855
0.120758	-1.02491	-2.22761
0.111888	-2.12871	-2.13451
0.098821	-3.13607	-1.94147
0.0818287	-4.07813	-1.65726
0.0611436	-4.96443	-1.28778
0.0370058	-5.79307	-0.838111
0.0102929	-6.41109	-0.313476
-0.0169372	-6.53522	0.267043
-0.0307323	-3.31082	0.85872
-0.0372245	-1.55814	1.15837
-0.0324866	1.1371	1.29928
-0.0163214	3.87964	1.19614
0.00953931	6.20658	0.844697
0.042705	7.95977	0.282614
0.0792684	8.77522	-0.438129
0.115057	8.58931	-1.2326
0.147214	7.71763	-2.01014
0.174651	6.58478	-2.70863
0.19478	4.83109	-3.30446
0.206462	2.80359	-3.74142
0.21012	0.878064	-3.99475
0.206731	-0.813383	-4.0737
0.197067	-2.31931	-3.99948
0.181768	-3.67193	-3.78893
0.16183	-4.78507	-3.45594
0.138955	-5.48995	-3.0222
0.116692	-5.34319	-2.52471
0.098961	-4.2554	-2.04057
0.0851816	-3.30707	-1.65499
0.0756619	-2.28473	-1.35534
0.0696774	-1.43626	-1.14828
0.0666439	-0.72804	-1.01808
0.0660173	-0.15039	-0.952026
0.0673399	0.317419	-0.938279
0.0700802	0.657683	-0.966892
0.0738603	0.907217	-1.02631
0.077818	0.949855	-1.10831
0.0785143	0.167094	-1.19416
0.0739392	-1.09801	-1.20913
0.0641799	-2.34223	-1.10955
0.0498833	-3.4312	-0.897322
0.0319666	-4.3	-0.58653
0.011962	-4.80111	-0.197117
-0.00839443	-4.88554	0.237614
-0.0273725	-4.55474	0.679928
-0.0435589	-3.88473	1.09223
-0.0545977	-2.64931	1.44381
-0.057501	-0.696792	1.68348
-0.0497825	1.85243	1.74633
-0.0314052	4.41055	1.57836
-0.0038404	6.61556	1.17879
0.0312151	8.41332	0.579629
0.0704619	9.41922	-0.182221
0.109207	9.29875	-1.03504
0.141949	7.85806	-1.87684
0.165594	5.67481	-2.58807
0.178128	3.00813	-3.10152
0.181495	0.808251	-3.37346
0.178082	-0.819107	-3.44617
0.169055	-2.16657	-3.37153
0.155358	-3.28729	-3.17489
0.137733	-4.22994	-2.87681
0.116769	-5.03144	-2.49342
0.0935083	-5.58253	-2.03752
0.0703235	-5.56436	-1.53178
0.0516227	-4.48819	-1.02775
0.0391992	-2.98164	-0.62124
0.0336652	-1.32816	-0.35119
0.0350748	0.338316	-0.23089
0.0426928	1.82832	-0.261493
0.0551589	2.99187	-0.427002
0.0706892	3.72726	-0.697838
0.0872996	3.98649	-1.03522
0.103177	3.81054	-1.39603
0.118034	3.56572	-1.74085
0.131642	3.26587	-2.06346
0.141764	2.42931	-2.35888
0.14526	0.839173	-2.57851
0.142167	-0.742379	-2.65413
0.133444	-2.09365	-2.58655
0.119825	-3.26842	-2.39663
0.101951	-4.28981	-2.10036
0.0803383	-5.18705	-1.71166
0.0554836	-5.96514	-1.24177
0.027892	-6.62198	-0.701504
-0.00119585	-6.98109	-0.101836
-0.0302427	-6.97125	0.530262
-0.056527	-6.30823	1.16138
-0.0764051	-4.77074	1.73238
-0.0865038	-2.42369	2.16409
-0.083777	0.654441	2.38323
-0.068935	3.56207	2.32364
-0.0438405	6.0227	2.00079
-0.0103021	8.04921	1.4552
0.0299064	9.65002	0.726193
0.0739863	10.5792	-0.147652
0.116798	10.2747	-1.10551
0.152504	8.56958	-2.03565
0.17944	6.46471	-2.81129
0.196809	4.16841	-3.39623
0.205456	2.07529	-3.77318
0.206734	0.306815	-3.96056
0.201734	-1.20014	-3.98779
0.191234	-2.52003	-3.87857
0.186241	-1.19817	-3.64986
0.176502	-2.33751	-3.54087
0.163501	-3.12024	-3.32873
0.148511	-3.59763	-3.04575
0.134971	-3.24938	-2.71959
0.125002	-2.39259	-2.42501
0.118107	-1.6548	-2.20804
0.113635	-1.07346	-2.0579
0.111097	-0.609084	-1.96043
0.110158	-0.225268	-1.90501
0.110486	0.0786928	-1.88435
0.111785	0.311756	-1.89121
0.112427	0.154093	-1.91918
0.108849	-0.858606	-1.93287
0.0986408	-2.45008	-1.85486
0.0831237	-3.72411	-1.63277
0.0644017	-4.49327	-1.29535
0.0430882	-5.11524	-0.88834
0.0198961	-5.56611	-0.425071
-0.0033645	-5.58255	0.0789563
-0.024978	-5.18725	0.584402
-0.0433749	-4.41525	1.05399
-0.0573485	-3.35366	1.4536
-0.066779	-2.26331	1.75705
-0.0702973	-0.844391	1.96172
-0.0640849	1.49096	2.0379
-0.0462924	4.2702	1.90262
-0.0183129	6.71508	1.51571
0.0180578	8.72898	0.907493
0.0607181	10.2385	0.117016
0.104828	10.5864	-0.810023
0.145543	9.77155	-1.76844
0.181813	8.70474	-2.65294
0.212659	7.40312	-3.44072
0.234649	5.27764	-4.11054
0.245644	2.63877	-4.58783
0.2478	0.517462	-4.82611
0.242854	-1.18703	-4.87229
0.231887	-2.63225	-4.76413
0.215741	-3.87502	-4.52514
0.195114	-4.95037	-4.17366
0.170568	-5.89117	-3.72485
0.142799	-6.66445	-3.19093
0.113544	-7.0211	-2.58707
0.0868502	-6.40661	-1.951
0.0664311	-4.90059	-1.37066
0.0517315	-3.52792	-0.926761
0.0422525	-2.27495	-0.607208
0.032457	-2.35091	-0.401146
0.0292281	-0.774948	-0.188235
0.032399	0.761032	-0.118047
0.0412528	2.12489	-0.186941
0.0544906	3.17708	-0.379312
0.0704009	3.81848	-0.666925
0.0868111	3.93845	-1.01257
0.0990762	2.94362	-1.36903
0.104974	1.41554	-1.63537
0.104974	0	-1.76331
0.0998115	-1.23908	-1.76307
0.0899808	-2.35937	-1.65063
0.0758373	-3.39444	-1.43678
0.0577172	-4.34882	-1.12924
0.0359821	-5.21641	-0.735335
0.00846095	-6.60508	-0.262927
-0.0187405	-6.52834	0.33515
-0.0436441	-5.97688	0.926194
-0.0624405	-4.51112	1.46722
-0.0710873	-2.07523	1.87547
-0.0666828	1.05708	2.0631
-0.0503397	3.92233	1.96709
-0.024012	6.31865	1.61168
0.0103668	8.25093	1.03934
0.050902	9.72843	0.292128
0.0935444	10.2342	-0.588756
0.134553	9.84217	-1.51531
0.17075	8.68712	-2.40624
0.199525	6.90611	-3.19246
0.219308	4.74784	-3.81732
0.230097	2.58941	-4.24667
0.232527	0.583062	-4.48053
0.227532	-1.19858	-4.5327
0.216195	-2.72092	-4.42355
0.199985	-3.89038	-4.17657
0.181194	-4.50987	-3.82375
0.162801	-4.41442	-3.41488
0.147626	-3.64189	-3.01471
0.135652	-2.87376	-2.68455
0.12632	-2.23966	-2.42398
0.119283	-1.68907	-2.22086
0.114299	-1.19612	-2.06762
0.111183	-0.747846	-1.95903
0.109741	-0.346029	-1.89105
0.109054	-0.164811	-1.85946
0.10555	-0.841123	-1.84428
0.0959718	-2.29867	-1.76787
0.0813865	-3.50047	-1.5595
0.0633015	-4.3404	-1.24234
0.0423105	-5.03784	-0.849176
0.0194323	-5.49076	-0.39292
-0.0034738	-5.49746	0.10428
-0.0246538	-5.08319	0.602018
-0.0425012	-4.28339	1.06218
-0.0558035	-3.19255	1.44986
-0.0642249	-2.02114	1.73871
-0.0660056	-0.427369	1.92147
-0.0574768	2.04692	1.95989
-0.0372898	4.84487	1.77428
-0.00714226	7.23541	1.33536
0.0310423	9.16428	0.680051
0.0741598	10.3482	-0.149808
0.117292	10.3517	-1.08675
0.156072	9.30722	-2.02387
0.19024	8.20033	-2.86629
0.218215	6.71396	-3.60837
0.236516	4.3922	-4.21577
0.243752	1.73666	-4.61287
0.242662	-0.261533	-4.76947
0.234968	-1.84655	-4.74513
0.221683	-3.1883	-4.57727
0.203606	-4.33849	-4.28796
0.181407	-5.32772	-3.89454
0.155636	-6.18505	-3.41162
0.126805	-6.91944	-2.85113
0.0964949	-7.27454	-2.22423
0.0685225	-6.71337	-1.56527
0.0470657	-5.14963	-0.957203
0.0318783	-3.64498	-0.490811
0.0240577	-1.87695	-0.160719
0.0238591	-0.0476606	0.0092441
0.030677	1.6363	0.013554
0.0433435	3.03997	-0.134607
0.0601542	4.03457	-0.409839
0.0790589	4.53713	-0.775087
0.097873	4.51538	-1.18579
0.115074	4.12819	-1.59446
0.127407	2.96007	-1.96802
0.13266	1.26052	-2.23576
0.131497	-0.279024	-2.34958
0.12485	-1.59516	-2.32399
0.113392	-2.74995	-2.17924
0.0977012	-3.76587	-1.92995
0.0782322	-4.67257	-1.58871
0.0554157	-5.47596	-1.16543
0.0296897	-6.17423	-0.669461
0.0025829	-6.50564	-0.110338
-0.024295	-6.45069	0.478713
-0.0483842	-5.78141	1.06271
-0.0649661	-3.97964	1.58602
-0.0700183	-1.21255	1.94612
-0.0623508	1.84022	2.05564
-0.0434536	4.53532	1.88873
-0.0151336	6.79681	1.47782
0.0208934	8.64647	0.862204
0.0624215	9.96675	0.0792039
0.104805	10.172	-0.823229
0.143172	9.20818	-1.74412
0.174275	7.46477	-2.57761
0.196036	5.22258	-3.25314
0.208736	3.04801	-3.72555
0.213243	1.0816	-4.00101
0.210905	-0.561012	-4.09839
0.202629	-1.98644	-4.04702
0.189141	-3.23706	-3.8666
0.171038	-4.34479	-3.57297
0.148952	-5.30065	-3.17909
0.124492	-5.87021	-2.69871
0.101433	-5.53432	-2.16683
0.095719	-1.37127	-1.66544
0.0880956	-1.82962	-1.54105
0.083805	-1.02975	-1.37518
0.0821701	-0.392354	-1.28176
0.0825649	0.0947514	-1.24606
0.0846234	0.494037	-1.25446
0.0880835	0.830424	-1.29902
0.0927444	1.11862	-1.37404
0.0980649	1.27692	-1.47513
0.100787	0.653198	-1.59054
0.0974353	-0.80432	-1.64947
0.0889856	-2.02792	-1.57641
0.0767055	-2.94722	-1.39258
0.0610451	-3.75849	-1.12554
0.0423544	-4.48577	-0.785086
0.021613	-4.97794	-0.378825
0.000342976	-5.1048	0.0719407
-0.0198843	-4.85454	0.53413
-0.0374888	-4.22509	0.973596
-0.0511743	-3.28452	1.35601
-0.061252	-2.41866	1.6532
-0.0660031	-1.14026	1.87196
-0.0616196	1.05204	1.97494
-0.0459832	3.75274	1.8794
-0.0201938	6.18944	1.53935
0.0140193	8.21116	0.978726
0.0549449	9.82213	0.235123
0.0980144	10.3367	-0.654238
0.138576	9.73478	-1.59006
0.174493	8.62005	-2.47126
0.203698	7.00921	-3.2514
0.223198	4.68014	-3.88558
0.233538	2.48144	-4.3088
0.235727	0.525405	-4.53287
0.231061	-1.11986	-4.57981
0.22049	-2.53693	-4.47778
0.204757	-3.77612	-4.24746
0.184462	-4.87064	-3.90497
0.160567	-5.73493	-3.46342
0.134955	-6.14681	-2.94369
0.111902	-5.53278	-2.38673
0.0945323	-4.16866	-1.88545
0.0822923	-2.93761	-1.50774
0.0743321	-1.91046	-1.24156
0.0699334	-1.05569	-1.06841
0.0684626	-0.352991	-0.97268
0.0693924	0.223169	-0.940587
0.0692269	-0.0397308	-0.960666
0.0653621	-0.927544	-0.956938
0.0630477	-0.555469	-0.872826
0.0631493	0.0243843	-0.822414
0.0615946	-0.373132	-0.824511
0.0580478	-0.851222	-0.790616
0.0498749	-1.96148	-0.713437
0.038323	-2.77247	-0.535743
0.0256341	-3.04535	-0.284645
0.012856	-3.06674	-0.00887476
0.00063482	-2.93308	0.268794
-0.0104362	-2.65705	0.534322
-0.0197976	-2.24674	0.774821
-0.0269166	-1.70855	0.978136
-0.031285	-1.0484	1.13269
-0.0332924	-0.481792	1.22746
-0.0339328	-0.153677	1.2709
-0.0330419	0.213797	1.28464
-0.028882	0.998377	1.2651
-0.0179003	2.63562	1.17452
0.00290806	4.994	0.935716
0.0381551	8.45929	0.48341
0.0676446	7.07749	-0.282589
0.100193	7.81164	-0.923369
0.13382	8.07046	-1.63053
0.167903	8.17983	-2.36103
0.201167	7.98351	-3.10133
0.231064	7.1751	-3.82375
0.254605	5.64985	-4.47287
0.26623	2.79015	-4.9838
0.268258	0.486615	-5.23574
0.262571	-1.36486	-5.27907
0.250575	-2.87895	-5.15475
0.233436	-4.11353	-4.89337
0.212124	-5.11471	-4.52024
0.187937	-5.80502	-4.05651
0.16298	-5.98958	-3.53034
0.141515	-5.15168	-2.98754
0.12653	-3.59645	-2.52068
0.116934	-2.30302	-2.1947
0.111425	-1.32205	-1.98587
0.108921	-0.600995	-1.86589
0.108579	-0.0821497	-1.81122
0.109619	0.249659	-1.80353
0.111533	0.459415	-1.82589
0.113894	0.566583	-1.86724
0.116294	0.576111	-1.91828
0.118227	0.4639	-1.97018
0.117803	-0.101765	-2.01191
0.11194	-1.4072	-2.00242
0.100136	-2.83297	-1.87473
0.0834294	-4.00956	-1.61797
0.053867	-7.09496	-1.25471
0.0181834	-8.56406	-0.612138
-0.0187708	-8.869	0.163359
-0.0552185	-8.74746	0.966357
-0.0893977	-8.20301	1.75824
-0.121223	-7.63802	2.50071
-0.150608	-7.05243	3.19193
-0.176748	-6.27355	3.83002
-0.197426	-4.9627	4.39751
-0.209701	-2.94615	4.84623
-0.212839	-0.75298	5.1123
-0.202244	2.54273	5.17975
-0.179457	5.46892	4.9488
-0.146338	7.9484	4.45293
-0.105034	9.91314	3.73264
-0.0575978	11.3846	2.83455
-0.0055284	12.4966	1.80335
0.050246	13.3859	0.671612
0.105257	13.2026	-0.540479
0.150604	10.8834	-1.7358
0.18386	7.98141	-2.72098
0.206208	5.36343	-3.44326
0.218794	3.0207	-3.9284
0.217712	-0.259633	-4.20136
0.207052	-2.55852	-4.17727
0.187966	-4.58059	-3.94503
0.161854	-6.26692	-3.52974
0.130186	-7.60029	-2.96183
0.0949251	-8.46257	-2.27327
0.0590104	-8.61952	-1.50673
0.0269582	-7.69252	-0.726086
0.00329036	-5.68028	-0.0294853
-0.00975768	-3.13153	0.484824
-0.0116235	-0.447786	0.76829
-0.00277853	2.12278	0.808723
0.0155016	4.38724	0.616404
0.0412103	6.17008	0.21908
0.0717037	7.31841	-0.339611
0.103866	7.7189	-1.0022
0.13424	7.28975	-1.70095
0.161995	6.66135	-2.36075
0.186266	5.82487	-2.96356
0.206393	4.83066	-3.49055
0.218835	2.98596	-3.92745
0.217864	-0.233099	-4.19726
0.206027	-2.84072	-4.17557
0.184638	-5.13355	-3.91779
0.155548	-6.98157	-3.45244
0.120476	-8.41716	-2.81983
0.080869	-9.50573	-2.05732
0.0381029	-10.2638	-1.19636
-0.00595266	-10.5733	-0.266881
-0.0472955	-9.92228	0.690493
-0.0820487	-8.34077	1.58878
-0.10852	-6.35321	2.34376
-0.124686	-3.87976	2.91866
-0.127674	-0.717167	3.26953
-0.11762	2.41315	3.33401
-0.0959032	5.21192	3.11504
-0.0637313	7.72126	2.6427
-0.0225576	9.88168	1.94322
0.0256323	11.5656	1.04823
0.0788243	12.7661	0.000903463
0.131082	12.5418	-1.15498
0.177203	11.0692	-2.29039
0.21644	9.41672	-3.29231
0.245464	6.96584	-4.14447
0.262928	4.19143	-4.7746
0.27027	1.76207	-5.15344
0.26907	-0.288185	-5.31226
0.260607	-2.03105	-5.28543
0.245946	-3.51865	-5.1008
0.226039	-4.77756	-4.7815
0.201608	-5.86359	-4.34826
0.172635	-6.95343	-3.81675
0.138362	-8.22542	-3.18664
0.100425	-9.10498	-2.44144
0.0625237	-9.09632	-1.61672
0.0298171	-7.84959	-0.792887
0.00525737	-5.89433	-0.0820558
-0.00909922	-3.44558	0.451642
-0.0125097	-0.818506	0.763548
-0.00555998	1.66792	0.837547
0.0101041	3.75938	0.686408
0.0318982	5.23059	0.345922
0.057203	6.07314	-0.127723
0.0839649	6.42287	-0.677588
0.107826	5.72674	-1.25904
0.124699	4.04953	-1.77739
0.133882	2.20381	-2.1438
0.135852	0.472844	-2.34304
0.131645	-1.0096	-2.38553
0.122004	-2.31386	-2.29379
0.107614	-3.45364	-2.08397
0.0893786	-4.37654	-1.77098
0.0687686	-4.9464	-1.37447
0.0481802	-4.94122	-0.92642
0.0317718	-3.93803	-0.478902
0.0226536	-2.18837	-0.122279
0.0211763	-0.354538	0.0758753
0.0267344	1.33394	0.107961
0.0382274	2.75832	-0.0128372
0.0540238	3.79112	-0.262586
0.0721418	4.34832	-0.605813
0.0900378	4.29504	-0.999442
0.102994	3.10943	-1.38819
0.107231	1.01686	-1.66954
0.102792	-1.06518	-1.76138
0.0925653	-2.45449	-1.66469
0.07801	-3.49329	-1.44222
0.0600085	-4.32034	-1.12573
0.0392155	-4.99033	-0.734405
0.0170658	-5.31593	-0.282468
-0.00456805	-5.19212	0.198887
-0.0238948	-4.63843	0.668965
-0.0390065	-3.6268	1.08884
-0.0472016	-1.96682	1.41707
-0.0446884	0.603169	1.59495
-0.0294388	3.6599	1.54011
-0.00311492	6.31773	1.20851
0.0322296	8.48269	0.636314
0.0730945	9.80757	-0.131826
0.114577	9.95577	-1.01982
0.151949	8.96935	-1.9211
0.184908	7.91007	-2.73295
0.213379	6.83314	-3.44877
0.236666	5.58889	-4.06698
0.250966	3.43189	-4.57245
0.255093	0.990581	-4.88255
0.25099	-0.984826	-4.97156
0.240177	-2.59511	-4.8817
0.22388	-3.91118	-4.64605
0.20304	-5.00158	-4.29128
0.17843	-5.90638	-3.83782
0.15068	-6.66001	-3.30251
0.120324	-7.28558	-2.69903
0.0881936	-7.71124	-2.039
0.0564057	-7.62908	-1.34052
0.0294912	-6.45948	-0.649582
0.0111803	-4.39462	-0.0646358
0.00275583	-2.02187	0.333272
0.00425858	0.360659	0.516288
0.0147915	2.5279	0.483556
0.0326292	4.28105	0.254601
0.0553694	5.45764	-0.133057
0.0802047	5.96048	-0.627193
0.104243	5.76914	-1.16679
0.125002	4.98221	-1.68898
0.138552	3.25199	-2.13985
0.1434	1.16346	-2.434
0.141241	-0.518052	-2.53901
0.133312	-1.90306	-2.49175
0.12055	-3.06287	-2.3191
0.103737	-4.03497	-2.04146
0.083463	-4.86584	-1.67584
0.0602255	-5.57701	-1.23504
0.034479	-6.17916	-0.729916
0.00766072	-6.43639	-0.170339
-0.0181667	-6.19858	0.41245
-0.0396374	-5.15296	0.973626
-0.050085	-2.50744	1.44005
-0.0470291	0.733415	1.66687
-0.0319282	3.62422	1.60023
-0.00674352	6.04432	1.27186
0.0266608	8.01705	0.724405
0.0653811	9.29285	-0.00158665
0.104919	9.48921	-0.842991
0.140865	8.62701	-1.70206
0.171875	7.44228	-2.48294
0.195057	5.56372	-3.15644
0.20804	3.11599	-3.65976
0.212125	0.980308	-3.94138
0.208787	-0.801114	-4.02959
0.199393	-2.2546	-3.9565
0.184974	-3.46063	-3.75181
0.166354	-4.46859	-3.43795
0.14419	-5.31956	-3.03288
0.119017	-6.04136	-2.55081
0.0918194	-6.52747	-2.00346
0.0651317	-6.40506	-1.41216
0.0436517	-5.15518	-0.832038
0.0295374	-3.38744	-0.365161
0.023595	-1.42618	-0.0584059
0.0256059	0.482612	0.0707285
0.0346242	2.16439	0.0270171
0.0491026	3.47482	-0.168961
0.0670263	4.30168	-0.483562
0.0861363	4.58641	-0.872985
0.104184	4.3314	-1.28813
0.120198	3.84347	-1.68013
0.131291	2.66226	-2.0279
0.134197	0.697436	-2.26867
0.130088	-0.986135	-2.33151
0.120428	-2.31831	-2.2419
0.10618	-3.41973	-2.03168
0.0880995	-4.33923	-1.72177
0.0667584	-5.12185	-1.32865
0.0426292	-5.79101	-0.864718
0.0166174	-6.24283	-0.340266
-0.00901302	-6.15131	0.225021
-0.0322461	-5.57594	0.781943
-0.0510378	-4.51001	1.28669
-0.061609	-2.53709	1.69486
-0.0601117	0.359357	1.92433
-0.0461541	3.34981	1.89152
-0.0216337	5.8849	1.58795
0.0115057	7.95346	1.05489
0.0514482	9.5862	0.334608
0.0937571	10.1541	-0.533404
0.133662	9.57714	-1.45272
0.168381	8.33254	-2.31966
0.195453	6.49726	-3.07379
0.212084	3.99153	-3.66165
0.219224	1.71366	-4.02254
0.218354	-0.208909	-4.17714
0.210951	-1.77661	-4.15765
0.198151	-3.07204	-3.99621
0.180865	-4.14873	-3.7175
0.159811	-5.0528	-3.34135
0.135573	-5.81717	-2.88339
0.109295	-6.30681	-2.35629
0.0838978	-6.09528	-1.78493
0.0735919	-2.47342	-1.2328
0.0678345	-1.38179	-1.00868
0.0657175	-0.508079	-0.883432
0.0668015	0.260162	-0.83731
0.0705586	0.901708	-0.860754
0.076299	1.3777	-0.942281
0.0832532	1.66902	-1.06689
0.0924298	2.20238	-1.21787
0.118248	6.19646	-1.41711
0.143974	6.17413	-1.97796
0.166084	5.30629	-2.53671
0.180671	3.50094	-3.01681
0.186174	1.32075	-3.33337
0.183825	-0.563714	-3.4525
0.175311	-2.04337	-3.40098
0.161759	-3.25243	-3.21549
0.143749	-4.32254	-2.92056
0.121497	-5.34043	-2.52879
0.0949956	-6.36032	-2.0449
0.0657017	-7.03052	-1.46874
0.0339063	-7.63089	-0.831971
0.000310088	-8.0631	-0.140936
-0.0302398	-7.33197	0.589136
-0.0495573	-4.63621	1.25291
-0.0544904	-1.18394	1.6725
-0.046806	1.84425	1.77946
-0.0282988	4.44173	1.61223
-0.00072424	6.61789	1.20983
0.0342107	8.38439	0.610454
0.0732955	9.38036	-0.148782
0.112161	9.3276	-0.99809
0.146364	8.20889	-1.8425
0.173326	6.47082	-2.5855
0.191267	4.30581	-3.17103
0.200441	2.20186	-3.56045
0.201983	0.370024	-3.75932
0.197132	-1.16423	-3.7923
0.186696	-2.50476	-3.68636
0.171323	-3.68948	-3.45907
0.151549	-4.74565	-3.12453
0.130898	-4.95634	-2.69441
0.107045	-5.72475	-2.24528
0.0825082	-5.88876	-1.72663
0.0615472	-5.03064	-1.19321
0.046113	-3.70421	-0.737561
0.0366498	-2.27118	-0.402073
0.0336001	-0.731908	-0.196381
0.0366963	0.743079	-0.130089
0.0452044	2.04194	-0.197356
0.0579012	3.04723	-0.382216
0.0732137	3.67501	-0.658072
0.0894943	3.90734	-0.99073
0.103687	3.40625	-1.34438
0.109994	1.51363	-1.65261
0.108404	-0.381512	-1.78943
0.100544	-1.88654	-1.75464
0.087775	-3.06446	-1.58358
0.0710399	-4.01644	-1.3059
0.0510962	-4.78648	-0.942064
0.0287951	-5.35227	-0.508556
0.00683356	-5.27077	-0.0238786
-0.0108356	-4.2406	0.453351
-0.01886	-1.92585	0.83724
-0.014353	1.08167	1.01149
0.00184064	3.88648	0.913408
0.027472	6.15152	0.561383
0.0592635	7.62996	0.00432368
0.0933299	8.17593	-0.686519
0.125659	7.7591	-1.4267
0.154376	6.89201	-2.12903
0.179033	5.91771	-2.75276
0.19746	4.42249	-3.28819
0.207227	2.34403	-3.68816
0.208446	0.292456	-3.89988
0.202369	-1.45838	-3.92582
0.190328	-2.8898	-3.79323
0.173424	-4.05701	-3.53105
0.152525	-5.01573	-3.16323
0.128355	-5.80093	-2.70865
0.119625	-2.09509	-2.18304
0.114429	-1.24709	-1.99305
0.108646	-1.38782	-1.87986
0.100344	-1.99245	-1.75394
0.0916556	-2.08531	-1.5733
0.0856372	-1.44441	-1.38427
0.0826887	-0.70765	-1.2533
0.0823678	-0.0770126	-1.18906
0.0840519	0.404197	-1.18193
0.0872769	0.773983	-1.21836
0.0913196	0.97026	-1.28827
0.0952262	0.937588	-1.37595
0.0968293	0.384726	-1.46065
0.0938892	-0.705618	-1.49529
0.0859035	-1.91657	-1.43119
0.0732018	-3.0484	-1.25747
0.0563685	-4.03999	-0.981284
0.0359664	-4.89651	-0.615358
0.013806	-5.31848	-0.171933
-0.00763651	-5.14621	0.309638
-0.025401	-4.26347	0.775543
-0.0348217	-2.26097	1.16146
-0.0320477	0.665756	1.36601
-0.0178219	3.41419	1.30553
0.00606607	5.73311	0.996215
0.0378859	7.63676	0.476978
0.0738929	8.64168	-0.214546
0.109979	8.66075	-0.996963
0.141515	7.56847	-1.781
0.165106	5.662	-2.46602
0.177846	3.05758	-2.97833
0.179945	0.503585	-3.25476
0.174823	-1.22923	-3.29991
0.16441	-2.49898	-3.18815
0.149571	-3.56132	-2.96145
0.131024	-4.45136	-2.63859
0.109364	-5.19852	-2.23518
0.0850648	-5.8317	-1.76418
0.0588175	-6.29936	-1.23592
0.0325537	-6.30332	-0.665392
0.0121155	-4.90515	-0.0945834
0.00222924	-2.37271	0.349552
0.00333972	0.266514	0.564331
0.0147835	2.7465	0.540117
0.0347013	4.78028	0.29136
0.0604382	6.17684	-0.141505
0.0888272	6.81338	-0.700758
0.116563	6.65648	-1.31757
0.141907	6.08262	-1.92008
0.164665	5.46192	-2.47056
0.162413	-0.540413	-2.96475
0.156265	-1.47552	-2.91541
0.145449	-2.59587	-2.78141
0.130085	-3.68745	-2.54599
0.11072	-4.64763	-2.21177
0.08775	-5.51269	-1.79065
0.0615066	-6.29841	-1.29127
0.0323131	-7.00645	-0.720819
0.00154757	-7.38372	-0.0863388
-0.0278839	-7.06356	0.582213
-0.0522224	-5.84124	1.22168
-0.066112	-3.3335	1.75039
-0.0671996	-0.261016	2.05197
-0.0564774	2.57332	2.07531
-0.0355522	5.02207	1.84202
-0.0060192	7.08791	1.38704
0.0304793	8.75963	0.745086
0.0708228	9.68245	-0.048144
0.107552	8.81497	-0.924818
0.133726	6.2818	-1.72283
0.150309	3.98003	-2.29136
0.159356	2.17128	-2.65141
0.161789	0.583789	-2.84763
0.158388	-0.816324	-2.9001
0.149703	-2.08431	-2.82578
0.136194	-3.24219	-2.63667
0.118275	-4.30057	-2.34275
0.0970849	-5.08558	-1.95304
0.0760245	-5.0545	-1.49231
0.0597773	-3.89932	-1.03446
0.048449	-2.7188	-0.681264
0.0428413	-1.34583	-0.435006
0.0431124	0.0650648	-0.313094
0.0488525	1.37762	-0.318946
0.0591467	2.47061	-0.443639
0.0726471	3.24009	-0.667278
0.0877264	3.61902	-0.960556
0.102665	3.58526	-1.2881
0.117043	3.45077	-1.61255
0.130401	3.20597	-1.92477
0.140629	2.45461	-2.21478
0.145098	1.07268	-2.43672
0.1434	-0.407689	-2.53351
0.136298	-1.70452	-2.49625
0.124313	-2.87631	-2.34157
0.107903	-3.93839	-2.08082
0.0874305	-4.9134	-1.72394
0.0632593	-5.80109	-1.27883
0.0357886	-6.59297	-0.753408
0.00627244	-7.08389	-0.156361
-0.023039	-7.03474	0.485052
-0.0478378	-5.95172	1.12193
-0.0617648	-3.34249	1.66065
-0.062589	-0.197804	1.96305
-0.0514754	2.66726	1.98068
-0.0301008	5.1299	1.7389
-5.71364e-05	7.21049	1.27418
0.0371242	8.92352	0.621137
0.0783396	9.8917	-0.186916
0.117869	9.48707	-1.08252
0.148369	7.32001	-1.94135
0.167991	4.70924	-2.60386
0.179074	2.6599	-3.02989
0.183117	0.970395	-3.2703
0.181067	-0.492155	-3.35771
0.173539	-1.80649	-3.31269
0.16105	-2.99754	-3.14866
0.144027	-4.08553	-2.87682
0.122863	-5.07938	-2.50651
0.0990674	-5.71084	-2.04626
0.0765839	-5.39604	-1.5289
0.0595591	-4.08595	-1.04012
0.0475507	-2.88203	-0.670027
0.041437	-1.46728	-0.40899
0.041437	0	-0.276086
0.047131	1.36655	-0.276052
0.0575891	2.50997	-0.399749
0.0714332	3.32257	-0.626958
0.0869935	3.73447	-0.927709
0.102499	3.72142	-1.26571
0.117389	3.57344	-1.60249
0.131269	3.33132	-1.92582
0.141617	2.48342	-2.22718
0.146026	1.05817	-2.45173
0.144324	-0.408455	-2.5472
0.13728	-1.69065	-2.50987
0.125416	-2.84736	-2.35644
0.109186	-3.895	-2.09831
0.0889495	-4.85687	-1.74536
0.0650616	-5.73309	-1.30536
0.0379102	-6.51634	-0.786095
0.0086393	-7.02502	-0.195982
-0.02084	-7.07503	0.440107
-0.0476311	-6.42986	1.08063
-0.0663708	-4.49753	1.66266
-0.0733314	-1.67053	2.06964
-0.0676989	1.35179	2.2206
-0.050873	4.03821	2.09789
-0.0244804	6.33422	1.73196
0.00988972	8.24883	1.1582
0.0507073	9.79623	0.411159
0.09382	10.347	-0.475881
0.132486	9.27976	-1.41267
0.160861	6.81012	-2.25269
0.179619	4.50195	-2.86899
0.190272	2.55673	-3.27621
0.19384	0.856264	-3.50725
0.191175	-0.639732	-3.58429
0.182875	-1.99193	-3.52587
0.169435	-3.22561	-3.34503
0.151296	-4.35323	-3.05251
0.129479	-5.23615	-2.65793
0.1069	-5.41909	-2.18347
0.10126	-1.35361	-1.69251
0.0992539	-0.481347	-1.56972
0.0999693	0.171694	-1.52592
0.102749	0.66714	-1.54126
0.107028	1.02704	-1.60145
0.112453	1.30182	-1.69422
0.118842	1.53345	-1.81186
0.118998	0.037322	-1.95045
0.122621	0.86975	-1.95357
0.128841	1.4928	-2.03205
0.136197	1.7653	-2.16693
0.142213	1.44387	-2.32647
0.143382	0.280525	-2.45688
0.135692	-1.84559	-2.48194
0.119682	-3.84236	-2.31449
0.0962114	-5.63298	-1.96627
0.0668176	-7.05449	-1.45598
0.0330011	-8.11598	-0.817044
-0.00291736	-8.62042	-0.0820898
-0.0369209	-8.16086	0.698435
-0.065714	-6.91034	1.43724
-0.0884056	-5.44597	2.06272
-0.104879	-3.95353	2.55552
-0.114306	-2.26262	2.91312
-0.114284	0.00541194	3.11757
-0.102141	2.91426	3.11664
-0.0783949	5.69904	2.85234
-0.0447663	8.07085	2.33593
-0.00314985	9.98796	1.60484
0.0445695	11.4527	0.70027
0.0954217	12.2045	-0.336788
0.14372	11.5916	-1.44178
0.184869	9.87585	-2.49111
0.21629	7.54103	-3.38495
0.237022	4.97571	-4.06727
0.244449	1.78241	-4.51722
0.245479	0.247312	-4.67798
0.240114	-1.28782	-4.69972
0.22863	-2.75614	-4.58246
0.2004	-6.77517	-4.33228
0.167352	-7.93146	-3.71823
0.1301	-8.9406	-2.99958
0.0887885	-9.91465	-2.18966
0.0459897	-10.2717	-1.29166
0.00566112	-9.67887	-0.361452
-0.0262734	-7.66429	0.514946
-0.0455387	-4.62366	1.20882
-0.0513149	-1.38628	1.62728
-0.0455006	1.39542	1.75257
-0.0299947	3.72143	1.62597
-0.025332	1.11903	1.28879
-0.0140085	2.71763	1.18729
0.0015298	3.7292	0.941057
0.0187352	4.12929	0.603268
0.0354566	4.01315	0.229302
0.04033	1.16961	-0.134097
0.0414688	0.27331	-0.239983
0.0388945	-0.617826	-0.264701
0.0327716	-1.46951	-0.208729
0.0235453	-2.21431	-0.0756507
0.0120332	-2.76289	0.124845
-3.29711e-05	-2.89589	0.374984
-0.0104066	-2.48967	0.637129
-0.0172517	-1.64282	0.862458
-0.018658	-0.337512	1.01108
-0.0124469	1.49066	1.04149
0.00232748	3.54585	0.906375
0.0242244	5.25527	0.585192
0.0499571	6.17583	0.109278
0.0629924	3.12847	-0.449919
0.074019	2.6464	-0.733121
0.0813254	1.75353	-0.972636
0.0838963	0.617031	-1.13127
0.082337	-0.374233	-1.18699
0.0775552	-1.14764	-1.15294
0.0739373	-0.868303	-1.04887
0.0701005	-0.920832	-0.970114
0.0670625	-0.729118	-0.886608
0.0666981	-0.0874505	-0.820473
0.0690578	0.566326	-0.812445
0.0732296	1.00124	-0.863613
0.0782992	1.21669	-0.954152
0.0830341	1.13639	-1.06419
0.0851346	0.50411	-1.16693
0.0823676	-0.664075	-1.21242
0.0730915	-2.22628	-1.15213
0.0572736	-3.79629	-0.950396
0.035953	-5.11693	-0.606541
0.0123264	-5.6704	-0.143159
-0.0107221	-5.53162	0.370271
-0.0311339	-4.89885	0.871064
-0.047279	-3.87482	1.31449
-0.0588488	-2.77675	1.66514
-0.065325	-1.55428	1.91632
-0.0647704	0.133102	2.05678
-0.053971	2.59185	2.04443
-0.0319426	5.28681	1.80947
-8.31899e-05	7.64627	1.33053
0.0398101	9.57438	0.638025
0.0844461	10.7127	-0.22896
0.128691	10.6188	-1.19889
0.168442	9.54014	-2.16018
0.203506	8.41545	-3.02368
0.233301	7.15084	-3.78522
0.254853	5.17247	-4.43215
0.266728	2.84982	-4.89986
0.26981	0.73969	-5.15721
0.26525	-1.09437	-5.22347
0.254109	-2.67372	-5.12365
0.237233	-4.05033	-4.88086
0.215333	-5.25602	-4.51345
0.189038	-6.31079	-4.03693
0.159092	-7.18705	-3.46497
0.127294	-7.63159	-2.81375
0.0972253	-7.21639	-2.12238
0.072669	-5.8935	-1.4687
0.0537321	-4.54485	-0.93488
0.0400115	-3.29296	-0.52325
0.0325075	-1.80095	-0.225027
0.0316135	-0.214569	-0.0619371
0.0369217	1.27397	-0.0425056
0.0475045	2.53988	-0.157853
0.0619006	3.45506	-0.387804
0.0777271	3.79836	-0.700586
0.0897163	2.87741	-1.04441
0.0950188	1.27259	-1.30479
0.0943999	-0.14852	-1.41984
0.0887323	-1.36024	-1.4062
0.0786483	-2.42014	-1.28285
0.0645853	-3.37513	-1.06355
0.0468915	-4.24651	-0.757807
0.0267468	-4.83473	-0.373215
0.00579509	-5.0284	0.0645837
-0.0142468	-4.81005	0.519856
-0.0317812	-4.20825	0.955295
-0.0432933	-2.76291	1.33618
-0.0389432	1.04402	1.58615
-0.026629	2.95539	1.4914
-0.00399945	5.4311	1.2236
0.0271591	7.47806	0.731674
0.0640656	8.85755	0.0544826
0.102494	9.22276	-0.747517
0.138208	8.57149	-1.58247
0.169279	7.45692	-2.35834
0.193074	5.71087	-3.03319
0.208192	3.62831	-3.54985
0.214805	1.58712	-3.87787
0.213845	-0.230392	-4.02104
0.206529	-1.75591	-3.99962
0.193752	-3.06655	-3.84008
0.176229	-4.2053	-3.56189
0.154566	-5.19926	-3.18064
0.129992	-5.89766	-2.70944
0.105319	-5.92147	-2.17508
0.0849736	-4.883	-1.63863
0.070591	-3.45183	-1.19628
0.0654682	-1.22947	-0.883582
0.0606203	-1.1635	-0.772144
0.0599262	-0.166574	-0.666694
0.0628816	0.709289	-0.651523
0.0687618	1.41125	-0.715658
0.0765669	1.87323	-0.843341
0.0851404	2.05764	-1.01283
0.0936427	2.04056	-1.199
0.100084	1.54593	-1.3836
0.101016	0.223679	-1.52338
0.0959781	-1.20911	-1.54343
0.0857938	-2.44424	-1.43374
0.0711418	-3.51646	-1.21223
0.052522	-4.46876	-0.893678
0.0307662	-5.22139	-0.488944
0.00774996	-5.52391	-0.0161206
-0.0147196	-5.3927	0.484028
-0.035499	-4.98706	0.972226
-0.0481315	-3.03178	1.42363
-0.0543723	-1.49779	1.69793
-0.0521479	0.533841	1.8333
-0.0400949	2.89272	1.78471
-0.0187489	5.12304	1.52254
0.0103427	6.98198	1.05847
0.0453113	8.39247	0.426146
0.0818834	8.77732	-0.333796
