0.0195025	-15.5904	-0.541522
-0.0552566	-17.9422	0.132846
-0.131289	-18.2479	0.908917
-0.194799	-15.2423	1.69819
-0.23909	-10.6298	2.35743
-0.260201	-5.06668	2.81714
-0.260202	-0.000160355	3.03621
-0.241567	4.47244	3.03613
-0.206457	8.42637	2.84258
-0.156849	11.9058	2.47802
-0.0946345	14.9315	1.96297
-0.0217505	17.4922	1.31705
0.0593306	19.4595	0.560401
0.138994	19.1192	-0.281323
0.202462	15.2324	-1.1083
0.244697	10.1364	-1.76714
0.267464	5.46399	-2.20553
0.272568	1.22502	-2.44181
0.261672	-2.61518	-2.49472
0.236082	-6.1416	-2.38153
0.196984	-9.38339	-2.11581
0.145557	-12.3425	-1.70987
0.083101	-14.9895	-1.17595
0.0125952	-16.9214	-0.527561
-0.0580462	-16.9539	0.204377
-0.119597	-14.7722	0.937701
-0.16095	-9.92464	1.57663
-0.181339	-4.89337	2.00587
-0.182854	-0.36364	2.21747
-0.167391	3.71107	2.23313
-0.136468	7.42149	2.07254
-0.0915268	10.786	1.75146
-0.0350149	13.5628	1.28487
0.0298512	15.5679	0.698178
0.0954325	15.7395	0.0247788
0.149239	12.9136	-0.656025
0.182552	7.995	-1.21458
0.193401	2.60371	-1.56036
0.195438	0.489039	-1.67293
0.183142	-2.95111	-1.69404
0.157261	-6.21132	-1.56634
0.118151	-9.38657	-1.29763
0.0656686	-12.5957	-0.89158
0.00171159	-15.3497	-0.346735
-0.069003	-16.9715	0.317214
-0.135886	-16.0518	1.05129
-0.184342	-11.6297	1.74557
-0.211165	-6.43736	2.24855
-0.218131	-1.67183	2.52693
-0.207088	2.65016	2.59916
-0.179559	6.60715	2.48445
-0.136993	10.2158	2.19859
-0.0808478	13.4748	1.75664
-0.0126431	16.3691	1.17375
0.0649193	18.615	0.465673
0.125256	14.4808	-0.33952
0.169001	10.4986	-0.96587
0.186447	4.18726	-1.41995
0.186724	0.0662596	-1.60103
0.171401	-3.67746	-1.60385
0.141252	-7.23575	-1.44473
0.0967464	-10.6813	-1.13171
0.0390014	-13.8588	-0.669669
-0.0287704	-16.2652	-0.0701964
-0.0991653	-16.8948	0.633345
-0.155878	-13.6109	1.3641
-0.189409	-8.04767	1.95279
-0.201836	-2.9824	2.30082
-0.195511	1.51795	2.42975
-0.172594	5.50011	2.36402
-0.13554	8.893	2.12605
-0.0867739	11.7039	1.74132
-0.0282823	14.038	1.23502
0.0382081	15.9577	0.627782
0.10525	16.09	-0.0624775
0.159801	13.0924	-0.758437
0.19498	8.44294	-1.32472
0.211097	3.86804	-1.68987
0.209881	-0.291866	-1.85713
0.192724	-4.11764	-1.84445
0.160771	-7.66872	-1.66629
0.115027	-10.9787	-1.33454
0.0564724	-14.053	-0.859625
-0.0163677	-17.4816	-0.251746
-0.0976905	-19.5175	0.504417
-0.170447	-17.4614	1.34861
-0.220331	-11.9723	2.10386
-0.247157	-6.4381	2.62165
-0.252462	-1.27325	2.90004
-0.23721	3.66042	2.95503
-0.204111	7.94368	2.79661
-0.155286	11.7181	2.45292
-0.0930167	14.9446	1.94599
-0.0215073	17.1623	1.29951
0.0526438	17.7962	0.557127
0.119314	16.0009	-0.212655
0.168306	11.7579	-0.904758
0.197473	7.00017	-1.41331
0.20833	2.60573	-1.71606
0.202505	-1.39804	-1.82872
0.181322	-5.08399	-1.76819
0.146054	-8.46432	-1.54823
0.0909324	-13.2291	-1.18207
0.0269632	-15.3526	-0.60982
-0.0410716	-16.3283	0.0542638
-0.105693	-15.5092	0.760533
-0.154315	-11.6693	1.43135
-0.180966	-6.39603	1.93605
-0.186534	-1.33644	2.21265
-0.172537	3.35939	2.27039
-0.140511	7.68611	2.12501
-0.0928575	11.4369	1.79249
-0.0367417	13.4678	1.29774
0.0217416	14.036	0.715157
0.0759829	13.0179	0.108018
0.116937	9.82897	-0.455068
0.140292	5.6052	-0.8802
0.145689	1.29537	-1.12262
0.134231	-2.75009	-1.17862
0.107264	-6.47196	-1.05963
0.0660515	-9.89103	-0.779663
0.0128579	-12.7665	-0.35181
-0.0462723	-14.1913	0.200404
-0.0999578	-12.8845	0.81423
-0.138983	-9.36617	1.37151
-0.160528	-5.17075	1.7766
-0.165835	-1.27362	2.0002
-0.156189	2.31502	2.05523
-0.13227	5.74056	1.95503
-0.0946666	9.02485	1.70667
-0.0442102	12.1095	1.31625
0.0175188	14.815	0.792422
0.084722	16.1288	0.151586
0.145596	14.6097	-0.546058
0.188607	10.3228	-1.17798
0.212052	5.62682	-1.62445
0.217564	1.32273	-1.86778
0.198577	-4.55688	-1.92494
0.168936	-7.11383	-1.72778
0.127045	-10.0538	-1.42002
0.0737157	-12.799	-0.985111
0.0097619	-15.3489	-0.43147
-0.0606787	-16.9057	0.232449
-0.11685	-13.4812	0.963686
-0.155416	-9.25572	1.54678
-0.176324	-5.01792	1.94708
-0.185775	-2.26825	2.16406
-0.177852	1.90143	2.26211
-0.154718	5.55224	2.1798
-0.118518	8.68802	1.93957
-0.0713527	11.3196	1.56372
-0.0152682	13.4603	1.07405
0.0439966	14.2235	0.491796
0.0959767	12.4752	-0.123449
0.132216	8.69746	-0.663054
0.150669	4.42867	-1.03924
0.151784	0.267608	-1.23077
0.137242	-3.49013	-1.24231
0.108431	-6.91461	-1.09131
0.0667913	-9.9935	-0.792188
0.0152903	-12.3602	-0.359903
-0.0396369	-13.1825	0.174741
-0.0879708	-11.6001	0.744936
-0.118201	-7.25514	1.24667
-0.131186	-3.11653	1.56045
-0.127039	0.995305	1.6952
-0.106865	4.84166	1.6521
-0.0716996	8.43979	1.44262
-0.0226356	11.7754	1.07752
0.0376172	14.4607	0.568152
0.100607	15.1175	-0.0573521
0.154477	12.9289	-0.71125
0.189944	8.51205	-1.27046
0.205687	3.77822	-1.63861
0.203404	-0.547941	-1.80198
0.184616	-4.509	-1.77823
0.150754	-8.12681	-1.58314
0.103357	-11.3753	-1.23157
0.0439917	-14.2478	-0.739507
-0.0245779	-16.4567	-0.123209
-0.0962797	-17.2084	0.588617
-0.156513	-14.4561	1.33294
-0.192589	-8.65807	1.95818
-0.206506	-3.34019	2.33262
-0.20122	1.2687	2.47703
-0.179767	5.14879	2.42208
-0.145082	8.3243	2.19929
-0.0998261	10.8614	1.83917
-0.0452624	13.0953	1.3693
0.0175338	15.0711	0.802834
0.0833196	15.7886	0.15092
0.141805	14.0366	-0.532011
0.184955	10.356	-1.13914
0.209053	5.78337	-1.58705
0.214782	1.37493	-1.83716
0.203743	-2.64917	-1.89657
0.177285	-6.35009	-1.78193
0.136535	-9.77995	-1.50721
0.0824844	-12.9721	-1.08414
0.016097	-15.933	-0.523006
-0.0595424	-18.1535	0.166179
-0.13561	-18.2563	0.951388
-0.196471	-14.6065	1.74102
-0.233899	-8.98279	2.37276
-0.248895	-3.59907	2.76123
-0.243789	1.22541	2.91682
-0.220693	5.54309	2.86373
-0.181584	9.38613	2.62388
-0.128386	12.7676	2.21781
-0.0632188	15.64	1.66549
0.0116905	17.9782	0.988935
0.0928139	19.4696	0.211269
0.166758	17.7467	-0.630884
0.221539	13.1473	-1.39849
0.255835	8.23116	-1.96712
0.271502	3.75999	-2.3231
0.270306	-0.286971	-2.48567
0.253603	-4.00875	-2.47318
0.222551	-7.45249	-2.29971
0.178218	-10.6399	-1.97729
0.121698	-13.5648	-1.51701
0.0542388	-16.1902	-0.930226
-0.0206378	-17.9704	-0.229901
-0.0925945	-17.2696	0.547401
-0.149285	-13.6058	1.29437
-0.183154	-8.12847	1.88284
-0.195985	-3.07943	2.23437
-0.191147	1.16112	2.3675
-0.168347	5.47186	2.3172
-0.129534	9.31517	2.08045
-0.0772547	12.5471	1.67747
-0.0141452	15.1463	1.1347
0.0559209	16.8159	0.479523
0.123035	16.1075	-0.247851
0.176985	12.9479	-0.944563
0.212122	8.43291	-1.50459
0.227129	3.60156	-1.8693
0.223627	-0.840372	-2.02503
0.203264	-4.88717	-1.98862
0.167497	-8.58414	-1.77717
0.117556	-11.9857	-1.40582
0.0545584	-15.1195	-0.887345
-0.0199122	-17.873	-0.233335
-0.100686	-19.3858	0.539753
-0.174776	-17.7815	1.37826
-0.228623	-12.9233	2.14734
-0.259867	-7.49858	2.70626
-0.270273	-2.49751	3.03052
-0.261999	1.98578	3.13846
-0.23708	5.98067	3.05247
-0.197498	9.49964	2.79369
-0.145237	12.5427	2.3827
-0.0822905	15.1071	1.8401
-0.0277108	13.0991	1.1866
0.0239612	12.4013	0.619968
0.0772771	12.7958	0.0835392
0.120568	10.3898	-0.469938
0.146523	6.22916	-0.919327
0.154372	1.88395	-1.18874
0.145458	-2.13939	-1.27019
0.121102	-5.84556	-1.17762
0.0824392	-9.27901	-0.924738
0.0308307	-12.386	-0.523354
-0.0309316	-14.8229	0.0124107
-0.0958549	-15.5816	0.653566
-0.149324	-12.8326	1.32752
-0.179479	-7.23717	1.88254
-0.187498	-1.92469	2.19552
-0.175918	2.7792	2.2787
-0.147097	6.91722	2.15842
-0.103263	10.52	1.85916
-0.0465681	13.6069	1.40406
0.0207892	16.1658	0.815465
0.0928566	17.2962	0.116201
0.15794	15.6201	-0.631938
0.206906	11.7518	-1.30756
0.2365	7.10259	-1.81583
0.247601	2.66415	-2.123
0.241767	-1.40004	-2.23817
0.220324	-5.14651	-2.17755
0.184373	-8.62818	-1.95487
0.134922	-11.8683	-1.58161
0.0729922	-14.8631	-1.06821
-0.000261412	-17.5809	-0.425285
-0.0783837	-18.7493	0.335175
-0.145438	-16.093	1.14615
-0.189858	-10.6608	1.84221
-0.212315	-5.38961	2.30328
-0.215019	-0.649131	2.53633
-0.199986	3.60796	2.56433
-0.169186	7.39205	2.40819
-0.124951	10.6164	2.08838
-0.0696665	13.2683	1.62911
-0.005016	15.5161	1.05515
0.0664061	17.1413	0.383981
0.133196	16.0297	-0.357467
0.182271	11.7778	-1.05081
0.21083	6.85432	-1.56022
0.220798	2.39216	-1.85665
0.213948	-1.64402	-1.96007
0.191629	-5.35641	-1.8889
0.154962	-8.80009	-1.65716
0.104948	-12.0034	-1.27647
0.0425991	-14.9638	-0.757231
-0.0299556	-17.4131	-0.109962
-0.106035	-18.2591	0.643234
-0.16838	-14.9627	1.433
-0.207919	-9.48924	2.08016
-0.226283	-4.40743	2.49054
-0.225422	0.206504	2.68111
-0.207071	4.40433	2.67209
-0.172876	8.20674	2.48151
-0.123765	11.7866	2.12645
-0.0621067	14.7981	1.61657
0.0104704	17.4185	0.976435
0.0896208	18.9961	0.222979
0.162765	17.5547	-0.598692
0.221186	14.021	-1.35799
0.261617	9.70344	-1.96442
0.283026	5.13809	-2.38407
0.288057	1.20753	-2.60625
0.277879	-2.44277	-2.6584
0.253421	-5.86982	-2.55266
0.21566	-9.06278	-2.29869
0.166419	-11.8179	-1.90662
0.108088	-13.9992	-1.39539
0.0452429	-15.0829	-0.789819
-0.0178115	-15.1331	-0.137396
-0.0771671	-14.2453	0.517178
-0.123725	-11.174	1.13333
-0.150852	-6.51033	1.61662
-0.158789	-1.90499	1.89817
-0.149032	2.34179	1.98051
-0.122862	6.28078	1.87916
-0.0815763	9.90851	1.60743
-0.0279948	12.8596	1.17879
0.0337953	14.8296	0.622526
0.0936454	14.364	-0.0189402
0.137759	10.5872	-0.640246
0.162016	5.82189	-1.09817
0.167011	1.19861	-1.34996
0.154769	-2.93801	-1.40176
0.126786	-6.71588	-1.27464
0.0842852	-10.2002	-0.984112
0.0284018	-13.412	-0.54288
-0.037641	-15.8503	0.0372626
-0.106398	-16.5017	0.722853
-0.16576	-14.2469	1.4366
-0.20738	-9.98871	2.05279
-0.228656	-5.10625	2.48478
-0.231864	-0.769963	2.70558
-0.219138	3.05415	2.7388
-0.192042	6.50298	2.60661
-0.151642	9.69601	2.32525
-0.107539	10.5848	1.90578
-0.0518245	13.3715	1.44788
0.01477	15.9827	0.869465
0.0870629	17.3503	0.178118
0.15034	15.1866	-0.572364
0.177029	6.40524	-1.22923
0.184998	1.91254	-1.50625
0.175914	-2.1801	-1.58893
0.141766	-8.19542	-1.49459
0.0971569	-10.7063	-1.14006
0.04085	-13.5136	-0.676929
-0.0197126	-14.535	-0.092386
-0.0878942	-16.3636	0.536318
-0.1513	-15.2173	1.2441
-0.198913	-11.4273	1.90227
-0.227477	-6.8552	2.39649
-0.237986	-2.5223	2.69294
-0.232182	1.39311	2.80196
-0.211626	4.93339	2.74161
-0.177686	8.14549	2.52814
-0.131257	11.1432	2.17573
-0.0748369	13.5407	1.69368
-0.0135408	14.7111	1.10793
0.0488689	14.9783	0.471577
0.104113	13.2586	-0.176315
0.143901	9.54913	-0.749803
0.166048	5.31534	-1.16282
0.171063	1.20346	-1.3927
0.160417	-2.55505	-1.44471
0.135553	-5.96738	-1.33415
0.0981449	-8.97787	-1.076
0.0512573	-11.253	-0.687637
0.000677495	-12.1392	-0.200876
-0.0494607	-12.0332	0.3242
-0.0907388	-9.90675	0.844676
-0.114797	-5.77393	1.27316
-0.119108	-1.03457	1.52287
-0.104725	3.45186	1.56757
-0.0730412	7.60406	1.41821
-0.0254417	11.4239	1.08926
0.0351399	14.5396	0.595094
0.0994208	15.4274	-0.0338248
0.153632	13.0107	-0.701126
0.187867	8.2164	-1.26388
0.201556	3.28529	-1.61923
0.196663	-1.17431	-1.76129
0.174902	-5.2226	-1.71044
0.137621	-8.94735	-1.48449
0.0859814	-12.3936	-1.09744
0.0210837	-15.5754	-0.561328
-0.0541152	-18.0477	0.112393
-0.131065	-18.4679	0.893031
-0.1933	-14.9364	1.69182
-0.233855	-9.73311	2.33783
-0.254864	-5.0422	2.75876
-0.258305	-0.825835	2.97677
-0.246198	2.90562	3.0124
-0.22027	6.2228	2.88663
-0.182111	9.15812	2.61738
-0.132961	11.796	2.22117
-0.0734829	14.2747	1.71087
-0.00436184	16.589	1.09338
0.0721971	18.3741	0.375797
0.14241	16.851	-0.418976
0.19428	12.4488	-1.14784
0.226556	7.74632	-1.68628
0.240962	3.4574	-2.02129
0.239052	-0.458459	-2.17078
0.221965	-4.10085	-2.15088
0.190677	-7.50913	-1.97344
0.146127	-10.6919	-1.64858
0.0895613	-13.5758	-1.18606
0.0232595	-15.9124	-0.59881
-0.0459293	-16.6053	0.0894881
-0.106153	-14.4538	0.807736
-0.146598	-9.70674	1.4329
-0.167634	-5.04868	1.85271
-0.173097	-1.31099	2.07103
-0.159504	3.26222	2.12768
-0.128571	7.4239	1.98651
-0.0817629	11.234	1.66533
-0.0204451	14.7163	1.17936
0.0518495	17.3507	0.542779
0.124683	17.48	-0.207731
0.183636	14.1488	-0.963813
0.221065	8.983	-1.57578
0.238099	4.08799	-1.96429
0.236721	-0.33077	-2.14105
0.218647	-4.33764	-2.12668
0.185224	-8.02143	-1.939
0.137599	-11.43	-1.59198
0.0768421	-14.5817	-1.09753
0.00408018	-17.4629	-0.466779
-0.0768999	-19.4352	0.288578
-0.153587	-18.4049	1.12923
-0.198865	-10.8668	1.92528
-0.225305	-6.34562	2.39526
-0.233723	-2.02023	2.66966
-0.225205	2.04433	2.75696
-0.200987	5.81242	2.66845
-0.16262	9.20788	2.41696
-0.113227	11.8544	2.0186
-0.0598008	12.8223	1.50579
-0.00477932	13.2052	0.951121
0.0499413	13.1329	0.379911
0.096397	11.1494	-0.188158
0.127764	7.52797	-0.670412
0.142252	3.47726	-0.996009
0.14013	-0.509239	-1.14639
0.122752	-4.17084	-1.12433
0.0914436	-7.51395	-0.943887
0.0483174	-10.3503	-0.618849
-0.00137975	-11.9273	-0.171137
-0.0439765	-10.2232	0.344776
-0.0794742	-8.51944	0.786963
-0.100286	-4.99482	1.15544
-0.102468	-0.523722	1.37145
-0.0857745	4.00646	1.39406
-0.0511333	8.31389	1.22072
-0.00114552	11.9971	0.861073
0.0554588	13.585	0.342121
0.085162	7.12878	-0.245501
0.101598	3.94468	-0.553845
0.102914	0.315753	-0.724454
0.0894679	-3.22702	-0.738091
0.0626589	-6.43416	-0.598487
0.0256248	-8.88819	-0.320165
-0.0152421	-9.80804	0.0642962
-0.0536019	-9.20635	0.488533
-0.0785974	-5.99893	0.886732
-0.089454	-2.60559	1.14618
-0.0848491	1.10518	1.25885
-0.0654056	4.66644	1.21101
-0.0326882	7.85218	1.00913
0.0108979	10.4607	0.669455
0.0585087	11.4266	0.216964
0.0982878	9.54698	-0.277293
0.121296	5.52209	-0.690233
0.126203	1.17748	-0.929068
0.11382	-2.97191	-0.979972
0.0853706	-6.82778	-0.851396
0.0426078	-10.2631	-0.55604
-0.0121649	-13.1454	-0.112102
-0.0738834	-14.8124	0.456498
-0.132141	-13.9818	1.09718
-0.175494	-10.4048	1.70192
-0.197755	-5.34245	2.15192
-0.200022	-0.544157	2.38294
-0.184831	3.64591	2.40641
-0.154568	7.26304	2.24863
-0.111389	10.363	1.93441
-0.0572388	12.996	1.4861
0.00703316	15.4253	0.923923
0.0777955	16.983	0.256684
0.144067	15.9053	-0.477911
0.196569	12.6003	-1.16587
0.230864	8.231	-1.71085
0.247068	3.88893	-2.06683
0.246585	-0.116053	-2.23498
0.230591	-3.8386	-2.22989
0.200084	-7.3216	-2.06379
0.155966	-10.5884	-1.74704
0.0991415	-13.6378	-1.28899
0.0309374	-16.369	-0.699061
-0.0167739	-11.4507	0.00898799
-0.0613238	-10.692	0.504279
-0.0920505	-7.3744	0.966737
-0.103307	-2.70166	1.28568
-0.0960077	1.75193	1.4025
-0.0717616	5.81907	1.32668
-0.0332684	9.23836	1.07494
0.0158764	11.7947	0.675304
0.0678593	12.4759	0.165109
0.112941	10.8196	-0.374533
0.142013	6.97727	-0.842518
0.151145	2.19174	-1.14429
0.141305	-2.36167	-1.23906
0.114294	-6.48268	-1.13687
0.0716559	-10.2331	-0.856433
0.0153343	-13.5172	-0.413783
-0.0510879	-15.9413	0.170904
-0.119599	-16.4428	0.86043
-0.178228	-14.0707	1.57162
-0.220012	-10.0282	2.18019
-0.241974	-5.27092	2.61389
-0.245612	-0.87311	2.8418
-0.232835	3.06646	2.87948
-0.205303	6.60764	2.74675
-0.164537	9.78386	2.46086
-0.111994	12.6103	2.03759
-0.0491085	15.0926	1.49208
0.0230742	17.3239	0.839216
0.0995131	18.3453	0.0898577
0.165295	15.7877	-0.70366
0.211279	11.0362	-1.38652
0.237911	6.39157	-1.86385
0.246983	2.17732	-2.14025
0.240173	-1.63431	-2.23437
0.218785	-5.13328	-2.16361
0.183981	-8.35287	-1.94151
0.1369	-11.2994	-1.58016
0.0790085	-13.894	-1.09136
0.0137659	-15.6582	-0.490355
-0.048676	-14.9861	0.186945
-0.101646	-12.7127	0.83515
-0.135999	-8.24495	1.385
-0.149495	-3.23882	1.74159
-0.14385	1.35461	1.88163
-0.120901	5.5078	1.82298
-0.083007	9.0946	1.58468
-0.0326776	12.0791	1.19126
0.0245057	13.724	0.668747
0.0780602	12.8531	0.0751037
0.118633	9.73746	-0.480851
0.141313	5.44323	-0.902025
0.145566	1.02074	-1.13744
0.132608	-3.11004	-1.18156
0.103757	-6.92425	-1.047
0.0602625	-10.4386	-0.747469
0.00447468	-13.3891	-0.295933
-0.0593083	-15.3079	0.28321
-0.121975	-15.0399	0.945334
-0.170495	-11.6449	1.59584
-0.20099	-7.31875	2.09949
-0.213395	-2.97733	2.41599
-0.209359	0.968816	2.5447
-0.190022	4.64082	2.50272
-0.156468	8.05303	2.30191
-0.109755	11.2111	1.95351
-0.0510843	14.0809	1.46852
0.0162717	16.1654	0.859412
0.0833623	16.1017	0.16016
0.138289	13.1824	-0.536315
0.174773	8.7561	-1.10649
0.192642	4.28863	-1.4852
0.1934	0.181943	-1.67066
0.178589	-3.5547	-1.67848
0.149847	-6.89807	-1.52467
0.10895	-9.81511	-1.22626
0.0583266	-12.1497	-0.801676
0.00402675	-13.032	-0.276125
-0.0477303	-12.4217	0.287571
-0.0899507	-10.1329	0.824853
-0.115561	-6.14638	1.26312
-0.122584	-1.68553	1.52894
-0.112132	2.5084	1.6018
-0.0856432	6.35732	1.49325
-0.0450801	9.73514	1.21822
0.0063005	12.3313	0.797095
0.0623209	13.4449	0.263687
0.114146	12.4381	-0.317872
0.154015	9.56846	-0.855866
0.176449	5.3841	-1.26972
0.180001	0.852532	-1.50257
0.166178	-3.31754	-1.5394
0.136312	-7.16788	-1.39585
0.0915829	-10.7349	-1.08577
0.032966	-14.068	-0.621408
-0.0371078	-16.8177	-0.0128873
-0.112345	-18.0569	0.714551
-0.180313	-16.3123	1.49557
-0.234036	-12.8935	2.2011
-0.270245	-8.69026	2.75873
-0.285	-3.5411	3.13453
-0.28048	1.0848	3.28761
-0.259026	5.14895	3.24058
-0.222669	8.72555	3.01777
-0.173114	11.8933	2.64026
-0.111785	14.719	2.12575
-0.0397261	17.294	1.48902
0.0418551	19.5795	0.740932
0.125452	20.0633	-0.105989
0.194203	16.5003	-0.97381
0.242368	11.5596	-1.68749
0.27156	7.00611	-2.18744
0.283341	2.8273	-2.49042
0.279091	-1.01989	-2.61264
0.259914	-4.60261	-2.56845
0.226861	-7.93267	-2.36929
0.181043	-10.9962	-2.02609
0.124958	-13.4605	-1.5504
0.063868	-14.6616	-0.968132
0.000555888	-15.1949	-0.333927
-0.0609441	-14.76	0.323327
-0.112392	-12.3474	0.96175
-0.144937	-7.81084	1.4958
-0.157833	-3.09504	1.83361
-0.152623	1.25036	1.96742
-0.130585	5.28923	1.91328
-0.0929717	9.02712	1.68444
-0.0415853	12.3327	1.29393
0.020092	14.8025	0.760441
0.0839297	15.3211	0.120143
0.134904	12.2338	-0.542564
0.165856	7.42854	-1.07171
0.17691	2.65297	-1.393
0.170049	-1.64661	-1.50771
0.146857	-5.56615	-1.43644
0.108538	-9.19661	-1.19564
0.0679705	-9.7361	-0.79781
0.0268118	-9.8781	-0.376658
-0.0224696	-11.8275	0.0506224
-0.0752178	-12.6596	0.562211
-0.121606	-11.1333	1.10977
-0.150957	-7.04422	1.5913
-0.160911	-2.38887	1.89595
-0.15397	1.66579	1.99922
-0.131998	5.27332	1.9271
-0.0964135	8.54028	1.69895
-0.0482918	11.5492	1.32949
0.0111569	14.2677	0.829899
0.0773602	15.8888	0.212734
0.140014	15.0369	-0.474533
0.190811	12.1912	-1.12493
0.225589	8.34677	-1.65222
0.242576	4.07683	-2.0132
0.242576	0	-2.18949
0.226894	-3.76371	-2.18942
0.197215	-7.12293	-2.02656
0.155133	-10.0996	-1.7184
0.102264	-12.6885	-1.2815
0.0402458	-14.8845	-0.732632
-0.0283155	-16.4547	-0.0887921
-0.0945379	-15.8934	0.622946
-0.143619	-11.7795	1.31038
-0.171008	-6.57335	1.81986
-0.178719	-1.85065	2.10413
-0.169115	2.30493	2.18411
-0.144198	5.98022	2.08435
-0.106759	8.98525	1.82561
-0.0594349	11.3578	1.43691
-0.00329924	13.4726	0.945585
0.0585155	14.8355	0.362809
0.116385	13.8886	-0.278904
0.160869	10.6762	-0.879638
0.186149	6.0672	-1.34141
0.192458	1.51412	-1.6038
0.181569	-2.6132	-1.66924
0.154988	-6.37955	-1.55616
0.113961	-9.84658	-1.28017
0.0595424	-13.0604	-0.854228
-0.00670059	-15.8983	-0.289287
-0.0801598	-17.6302	0.398392
-0.149741	-16.6996	1.16096
-0.203988	-13.0193	1.88325
-0.238734	-8.33902	2.44634
-0.252209	-3.23387	2.80696
-0.248038	1.00104	2.94675
-0.226559	5.15501	2.90336
-0.188965	9.02239	2.6803
-0.136432	12.6081	2.28996
-0.0702676	15.8793	1.74453
0.00800933	18.7865	1.05763
0.0937451	20.5766	0.245002
0.16892	18.0421	-0.645033
0.22318	13.0223	-1.42541
0.257234	8.17283	-1.98864
0.273085	3.80427	-2.34209
0.27246	-0.150011	-2.50657
0.256695	-3.78344	-2.50001
0.227008	-7.12494	-2.33629
0.184617	-10.1739	-2.02803
0.128334	-13.5078	-1.58791
0.0637374	-15.5033	-1.00359
-0.00485729	-16.4627	-0.332978
-0.0706365	-15.787	0.379115
-0.123893	-12.7816	1.06196
-0.155846	-7.66871	1.61478
-0.166687	-2.60187	1.94644
-0.158176	2.04265	2.05892
-0.131871	6.31312	1.9705
-0.0897921	10.099	1.69737
-0.0387921	12.24	1.26049
0.01414	12.7037	0.731023
0.062685	11.6508	0.18151
0.0990685	8.73203	-0.322444
0.118708	4.71342	-0.700133
0.120879	0.521151	-0.903989
0.106382	-3.47923	-0.926505
0.0765353	-7.1633	-0.775986
0.0332765	-10.3821	-0.46612
-0.0203879	-12.8795	-0.0170361
-0.0775033	-13.7077	0.540056
-0.124596	-11.3023	1.13296
-0.153628	-6.96758	1.62179
-0.1652	-2.77733	1.92312
-0.161108	0.98204	2.04319
-0.142696	4.41896	2.00065
-0.111043	7.59672	1.80945
-0.0670673	10.5541	1.48081
-0.0116399	13.3026	1.02425
0.0526694	15.4342	0.448822
0.11691	15.4177	-0.218789
0.171193	13.028	-0.885665
0.208507	8.95527	-1.44916
0.22747	4.55116	-1.83647
0.229212	0.418208	-2.03327
0.215207	-3.36134	-2.0513
0.18704	-6.75994	-1.90585
0.146236	-9.79302	-1.61339
0.0943572	-12.451	-1.18976
0.032995	-14.7269	-0.651163
-0.0350563	-16.3323	-0.0141417
-0.100336	-15.6671	0.692301
-0.147646	-11.3544	1.36995
-0.172743	-6.02323	1.86103
-0.177883	-1.23355	2.12151
-0.165414	2.99247	2.1748
-0.137657	6.66175	2.0453
-0.0974004	9.66152	1.75708
-0.0471032	12.0713	1.33913
0.0121157	14.2125	0.816948
0.075492	15.2103	0.202169
0.132926	13.7842	-0.455749
0.175882	10.3094	-1.05196
0.199779	5.73524	-1.49786
0.205227	1.3076	-1.74589
0.193786	-2.74583	-1.80239
0.166767	-6.48451	-1.68357
0.125259	-9.96205	-1.40304
0.0701965	-13.215	-0.972097
0.00258997	-16.2256	-0.400465
-0.0736293	-18.2926	0.301372
-0.148183	-17.893	1.0926
-0.207712	-14.2868	1.86651
-0.246219	-9.24168	2.48442
-0.263193	-4.07391	2.88409
-0.260784	0.578284	3.06021
-0.240916	4.76827	3.03511
-0.205256	8.55853	2.82876
-0.155356	11.976	2.45848
-0.0927557	15.024	1.9404
-0.0193842	17.6092	1.29048
0.0625079	19.6541	0.528772
0.143002	19.3185	-0.32137
0.206707	15.2894	-1.15697
0.249786	10.3388	-1.81827
0.273984	5.80751	-2.26541
0.280894	1.65836	-2.51654
0.271923	-2.15303	-2.5882
0.248187	-5.69664	-2.49499
0.21074	-8.98708	-2.24852
0.160691	-12.0118	-1.85972
0.100118	-14.5376	-1.3401
0.0338465	-15.9051	-0.711247
-0.0327578	-15.985	-0.0232617
-0.0935528	-14.5908	0.668159
-0.138594	-10.81	1.29925
-0.16331	-5.93179	1.76679
-0.16897	-1.35838	2.02331
-0.15723	2.81768	2.08201
-0.129441	6.66942	1.96007
-0.0871003	10.1617	1.67152
-0.0327747	13.0381	1.23194
0.0300178	15.0702	0.667943
0.0939058	15.3331	0.0160696
0.145243	12.3208	-0.647155
0.17641	7.48017	-1.18007
0.187809	2.73582	-1.50358
0.181426	-1.53209	-1.62187
0.15879	-5.43255	-1.55556
0.121122	-9.04036	-1.32053
0.0694511	-12.401	-0.929455
0.00504128	-15.4584	-0.393033
-0.068144	-17.5645	0.275618
-0.139967	-17.2375	1.03535
-0.190767	-12.1919	1.78091
-0.214428	-5.67882	2.30821
-0.21891	-1.0757	2.55377
-0.206661	2.93997	2.60022
-0.179545	6.50768	2.47298
-0.138879	9.75991	2.19142
-0.0856455	12.7761	1.76919
-0.0206386	15.6017	1.21652
0.0542902	17.9829	0.541641
0.130145	18.2051	-0.236215
0.194051	15.3374	-1.02366
0.238892	10.762	-1.68704
0.264884	6.23802	-2.15249
0.273424	2.0496	-2.42225
0.265952	-1.79338	-2.51083
0.243898	-5.29291	-2.43318
0.208849	-8.41166	-2.20417
0.162449	-11.1362	-1.84026
0.106472	-13.4343	-1.35852
0.0437801	-15.0462	-0.777391
-0.0197315	-15.2428	-0.126557
-0.0786013	-14.1288	0.532762
-0.123829	-10.8546	1.14387
-0.149496	-6.16011	1.61335
-0.156496	-1.68016	1.87975
-0.146752	2.3386	1.95236
-0.121806	5.987	1.85115
-0.0841941	9.02697	1.59213
-0.0364441	11.46	1.20162
0.0190999	13.3306	0.705892
0.0764863	13.7727	0.129265
0.125978	11.8781	-0.46647
0.1575	7.56526	-0.980235
0.168862	2.72679	-1.30744
0.161966	-1.65488	-1.42534
0.138466	-5.64017	-1.35372
0.0997727	-9.28633	-1.10972
0.0470303	-12.6582	-0.708012
-0.0175694	-15.5039	-0.160471
-0.0892416	-17.2013	0.510144
-0.156296	-16.0931	1.25416
-0.209227	-12.7034	1.95022
-0.245885	-8.79782	2.49963
-0.262386	-3.96036	2.8801
-0.259953	0.583873	3.05132
-0.240903	4.57206	3.02597
-0.207026	8.13054	2.82811
-0.163845	10.3635	2.47635
-0.114135	11.9303	2.028
-0.0539731	14.4389	1.51191
0.0157689	16.7381	0.887315
0.0913933	18.1498	0.163293
0.163161	17.2244	-0.621772
0.222684	14.2855	-1.36678
0.267343	10.718	-1.98465
0.295344	6.72028	-2.44819
0.307081	2.8169	-2.7388
0.303989	-0.742121	-2.86056
0.287346	-3.99422	-2.82837
0.25844	-6.93742	-2.65552
0.218604	-9.5607	-2.35537
0.169245	-11.846	-1.94176
0.112803	-13.5461	-1.42931
0.0536848	-14.1884	-0.843338
-0.00698785	-14.5614	-0.229604
-0.0659077	-14.1408	0.400246
-0.114782	-11.7298	1.01188
-0.145796	-7.44334	1.51922
-0.134545	2.70024	1.84113
-0.120976	3.25642	1.72427
-0.0977985	5.56269	1.58336
-0.0660588	7.61753	1.3427
-0.0263601	9.52771	1.01317
0.0206906	11.2921	0.601026
0.0694211	11.6953	0.112573
0.115439	11.0444	-0.393305
0.147335	7.65491	-0.871012
0.160834	3.23986	-1.20209
0.156421	-1.05909	-1.3422
0.135422	-5.03988	-1.29635
0.0990485	-8.72964	-1.07831
0.0483383	-12.1704	-0.700687
-0.0144216	-15.0624	-0.174243
-0.0841886	-16.7441	0.477274
-0.149864	-15.7622	1.20151
-0.201378	-12.3633	1.88326
-0.235141	-8.10313	2.41797
-0.249762	-3.50888	2.76839
-0.247425	0.560871	2.92008
-0.229806	4.22835	2.89573
-0.198163	7.59435	2.71274
-0.153399	10.7435	2.38417
-0.0962591	13.7135	1.9194
-0.0276257	16.472	1.32617
0.0503897	18.7237	0.613642
0.126007	18.1481	-0.196258
0.184786	14.107	-0.981239
0.223329	9.25023	-1.5914
0.24321	4.77138	-1.99146
0.243953	0.178488	-2.19779
0.2307	-3.18068	-2.20544
0.205564	-6.03273	-2.0678
0.169476	-8.66116	-1.8068
0.123475	-11.0403	-1.43211
0.068051	-13.3017	-0.954528
0.00391903	-15.3917	-0.379145
-0.0654192	-16.6412	0.286621
-0.131228	-15.7941	1.00641
-0.182468	-12.2976	1.68955
-0.216696	-8.21466	2.22142
-0.230081	-3.2126	2.57667
-0.222478	1.82481	2.71555
-0.194996	6.59573	2.63653
-0.15012	10.7703	2.35116
-0.0915388	14.0594	1.88522
-0.0238474	16.2459	1.27704
0.0488705	17.4523	0.574292
0.117468	16.4633	-0.180614
0.169654	12.5248	-0.89272
0.202264	7.82631	-1.43444
0.216801	3.48902	-1.77292
0.215245	-0.373626	-1.92379
0.202708	-3.00869	-1.90757
0.178567	-5.79392	-1.77737
0.14413	-8.26491	-1.52671
0.100645	-10.4365	-1.16917
0.0493078	-12.3209	-0.717712
-0.00780115	-13.7061	-0.184762
-0.0671781	-14.2505	0.408093
-0.12215	-13.1932	1.02447
-0.166055	-10.5374	1.5951
-0.198155	-7.70383	2.05084
-0.218778	-4.94965	2.384
-0.228257	-2.27483	2.59802
-0.227313	0.226396	2.69634
-0.216808	2.52137	2.68646
-0.197748	4.57444	2.57732
-0.170709	6.48938	2.37938
-0.135336	8.48933	2.09861
-0.0894086	11.0227	1.73135
-0.0327487	13.5984	1.25452
0.0325274	15.6662	0.66629
0.0968821	15.4451	-0.0113638
0.141044	10.5989	-0.679434
0.171979	7.42444	-1.13786
0.189484	4.20102	-1.45897
0.194843	1.28631	-1.64064
0.189453	-1.29357	-1.69623
0.174497	-3.5895	-1.64023
0.150689	-5.71407	-1.48492
0.116386	-8.23261	-1.23771
0.0701739	-11.0909	-0.881582
0.0130218	-13.7165	-0.401826
-0.051749	-15.545	0.191483
-0.11635	-15.5043	0.863865
-0.169763	-12.8191	1.53446
-0.208139	-9.21031	2.0889
-0.230527	-5.37316	2.48722
-0.234595	-0.976227	2.71955
-0.218459	3.87273	2.7617
-0.184034	8.26198	2.5941
-0.13366	12.0898	2.23665
-0.0708222	15.081	1.71365
0.00141565	17.3371	1.06128
0.0800323	18.868	0.311343
0.151572	17.1694	-0.504789
0.204099	12.6067	-1.24743
0.236266	7.71998	-1.79268
0.249947	3.28336	-2.12655
0.246826	-0.749093	-2.26851
0.228245	-4.45923	-2.23604
0.195432	-7.87513	-2.04309
0.149762	-10.9609	-1.7024
0.0935188	-13.4984	-1.22824
0.0302368	-15.1877	-0.644345
-0.0373503	-16.2209	0.0126064
-0.102601	-15.6601	0.714229
-0.154615	-12.4835	1.39157
-0.188006	-8.01368	1.9315
-0.202465	-3.47018	2.27806
-0.198362	0.984639	2.42809
-0.176504	5.24593	2.38543
-0.138257	9.17932	2.15845
-0.085739	12.6043	1.76133
-0.0254076	14.4795	1.21609
0.0361699	14.7786	0.58975
0.0912511	13.2195	-0.0495066
0.130857	9.5053	-0.621306
0.1521	5.09834	-1.03243
0.155275	0.762189	-1.25293
0.142051	-3.17392	-1.28586
0.113707	-6.80257	-1.14854
0.0714691	-10.137	-0.854263
0.0172298	-13.0174	-0.415768
-0.0447633	-14.8783	0.147304
-0.102677	-13.8992	0.790851
-0.144036	-9.92631	1.39203
-0.165345	-5.11409	1.82134
-0.168085	-0.657556	2.04249
-0.153956	3.39093	2.07087
-0.124364	7.1022	1.92413
-0.0806585	10.4892	1.61687
-0.0241919	13.552	1.16312
0.0423696	15.9748	0.576903
0.110375	16.3213	-0.114093
0.168573	13.9675	-0.820057
0.211608	10.3283	-1.42419
0.236172	5.89551	-1.87089
0.242532	1.52638	-2.12584
0.232034	-2.51949	-2.1918
0.205881	-6.27688	-2.08276
0.165469	-9.69886	-1.81119
0.112365	-12.7448	-1.39162
0.048213	-15.3965	-0.840311
-0.0245415	-17.4611	-0.174321
-0.0994843	-17.9863	0.580951
-0.160732	-14.6995	1.35892
-0.198157	-8.98192	1.99469
-0.214139	-3.83573	2.38313
-0.211254	0.692306	2.54897
-0.192198	4.57347	2.51895
-0.159822	7.77036	2.32105
-0.116716	10.3454	1.98488
-0.0636757	12.7296	1.53733
-0.00145061	14.934	0.986674
0.06731	16.5025	0.340682
0.131905	15.5028	-0.373135
0.180905	11.76	-1.04369
0.209956	6.97221	-1.55233
0.220524	2.53631	-1.85386
0.214276	-1.49941	-1.96351
0.192544	-5.21576	-1.8986
0.156413	-8.6715	-1.67294
0.106833	-11.8991	-1.29781
0.0447476	-14.9006	-0.783086
-0.0278986	-17.4351	-0.138549
-0.105229	-18.5592	0.615598
-0.171135	-15.8175	1.41835
-0.213757	-10.2293	2.10248
-0.234513	-4.98148	2.54487
-0.235307	-0.190482	2.76027
-0.21807	4.13677	2.76842
-0.184527	8.05052	2.5894
-0.136383	11.5546	2.2411
-0.0753735	14.6422	1.74125
-0.00347411	17.2559	1.10786
0.0761132	19.1009	0.361435
0.151792	18.163	-0.464775
0.209925	13.9519	-1.25039
0.247423	8.99942	-1.85383
0.266014	4.46192	-2.24304
0.267312	0.311634	-2.43597
0.252743	-3.49675	-2.44938
0.223414	-7.03886	-2.29805
0.180351	-10.3351	-1.99352
0.124617	-13.3762	-1.54643
0.0578316	-16.0285	-0.967805
-0.0159187	-17.7001	-0.274476
-0.0865689	-16.956	0.491136
-0.142687	-13.4683	1.22454
-0.177226	-8.28957	1.80706
-0.191434	-3.40977	2.16557
-0.187327	0.985682	2.31299
-0.166463	5.00745	2.27028
-0.130633	8.59899	2.05362
-0.0822278	11.6173	1.68161
-0.0237016	14.0463	1.17906
0.0427091	15.9386	0.571463
0.108854	15.8748	-0.117967
0.161362	12.6019	-0.804621
0.193717	7.76522	-1.34968
0.206706	3.11736	-1.68552
0.202179	-1.08643	-1.82031
0.18163	-4.93193	-1.77326
0.146258	-8.48918	-1.55988
0.0970808	-11.8025	-1.19264
0.0350596	-14.8851	-0.6821
-0.0374668	-17.4063	-0.0382355
-0.113861	-18.3347	0.714663
-0.179607	-15.779	1.50769
-0.223317	-10.4903	2.19016
-0.24518	-5.24715	2.64384
-0.247415	-0.536403	2.87072
-0.232143	3.66524	2.89384
-0.201138	7.44122	2.73521
-0.156025	10.8272	2.41326
-0.0983396	13.8444	1.94486
-0.0296198	16.4927	1.34597
0.048439	18.7341	0.632551
0.127732	19.0303	-0.1778
0.193287	15.7331	-1.00094
0.238273	10.7967	-1.68144
0.263973	6.16797	-2.14839
0.271954	1.91545	-2.41512
0.263715	-1.97736	-2.4979
0.240384	-5.59938	-2.41229
0.202984	-8.97599	-2.17002
0.152754	-12.0553	-1.78171
0.0916276	-14.6702	-1.26021
0.0228856	-16.4981	-0.625623
-0.0458021	-16.485	0.0880078
-0.106412	-14.5463	0.801053
-0.149049	-10.2331	1.43022
-0.170932	-5.25178	1.8728
-0.17396	-0.726838	2.0999
-0.159848	3.38693	2.13128
-0.129944	7.17696	1.98471
-0.0865715	10.4094	1.67422
-0.0322624	13.0342	1.22391
0.0303893	15.0364	0.66009
0.0944761	15.3808	0.00967979
0.147916	12.8257	-0.655609
0.181873	8.14953	-1.21036
0.196104	3.41543	-1.56282
0.192489	-0.867611	-1.71051
0.17259	-4.77578	-1.67293
0.137674	-8.3798	-1.46631
0.0887959	-11.7307	-1.1038
0.0269171	-14.8509	-0.596367
-0.045311	-17.3347	0.0460157
-0.120258	-17.9873	0.795816
-0.178065	-13.8738	1.57382
-0.216313	-9.17934	2.17387
-0.233814	-4.2003	2.57085
-0.233314	0.11987	2.75245
-0.216931	3.93195	2.74718
-0.186378	7.33267	2.57702
-0.142984	10.4146	2.25978
-0.0875941	13.2936	1.80923
-0.0199273	16.24	1.23417
0.0564109	18.3212	0.531677
0.13254	18.2709	-0.260809
0.196853	15.4353	-1.0511
0.24264	10.9889	-1.71871
0.269221	6.37935	-2.19397
0.27843	2.21014	-2.46984
0.272005	-1.542	-2.56537
0.25107	-5.02428	-2.49859
0.216423	-8.31528	-2.2812
0.168712	-11.4507	-1.92146
0.10902	-14.326	-1.42611
0.0388426	-16.8426	-0.806403
-0.0369735	-18.1959	-0.0778637
-0.107987	-17.0433	0.709187
-0.161593	-12.8653	1.44636
-0.19314	-7.5713	2.0028
-0.204783	-2.7943	2.33022
-0.198462	1.51707	2.45102
-0.175716	5.45898	2.38532
-0.137879	9.0809	2.14913
-0.0868537	12.246	1.75627
-0.0251013	14.8206	1.22653
0.044037	16.5932	0.585434
0.112009	16.3133	-0.132311
0.163507	12.3594	-0.83793
0.194351	7.40273	-1.3725
0.205946	2.78268	-1.69266
0.200288	-1.3579	-1.81298
0.178906	-5.13158	-1.75419
0.143024	-8.61178	-1.53217
0.0936955	-11.8388	-1.15963
0.0364413	-13.741	-0.647516
-0.0302467	-16.0051	-0.0531389
-0.0995742	-16.6386	0.639152
-0.157682	-13.9459	1.35882
-0.193853	-8.68093	1.962
-0.20963	-3.78665	2.33743
-0.206964	0.639919	2.50115
-0.187576	4.65313	2.47339
-0.152941	8.3124	2.27205
-0.104442	11.6397	1.91243
-0.0434467	14.639	1.40891
0.0268147	16.8627	0.775663
0.0753416	11.6464	0.0462521
0.117296	10.0691	-0.457509
0.145396	6.74409	-0.893027
0.155784	2.49291	-1.18471
0.148591	-1.72612	-1.29251
0.125054	-5.64896	-1.21781
0.0862656	-9.30924	-0.973429
0.0334674	-12.6716	-0.570736
-0.029958	-15.2221	-0.0226206
-0.0965935	-15.9925	0.635801
-0.152261	-13.3603	1.32753
-0.186001	-8.09757	1.90537
-0.199146	-3.15467	2.25557
-0.194058	1.22098	2.39195
-0.173145	5.01928	2.33907
-0.138736	8.25809	2.12189
-0.0930707	10.9596	1.76463
-0.0375134	13.3337	1.29052
0.0266332	15.3952	0.71374
0.0932633	15.9912	0.0478095
0.149344	13.4594	-0.643882
0.186644	8.95203	-1.22604
0.205039	4.41465	-1.61322
0.206035	0.239111	-1.80413
0.191043	-3.59803	-1.81442
0.161133	-7.17836	-1.65873
0.117277	-10.5256	-1.34819
0.0761137	-9.87913	-0.89287
0.0333365	-10.2665	-0.465529
-0.012214	-10.9321	-0.0214443
-0.0587823	-11.1764	0.451417
-0.0968171	-9.12836	0.934829
-0.119204	-5.37274	1.32964
-0.125115	-1.41886	1.56199
-0.115375	2.33783	1.62332
-0.090915	5.87029	1.52215
-0.05254	9.21	1.26818
-0.00222264	12.0762	0.869773
0.0534263	13.3558	0.347399
0.101804	11.6106	-0.230306
0.134526	7.8533	-0.73251
0.149566	3.60967	-1.07218
0.147398	-0.52033	-1.22828
0.129268	-4.35134	-1.20574
0.0963404	-7.90257	-1.01749
0.0503279	-11.043	-0.675639
-0.00537046	-13.3676	-0.197963
-0.0631679	-13.8714	0.380249
-0.109277	-11.0663	0.980234
-0.135349	-6.25724	1.45887
-0.141573	-1.49373	1.72948
-0.130075	2.75961	1.79403
-0.102574	6.60007	1.67461
-0.0613403	9.89619	1.38908
-0.00878588	12.6131	0.960983
0.0510107	14.3512	0.415383
0.109111	13.9441	-0.205381
0.156603	11.3981	-0.808517
0.189841	7.97714	-1.30151
0.205966	3.86991	-1.64652
0.2049	-0.255754	-1.81386
0.187727	-4.12141	-1.80274
0.155491	-7.73679	-1.62442
0.109078	-11.1391	-1.28972
0.049293	-14.3483	-0.807868
-0.0222478	-17.1698	-0.187218
-0.0999275	-18.6431	0.555454
-0.170282	-16.8851	1.36183
-0.221585	-12.3128	2.09214
-0.249333	-6.65949	2.62466
-0.255442	-1.46614	2.91263
-0.242566	3.09037	2.97596
-0.213108	7.06992	2.8422
-0.169251	10.5257	2.5363
-0.113008	13.4981	2.08095
-0.0456945	16.1553	1.49703
0.0317873	18.5956	0.798197
0.0919938	14.4495	-0.00617054
0.141404	11.8584	-0.631176
0.173456	7.69253	-1.14409
0.18793	3.47379	-1.47679
0.18631	-0.38882	-1.627
0.169758	-3.97258	-1.61014
0.139327	-7.30341	-1.43826
0.0963913	-10.3046	-1.12231
0.0430024	-12.8133	-0.676561
-0.0155529	-14.0533	-0.12231
-0.0692633	-12.8905	0.485557
-0.107633	-9.20877	1.04311
-0.124744	-4.10652	1.4414
-0.121594	0.755857	1.61898
-0.100292	5.11262	1.58623
-0.0626086	9.04394	1.36504
-0.0103367	12.5452	0.97381
0.0529722	15.1941	0.431144
0.116054	15.1397	-0.226083
0.166757	12.1686	-0.880936
0.198109	7.52439	-1.40726
0.209179	2.65692	-1.73268
0.201819	-1.76646	-1.84755
0.17771	-5.78621	-1.77109
0.138208	-9.48043	-1.52076
0.0844892	-12.8925	-1.11064
0.0176622	-16.0385	-0.552953
-0.0592655	-18.4627	0.140796
-0.137223	-18.7098	0.93938
-0.200535	-15.1948	1.74863
-0.243148	-10.2272	2.40582
-0.266364	-5.57176	2.84811
-0.271844	-1.31523	3.08903
-0.261298	2.53103	3.14582
-0.2362	6.02342	3.03625
-0.197959	9.17797	2.77562
-0.147957	12.0004	2.37855
-0.0875751	14.4917	1.8594
-0.0175005	16.8179	1.23252
0.0605957	18.7431	0.505035
0.134294	17.6876	-0.3057
0.19015	13.4055	-1.07076
0.226066	8.61964	-1.65057
0.243862	4.27118	-2.02336
0.245076	0.291232	-2.20805
0.231057	-3.36448	-2.22058
0.202889	-6.76042	-2.07498
0.161629	-9.90238	-1.78251
0.108548	-12.7394	-1.35413
0.0462636	-14.9482	-0.803056
-0.018608	-15.5692	-0.15646
-0.077947	-14.2414	0.516977
-0.121619	-10.4813	1.13296
-0.143875	-5.34147	1.58629
-0.145929	-0.492888	1.81728
-0.1299	3.84683	1.83854
-0.0974406	7.79035	1.67209
-0.0499641	11.3944	1.33508
0.010238	14.4485	0.84218
0.0769942	16.0215	0.217193
0.138026	14.6476	-0.475813
0.183667	10.9539	-1.10937
0.208876	6.0501	-1.58314
0.214449	1.33742	-1.84479
0.202219	-2.93518	-1.90258
0.173726	-6.83833	-1.77557
0.130226	-10.4399	-1.47973
0.0728005	-13.7821	-1.02811
0.00247875	-16.8772	-0.431948
-0.0768	-19.0269	0.298076
-0.154726	-18.7021	1.12106
-0.218	-15.1858	1.92998
-0.260616	-10.2279	2.58677
-0.283191	-5.41805	3.02909
-0.2875	-1.03411	3.26335
-0.275361	2.91335	3.30798
-0.248382	6.47487	3.18186
-0.208057	9.67807	2.9017
-0.155835	12.5332	2.48299
-0.0931623	15.0415	1.9408
-0.0208482	17.3554	1.29013
0.0599038	19.3805	0.539396
0.138423	18.8447	-0.298911
0.199593	14.6807	-1.11402
0.240611	9.84435	-1.74899
0.263286	5.44202	-2.17475
0.269167	1.41145	-2.41007
0.259621	-2.29099	-2.47105
0.235728	-5.73437	-2.37188
0.198515	-8.93105	-2.12378
0.149073	-11.8662	-1.73741
0.0895061	-14.296	-1.22409
0.0249246	-15.4996	-0.605689
-0.038004	-15.1028	0.0647505
-0.0921886	-13.0043	0.718011
-0.128815	-8.7903	1.28048
-0.144684	-3.80851	1.66066
-0.141381	0.792566	1.82534
-0.120616	4.98378	1.791
-0.0838305	8.82841	1.57538
-0.0323402	12.3577	1.19346
0.0305771	15.1002	0.658905
0.0960577	15.7153	0.00573667
0.151667	13.3462	-0.674021
0.187791	8.6697	-1.25128
0.203181	3.69369	-1.62625
0.199778	-0.816759	-1.78597
0.179333	-4.90681	-1.75059
0.143235	-8.66344	-1.53829
0.0926478	-12.1409	-1.16352
0.0286217	-15.3663	-0.638334
-0.0462983	-17.9808	0.0263418
-0.124663	-18.8076	0.804086
-0.16306	-9.21525	1.61757
-0.188023	-5.99103	2.01612
-0.200133	-2.90633	2.2752
-0.200239	-0.0254367	2.40084
-0.189728	2.52259	2.40187
-0.170215	4.68306	2.29268
-0.143418	6.43122	2.09005
-0.118844	5.8979	1.8118
-0.0880596	7.38819	1.55664
-0.0494994	9.25447	1.23702
-0.0038663	10.9519	0.836686
0.0460197	11.9726	0.362942
0.0938714	11.4844	-0.154938
0.131856	9.11621	-0.651685
0.158563	6.40982	-1.04598
0.173633	3.6167	-1.3232
0.17813	1.0794	-1.4796
0.173055	-1.21807	-1.52625
0.158404	-3.51622	-1.47352
0.133775	-5.91105	-1.32138
0.0987266	-8.41155	-1.06566
0.0532557	-10.913	-0.701797
-0.00101751	-13.0256	-0.229742
-0.0597509	-14.096	0.333676
-0.113316	-12.8557	0.943378
-0.150606	-8.94945	1.49941
-0.167235	-3.99099	1.88647
-0.163012	1.01353	2.05904
-0.140162	5.48391	2.01514
-0.100851	9.43473	1.77787
-0.047378	12.8335	1.36972
0.0165677	15.347	0.814579
0.083176	15.986	0.150731
0.138687	13.3227	-0.540738
0.174658	8.63305	-1.11699
0.189758	3.62403	-1.49037
0.18882	-0.225164	-1.64708
0.172382	-3.94525	-1.63729
0.141397	-7.43635	-1.4666
0.116538	-5.9662	-1.1449
0.0829764	-8.05475	-0.886803
0.0420157	-9.83054	-0.538374
-0.00324159	-10.8618	-0.113146
-0.0484837	-10.8581	0.356675
-0.0866029	-9.14861	0.826323
-0.109943	-5.60153	1.22201
-0.114985	-1.21027	1.46427
-0.101791	3.16677	1.51657
-0.0720499	7.13776	1.37955
-0.0275593	10.6778	1.07077
0.0071254	8.32432	0.608873
0.043331	8.68935	0.248791
0.0735971	7.26385	-0.127069
0.092505	4.53789	-0.441259
0.0981279	1.34951	-0.63753
0.10939	2.7029	-0.695884
0.112344	0.709047	-0.812776
0.106981	-1.2871	-0.843422
0.0935524	-3.22297	-0.787725
0.0727771	-4.98608	-0.648295
0.0459949	-6.42772	-0.432608
0.017034	-6.95063	-0.154569
-0.0115045	-6.84923	0.146079
-0.0362991	-5.95072	0.442333
-0.0535325	-4.13601	0.699712
-0.0587603	-1.25467	0.878591
-0.0491337	2.3104	0.932833
-0.0252533	5.73129	0.832869
0.00932825	8.29958	0.58494
0.0316384	5.35443	0.225929
0.0473035	3.75963	-0.00568088
0.0514816	1.00274	-0.168302
0.0424743	-2.16175	-0.211671
0.0211805	-5.1105	-0.11816
-0.010387	-7.57621	0.102893
-0.0324743	-5.30094	0.430593
-0.0538499	-5.13015	0.659868
-0.0702464	-3.93516	0.881748
-0.0786451	-2.01569	1.05193
-0.075344	0.792272	1.13909
-0.0575666	4.26659	1.10478
-0.0263104	7.50148	0.9202
0.0153238	9.9922	0.5957
0.0611004	10.9864	0.163475
0.103826	10.2542	-0.311739
0.137444	8.06842	-0.755267
0.159605	5.31855	-1.10424
0.169875	2.46488	-1.33426
0.167047	-0.678904	-1.44083
0.149809	-4.13691	-1.41143
0.11888	-7.42298	-1.23245
0.0756953	-10.3644	-0.911334
0.0215882	-12.9857	-0.463002
-0.0402571	-14.8429	0.0986993
-0.102413	-14.9173	0.740713
-0.152791	-12.0907	1.38593
-0.182583	-7.15014	1.90886
-0.191347	-2.10338	2.21808
-0.181673	2.32185	2.30899
-0.156319	6.08481	2.20849
-0.118404	9.09961	1.94523
-0.0704502	11.509	1.55157
-0.0133575	13.7022	1.05371
0.0505251	15.3318	0.460996
0.111788	14.7031	-0.202186
0.157789	11.0401	-0.838156
0.184008	6.29268	-1.31566
0.191554	1.81091	-1.58781
0.182239	-2.23547	-1.66609
0.157503	-5.93657	-1.56935
0.118583	-9.34088	-1.31252
0.0666025	-12.4753	-0.908449
0.00306313	-15.2495	-0.368812
-0.0673823	-16.9069	0.290803
-0.132869	-15.7167	1.02209
-0.177808	-10.7855	1.70187
-0.202292	-5.87604	2.16834
-0.208386	-1.46265	2.42244
-0.197298	2.66126	2.48563
-0.169994	6.55287	2.37044
-0.127501	10.1984	2.08693
-0.0709122	13.5813	1.64574
-0.00174731	16.5996	1.05824
0.076503	18.7801	0.340209
0.150332	17.7189	-0.472122
0.205235	13.1767	-1.23853
0.239375	8.1937	-1.80844
0.254654	3.66674	-2.1628
0.252906	-0.419348	-2.32134
0.235541	-4.16756	-2.30313
0.203781	-7.6226	-2.1228
0.159132	-10.7158	-1.79303
0.103335	-13.3912	-1.32947
0.0386583	-15.5224	-0.750203
-0.02888	-16.2092	-0.078773
-0.0903659	-14.7566	0.622346
-0.125799	-8.50405	1.26061
-0.149108	-5.59401	1.62841
-0.153731	-1.10955	1.87033
-0.141397	2.96019	1.91826
-0.113938	6.59017	1.79016
-0.0737003	9.65699	1.50505
-0.0230927	12.1458	1.0873
0.0351359	13.9749	0.561907
0.0929079	13.8653	-0.0425843
0.136904	10.559	-0.642317
0.161177	5.82546	-1.09902
0.166216	1.20952	-1.35097
0.153959	-2.94181	-1.40324
0.125963	-6.71897	-1.27596
0.083489	-10.1938	-0.985294
0.0276846	-13.3931	-0.544341
-0.0385368	-15.8931	0.0349817
-0.107681	-16.5947	0.722426
-0.167579	-14.3754	1.44019
-0.210239	-10.2385	2.06195
-0.222912	-3.04136	2.50474
-0.227871	-1.19038	2.63622
-0.215824	2.8915	2.68763
-0.188072	6.66038	2.56248
-0.145754	10.1564	2.27431
-0.0899946	13.3822	1.83493
-0.022121	16.2897	1.25604
0.0534067	18.1267	0.551399
0.123976	16.9367	-0.232674
0.177345	12.8084	-0.965253
0.21078	8.02462	-1.51924
0.226035	3.66101	-1.8663
0.224768	-0.304112	-2.0246
0.208277	-3.95781	-2.01138
0.177936	-7.28177	-1.84013
0.135594	-10.1621	-1.52511
0.0839882	-12.3854	-1.08551
0.0285277	-13.3105	-0.549756
-0.0130771	-9.98514	0.0259967
-0.0503288	-8.94041	0.457895
-0.0771099	-6.42746	0.844592
-0.0882972	-2.68495	1.12258
-0.082649	1.35557	1.23868
-0.0610999	5.17178	1.18001
-0.0254664	8.55204	0.95627
0.0200935	10.9344	0.586328
