0.468533	-1.76977e-15	0
0.468342	-0.0459506	0
0.468264	-0.0186313	0
0.468294	0.00717646	0
0.468422	0.0308493	0
0.468639	0.0518904	0
0.46893	0.0699487	0
0.469284	0.0848332	0
0.469686	0.096519	0
0.470124	0.105147	0
0.470586	0.111013	0
0.471064	0.114553	0
0.471548	0.116317	0
0.472036	0.116937	0
0.472523	0.117088	0
0.473013	0.117451	0
0.473507	0.118667	0
0.474013	0.121299	0
0.474537	0.125787	0
0.475088	0.13242	0
0.475677	0.141308	0
0.476312	0.152361	0
0.477001	0.165287	0
0.477749	0.179589	0
0.47856	0.194579	0
0.479432	0.209401	0
0.480362	0.223059	0
0.481339	0.234457	0
0.482349	0.242443	0
0.483373	0.245853	0
0.484388	0.243565	0
0.485365	0.234549	0
0.486273	0.217918	0
0.487077	0.192976	0
0.487741	0.159268	0
0.488227	0.116618	0
0.488498	0.065169	0
0.488521	0.00540821	0
0.488263	-0.0618098	0
0.4877	-0.135256	0
0.486811	-0.213332	0
0.485586	-0.294088	0
0.484022	-0.37526	0
0.482129	-0.454322	0
0.479927	-0.528556	0
0.477447	-0.595139	0
0.474733	-0.651243	0
0.471841	-0.694143	0
0.468836	-0.721336	0
0.465791	-0.730656	0
0.46279	-0.720382	0
0.459917	-0.689342	0
0.457263	-0.636996	0
0.454915	-0.56349	0
0.452958	-0.469702	0
0.45147	-0.357241	0
0.450518	-0.228434	0
0.450159	-0.0862704	0
0.450432	0.0656631	0
0.451362	0.223285	0
0.452955	0.382129	0
0.455194	0.537479	0
0.458045	0.684089	0
0.461448	0.816931	0
0.465332	0.931975	0
0.469605	1.02556	0
0.474163	1.09401	0
0.478886	1.13351	0
0.483643	1.14156	0
0.488295	1.11647	0
0.492701	1.05748	0
0.496721	0.964839	0
0.50022	0.839876	0
0.503075	0.684992	0
0.505173	0.503679	0
0.506425	0.300465	0
0.506762	0.0808259	0
0.506141	-0.148946	0
0.50455	-0.381918	0
0.502005	-0.610729	0
0.498556	-0.827839	0
0.494282	-1.02579	0
0.489292	-1.1975	0
0.483723	-1.3365	0
0.477735	-1.43724	0
0.471505	-1.49528	0
0.465224	-1.50747	0
0.45909	-1.47211	0
0.453302	-1.38902	0
0.448054	-1.25957	0
0.443526	-1.08664	0
0.439882	-0.874572	0
0.437248	-0.632178	0
0.435697	-0.372296	0
0.435265	-0.103666	0
0.435972	0.169635	0
0.437819	0.44342	0
0.440792	0.713467	0
0.444857	0.975578	0
0.449964	1.22565	0
0.456008	1.45046	0
0.462706	1.60774	0
0.469895	1.72528	0
0.477395	1.79995	0
0.485016	1.82903	0
0.492562	1.81097	0
0.499831	1.74468	0
0.506598	1.62416	0
0.512651	1.45272	0
0.517793	1.23389	0
0.521845	0.972525	0
0.524657	0.674941	0
0.526156	0.359811	0
0.526318	0.0387072	0
0.525135	-0.283758	0
0.522617	-0.604333	0
0.518781	-0.920578	0
0.51368	-1.2244	0
0.507404	-1.50615	0
0.500134	-1.74478	0
0.492114	-1.92479	0
0.483531	-2.06005	0
0.474587	-2.14653	0
0.465521	-2.17584	0
0.45659	-2.14346	0
0.448045	-2.05081	0
0.440109	-1.90446	0
0.432991	-1.70836	0
0.426861	-1.47137	0
0.421798	-1.21507	0
0.417872	-0.942226	0
0.415137	-0.656455	0
0.413623	-0.363315	0
0.413339	-0.0680575	0
0.414186	0.203281	0
0.403001	-2.68444	0
0.392155	-2.60316	0
0.382974	-2.20333	0
0.375255	-1.85256	0
0.369101	-1.47695	0
0.36464	-1.07075	0
0.355297	-2.24218	0
0.346016	-2.2276	0
0.337804	-1.97085	0
0.330648	-1.71744	0
0.324583	-1.45549	0
0.319643	-1.18561	0
0.315774	-0.928611	0
0.313075	-0.64768	0
0.311154	-0.461073	0
0.31031	-0.202651	0
0.310709	0.0957467	0
0.31235	0.393875	0
0.315226	0.690371	0
0.319332	0.98544	0
0.324594	1.26283	0
0.330981	1.53297	0
0.338465	1.79593	0
0.346958	2.03849	0
0.355465	2.04163	0
0.363958	2.03828	0
0.372439	2.03555	0
0.380912	2.03351	0
0.38938	2.03224	0
0.397845	2.03152	0
0.406308	2.0311	0
0.414769	2.03072	0
0.4214	1.59136	0
0.428595	1.72698	0
0.43641	1.87547	0
0.443903	1.79841	0
0.451921	1.92418	0
0.459634	1.85134	0
0.467288	1.83685	0
0.474978	1.84557	0
0.482499	1.80497	0
0.489995	1.79923	0
0.497302	1.75349	0
0.504553	1.74044	0
0.51144	1.65272	0
0.517481	1.44981	0
0.522584	1.22478	0
0.526734	0.996066	0
0.529935	0.768164	0
0.5327	0.663707	0
0.534545	0.442687	0
0.53542	0.210098	0
0.535445	0.0058638	0
0.534655	-0.189433	0
0.533019	-0.392601	0
0.530513	-0.601548	0
0.527122	-0.813795	0
0.522839	-1.02791	0
0.51764	-1.24773	0
0.511509	-1.47143	0
0.510035	-0.35386	0
0.507849	-0.524539	0
0.505117	-0.655835	0
0.501851	-0.783897	0
0.503358	0.36168	0
0.504729	0.329137	0
0.505869	0.27359	0
0.506775	0.217494	0
0.507443	0.160319	0
0.507871	0.102809	0
0.508062	0.0458353	0
0.508022	-0.00976955	0
0.507758	-0.0632444	0
0.507284	-0.113917	0
0.506611	-0.161507	0
0.505752	-0.206182	0
0.50472	-0.247513	0
0.503531	-0.285461	0
0.502199	-0.319674	0
0.500741	-0.349816	0
0.499176	-0.375609	0
0.497523	-0.396837	0
0.4958	-0.413346	0
0.494033	-0.424177	0
0.492243	-0.429626	0
0.490433	-0.434289	0
0.488608	-0.438027	0
0.486787	-0.437023	0
0.484993	-0.43067	0
0.483248	-0.418898	0
0.481573	-0.401792	0
0.479997	-0.378437	0
0.478531	-0.351661	0
0.47719	-0.321839	0
0.475985	-0.289183	0
0.474928	-0.253889	0
0.474022	-0.217317	0
0.473278	-0.178637	0
0.472705	-0.137426	0
0.472313	-0.0940205	0
0.472109	-0.0489264	0
0.472098	-0.00268174	0
0.472282	0.0441539	0
0.472661	0.091006	0
0.473234	0.137472	0
0.474	0.183714	0
0.474958	0.229943	0
0.476108	0.275927	0
0.477447	0.321374	0
0.478977	0.367194	0
0.480687	0.410493	0
0.48257	0.451825	0
0.484614	0.490658	0
0.486807	0.526308	0
0.489127	0.556928	0
0.491551	0.581578	0
0.494049	0.599641	0
0.496595	0.611105	0
0.499159	0.615291	0
0.501707	0.61142	0
0.504203	0.599152	0
0.506613	0.578264	0
0.508899	0.548645	0
0.51101	0.506668	0
0.512897	0.452883	0
0.514507	0.386328	0
0.515801	0.310592	0
0.516756	0.229334	0
0.517355	0.143712	0
0.517583	0.0546345	0
0.51743	-0.0365822	0
0.516894	-0.128615	0
0.515969	-0.222186	0
0.514649	-0.316638	0
0.513738	-0.218582	0
0.512789	-0.227877	0
0.512069	-0.172882	0
0.512129	0.014495	0
0.512211	0.0197848	0
0.512412	0.0480511	0
0.512874	0.110924	0
0.513614	0.177532	0
0.514573	0.23034	0
0.514182	-0.0939875	0
0.513808	-0.0896862	0
0.51344	-0.0883057	0
0.513078	-0.0869995	0
0.51272	-0.0857961	0
0.512367	-0.0846832	0
0.512019	-0.083642	0
0.511674	-0.0826508	0
0.511334	-0.0816597	0
0.510999	-0.080547	0
0.510668	-0.0793818	0
0.510342	-0.0782163	0
0.510021	-0.0770792	0
0.509704	-0.075991	0
0.509392	-0.0749686	0
0.509083	-0.0740263	0
0.508778	-0.0731759	0
0.508471	-0.0738266	0
0.508152	-0.0764269	0
0.507826	-0.0782809	0
0.507513	-0.0752245	0
0.507202	-0.0746606	0
0.50689	-0.0747507	0
0.506579	-0.0747612	0
0.506272	-0.0735613	0
0.505975	-0.0714085	0
0.50569	-0.0683975	0
0.50542	-0.0646054	0
0.505165	-0.0614071	0
0.504914	-0.0600848	0
0.504669	-0.0588265	0
0.504429	-0.0576717	0
0.504193	-0.0565988	0
0.503961	-0.0555988	0
0.503733	-0.054676	0
0.503509	-0.0538394	0
0.503288	-0.0530996	0
0.501538	-0.419908	0
0.498811	-0.654485	0
0.49576	-0.732202	0
0.49243	-0.799311	0
0.488762	-0.880203	0
0.484857	-0.937423	0
0.480827	-0.96711	0
0.476789	-0.969192	0
0.472845	-0.94654	0
0.469083	-0.902832	0
0.465577	-0.841526	0
0.46229	-0.78885	0
0.459418	-0.689254	0
0.457015	-0.576549	0
0.455125	-0.453682	0
0.453781	-0.322516	0
0.45301	-0.185157	0
0.452827	-0.0438453	0
0.453166	0.0813018	0
0.453987	0.19704	0
0.454898	0.218705	0
0.462325	1.78244	0
0.461054	-0.305125	0
0.464035	0.715612	0
0.467995	0.950331	0
0.473756	1.38255	0
0.480571	1.63579	0
0.487615	1.69047	0
0.494438	1.63743	0
0.500999	1.57469	0
0.507242	1.49822	0
0.513078	1.40082	0
0.518327	1.2596	0
0.522895	1.09641	0
0.526732	0.920919	0
0.529832	0.743921	0
0.537224	1.77419	0
0.543415	1.48568	0
0.549379	1.43139	0
0.553886	1.08183	0
0.557646	0.902359	0
0.560045	0.575832	0
0.561449	0.336924	0
0.562056	0.145564	0
0.56187	-0.0445093	0
0.560896	-0.233814	0
0.559059	-0.441019	0
0.555315	-0.898467	0
0.550914	-1.05619	0
0.545706	-1.24997	0
0.539673	-1.44801	0
0.532646	-1.68644	0
0.524635	-1.9226	0
0.515027	-2.30601	0
0.505031	-2.39898	0
0.495113	-2.3802	0
0.485243	-2.36899	0
0.474905	-2.48097	0
0.465022	-2.37197	0
0.454838	-2.44421	0
0.445254	-2.30015	0
0.435654	-2.30407	0
0.427178	-2.03423	0
0.419096	-1.93971	0
0.412299	-1.63118	0
0.406058	-1.49787	0
0.401171	-1.17291	0
0.396934	-1.01689	0
0.394017	-0.699883	0
0.391752	-0.543664	0
0.390748	-0.24098	0
0.390386	-0.0868575	0
0.391228	0.202032	0
0.392696	0.352336	0
0.395316	0.628833	0
0.398541	0.773994	0
0.402873	1.03977	0
0.407782	1.17799	0
0.413758	1.43427	0
0.420275	1.56404	0
0.427783	1.80196	0
0.435701	1.9004	0
0.444252	2.05208	0
0.452227	1.91398	0
0.460702	2.03413	0
0.468609	1.89765	0
0.476521	1.89892	0
0.484131	1.82636	0
0.492175	1.9306	0
0.502022	2.36331	0
0.511857	2.36046	0
0.521543	2.32464	0
0.531012	2.27239	0
0.537534	1.56539	0
0.543798	1.50323	0
0.549866	1.45633	0
0.555466	1.34396	0
0.559608	0.994099	0
0.5629	0.790144	0
0.565673	0.665608	0
0.572563	1.65363	0
0.576112	0.851571	0
0.582894	1.62779	0
0.590004	1.70633	0
0.597969	1.91163	0
0.604488	1.56465	0
0.610106	1.34822	0
0.617808	1.84862	0
0.622811	1.20054	0
0.635183	2.96939	0
0.643194	1.92251	0
0.651003	1.87437	0
0.658645	1.83391	0
0.664652	1.44177	0
0.673939	2.22885	0
0.685092	2.67664	0
0.694639	2.29129	0
0.705168	2.52708	0
0.712029	1.64663	0
0.722439	2.49848	0
0.728228	1.38919	0
0.739195	2.63212	0
0.748161	2.15184	0
0.755251	1.70158	0
0.762186	1.66447	0
0.76886	1.60167	0
0.774509	1.35587	0
0.779705	1.24691	0
0.784605	1.17602	0
0.78926	1.11732	0
0.793739	1.07489	0
0.796691	0.708581	0
0.800421	0.895026	0
0.804064	0.87451	0
0.80742	0.805335	0
0.810695	0.786004	0
0.813775	0.73916	0
0.816478	0.648815	0
0.818863	0.572307	0
0.820809	0.467113	0
0.822496	0.404837	0
0.823804	0.313901	0
0.824976	0.281309	0
0.825959	0.235836	0
0.826814	0.205319	0
0.827518	0.169005	0
0.828183	0.159384	0
0.829101	0.22043	0
0.829735	0.1522	0
0.830138	0.0966574	0
0.830389	0.0602368	0
0.830495	0.0255024	0
0.830478	-0.00399824	0
0.831487	0.24215	0
0.832039	0.132459	0
0.833074	0.248406	0
0.833815	0.177763	0
0.834291	0.114304	0
0.83467	0.0907985	0
0.834902	0.0558754	0
0.835169	0.0638742	0
0.83538	0.0506968	0
0.835543	0.0392493	0
0.835649	0.0253579	0
0.837476	0.438426	0
0.838874	0.335456	0
0.840085	0.290718	0
0.841181	0.263023	0
0.842192	0.242722	0
0.843138	0.226931	0
0.844072	0.224277	0
0.844938	0.207904	0
0.845752	0.195343	0
0.846533	0.187279	0
0.847266	0.176046	0
0.847968	0.168458	0
0.848624	0.157343	0
0.849238	0.147404	0
0.849808	0.136715	0
0.850334	0.126457	0
0.850861	0.126373	0
0.851167	0.0734161	0
0.851293	0.030281	0
0.851249	-0.0106422	0
0.851037	-0.0507929	0
0.850637	-0.0960306	0
0.850012	-0.149884	0
0.849098	-0.219566	0
0.847849	-0.299556	0
0.846257	-0.382258	0
0.846028	-0.0548129	0
0.845264	-0.183489	0
0.84372	-0.370547	0
0.841496	-0.533599	0
0.83864	-0.685502	0
0.835172	-0.832344	0
0.830464	-1.1299	0
0.825774	-1.1257	0
0.820532	-1.25799	0
0.814678	-1.40493	0
0.808216	-1.55106	0
0.80117	-1.69102	0
0.793519	-1.8361	0
0.78527	-1.97982	0
0.776431	-2.12137	0
0.767008	-2.26152	0
0.757001	-2.40154	0
0.746465	-2.52876	0
0.735954	-2.5227	0
0.72547	-2.51603	0
0.715021	-2.50793	0
0.704502	-2.52451	0
0.693932	-2.5368	0
0.683298	-2.55215	0
0.672653	-2.55463	0
0.66201	-2.55455	0
0.651356	-2.55679	0
0.640714	-2.5541	0
0.630157	-2.53376	0
0.619483	-2.56162	0
0.608673	-2.59445	0
0.597974	-2.56789	0
0.587266	-2.56982	0
0.576466	-2.59209	0
0.565873	-2.54234	0
0.555252	-2.5489	0
0.54463	-2.54937	0
0.534039	-2.54168	0
0.523485	-2.53298	0
0.512969	-2.52397	0
0.501767	-2.68835	0
0.491129	-2.55321	0
0.480604	-2.52595	0
0.472381	-1.97366	0
0.45804	-3.44188	0
0.449448	-2.06186	0
0.440669	-2.1071	0
0.439179	-0.357611	0
0.432228	-1.6681	0
0.425484	-1.61869	0
0.41726	-1.9738	0
0.412176	-1.22017	0
0.405674	-1.56029	0
0.411608	1.42414	0
0.408602	-0.721552	0
0.406402	-0.528058	0
0.404495	-0.457587	0
0.406445	0.468033	0
0.405482	-0.231147	0
0.408926	0.826569	0
0.409517	0.141856	0
0.410451	0.224025	0
0.41624	1.38941	0
0.420698	1.06995	0
0.429531	2.12	0
0.433264	0.895947	0
0.440957	1.84613	0
0.445998	1.20986	0
0.454585	2.061	0
0.460834	1.49971	0
0.474284	3.22808	0
0.481222	1.66501	0
0.495125	3.33676	0
0.501926	1.63215	0
0.508785	1.64628	0
0.515927	1.71397	0
0.520457	1.08717	0
0.522535	0.498774	0
0.52936	1.63808	0
0.533737	1.05051	0
0.5438	2.41503	0
0.553271	2.27299	0
0.562483	2.21101	0
0.575389	3.09746	0
0.578678	0.789298	0
0.581259	0.619391	0
0.594525	3.18379	0
0.603071	2.05105	0
0.615153	2.89977	0
0.625148	2.39881	0
0.6258	0.156368	0
0.624481	-0.316389	0
0.622651	-0.439327	0
0.622836	0.0444083	0
0.618472	-1.04726	0
0.622588	0.987704	0
0.619281	-0.793507	0
0.612907	-1.52991	0
0.60742	-1.31683	0
0.594966	-2.98898	0
0.589026	-1.42563	0
0.591811	0.668495	0
0.582559	-2.22056	0
0.583597	0.24919	0
0.581082	-0.603617	0
0.585552	1.0727	0
0.593242	1.84564	0
0.599176	1.42424	0
0.598212	-0.231274	0
0.587193	-2.6446	0
0.580979	-1.49143	0
0.580559	-0.100724	0
0.580894	0.0802168	0
0.575006	-1.41299	0
0.567802	-1.72902	0
0.560278	-1.80573	0
0.553608	-1.60071	0
0.545319	-1.98952	0
0.536874	-2.02662	0
0.527487	-2.25293	0
0.517214	-2.46548	0
0.506042	-2.68135	0
0.494988	-2.65309	0
0.484249	-2.57728	0
0.473758	-2.51792	0
0.463651	-2.42559	0
0.453728	-2.3815	0
0.442618	-2.66638	0
0.43276	-2.36604	0
0.42035	-2.97839	0
0.410682	-2.32023	0
0.401258	-2.26177	0
0.39271	-2.05154	0
0.396316	0.865586	0
0.402598	1.50763	0
0.408324	1.37418	0
0.411684	0.806358	0
0.413693	0.482206	0
0.420852	1.71809	0
0.429315	2.0313	0
0.437768	2.02866	0
0.445662	1.89462	0
0.453944	1.98756	0
0.462191	1.97936	0
0.470411	1.97275	0
0.478622	1.97066	0
0.486821	1.96776	0
0.494983	1.95876	0
0.503091	1.94604	0
0.511082	1.91769	0
0.518798	1.85184	0
0.526084	1.74885	0
0.532787	1.60862	0
0.538782	1.43883	0
0.544057	1.26599	0
0.548597	1.08958	0
0.552384	0.908942	0
0.555396	0.722723	0
0.557606	0.53046	0
0.558989	0.331971	0
0.55952	0.127292	0
0.559176	-0.0824869	0
0.55794	-0.296559	0
0.555809	-0.51148	0
0.552228	-0.859402	0
0.551983	-0.0587877	0
0.552404	0.100966	0
0.559396	1.67807	0
0.559539	0.0342905	0
0.559827	0.0690716	0
0.563245	0.820391	0
0.565466	0.533192	0
0.564843	-0.149737	0
0.56498	0.0329894	0
0.570736	1.38131	0
0.573382	0.635153	0
0.57808	1.12752	0
0.57705	-0.247179	0
0.576129	-0.220969	0
0.574607	-0.365263	0
0.573643	-0.231553	0
0.571642	-0.480184	0
0.581544	2.37655	0
0.590891	2.24334	0
0.601117	2.45419	0
0.61342	2.95264	0
0.625649	2.93505	0
0.638989	3.20158	0
0.651328	2.96143	0
0.668885	4.21352	0
0.664551	-1.04001	0
0.670149	1.34353	0
0.67695	1.6322	0
0.671235	-1.37169	0
0.676848	1.34722	0
0.672879	-0.952738	0
0.676936	0.973641	0
0.677978	0.250282	0
0.666484	-2.75855	0
0.664546	-0.465263	0
0.655663	-2.13176	0
0.644944	-2.57262	0
0.633987	-2.62976	0
0.622213	-2.82564	0
0.611669	-2.53072	0
0.602378	-2.22974	0
0.591962	-2.4998	0
0.581493	-2.51267	0
0.568666	-3.07835	0
0.558319	-2.48336	0
0.548893	-2.26222	0
0.54271	-1.48387	0
0.535282	-1.78287	0
0.527549	-1.85585	0
0.523081	-1.07223	0
0.517498	-1.34011	0
0.507058	-2.50562	0
0.492606	-3.46829	0
0.482732	-2.36985	0
0.475272	-1.79044	0
0.4709	-1.04914	0
0.463781	-1.70872	0
0.460307	-0.833644	0
0.456966	-0.801833	0
0.455415	-0.372231	0
0.453543	-0.449289	0
0.452137	-0.337411	0
0.450644	-0.358412	0
0.449558	-0.260555	0
0.448919	-0.153538	0
0.448733	-0.044405	0
0.449074	0.0817611	0
0.449962	0.213187	0
0.451406	0.346525	0
0.445096	-1.51442	0
0.436663	-2.02387	0
0.42827	-2.01447	0
0.420409	-1.88668	0
0.414377	-1.4475	0
0.419022	1.11471	0
0.419344	0.0772779	0
0.415179	-0.999525	0
0.421653	1.55358	0
0.424457	0.673128	0
0.431859	1.77632	0
0.451606	4.73933	0
0.470168	4.45499	0
0.50122	7.45247	0
0.508161	1.6657	0
0.514538	1.53048	0
0.522145	1.82585	0
0.516544	-1.34423	0
0.524033	1.79735	0
0.525503	0.352676	0
0.526818	0.315669	0
0.528479	0.398546	0
0.527048	-0.343308	0
0.524123	-0.702096	0
0.518866	-1.26165	0
0.51088	-1.91668	0
0.504372	-1.56197	0
0.499619	-1.14055	0
0.496283	-0.800826	0
0.488635	-1.83553	0
0.478067	-2.53614	0
0.468242	-2.35816	0
0.457945	-2.47119	0
0.447595	-2.48406	0
0.442978	-1.1081	0
0.434609	-2.00854	0
0.424335	-2.46575	0
0.414144	-2.44588	0
0.404102	-2.41004	0
0.393905	-2.44725	0
0.37685	-4.0932	0
0.364827	-2.88554	0
0.339206	-6.14893	0
0.328614	-2.54226	0
0.331525	0.698816	0
0.33559	0.975647	0
0.330895	-1.127	0
0.33791	1.68364	0
0.334223	-0.884721	0
0.331958	-0.543694	0
0.333203	0.298881	0
0.332362	-0.201876	0
0.333555	0.286204	0
0.339026	1.31309	0
0.341956	0.703169	0
0.344291	0.560341	0
0.34448	0.045458	0
0.348275	0.910817	0
0.349599	0.317735	0
0.354708	1.2262	0
0.36013	1.30137	0
0.366546	1.53966	0
0.37895	2.9771	0
0.386885	1.90441	0
0.394322	1.78484	0
0.401703	1.77136	0
0.420135	4.4236	0
0.436464	3.91915	0
0.44505	2.06066	0
0.453655	2.06507	0
0.462245	2.06155	0
0.468556	1.51479	0
0.477252	2.08689	0
0.485979	2.09457	0
0.491127	1.23562	0
0.499976	2.12361	0
0.508705	2.09507	0
0.513479	1.14566	0
0.522168	2.08548	0
0.529048	1.6511	0
0.534643	1.34292	0
0.553677	4.56804	0
0.56754	3.32723	0
0.582404	3.56732	0
0.585484	0.739038	0
0.588485	0.720288	0
0.590853	0.568366	0
0.592574	0.412963	0
0.593632	0.253982	0
0.594012	0.091144	0
0.593697	-0.0756029	0
0.592448	-0.299788	0
0.590596	-0.444346	0
0.587428	-0.760277	0
0.582252	-1.2422	0
0.587073	1.15697	0
0.582639	-1.0643	0
0.576612	-1.4465	0
0.580712	0.984211	0
0.573615	-1.70349	0
0.569506	-0.986058	0
0.577337	1.87956	0
0.589154	2.83599	0
0.594886	1.37566	0
0.600649	1.38318	0
0.606235	1.34067	0
0.61115	1.17955	0
0.615936	1.14871	0
0.610927	-1.20232	0
0.60954	-0.332932	0
0.598705	-2.60036	0
0.594866	-0.921386	0
0.588588	-1.50657	0
0.578377	-2.45061	0
0.567603	-2.58587	0
0.558484	-2.18857	0
0.551453	-1.68736	0
0.544489	-1.67142	0
0.537169	-1.75673	0
0.530007	-1.71892	0
0.521424	-2.06005	0
0.512193	-2.21539	0
0.503568	-2.06999	0
0.499753	-0.915565	0
0.491861	-1.89408	0
0.484614	-1.73935	0
0.476753	-1.88646	0
0.469458	-1.75086	0
0.460832	-2.07018	0
0.451875	-2.14971	0
0.442983	-2.13403	0
0.434405	-2.05887	0
0.427886	-1.56458	0
0.421816	-1.45678	0
0.416278	-1.32914	0
0.411302	-1.19426	0
0.406914	-1.05295	0
0.403137	-0.906662	0
0.399971	-0.759692	0
0.397421	-0.611957	0
0.395491	-0.46333	0
0.394184	-0.313748	0
0.393502	-0.163615	0
0.393446	-0.0133185	0
0.393889	0.106325	0
0.394141	0.0604003	0
0.395884	0.418414	0
0.398143	0.542055	0
0.400944	0.672269	0
0.404108	0.759286	0
0.407889	0.907368	0
0.413406	1.32414	0
0.428633	3.65444	0
0.444925	3.91027	0
0.451458	1.5678	0
0.458414	1.66956	0
0.472634	3.41266	0
0.481352	2.09226	0
0.489426	1.93783	0
0.497419	1.91825	0
0.50887	2.74844	0
0.51707	1.968	0
0.531019	3.34764	0
0.54105	2.40741	0
0.544343	0.790317	0
0.548805	1.07098	0
0.552745	0.945533	0
0.554538	0.43033	0
0.554367	-0.0411158	0
0.56227	1.89684	0
0.562532	0.0629119	0
0.561896	-0.152651	0
0.560637	-0.302151	0
0.569289	2.07647	0
0.574126	1.16086	0
0.582541	2.01962	0
0.594868	2.95849	0
0.587283	-1.82039	0
0.576029	-2.70103	0
0.568064	-1.91162	0
0.558063	-2.4003	0
0.547993	-2.4168	0
0.53911	-2.13178	0
0.532629	-1.55555	0
0.523135	-2.27845	0
0.513854	-2.22744	0
0.504685	-2.20055	0
0.495864	-2.11716	0
0.4906	-1.26326	0
0.484373	-1.49452	0
0.48231	-0.49503	0
0.485713	0.816588	0
0.495128	2.2597	0
0.510496	3.68835	0
0.501469	-2.16647	0
0.493399	-1.93697	0
0.49953	1.4716	0
0.505774	1.49844	0
0.504913	-0.206674	0
0.498158	-1.62108	0
0.490748	-1.77858	0
0.496324	1.33842	0
0.495553	-0.185001	0
0.486898	-2.0774	0
0.49103	0.991774	0
0.497705	1.60197	0
0.507909	2.44905	0
0.523628	3.77253	0
0.513078	-2.532	0
0.502031	-2.65136	0
0.492093	-2.38513	0
0.485813	-1.50724	0
0.481456	-1.0457	0
0.481267	-0.0451967	0
0.482564	0.311137	0
0.481952	-0.146863	0
0.474516	-1.78452	0
0.466147	-2.00864	0
0.469984	0.920838	0
0.459652	-2.47956	0
0.449284	-2.48847	0
0.439196	-2.42099	0
0.429439	-2.3416	0
0.419962	-2.27448	0
0.410853	-2.18615	0
0.401944	-2.13834	0
0.393425	-2.04442	0
0.382855	-2.53696	0
0.375141	-1.85128	0
0.367572	-1.81652	0
0.36197	-1.3446	0
0.356997	-1.19341	0
0.352076	-1.18111	0
0.347527	-1.09166	0
0.344971	-0.613385	0
0.347546	0.618005	0
0.353096	1.33191	0
0.364586	2.75767	0
0.37922	3.51211	0
0.401703	5.3958	0
0.426465	5.94302	0
0.437379	2.61918	0
0.43382	-0.853985	0
0.42684	-1.67531	0
0.424324	-0.603835	0
0.422558	-0.423738	0
0.430202	1.83459	0
0.429763	-0.10541	0
0.445015	3.66034	0
0.462054	4.0895	0
0.476903	3.56362	0
0.490056	3.15676	0
0.498231	1.96194	0
0.504748	1.56422	0
0.506355	0.385755	0
0.507499	0.274357	0
0.508142	0.154517	0
0.51087	0.654521	0
0.513357	0.597005	0
0.522271	2.13938	0
0.537019	3.53953	0
0.553421	3.93633	0
0.559954	1.56814	0
0.564347	1.05416	0
0.562283	-0.495406	0
0.555198	-1.70036	0
0.564845	2.31526	0
0.560125	-1.13273	0
0.564891	1.14382	0
0.572873	1.9156	0
0.563364	-2.28209	0
0.55391	-2.26904	0
0.542099	-2.83462	0
0.541084	-0.243424	0
0.53056	-2.52581	0
0.519036	-2.76572	0
0.507553	-2.75602	0
0.507022	-0.127439	0
0.510515	0.838389	0
0.508577	-0.465171	0
0.509391	0.195308	0
0.513909	1.08429	0
0.507668	-1.49768	0
0.498889	-2.10704	0
0.489886	-2.16075	0
0.480221	-2.31949	0
0.470158	-2.41519	0
0.459781	-2.49037	0
0.449231	-2.53205	0
0.438635	-2.54298	0
0.428123	-2.52287	0
0.41774	-2.49199	0
0.407491	-2.45982	0
0.397366	-2.43005	0
0.387303	-2.41498	0
0.377112	-2.44591	0
0.366619	-2.5183	0
0.355759	-2.60631	0
0.345105	-2.55719	0
0.324573	-4.92746	0
0.313925	-2.55556	0
0.319673	1.37938	0
0.311649	-1.92576	0
0.317039	1.29379	0
0.309995	-1.69067	0
0.303191	-1.63288	0
0.300423	-0.664463	0
0.304983	1.09437	0
0.31491	2.38265	0
0.315932	0.245142	0
0.314786	-0.274917	0
0.29783	-4.0696	0
0.298214	0.0922231	0
0.299145	0.223464	0
0.300568	0.34163	0
0.302249	0.403223	0
0.306065	0.915865	0
0.309111	0.731058	0
0.313268	0.997829	0
0.317553	1.02824	0
0.329189	2.79261	0
0.335427	1.49723	0
0.342004	1.57846	0
0.349341	1.7609	0
0.364303	3.5908	0
0.373642	2.24155	0
0.39084	4.12733	0
0.402873	2.88804	0
0.415049	2.92226	0
0.427843	3.07041	0
0.441301	3.23008	0
0.456653	3.68434	0
0.468172	2.76465	0
0.474547	1.52999	0
0.481117	1.57672	0
0.483572	0.589312	0
0.492057	2.03628	0
0.509792	4.25642	0
0.516694	1.65643	0
0.514675	-0.484487	0
0.512278	-0.575208	0
0.520614	2.00067	0
0.51544	-1.24194	0
0.507985	-1.78906	0
0.501121	-1.64735	0
0.505553	1.06363	0
0.496881	-2.08122	0
0.487899	-2.15579	0
0.475889	-2.88229	0
0.467726	-1.95925	0
0.458648	-2.17863	0
0.449363	-2.22849	0
0.444712	-1.11612	0
0.441435	-0.786594	0
0.449822	2.013	0
0.445616	-1.00942	0
0.441099	-1.08406	0
0.441901	0.192377	0
0.438574	-0.798364	0
0.431821	-1.62092	0
0.434423	0.624693	0
0.434058	-0.0877904	0
0.434064	0.00154756	0
0.434683	0.14849	0
0.435661	0.234879	0
0.436663	0.240423	0
0.441775	1.22675	0
0.443963	0.525108	0
0.449751	1.38927	0
0.453152	0.81615	0
0.456567	0.819528	0
0.46232	1.38083	0
0.466119	0.91172	0
0.477084	2.63152	0
0.481316	1.01572	0
0.491622	2.47361	0
0.497719	1.46315	0
0.50291	1.24584	0
0.513694	2.58829	0
0.512975	-0.172547	0
0.512876	-0.0239522	0
0.511205	-0.401022	0
0.512667	0.350999	0
0.516461	0.91054	0
0.516757	0.0710109	0
0.519196	0.585292	0
0.523257	0.974714	0
0.529717	1.55045	0
0.523517	-1.48804	0
0.518565	-1.18838	0
0.5114	-1.71962	0
0.50631	-1.22164	0
0.502304	-0.961447	0
0.498352	-0.94857	0
0.505063	1.61056	0
0.500949	-0.98734	0
0.494893	-1.45323	0
0.487135	-1.86204	0
0.478495	-2.07369	0
0.469123	-2.24913	0
0.459288	-2.36037	0
0.45404	-1.25968	0
0.459688	1.35554	0
0.467722	1.9283	0
0.479091	2.72849	0
0.49028	2.68543	0
0.487136	-0.754533	0
0.480677	-1.55034	0
0.48578	1.22471	0
0.477506	-1.98556	0
0.485762	1.98133	0
0.482058	-0.888882	0
0.476856	-1.24858	0
0.47049	-1.52792	0
0.464156	-1.5201	0
0.457766	-1.53351	0
0.454942	-0.677924	0
0.462951	1.92234	0
0.474743	2.82992	0
0.490604	3.80683	0
0.507613	4.08214	0
0.523736	3.86949	0
0.538754	3.6043	0
0.554128	3.68975	0
0.562873	2.0989	0
0.571031	1.95789	0
0.561715	-2.23597	0
0.551696	-2.40445	0
0.541202	-2.51851	0
0.530866	-2.48079	0
0.52044	-2.50224	0
0.511075	-2.24765	0
0.519201	1.95039	0
0.529564	2.48704	0
0.540466	2.61657	0
0.551088	2.54917	0
0.557814	1.61426	0
0.547536	-2.4667	0
0.535368	-2.92037	0
0.529653	-1.37144	0
0.517578	-2.89811	0
0.514824	-0.661009	0
0.50287	-2.86889	0
0.502248	-0.14932	0
0.490411	-2.84079	0
0.474117	-3.91057	0
0.463277	-2.60164	0
0.451664	-2.78721	0
0.440305	-2.72599	0
0.423276	-4.08715	0
0.412655	-2.54891	0
0.398788	-3.32808	0
0.386029	-3.06221	0
0.369064	-4.07158	0
0.352617	-3.94729	0
0.34306	-2.29362	0
0.335031	-1.92693	0
0.338256	0.773973	0
0.335479	-0.666559	0
0.330097	-1.29172	0
0.326818	-0.787009	0
0.323691	-0.75046	0
0.316713	-1.67462	0
0.307029	-2.32422	0
0.294691	-2.96114	0
0.290087	-1.10496	0
0.292107	0.484757	0
0.292306	0.0478519	0
0.298006	1.36794	0
0.299722	0.411876	0
0.304753	1.20739	0
0.30705	0.551327	0
0.31601	2.15042	0
0.324933	2.1415	0
0.333819	2.13261	0
0.342668	2.12377	0
0.35148	2.11495	0
0.360256	2.10618	0
0.368995	2.09744	0
0.377698	2.08873	0
0.383713	1.44345	0
0.390749	1.68877	0
0.398276	1.80656	0
0.406386	1.94638	0
0.414704	1.99617	0
0.423069	2.00767	0
0.431437	2.00835	0
0.439789	2.00449	0
0.448117	1.9986	0
0.456416	1.99175	0
0.464684	1.98444	0
0.472921	1.97677	0
0.4811	1.963	0
0.489068	1.91249	0
0.496676	1.82569	0
0.503771	1.70299	0
0.510212	1.54584	0
0.515367	1.23703	0
0.523368	1.92036	0
0.53042	1.69248	0
0.53671	1.50949	0
0.542133	1.30151	0
0.547009	1.17045	0
0.550642	0.871812	0
0.553451	0.67424	0
0.55499	0.369303	0
0.555677	0.164801	0
0.5553	-0.0903673	0
0.553969	-0.319545	0
0.551767	-0.528384	0
0.548728	-0.729491	0
0.544855	-0.929324	0
0.540183	-1.12138	0
0.534742	-1.30596	0
0.528559	-1.48381	0
0.521659	-1.65611	0
0.514055	-1.82485	0
0.505746	-1.99409	0
0.496777	-2.15253	0
0.487374	-2.25675	0
0.477741	-2.31189	0
0.468085	-2.31755	0
0.46097	-1.70764	0
0.456352	-1.10835	0
0.45337	-0.715646	0
0.448286	-1.22022	0
0.445521	-0.663538	0
0.443753	-0.424207	0
0.442846	-0.217845	0
0.442685	-0.0386413	0
0.442562	-0.0295422	0
0.440622	-0.465424	0
0.440042	-0.139272	0
0.440336	0.0706317	0
0.432249	-1.94105	0
0.427211	-1.20912	0
0.421416	-1.39065	0
0.413994	-1.78138	0
0.406792	-1.72849	0
0.401948	-1.16244	0
0.396166	-1.38775	0
0.390686	-1.31507	0
0.38539	-1.27118	0
0.383195	-0.52677	0
0.38418	0.236297	0
0.386024	0.442585	0
0.387707	0.404079	0
0.396233	2.04613	0
0.404619	2.01269	0
0.413174	2.05326	0
0.421694	2.04474	0
0.430178	2.03625	0
0.438628	2.02781	0
0.447042	2.01939	0
0.455022	1.91525	0
0.463148	1.95027	0
0.471396	1.97958	0
0.479675	1.98676	0
0.486011	1.52063	0
0.492434	1.54175	0
0.50095	2.04361	0
0.507731	1.62751	0
0.514535	1.63291	0
0.52012	1.34054	0
0.526697	1.57832	0
0.522422	-1.0259	0
0.514517	-1.89713	0
0.507844	-1.60147	0
0.503591	-1.02076	0
0.49882	-1.14499	0
0.49379	-1.20721	0
0.488446	-1.28272	0
0.482172	-1.50563	0
0.47704	-1.23184	0
0.468129	-2.13859	0
0.459998	-1.95146	0
0.46026	0.0628787	0
0.460439	0.0429198	0
0.458665	-0.425695	0
0.457889	-0.18614	0
0.458174	0.0682168	0
0.45881	0.152752	0
0.460654	0.442537	0
0.462097	0.34624	0
0.463217	0.268796	0
0.464925	0.410027	0
0.466645	0.412758	0
0.468557	0.458835	0
0.470764	0.529757	0
0.473264	0.600055	0
0.475034	0.424669	0
0.471069	-0.951487	0
0.467535	-0.848205	0
0.464199	-0.8005	0
0.462717	-0.355768	0
0.46148	-0.296845	0
0.462404	0.221586	0
0.461424	-0.235165	0
0.462819	0.334805	0
0.462612	-0.049535	0
0.462941	0.0787816	0
0.46345	0.122148	0
0.463982	0.127722	0
0.463283	-0.167659	0
0.46091	-0.56948	0
0.459612	-0.31156	0
0.458727	-0.212392	0
0.457303	-0.341718	0
0.456091	-0.290873	0
0.456212	0.0290738	0
0.456719	0.121586	0
0.455837	-0.211629	0
0.455414	-0.101501	0
0.454726	-0.165234	0
0.453951	-0.186057	0
0.453746	-0.0490198	0
0.45711	0.807366	0
0.45952	0.578289	0
0.471865	2.96291	0
0.480168	1.9926	0
0.483029	0.686534	0
0.485886	0.685679	0
0.490472	1.1008	0
0.493669	0.76712	0
0.495048	0.330979	0
0.496459	0.338632	0
0.496455	-0.000815629	0
0.496836	0.0913951	0
0.499286	0.58797	0
0.502728	0.826028	0
0.508411	1.36412	0
0.508877	0.111788	0
0.509019	0.0340433	0
0.51127	0.540141	0
0.511366	0.0230398	0
0.50994	-0.342114	0
0.508767	-0.281563	0
0.507256	-0.362662	0
0.507446	0.0457045	0
0.507837	0.0937787	0
0.506375	-0.350901	0
0.507202	0.198507	0
0.504571	-0.631583	0
0.500238	-1.03982	0
0.496065	-1.00159	0
0.491533	-1.08767	0
0.490531	-0.240434	0
0.496949	1.54027	0
0.494327	-0.629092	0
0.490747	-0.859213	0
0.486133	-1.10749	0
0.481383	-1.14006	0
0.476374	-1.20209	0
0.474848	-0.3662	0
0.475696	0.203441	0
0.472086	-0.866287	0
0.468437	-0.875701	0
0.464761	-0.882456	0
0.462309	-0.588429	0
0.463581	0.305276	0
0.464429	0.203638	0
0.463025	-0.337096	0
0.462489	-0.128638	0
0.461296	-0.286326	0
0.460917	-0.0908989	0
0.459161	-0.421423	0
0.461923	0.662828	0
0.462035	0.0269117	0
0.462673	0.153213	0
0.460903	-0.424812	0
0.459822	-0.259513	0
0.461827	0.481295	0
0.474908	3.13936	0
0.476371	0.351181	0
0.479232	0.686553	0
0.487437	1.96912	0
0.489259	0.437257	0
0.492649	0.813783	0
0.496057	0.817844	0
0.497064	0.24159	0
0.491163	-1.41625	0
0.490195	-0.232103	0
0.478693	-2.76064	0
0.479377	0.164288	0
0.485692	1.51559	0
0.488277	0.620455	0
0.499287	2.64229	0
0.49901	-0.0664308	0
0.513738	3.53466	0
0.515782	0.490587	0
0.509809	-1.43362	0
0.506631	-0.762735	0
0.510449	0.916371	0
0.507137	-0.794834	0
0.502115	-1.20526	0
0.496491	-1.34987	0
0.486404	-2.42074	0
0.477911	-2.03839	0
0.466913	-2.63952	0
0.468716	0.432813	0
0.462621	-1.4629	0
0.466983	1.04686	0
0.4613	-1.36393	0
0.449904	-2.73488	0
0.446516	-0.813169	0
0.440654	-1.40702	0
0.432884	-1.86475	0
0.421489	-2.73476	0
0.402341	-4.59541	0
0.396627	-1.3714	0
0.396783	0.037306	0
0.39871	0.462506	0
0.401539	0.678883	0
0.404188	0.635832	0
0.407096	0.69796	0
0.410592	0.839078	0
0.421821	2.69495	0
0.42753	1.37005	0
0.433013	1.31604	0
0.44513	2.90813	0
0.45262	1.7975	0
0.458735	1.46754	0
0.465805	1.69679	0
0.477424	2.78856	0
0.485364	1.90569	0
0.501547	3.88396	0
0.509573	1.9261	0
0.514352	1.14699	0
0.521069	1.61211	0
0.534762	3.2864	0
0.541267	1.56125	0
0.546983	1.37174	0
0.557432	2.50774	0
0.561721	1.02928	0
0.56455	0.679098	0
0.568376	0.918248	0
0.570207	0.439447	0
0.571325	0.268156	0
0.578859	1.80821	0
0.578646	-0.0510882	0
0.585149	1.56076	0
0.587339	0.525508	0
0.595236	1.89532	0
0.597804	0.616439	0
0.589716	-1.94126	0
0.597844	1.95088	0
0.605518	1.84165	0
0.598734	-1.62807	0
0.605242	1.5619	0
0.6009	-1.04223	0
0.594005	-1.65484	0
0.585343	-2.07885	0
0.594803	2.27044	0
0.593698	-0.26522	0
0.597719	0.965102	0
0.585446	-2.94551	0
0.582757	-0.645346	0
0.570638	-2.90848	0
0.558647	-2.87784	0
0.54259	-3.85377	0
0.520495	-5.30278	0
0.500667	-4.75888	0
0.476064	-5.9045	0
0.459641	-3.9417	0
0.449634	-2.4016	0
0.445084	-1.09193	0
0.43967	-1.2995	0
0.426535	-3.15236	0
0.418939	-1.82294	0
0.40831	-2.55111	0
0.396922	-2.73306	0
0.390108	-1.63535	0
0.385811	-1.03137	0
0.381864	-0.947268	0
0.375208	-1.5973	0
0.368667	-1.5698	0
0.361696	-1.67315	0
0.354794	-1.65653	0
0.348805	-1.43733	0
0.344675	-0.991144	0
0.340648	-0.966498	0
0.338744	-0.456879	0
0.33612	-0.629972	0
0.333807	-0.555105	0
0.332041	-0.423769	0
0.329818	-0.53347	0
0.334197	1.05099	0
0.342091	1.89461	0
0.350608	2.04393	0
0.360803	2.44673	0
0.370366	2.29535	0
0.379859	2.27829	0
0.389618	2.34197	0
0.39309	0.833491	0
0.401983	2.13431	0
0.411353	2.24869	0
0.420299	2.14709	0
0.430154	2.36504	0
0.439563	2.2583	0
0.448878	2.23546	0
0.453902	1.20577	0
0.462791	2.13354	0
0.472123	2.23971	0
0.481192	2.17648	0
0.485342	0.99607	0
0.493974	2.07164	0
0.503144	2.20083	0
0.508849	1.3692	0
0.516301	1.78847	0
0.52102	1.13252	0
0.524497	0.834444	0
0.527133	0.632653	0
0.528634	0.360169	0
0.52638	-0.540962	0
0.526574	0.0465094	0
0.5258	-0.185541	0
0.522227	-0.857651	0
0.517485	-1.13797	0
0.51401	-0.834185	0
0.509644	-1.04766	0
0.502282	-1.76695	0
0.494406	-1.89033	0
0.485815	-2.06183	0
0.474247	-2.77615	0
0.464676	-2.29718	0
0.455299	-2.25044	0
0.445825	-2.27388	0
0.438484	-1.76162	0
0.430883	-1.82423	0
0.422668	-1.97169	0
0.414547	-1.94906	0
0.406851	-1.84694	0
0.398579	-1.98543	0
0.388546	-2.40789	0
0.378982	-2.29527	0
0.370456	-2.04635	0
0.362875	-1.81944	0
0.355529	-1.76304	0
0.351345	-1.00402	0
0.34585	-1.31881	0
0.343121	-0.655084	0
0.34052	-0.624169	0
0.337013	-0.841692	0
0.335426	-0.380876	0
0.335059	-0.0880636	0
0.335868	0.19413	0
0.336172	0.0728373	0
0.342183	1.44271	0
0.352042	2.3662	0
0.361836	2.35055	0
0.369979	1.9544	0
0.379497	2.28418	0
0.388156	2.07828	0
0.39678	2.06965	0
0.405368	2.06107	0
0.413351	1.91601	0
0.420918	1.816	0
0.429405	2.03703	0
0.425758	-0.875247	0
0.420375	-1.29196	0
0.414703	-1.36129	0
0.410663	-0.969693	0
0.407381	-0.787706	0
0.404751	-0.631092	0
0.402825	-0.462313	0
0.40166	-0.279441	0
0.401241	-0.100723	0
0.401545	0.0731376	0
0.403262	0.412039	0
0.405586	0.557782	0
0.40842	0.680035	0
0.410033	0.387156	0
0.412057	0.485644	0
0.414777	0.652821	0
0.419613	1.16069	0
0.425143	1.32724	0
0.431286	1.47434	0
0.438027	1.6178	0
0.445335	1.7539	0
0.453173	1.88109	0
0.462294	2.18915	0
0.470202	1.89782	0
0.48289	3.04519	0
0.491197	1.99357	0
0.500411	2.21153	0
0.507856	1.78677	0
0.515346	1.79763	0
0.522459	1.70693	0
0.528592	1.47199	0
0.533652	1.21434	0
0.53817	1.08428	0
0.542183	0.963323	0
0.546589	1.05746	0
0.550702	0.986974	0
0.554424	0.893391	0
0.557367	0.706257	0
0.55917	0.432713	0
0.559897	0.174386	0
0.559627	-0.0645866	0
0.558849	-0.186836	0
0.557607	-0.298191	0
0.558271	0.159414	0
0.563315	1.21052	0
0.566036	0.653049	0
0.564021	-0.483411	0
0.560996	-0.726087	0
0.557675	-0.797039	0
0.553484	-1.00596	0
0.548655	-1.15882	0
0.542975	-1.36326	0
0.536707	-1.50434	0
0.529856	-1.64422	0
0.522673	-1.7238	0
0.515051	-1.82942	0
0.506983	-1.93632	0
0.498524	-2.03018	0
0.489774	-2.09987	0
0.480839	-2.1444	0
0.471824	-2.16369	0
0.462838	-2.15668	0
0.453993	-2.12269	0
0.4454	-2.0623	0
0.437168	-1.97579	0
0.429402	-1.86381	0
0.422173	-1.73481	0
0.415521	-1.59655	0
0.409483	-1.44924	0
0.404093	-1.29349	0
0.399382	-1.1307	0
0.395356	-0.966131	0
0.392022	-0.800261	0
0.389382	-0.633596	0
0.387439	-0.466389	0
0.386194	-0.298728	0
0.386266	0.0173318	0
0.387067	0.19225	0
0.388575	0.361846	0
0.390811	0.536628	0
0.393783	0.713243	0
0.397477	0.88654	0
0.404059	1.57987	0
0.410754	1.60668	0
0.417926	1.7213	0
0.424478	1.57259	0
0.433469	2.1577	0
0.442848	2.25092	0
0.452617	2.34471	0
0.46241	2.35014	0
0.472209	2.35186	0
0.478602	1.53425	0
0.488095	2.27849	0
0.494481	1.5326	0
0.500838	1.52551	0
0.50548	1.11413	0
0.514223	2.09844	0
0.52282	2.06315	0
0.53314	2.47687	0
0.541081	1.9059	0
0.554463	3.21163	0
0.560841	1.53074	0
0.565905	1.21525	0
0.571252	1.28339	0
0.582843	2.78186	0
0.586653	0.91442	0
0.600338	3.28441	0
0.608594	1.98136	0
0.609826	0.295637	0
0.614713	1.1728	0
0.627715	3.12071	0
0.630595	0.691161	0
0.631085	0.117544	0
0.634262	0.76241	0
0.646253	2.8779	0
0.647501	0.299445	0
0.645222	-0.546872	0
0.649813	1.10189	0
0.644297	-1.324	0
0.637992	-1.51301	0
0.622868	-3.62992	0
0.602207	-4.95856	0
0.590142	-2.89564	0
0.579044	-2.66341	0
0.561287	-4.26175	0
0.538374	-5.49914	0
0.511835	-6.3693	0
0.490082	-5.22083	0
0.479289	-2.59038	0
0.469719	-2.29662	0
0.458841	-2.61079	0
0.449208	-2.31199	0
0.44084	-2.00836	0
0.420442	-4.89543	0
0.422957	0.603551	0
0.421702	-0.301156	0
0.417891	-0.914552	0
0.415238	-0.636689	0
0.422005	1.62387	0
0.426083	0.978739	0
0.420475	-1.34571	0
0.424619	0.994512	0
0.427084	0.591471	0
0.430774	0.885587	0
0.434946	1.00143	0
0.439423	1.07449	0
0.45168	2.94156	0
0.45903	1.76395	0
0.470595	2.77573	0
0.482005	2.73845	0
0.493908	2.85673	0
0.500369	1.55058	0
0.504647	1.0266	0
0.50973	1.22009	0
0.514371	1.11383	0
0.522034	1.83913	0
0.525843	0.914047	0
0.528279	0.58475	0
0.52952	0.297806	0
0.53156	0.48962	0
0.530119	-0.346025	0
0.528727	-0.333907	0
0.527907	-0.196982	0
0.526078	-0.438812	0
0.524444	-0.392102	0
0.523438	-0.241527	0
0.520565	-0.689528	0
0.515503	-1.2149	0
0.508744	-1.62225	0
0.501062	-1.84356	0
0.493014	-1.93144	0
0.486294	-1.61284	0
0.479083	-1.73057	0
0.471429	-1.83718	0
0.463454	-1.91385	0
0.455305	-1.95577	0
0.447133	-1.96123	0
0.439094	-1.92939	0
0.432857	-1.49689	0
0.427833	-1.20587	0
0.428129	0.0711517	0
0.425553	-0.618224	0
0.427941	0.572939	0
0.430744	0.672878	0
0.437513	1.62444	0
0.445274	1.86279	0
0.454458	2.20402	0
0.463473	2.16368	0
0.472993	2.28477	0
0.47632	0.798551	0
0.478571	0.540137	0
0.480719	0.515588	0
0.482426	0.409768	0
0.48358	0.276966	0
0.484311	0.175353	0
0.484653	0.0820977	0
0.484604	-0.0118703	0
0.484147	-0.109561	0
0.483268	-0.211071	0
0.481954	-0.315296	0
0.480215	-0.417274	0
0.478076	-0.513343	0
0.475565	-0.602742	0
0.472714	-0.684263	0
0.469562	-0.756429	0
0.466168	-0.814587	0
0.462596	-0.857409	0
0.45891	-0.884491	0
0.45518	-0.895315	0
0.451474	-0.889435	0
0.447788	-0.884632	0
0.444071	-0.891931	0
0.439001	-1.21688	0
0.43776	-0.297875	0
0.438792	0.247643	0
0.442908	0.987865	0
0.450244	1.76079	0
0.458521	1.9863	0
0.466711	1.96556	0
0.474857	1.95525	0
0.482568	1.85055	0
0.490151	1.81991	0
0.497799	1.83556	0
0.50479	1.67783	0
0.510848	1.45381	0
0.514509	0.878771	0
0.518406	0.935144	0
0.521597	0.765954	0
0.524743	0.754973	0
0.526439	0.407031	0
0.527122	0.164078	0
0.525012	-0.506517	0
0.523802	-0.290387	0
0.523147	-0.157267	0
0.522953	-0.0464692	0
0.521391	-0.374966	0
0.518907	-0.59604	0
0.514863	-0.970691	0
0.509548	-1.27559	0
0.503703	-1.40284	0
0.49726	-1.54609	0
0.489066	-1.96658	0
0.481493	-1.81754	0
0.476062	-1.30353	0
0.466692	-2.24886	0
0.456079	-2.54703	0
0.448989	-1.70153	0
0.441589	-1.77608	0
0.432948	-2.07382	0
0.425948	-1.68012	0
0.418998	-1.66793	0
0.412701	-1.51135	0
0.406609	-1.46207	0
0.401027	-1.33969	0
0.397159	-0.928284	0
0.392626	-1.08778	0
0.389599	-0.726633	0
0.387281	-0.556285	0
0.385662	-0.388585	0
0.38475	-0.218875	0
0.384722	-0.00671353	0
0.385426	0.168927	0
0.386905	0.355091	0
0.388931	0.486292	0
0.391351	0.580581	0
0.393897	0.611168	0
0.396763	0.687791	0
0.400353	0.861637	0
0.404667	1.03523	0
0.409694	1.20665	0
0.415421	1.37453	0
0.421838	1.54004	0
0.428909	1.69707	0
0.436603	1.84638	0
0.444629	1.92645	0
0.452746	1.94804	0
0.460858	1.94681	0
0.468918	1.93446	0
0.476908	1.91765	0
0.484819	1.89861	0
0.492647	1.87869	0
0.500391	1.85854	0
0.507967	1.81814	0
0.515269	1.75244	0
0.522201	1.66369	0
0.528668	1.5522	0
0.534622	1.42901	0
0.540057	1.30428	0
0.544968	1.17881	0
0.549356	1.05306	0
0.553221	0.927595	0
0.55656	0.801354	0
0.55937	0.674269	0
0.561646	0.546396	0
0.563387	0.417803	0
0.564589	0.288555	0
0.565245	0.157281	0
0.565323	0.0186837	0
0.564843	-0.115133	0
0.563818	-0.246061	0
0.562254	-0.375368	0
0.560155	-0.503611	0
0.557529	-0.630248	0
0.55438	-0.755798	0
0.550711	-0.880543	0
0.546525	-1.00458	0
0.541826	-1.12794	0
0.536615	-1.2506	0
0.530896	-1.37252	0
0.524672	-1.49366	0
0.517947	-1.61407	0
0.510724	-1.73346	0
0.503036	-1.84531	0
0.494969	-1.93606	0
0.486621	-2.00342	0
0.478094	-2.04645	0
0.469493	-2.06433	0
0.46203	-1.79117	0
0.454727	-1.75268	0
0.44766	-1.69593	0
0.440953	-1.6097	0
0.434709	-1.49869	0
0.429015	-1.36647	0
0.423909	-1.22547	0
0.419421	-1.07711	0
0.415582	-0.921322	0
0.412422	-0.758534	0
0.409962	-0.590395	0
0.40822	-0.41797	0
0.407211	-0.242216	0
0.406936	-0.065904	0
0.407398	0.110702	0
0.408596	0.287532	0
0.410486	0.453695	0
0.413054	0.616222	0
0.416296	0.778143	0
0.420197	0.936248	0
0.424756	1.09428	0
0.42996	1.24881	0
0.435764	1.39298	0
0.44198	1.49182	0
0.448746	1.62396	0
0.456008	1.74274	0
0.463577	1.81666	0
0.471211	1.83215	0
0.478823	1.82694	0
0.486381	1.81376	0
0.495863	2.2757	0
0.504356	2.03841	0
0.513075	2.09249	0
0.521875	2.11198	0
0.530635	2.10244	0
0.539549	2.13931	0
0.548006	2.02984	0
0.55459	1.58003	0
0.558342	0.900497	0
0.563602	1.26237	0
0.571382	1.86722	0
0.576895	1.32312	0
0.57941	0.60373	0
0.582493	0.739856	0
0.585272	0.666875	0
0.588487	0.771723	0
0.593427	1.18547	0
0.597615	1.00529	0
0.597295	-0.0769501	0
0.595991	-0.312902	0
0.593724	-0.544128	0
0.589186	-1.08896	0
0.582869	-1.51607	0
0.578613	-1.02146	0
0.578306	-0.0738188	0
0.575027	-0.786943	0
0.571943	-0.740208	0
0.566377	-1.33571	0
0.560173	-1.48901	0
0.553309	-1.64724	0
0.547942	-1.28823	0
0.541435	-1.56162	0
0.534528	-1.65772	0
0.524433	-2.42287	0
0.517116	-1.75608	0
0.510288	-1.63854	0
0.500381	-2.37773	0
0.495075	-1.27349	0
0.488203	-1.64937	0
0.479289	-2.13915	0
0.470198	-2.18199	0
0.461872	-1.99832	0
0.453407	-2.03146	0
0.445182	-1.97392	0
0.437379	-1.87274	0
0.430303	-1.6982	0
0.424816	-1.31692	0
0.42144	-0.810256	0
0.415879	-1.3346	0
0.411775	-0.984982	0
0.4102	-0.378159	0
0.411567	0.328267	0
0.408408	-0.758319	0
0.405561	-0.68319	0
0.405613	0.0124619	0
0.40809	0.594527	0
0.418352	2.46272	0
0.421236	0.692202	0
0.422188	0.228571	0
0.434421	2.93593	0
0.442429	1.92188	0
0.445677	0.779426	0
0.455143	2.27189	0
0.463327	1.96413	0
0.466199	0.689227	0
0.468037	0.441299	0
0.466532	-0.361173	0
0.456652	-2.37121	0
0.458311	0.398121	0
0.464673	1.52676	0
0.472935	1.98302	0
0.473129	0.0464337	0
0.47085	-0.546958	0
0.476203	1.2847	0
0.481071	1.16841	0
0.480353	-0.172372	0
0.487232	1.65091	0
0.491845	1.10731	0
0.504073	2.93462	0
0.516949	3.09013	0
0.522749	1.39215	0
0.530782	1.92779	0
0.539601	2.11664	0
0.546192	1.58183	0
0.55064	1.06747	0
0.544671	-1.43257	0
0.543326	-0.322622	0
0.539681	-0.874857	0
0.543263	0.859625	0
0.538167	-1.22297	0
0.533809	-1.04604	0
0.527736	-1.4575	0
0.51499	-3.059	0
0.498782	-3.89001	0
0.488574	-2.44984	0
0.481797	-1.62635	0
0.47156	-2.45691	0
0.467831	-0.895086	0
0.466416	-0.339584	0
0.465017	-0.335835	0
0.463457	-0.374212	0
0.461793	-0.399384	0
0.470414	2.06898	0
0.472215	0.432116	0
0.488597	3.93189	0
0.496953	2.00528	0
0.496018	-0.224239	0
0.483016	-3.12047	0
0.457226	-6.18966	0
0.451073	-1.47682	0
0.441422	-2.31625	0
0.434114	-1.75386	0
0.429278	-1.1606	0
0.427218	-0.494485	0
0.425254	-0.471423	0
0.424499	-0.181057	0
0.421574	-0.702018	0
0.419999	-0.378068	0
0.42849	2.03794	0
0.436946	2.02949	0
0.445367	2.02107	0
0.453754	2.01268	0
0.45889	1.2327	0
0.464946	1.45348	0
0.470609	1.35921	0
0.47599	1.29137	0
0.481071	1.21945	0
0.485793	1.1333	0
0.490084	1.02978	0
0.49387	0.90856	0
0.497081	0.770612	0
0.499654	0.617637	0
0.501537	0.451796	0
0.50266	0.269534	0
0.503031	0.0892138	0
0.502547	-0.116132	0
0.501386	-0.278665	0
0.499299	-0.500933	0
0.49648	-0.676521	0
0.492869	-0.866606	0
0.48885	-0.964715	0
0.484067	-1.14789	0
0.478748	-1.27646	0
0.473197	-1.33226	0
0.467224	-1.43357	0
0.460206	-1.68423	0
0.456235	-0.953142	0
0.456461	0.0541437	0
0.459105	0.63458	0
0.464943	1.40124	0
0.469379	1.06457	0
0.47413	1.14034	0
0.47914	1.20236	0
0.484094	1.18895	0
0.488671	1.0985	0
0.492989	1.0363	0
0.496732	0.898296	0
0.499967	0.776323	0
0.50269	0.653706	0
0.504894	0.528897	0
0.506571	0.402381	0
0.507692	0.269	0
0.508259	0.13628	0
0.508297	0.00908562	0
0.50722	-0.258597	0
0.507387	0.0400864	0
0.505719	-0.40022	0
0.505946	0.0545113	0
0.50454	-0.337411	0
0.504587	0.0111298	0
0.502833	-0.420881	0
0.498743	-0.981687	0
0.496381	-0.566863	0
0.494449	-0.463734	0
0.490586	-0.927009	0
0.486443	-0.994422	0
0.481994	-1.06772	0
0.475048	-1.667	0
0.467895	-1.71684	0
0.458478	-2.25993	0
0.449477	-2.16019	0
0.442938	-1.56938	0
0.436784	-1.47704	0
0.427181	-2.30461	0
0.419031	-1.95605	0
0.409834	-2.20743	0
0.39889	-2.62647	0
0.391958	-1.66363	0
0.387366	-1.10203	0
0.394075	1.61002	0
0.401992	1.90016	0
0.410558	2.05587	0
0.419089	2.04734	0
0.427584	2.03885	0
0.436044	2.03039	0
0.444469	2.02196	0
0.451959	1.79769	0
0.460241	1.98767	0
0.468101	1.88632	0
0.465341	-0.662387	0
0.460525	-1.15575	0
0.454817	-1.36987	0
0.449327	-1.31766	0
0.442444	-1.65206	0
0.436455	-1.43738	0
0.431243	-1.2507	0
0.429969	-0.305736	0
0.428002	-0.472095	0
0.42598	-0.485277	0
0.423766	-0.531465	0
0.42241	-0.325527	0
0.423027	0.148286	0
0.424016	0.237148	0
0.42557	0.373091	0
0.427503	0.463826	0
0.43552	1.92414	0
0.44009	1.09686	0
0.445263	1.24149	0
0.450357	1.22243	0
0.454669	1.03508	0
0.46186	1.72578	0
0.4675	1.35357	0
0.476267	2.10405	0
0.482645	1.53075	0
0.487709	1.21537	0
0.493547	1.40104	0
0.501119	1.8173	0
0.508113	1.67862	0
0.51274	1.11047	0
0.518406	1.35978	0
0.52394	1.32812	0
0.527991	0.972392	0
0.533065	1.2176	0
0.535812	0.659469	0
0.541982	1.48064	0
0.545256	0.785858	0
0.546343	0.260862	0
0.54844	0.503201	0
0.549841	0.336308	0
0.548792	-0.251692	0
0.549613	0.196942	0
0.548557	-0.253346	0
0.544304	-1.02088	0
0.540047	-1.02155	0
0.537324	-0.653441	0
0.533546	-0.906877	0
0.529361	-1.00443	0
0.524357	-1.20085	0
0.518436	-1.42109	0
0.513817	-1.10853	0
0.510197	-0.86874	0
0.51309	0.694181	0
0.513992	0.216445	0
0.512007	-0.476195	0
0.506081	-1.42234	0
0.500021	-1.45442	0
0.493773	-1.49957	0
0.486555	-1.73217	0
0.47855	-1.92136	0
0.471236	-1.75538	0
0.464642	-1.58255	0
0.461162	-0.835013	0
0.45328	-1.8917	0
0.447185	-1.46299	0
0.44051	-1.60191	0
0.433002	-1.80201	0
0.427327	-1.362	0
0.423386	-0.945696	0
0.424047	0.158598	0
0.419422	-1.10999	0
0.415716	-0.889392	0
0.416051	0.080443	0
0.413874	-0.522472	0
0.412477	-0.335304	0
0.412372	-0.0253808	0
0.411681	-0.165777	0
0.417845	1.47932	0
0.424249	1.537	0
0.427021	0.665288	0
0.435063	1.93016	0
0.43999	1.18244	0
0.438912	-0.258686	0
0.44079	0.450636	0
0.441714	0.221775	0
0.436127	-1.34088	0
0.432815	-0.79483	0
0.437252	1.06486	0
0.443796	1.5705	0
0.442206	-0.381639	0
0.442254	0.0115046	0
0.448778	1.56597	0
0.473166	5.85299	0
0.475397	0.535528	0
0.467703	-1.84663	0
0.457776	-2.3825	0
0.450011	-1.86361	0
0.443853	-1.47791	0
0.429197	-3.51747	0
0.412486	-4.01053	0
0.408564	-0.941237	0
0.41438	1.39579	0
0.415704	0.317768	0
0.418891	0.764739	0
0.415242	-0.875748	0
0.432749	4.20186	0
0.456366	5.6679	0
0.473722	4.16561	0
0.481664	1.90589	0
0.488852	1.72526	0
0.495176	1.5178	0
0.500967	1.3897	0
0.50388	0.699205	0
0.509283	1.29672	0
0.513912	1.11101	0
0.516202	0.549559	0
0.517798	0.382957	0
0.524834	1.68876	0
0.527195	0.566554	0
0.530631	0.824717	0
0.535171	1.08959	0
0.540189	1.20433	0
0.539326	-0.207218	0
0.53799	-0.320631	0
0.537999	0.00212907	0
0.537565	-0.104021	0
0.537991	0.1022	0
0.540319	0.558627	0
0.537145	-0.761781	0
0.532775	-1.04878	0
0.529034	-0.897707	0
0.525034	-0.960183	0
0.518671	-1.52699	0
0.510866	-1.87331	0
0.50192	-2.14706	0
0.496012	-1.41771	0
0.486845	-2.20009	0
0.477534	-2.23466	0
0.469361	-1.96148	0
0.464312	-1.21174	0
0.455724	-2.06134	0
0.451261	-1.07091	0
0.444831	-1.54325	0
0.434925	-2.37754	0
0.425842	-2.17983	0
0.422583	-0.782184	0
0.420419	-0.519304	0
0.418366	-0.492816	0
0.416728	-0.392995	0
0.416725	-0.000863566	0
0.418814	0.501494	0
0.418159	-0.157416	0
0.417463	-0.167021	0
0.411883	-1.33918	0
0.408477	-0.817457	0
0.405682	-0.670733	0
0.403742	-0.465697	0
0.405139	0.335446	0
0.410361	1.25313	0
0.417127	1.62394	0
0.424577	1.78797	0
0.432744	1.96017	0
0.441183	2.02525	0
0.449586	2.01685	0
0.457955	2.00848	0
0.466363	2.01784	0
0.472678	1.51564	0
0.477401	1.13358	0
0.482044	1.11442	0
0.48653	1.07663	0
0.490427	0.935163	0
0.493771	0.802638	0
0.496349	0.618564	0
0.498107	0.422049	0
0.499109	0.240382	0
0.499404	0.070977	0
0.499291	-0.0273566	0
0.498531	-0.18229	0
0.497084	-0.347156	0
0.494925	-0.518253	0
0.492042	-0.69204	0
0.488438	-0.864817	0
0.484169	-1.02472	0
0.479294	-1.16981	0
0.473889	-1.29737	0
0.468053	-1.40059	0
0.461893	-1.47829	0
0.455521	-1.52929	0
0.446458	-2.17518	0
0.437994	-2.03134	0
0.431082	-1.65895	0
0.431232	0.03595	0
0.433047	0.435766	0
0.436566	0.844384	0
0.440795	1.015	0
0.445821	1.20638	0
0.451919	1.46343	0
0.458741	1.63737	0
0.465367	1.5901	0
0.472114	1.61948	0
0.479193	1.69883	0
0.486059	1.64782	0
0.492617	1.57395	0
0.498778	1.47861	0
0.504394	1.34781	0
0.509435	1.20987	0
0.513854	1.06048	0
0.517595	0.897854	0
0.520607	0.722976	0
0.522862	0.541224	0
0.518336	-1.08633	0
0.517865	-0.11304	0
0.518288	0.10166	0
0.517639	-0.155787	0
0.515739	-0.456108	0
0.51344	-0.551626	0
0.511309	-0.511515	0
0.509213	-0.502999	0
0.507018	-0.526729	0
0.504669	-0.563953	0
0.502131	-0.609059	0
0.499372	-0.662199	0
0.49624	-0.751518	0
0.488456	-1.86814	0
0.47996	-2.03913	0
0.470668	-2.23005	0
0.461371	-2.23145	0
0.452118	-2.22062	0
0.443012	-2.18534	0
0.434141	-2.12915	0
0.42551	-2.07144	0
0.417262	-1.97937	0
0.410945	-1.51607	0
0.407717	-0.774849	0
0.410081	0.567355	0
0.407486	-0.622734	0
0.40296	-1.08627	0
0.402541	-0.100606	0
0.401738	-0.192795	0
0.400896	-0.201893	0
0.40044	-0.10958	0
0.400205	-0.0563354	0
0.400555	0.084086	0
0.401588	0.247791	0
0.40414	0.612551	0
0.406439	0.551691	0
0.409428	0.717334	0
0.41976	2.47967	0
0.428252	2.03818	0
0.436334	1.93974	0
0.444758	2.02167	0
0.453147	2.01329	0
0.461501	2.00493	0
0.46982	1.99661	0
0.479636	2.3558	0
0.489145	2.28219	0
0.49718	1.92852	0
0.504917	1.85678	0
0.512147	1.73512	0
0.516376	1.0151	0
0.519527	0.756107	0
0.521906	0.571136	0
0.522898	0.237988	0
0.522719	-0.0430662	0
0.521472	-0.299157	0
0.512038	-2.26415	0
0.503391	-2.0753	0
0.491589	-2.83239	0
0.483508	-1.93946	0
0.474071	-2.26507	0
0.466448	-1.82946	0
0.456366	-2.4197	0
0.447672	-2.08649	0
0.4418	-1.40932	0
0.435838	-1.43092	0
0.429807	-1.44742	0
0.426425	-0.811742	0
0.424076	-0.563727	0
0.419663	-1.05897	0
0.424122	1.07005	0
0.429783	1.3587	0
0.436605	1.63717	0
0.444532	1.9026	0
0.452922	2.01351	0
0.461277	2.00516	0
0.469597	1.99684	0
0.476574	1.6745	0
0.48356	1.67669	0
0.490384	1.63783	0
0.497041	1.59761	0
0.503603	1.57492	0
0.512539	2.14461	0
0.520536	1.91935	0
0.518993	-0.370429	0
0.514772	-1.0131	0
0.511788	-0.716184	0
0.50727	-1.08417	0
0.502112	-1.23807	0
0.496413	-1.36767	0
0.490035	-1.53083	0
0.483332	-1.60859	0
0.485213	0.451533	0
0.487255	0.489942	0
0.489244	0.4775	0
0.488731	-0.123289	0
0.480941	-1.86966	0
0.473505	-1.78452	0
0.467301	-1.48888	0
0.461579	-1.37348	0
0.457326	-1.02064	0
0.454416	-0.698327	0
0.453438	-0.234774	0
0.450593	-0.682676	0
0.446482	-0.986733	0
0.444618	-0.447427	0
0.44225	-0.568219	0
0.438747	-0.840778	0
0.444911	1.47942	0
0.447755	0.682459	0
0.454724	1.67263	0
0.454153	-0.136971	0
0.452551	-0.38468	0
0.452897	0.0831119	0
0.450585	-0.554875	0
0.456811	1.49436	0
0.460399	0.860987	0
0.464361	0.950856	0
0.465241	0.21135	0
0.4676	0.566122	0
0.481308	3.28979	0
0.482999	0.405915	0
0.48473	0.415533	0
0.485941	0.290534	0
0.502621	4.00334	0
0.505241	0.628717	0
0.507315	0.497789	0
0.525167	4.2845	0
0.530611	1.30642	0
0.542125	2.76337	0
0.548601	1.55424	0
0.553841	1.25774	0
0.566044	2.92874	0
0.567033	0.237357	0
0.565775	-0.30202	0
0.548601	-4.12181	0
0.5442	-1.0563	0
0.524619	-4.69946	0
0.52476	0.0340729	0
0.506958	-4.27255	0
0.498748	-1.97038	0
0.478931	-4.75625	0
0.470501	-2.02321	0
0.466492	-0.961954	0
0.460278	-1.49137	0
0.455009	-1.26475	0
0.453446	-0.374926	0
0.454299	0.204601	0
0.459186	1.17286	0
0.467143	1.90968	0
0.477714	2.53709	0
0.490712	3.11962	0
0.479526	-2.68484	0
0.463971	-3.73308	0
0.463167	-0.193051	0
0.458878	-1.02937	0
0.449045	-2.35986	0
0.45065	0.385324	0
0.441259	-2.25401	0
0.437672	-0.860842	0
0.422545	-3.63054	0
0.420007	-0.609024	0
0.429977	2.39289	0
0.429501	-0.114274	0
0.439074	2.29749	0
0.442605	0.847358	0
0.457199	3.50251	0
0.467871	2.56126	0
0.477629	2.34204	0
0.477054	-0.138015	0
0.475436	-0.388293	0
0.473231	-0.529282	0
0.470665	-0.615773	0
0.467869	-0.670966	0
0.464869	-0.71999	0
0.457132	-1.85685	0
0.455295	-0.441036	0
0.451817	-0.834742	0
0.455304	0.836934	0
0.456719	0.339498	0
0.457776	0.25388	0
0.46514	1.76732	0
0.467532	0.574077	0
0.472664	1.23169	0
0.474796	0.511656	0
0.474267	-0.127002	0
0.473495	-0.185315	0
0.472665	-0.199179	0
0.474182	0.36415	0
0.476698	0.603707	0
0.478637	0.465412	0
0.481038	0.576299	0
0.483455	0.580166	0
0.485805	0.563873	0
0.488012	0.529673	0
0.492743	1.13555	0
0.493592	0.203763	0
0.497854	1.02289	0
0.49477	-0.740371	0
0.494073	-0.16718	0
0.493434	-0.15342	0
0.492987	-0.107294	0
0.497768	1.1476	0
0.497101	-0.160198	0
0.495021	-0.499204	0
0.490857	-0.999205	0
0.4872	-0.877888	0
0.495078	1.89087	0
0.50294	1.88689	0
0.500027	-0.699074	0
0.496925	-0.744568	0
0.510037	3.14681	0
0.521449	2.73901	0
0.517672	-0.906612	0
0.513425	-1.01923	0
0.52476	2.72039	0
0.527597	0.680928	0
0.522168	-1.30297	0
0.502869	-4.63179	0
0.490768	-2.90427	0
0.476065	-3.52857	0
0.470832	-1.25616	0
0.465844	-1.197	0
0.461143	-1.12826	0
0.459413	-0.41506	0
0.459342	-0.0171435	0
0.463597	1.02124	0
0.4692	1.34467	0
0.47929	2.42153	0
0.489386	2.42307	0
0.477368	-2.88422	0
0.474814	-0.613115	0
0.472112	-0.648351	0
0.461139	-2.63348	0
0.459861	-0.306691	0
0.453651	-1.49055	0
0.446431	-1.73277	0
0.444959	-0.353269	0
0.438709	-1.4999	0
0.428978	-2.33561	0
0.42376	-1.25221	0
0.419737	-0.965471	0
0.42909	2.24467	0
0.425591	-0.839694	0
0.437978	2.97278	0
0.439528	0.37204	0
0.435946	-0.859722	0
0.436695	0.179794	0
0.43811	0.339682	0
0.448217	2.42552	0
0.451347	0.751177	0
0.458136	1.62951	0
0.460356	0.532692	0
0.462995	0.633326	0
0.464884	0.453327	0
0.464595	-0.0692956	0
0.464112	-0.115782	0
0.467077	0.711505	0
0.471275	1.00762	0
0.474531	0.781344	0
0.479053	1.08531	0
0.482625	0.857263	0
0.485524	0.69581	0
0.49147	1.42708	0
0.493987	0.603846	0
0.497265	0.786883	0
0.500499	0.776069	0
0.507972	1.79352	0
0.508532	0.13437	0
0.517735	2.20873	0
0.516828	-0.217663	0
0.516513	-0.0755395	0
0.514376	-0.512972	0
0.511971	-0.577087	0
0.508554	-0.820158	0
0.505312	-0.778055	0
0.501712	-0.86403	0
0.493061	-2.07617	0
0.48468	-2.01144	0
0.474687	-2.39838	0
0.469983	-1.1289	0
0.461347	-2.07261	0
0.4565	-1.16335	0
0.452637	-0.927015	0
0.455365	0.65469	0
0.456962	0.383249	0
0.472146	3.64408	0
0.469086	-0.73442	0
0.466011	-0.737903	0
0.462998	-0.723166	0
0.460046	-0.708554	0
0.472989	3.10651	0
0.486479	3.23745	0
0.507703	5.09369	0
0.524874	4.12108	0
0.539204	3.43937	0
0.551054	2.84382	0
0.55937	1.99587	0
0.570846	2.75436	0
0.559098	-2.81947	0
0.545845	-3.18093	0
0.542324	-0.845002	0
0.533988	-2.00067	0
0.524849	-2.19334	0
0.513123	-2.81409	0
0.494854	-4.38466	0
0.484306	-2.53153	0
0.477829	-1.55432	0
0.48625	2.02088	0
0.480876	-1.28981	0
0.473331	-1.81067	0
0.468681	-1.11612	0
0.46464	-0.969686	0
0.463877	-0.183175	0
0.462118	-0.422181	0
0.466392	1.02581	0
0.468182	0.429679	0
0.462126	-1.45359	0
0.470781	2.07726	0
0.468305	-0.594293	0
0.462834	-1.31302	0
0.458627	-1.00971	0
0.447482	-2.67478	0
0.446049	-0.343954	0
0.459085	3.1287	0
0.465709	1.58975	0
0.473982	1.9854	0
0.476666	0.644272	0
0.490263	3.26335	0
0.49088	0.147949	0
0.491342	0.110947	0
0.490441	-0.216137	0
0.488979	-0.350896	0
0.488199	-0.187191	0
0.487322	-0.210487	0
0.492233	1.17854	0
0.499134	1.65616	0
0.50833	2.20724	0
0.516115	1.86839	0
0.514954	-0.278862	0
0.521239	1.50841	0
0.525425	1.00484	0
0.527677	0.540322	0
0.523546	-0.991273	0
0.526539	0.71815	0
0.519712	-1.6383	0
0.514758	-1.18904	0
0.516052	0.310417	0
0.510122	-1.42314	0
0.499931	-2.44568	0
0.492616	-1.75572	0
0.488722	-0.934481	0
0.488743	0.00508722	0
0.491397	0.636804	0
0.484027	-1.76875	0
0.489609	1.33955	0
0.488123	-0.356471	0
0.484913	-0.77054	0
0.476896	-1.92401	0
0.462455	-3.46584	0
0.456343	-1.46682	0
0.451156	-1.24497	0
0.445587	-1.33659	0
0.449887	1.03207	0
0.446868	-0.724534	0
0.441084	-1.3882	0
0.437681	-0.816816	0
0.43282	-1.16645	0
0.433115	0.0706894	0
0.430143	-0.713276	0
0.427208	-0.704308	0
0.423838	-0.808797	0
0.42151	-0.558792	0
0.419471	-0.489289	0
0.412347	-1.7098	0
0.403703	-2.07463	0
0.395156	-2.05134	0
0.386778	-2.01065	0
0.378722	-1.9335	0
0.37227	-1.54836	0
0.366253	-1.44402	0
0.36067	-1.34004	0
0.355117	-1.33274	0
0.350068	-1.21164	0
0.345329	-1.13748	0
0.340552	-1.14641	0
0.336827	-0.894128	0
0.335927	-0.215934	0
0.335123	-0.192921	0
0.335962	0.201464	0
0.337476	0.36334	0
0.336637	-0.201363	0
0.334985	-0.396511	0
0.335648	0.159055	0
0.337003	0.32534	0
0.339917	0.699307	0
0.344443	1.0861	0
0.349199	1.14162	0
0.353573	1.0497	0
0.359286	1.37115	0
0.369233	2.38722	0
0.366769	-0.591457	0
0.371467	1.12764	0
0.381346	2.37093	0
0.388324	1.67474	0
0.397511	2.20488	0
0.406773	2.22279	0
0.415851	2.17881	0
0.424012	1.95869	0
0.433433	2.26098	0
0.442617	2.20406	0
0.452903	2.4688	0
0.463092	2.44536	0
0.47357	2.51466	0
0.483187	2.30803	0
0.493786	2.5437	0
0.504142	2.48553	0
0.512546	2.01686	0
0.523019	2.51352	0
0.531259	1.97778	0
0.540359	2.18387	0
0.552358	2.8798	0
0.563612	2.701	0
0.574387	2.58585	0
0.584563	2.44244	0
0.595164	2.54404	0
0.602746	1.8198	0
0.613955	2.69024	0
0.62595	2.87871	0
0.636531	2.53941	0
0.646414	2.37186	0
0.654035	1.82916	0
0.660554	1.56451	0
0.665869	1.27558	0
0.669941	0.977229	0
0.672915	0.713748	0
0.674777	0.447076	0
0.675483	0.169406	0
0.675047	-0.104781	0
0.673546	-0.360088	0
0.670885	-0.638657	0
0.667194	-0.885885	0
0.659489	-1.84932	0
0.65025	-2.21731	0
0.639604	-2.55507	0
0.629455	-2.43572	0
0.618852	-2.54468	0
0.608311	-2.52974	0
0.604615	-0.887075	0
0.597982	-1.5919	0
0.591996	-1.43675	0
0.584676	-1.75687	0
0.576877	-1.87163	0
0.569098	-1.86693	0
0.574382	1.2682	0
0.574192	-0.045798	0
0.573072	-0.268797	0
0.571328	-0.418571	0
0.56859	-0.657039	0
0.565256	-0.800072	0
0.561342	-0.939478	0
0.556847	-1.07877	0
0.551788	-1.21419	0
0.546222	-1.33583	0
0.540153	-1.45657	0
0.533585	-1.57628	0
0.526523	-1.69488	0
0.518973	-1.8121	0
0.511475	-1.79951	0
0.503173	-1.99243	0
0.494263	-2.13838	0
0.485052	-2.21068	0
0.475791	-2.22252	0
0.466693	-2.18355	0
0.457281	-2.25884	0
0.446249	-2.64764	0
0.437102	-2.1955	0
0.428355	-2.09928	0
0.420275	-1.93906	0
0.412878	-1.77542	0
0.406201	-1.60237	0
0.399912	-1.50925	0
0.39425	-1.35899	0
0.38925	-1.20007	0
0.384924	-1.03827	0
0.381279	-0.874686	0
0.378318	-0.710736	0
0.377206	-0.2669	0
0.376895	-0.0746218	0
0.377354	0.110229	0
0.378588	0.296086	0
0.380592	0.481092	0
0.383355	0.663116	0
0.386861	0.841469	0
0.391097	1.0165	0
0.396055	1.1899	0
0.402302	1.4994	0
0.409005	1.60867	0
0.41593	1.66194	0
0.423114	1.72432	0
0.431157	1.93021	0
0.439215	1.93397	0
0.447332	1.94813	0
0.455472	1.95348	0
0.463577	1.94537	0
0.47155	1.91349	0
0.479354	1.8729	0
0.487053	1.84785	0
0.494646	1.82221	0
0.502136	1.7977	0
0.509439	1.75272	0
0.516458	1.68438	0
0.522883	1.54218	0
0.528787	1.41682	0
0.533898	1.22671	0
0.538776	1.17065	0
0.542678	0.936512	0
0.546918	1.01755	0
0.550104	0.764623	0
0.552413	0.554169	0
0.555162	0.659924	0
0.556888	0.414183	0
0.560496	0.865908	0
0.564651	0.997251	0
0.567087	0.584654	0
0.568986	0.455668	0
0.574124	1.2331	0
0.575702	0.378621	0
0.577639	0.464903	0
0.57799	0.0844311	0
0.578884	0.214526	0
0.578249	-0.152369	0
0.575461	-0.669147	0
0.575225	-0.0568162	0
0.572498	-0.654444	0
0.570072	-0.582066	0
0.565231	-1.162	0
0.561139	-0.982087	0
0.555812	-1.2785	0
0.551595	-1.01197	0
0.547667	-0.942851	0
0.540968	-1.60765	0
0.535334	-1.35219	0
0.527182	-1.95634	0
0.520463	-1.61258	0
0.513091	-1.76947	0
0.502503	-2.54091	0
0.493815	-2.08516	0
0.483975	-2.36156	0
0.476477	-1.79965	0
0.473019	-0.82994	0
0.466258	-1.62258	0
0.459035	-1.7335	0
0.452548	-1.5569	0
0.451196	-0.324441	0
0.455995	1.15168	0
0.461461	1.3118	0
0.460996	-0.11154	0
0.45269	-1.9934	0
0.445573	-1.70815	0
0.440203	-1.2887	0
0.440561	0.085766	0
0.443849	0.789126	0
0.447755	0.937617	0
0.444221	-0.848307	0
0.439147	-1.21776	0
0.437272	-0.449997	0
0.439055	0.428081	0
0.445551	1.559	0
0.442368	-0.763974	0
0.442851	0.116012	0
0.449011	1.47838	0
0.436753	-2.94212	0
0.434969	-0.427976	0
0.432289	-0.643324	0
0.42097	-2.71641	0
0.418958	-0.483014	0
0.414753	-1.00907	0
0.411528	-0.774019	0
0.409501	-0.486556	0
0.408469	-0.247581	0
0.394299	-3.40084	0
0.397469	0.760736	0
0.400773	0.792859	0
0.403292	0.604649	0
0.407349	0.973712	0
0.412202	1.16478	0
0.419333	1.71145	0
0.425951	1.58815	0
0.431859	1.41797	0
0.438956	1.7033	0
0.44591	1.66893	0
0.453163	1.74072	0
0.460409	1.73921	0
0.467974	1.81559	0
0.47523	1.74133	0
0.483001	1.86496	0
0.489905	1.65706	0
0.497561	1.83738	0
0.518324	4.98312	0
0.526051	1.85457	0
0.533604	1.81269	0
0.539887	1.50783	0
0.545333	1.30699	0
0.552266	1.66398	0
0.560086	1.87697	0
0.565679	1.3421	0
0.570757	1.21892	0
0.574609	0.924445	0
0.57553	0.22088	0
0.578294	0.66344	0
0.57811	-0.0440984	0
0.579679	0.376492	0
0.578752	-0.222537	0
0.5795	0.179558	0
0.580116	0.147845	0
0.580318	0.0485773	0
0.579992	-0.0783187	0
0.579218	-0.185816	0
0.577907	-0.314651	0
0.576053	-0.444847	0
0.573641	-0.578887	0
0.570613	-0.726768	0
0.566913	-0.888026	0
0.562492	-1.06099	0
0.557733	-1.14224	0
0.553852	-0.931305	0
0.54809	-1.38285	0
0.540611	-1.79509	0
0.530798	-2.35496	0
0.522996	-1.87257	0
0.517161	-1.40042	0
0.508298	-2.12709	0
0.500865	-1.78385	0
0.495431	-1.3042	0
0.486427	-2.16113	0
0.477358	-2.17656	0
0.468337	-2.16488	0
0.462538	-1.39181	0
0.455324	-1.73139	0
0.451496	-0.918797	0
0.451712	0.051931	0
0.465575	3.32705	0
0.458547	-1.68667	0
0.451896	-1.59623	0
0.445866	-1.4472	0
0.450606	1.13765	0
0.448966	-0.393618	0
0.447258	-0.409857	0
0.445709	-0.371909	0
0.440887	-1.15727	0
0.439992	-0.21464	0
0.457256	4.14327	0
0.475639	4.41186	0
0.498267	5.43087	0
0.52655	6.78785	0
0.559677	7.95044	0
0.590031	7.2849	0
0.610783	4.98046	0
0.628377	4.22261	0
0.63065	0.545654	0
0.628136	-0.603465	0
0.622403	-1.37589	0
0.616847	-1.33347	0
0.61024	-1.58562	0
0.601915	-1.99807	0
0.593432	-2.0359	0
0.585336	-1.94313	0
0.588016	0.643287	0
0.591834	0.916312	0
0.585225	-1.58625	0
0.576921	-1.99284	0
0.576637	-0.0682509	0
0.569875	-1.62276	0
0.559124	-2.58036	0
0.553031	-1.46219	0
0.543288	-2.33844	0
0.534417	-2.12902	0
0.529004	-1.29905	0
0.518244	-2.58233	0
0.508627	-2.30829	0
0.499063	-2.29517	0
0.489624	-2.2655	0
0.480436	-2.20494	0
0.470749	-2.32494	0
0.467884	-0.687751	0
0.457101	-2.58782	0
0.439857	-4.13867	0
0.429165	-2.56602	0
0.423655	-1.32228	0
0.418117	-1.32921	0
0.411475	-1.59407	0
0.406013	-1.3109	0
0.404324	-0.405242	0
0.412835	2.04258	0
0.421356	2.04508	0
0.429842	2.03659	0
0.438293	2.02814	0
0.446708	2.01972	0
0.455089	2.01134	0
0.463347	1.98197	0
0.471659	1.99477	0
0.479936	1.9865	0
0.488063	1.95048	0
0.49668	2.06827	0
0.502666	1.43649	0
0.50928	1.58741	0
0.515505	1.49409	0
0.520224	1.13251	0
0.525256	1.2076	0
0.528842	0.860672	0
0.529854	0.242899	0
0.529317	-0.128951	0
0.528067	-0.299998	0
0.526014	-0.492654	0
0.525613	-0.0961982	0
0.522199	-0.819327	0
0.51788	-1.03655	0
0.512687	-1.24632	0
0.506628	-1.45425	0
0.499697	-1.66336	0
0.491971	-1.8542	0
0.483561	-2.01862	0
0.474594	-2.15196	0
0.462359	-2.93651	0
0.452499	-2.36634	0
0.442818	-2.32347	0
0.434119	-2.08763	0
0.425408	-2.09068	0
0.418038	-1.76887	0
0.411482	-1.57337	0
0.405605	-1.41038	0
0.400817	-1.14924	0
0.396428	-1.0534	0
0.391154	-1.26575	0
0.388336	-0.67625	0
0.385817	-0.60464	0
0.384274	-0.370358	0
0.383828	-0.107074	0
0.383765	-0.0150449	0
0.385101	0.320785	0
0.379526	-1.33807	0
0.373096	-1.54316	0
0.366142	-1.66905	0
0.359536	-1.58534	0
0.354784	-1.14058	0
0.350739	-0.970787	0
0.347404	-0.800342	0
0.3448	-0.624983	0
0.342914	-0.452669	0
0.341807	-0.265721	0
0.341454	-0.0847093	0
0.341832	0.090834	0
0.342927	0.262676	0
0.344731	0.433115	0
0.347249	0.604253	0
0.35053	0.787281	0
0.354968	1.0653	0
0.360462	1.31846	0
0.366527	1.45563	0
0.372798	1.50513	0
0.37967	1.64914	0
0.387432	1.86288	0
0.394312	1.65127	0
0.403107	2.11089	0
0.41034	1.73573	0
0.416953	1.58719	0
0.426863	2.37847	0
0.435262	2.01559	0
0.443213	1.90833	0
0.451258	1.93081	0
0.459309	1.93224	0
0.467295	1.91673	0
0.476901	2.30528	0
0.485664	2.10323	0
0.492253	1.58133	0
0.500108	1.88521	0
0.508079	1.91305	0
0.514247	1.48027	0
0.518341	0.98258	0
0.52342	1.21885	0
0.527645	1.01415	0
0.531182	0.848754	0
0.535448	1.02394	0
0.539683	1.01646	0
0.543572	0.93319	0
0.546072	0.600042	0
0.547051	0.235127	0
0.547878	0.198479	0
0.550223	0.562636	0
0.552119	0.455052	0
0.551608	-0.122601	0
0.550983	-0.149996	0
0.549788	-0.286818	0
0.54887	-0.220397	0
0.547225	-0.394748	0
0.544402	-0.677412	0
0.541578	-0.677834	0
0.538526	-0.732437	0
0.534219	-1.03361	0
0.529043	-1.24241	0
0.523483	-1.33427	0
0.517474	-1.44215	0
0.510997	-1.55448	0
0.504069	-1.66287	0
0.496738	-1.75935	0
0.489095	-1.83437	0
0.481232	-1.88711	0
0.473245	-1.91687	0
0.465232	-1.9231	0
0.457952	-1.74728	0
0.450862	-1.7014	0
0.444049	-1.63519	0
0.437618	-1.54342	0
0.431665	-1.42872	0
0.426274	-1.29393	0
0.421484	-1.14949	0
0.417325	-0.998348	0
0.413825	-0.839913	0
0.41097	-0.685148	0
0.408767	-0.52877	0
0.407229	-0.369019	0
0.406364	-0.207647	0
0.406289	-0.0180477	0
0.406727	0.105025	0
0.407806	0.259152	0
0.409575	0.424452	0
0.412036	0.590711	0
0.415183	0.755201	0
0.419001	0.916374	0
0.423473	1.07324	0
0.428569	1.223	0
0.432581	0.962964	0
0.440965	2.0122	0
0.448662	1.84725	0
0.455249	1.58085	0
0.461263	1.44337	0
0.469959	2.08707	0
0.478021	1.93485	0
0.487633	2.30691	0
0.49589	1.98175	0
0.505261	2.24902	0
0.51454	2.2269	0
0.523512	2.15331	0
0.53169	1.96262	0
0.539896	1.96954	0
0.546504	1.58578	0
0.555408	2.13703	0
0.560599	1.24594	0
0.56633	1.37534	0
0.571469	1.23332	0
0.57708	1.34658	0
0.579574	0.598562	0
0.582624	0.73213	0
0.585266	0.633977	0
0.586128	0.207027	0
0.59225	1.46909	0
0.593262	0.243018	0
0.594046	0.188113	0
0.594412	0.0878328	0
0.594154	-0.0619582	0
0.589408	-1.139	0
0.588306	-0.26442	0
0.600862	3.0135	0
0.601188	0.0781933	0
0.610694	2.28131	0
0.605906	-1.14909	0
0.612566	1.59835	0
0.610534	-0.487635	0
0.604739	-1.39065	0
0.598665	-1.45779	0
0.59623	-0.584355	0
0.593252	-0.714835	0
0.589943	-0.794051	0
0.583892	-1.45221	0
0.578466	-1.30234	0
0.578585	0.0284836	0
0.56877	-2.35557	0
0.556947	-2.83755	0
0.544798	-2.9157	0
0.532485	-2.95523	0
0.519702	-3.0677	0
0.506596	-3.14558	0
0.490561	-3.84832	0
0.478769	-2.83007	0
0.46425	-3.48462	0
0.452292	-2.86985	0
0.43259	-4.72863	0
0.422168	-2.50125	0
0.41692	-1.25952	0
0.412482	-1.06498	0
0.406456	-1.44645	0
0.402646	-0.914306	0
0.399852	-0.670575	0
0.396595	-0.781571	0
0.394329	-0.544028	0
0.392471	-0.445905	0
0.392569	0.0237178	0
0.39185	-0.17261	0
0.396645	1.15085	0
0.41033	3.28425	0
0.414072	0.898209	0
0.41764	0.856356	0
0.420997	0.805516	0
0.424322	0.798047	0
0.426492	0.520888	0
0.432178	1.36463	0
0.438694	1.56378	0
0.445583	1.65332	0
0.456538	2.62914	0
0.465378	2.12157	0
0.479538	3.39847	0
0.489052	2.28345	0
0.498675	2.3095	0
0.507335	2.07841	0
0.515717	2.01168	0
0.523711	1.91864	0
0.531177	1.79176	0
0.539224	1.93128	0
0.54791	2.08449	0
0.553943	1.44814	0
0.563828	2.37233	0
0.57359	2.34282	0
0.57787	1.02713	0
0.578187	0.0761465	0
0.579585	0.335428	0
0.579412	-0.0413234	0
0.578913	-0.119939	0
0.578645	-0.0642346	0
0.574586	-0.974043	0
0.573853	-0.176131	0
0.57434	0.117005	0
0.571742	-0.62358	0
0.569448	-0.55051	0
0.566331	-0.747967	0
0.576585	2.46089	0
0.571149	-1.30463	0
0.569497	-0.396566	0
0.564042	-1.30929	0
0.558445	-1.34328	0
0.54914	-2.23316	0
0.544548	-1.10189	0
0.540278	-1.02499	0
0.54111	0.199839	0
0.542418	0.313901	0
0.534654	-1.86331	0
0.526434	-1.9729	0
0.51658	-2.36508	0
0.507902	-2.08261	0
0.499955	-1.9074	0
0.489856	-2.42371	0
0.480935	-2.14101	0
0.475676	-1.26204	0
0.469467	-1.49026	0
0.462918	-1.57182	0
0.456487	-1.54343	0
0.452786	-0.888195	0
0.449471	-0.795653	0
0.446607	-0.687205	0
0.444272	-0.56042	0
0.442531	-0.417856	0
0.441438	-0.262489	0
0.441031	-0.097652	0
0.443231	0.528082	0
0.446626	0.814697	0
0.452153	1.32659	0
0.457579	1.30229	0
0.465233	1.83682	0
0.472075	1.64221	0
0.480699	2.06968	0
0.487513	1.6355	0
0.495217	1.8489	0
0.502003	1.62854	0
0.509594	1.82182	0
0.516605	1.68265	0
0.522626	1.44502	0
0.524817	0.526029	0
0.530374	1.33349	0
0.535988	1.34756	0
0.541117	1.23078	0
0.546359	1.25826	0
0.546448	0.0212882	0
0.545838	-0.146499	0
0.546691	0.20486	0
0.546856	0.0396417	0
0.54388	-0.714358	0
0.540182	-0.887437	0
0.535512	-1.12078	0
0.529869	-1.35432	0
0.523216	-1.59673	0
0.51553	-1.84463	0
0.506808	-2.09326	0
0.498117	-2.08588	0
0.489775	-2.00204	0
0.480901	-2.12977	0
0.47194	-2.15071	0
0.463449	-2.03779	0
0.453744	-2.32927	0
0.443835	-2.37807	0
0.434031	-2.35314	0
0.424454	-2.29843	0
0.415262	-2.2061	0
0.40647	-2.1101	0
0.398146	-1.99761	0
0.390341	-1.87333	0
0.383079	-1.7428	0
0.376335	-1.61857	0
0.370114	-1.49309	0
0.364427	-1.36485	0
0.356818	-1.82613	0
0.348977	-1.88197	0
0.341114	-1.88708	0
0.333592	-1.80531	0
0.326876	-1.61174	0
0.320454	-1.54129	0
0.315447	-1.20164	0
0.313362	-0.500457	0
0.310006	-0.805545	0
0.308551	-0.349007	0
0.308595	0.0104446	0
0.310477	0.451718	0
0.311812	0.320493	0
0.311657	-0.0373053	0
0.311607	-0.011933	0
0.312087	0.115138	0
0.313985	0.455467	0
0.316643	0.637936	0
0.322365	1.37325	0
0.329194	1.63894	0
0.338023	2.11915	0
0.346921	2.13539	0
0.353907	1.67667	0
0.360738	1.63943	0
0.36813	1.77407	0
0.376935	2.11314	0
0.385537	2.06463	0
0.394292	2.10118	0
0.402469	1.96234	0
0.410317	1.88362	0
0.418167	1.8841	0
0.426153	1.91658	0
0.434181	1.92675	0
0.443496	2.23562	0
0.451747	1.98023	0
0.459822	1.93796	0
0.467923	1.94422	0
0.476401	2.0346	0
0.484332	1.90362	0
0.492251	1.90043	0
0.500714	2.03103	0
0.508849	1.95245	0
0.515406	1.57378	0
0.521463	1.45365	0
0.526599	1.23273	0
0.532342	1.37817	0
0.537124	1.1477	0
0.541192	0.976299	0
0.545847	1.11724	0
0.550332	1.07642	0
0.552387	0.493155	0
0.553945	0.373959	0
0.554767	0.197309	0
0.557628	0.686688	0
0.55961	0.475577	0
0.559323	-0.0688399	0
0.559586	0.0631152	0
0.55802	-0.37591	0
0.557513	-0.121707	0
0.555731	-0.427635	0
0.552626	-0.745248	0
0.548599	-0.966265	0
0.546316	-0.547976	0
0.542852	-0.831452	0
0.537854	-1.19947	0
0.531985	-1.40856	0
0.526479	-1.3214	0
0.519852	-1.59063	0
0.512437	-1.77941	0
0.506417	-1.44497	0
0.498099	-1.99625	0
0.488859	-2.21747	0
0.481223	-1.83282	0
0.47314	-1.93995	0
0.464212	-2.1426	0
0.454787	-2.26207	0
0.446341	-2.02706	0
0.438201	-1.95353	0
0.432325	-1.41024	0
0.425424	-1.65632	0
0.418263	-1.71855	0
0.411105	-1.71802	0
0.405039	-1.45568	0
0.402989	-0.491968	0
0.401115	-0.449843	0
0.398378	-0.656791	0
0.39433	-0.971714	0
0.391415	-0.699461	0
0.391246	-0.0406237	0
0.389719	-0.366447	0
0.390218	0.119701	0
0.392549	0.55956	0
0.395655	0.74536	0
0.398247	0.622148	0
0.4	0.420655	0
0.405124	1.22979	0
0.411529	1.53721	0
0.418879	1.764	0
0.428	2.18908	0
0.43709	2.18146	0
0.444346	1.74152	0
0.452287	1.90579	0
0.460324	1.929	0
0.466617	1.51024	0
0.474892	1.98593	0
0.484673	2.34749	0
0.496439	2.82384	0
0.504461	1.92525	0
0.511098	1.5928	0
0.519362	1.98337	0
0.524519	1.23777	0
0.532006	1.79679	0
0.53937	1.76735	0
0.544457	1.221	0
0.54815	0.886392	0
0.55205	0.935934	0
0.556281	1.0155	0
0.561041	1.14232	0
0.565073	0.96766	0
0.566947	0.449786	0
0.567249	0.0723629	0
0.569163	0.459588	0
0.575361	1.48731	0
0.576483	0.269482	0
0.576076	-0.0977288	0
0.575516	-0.134529	0
0.568663	-1.64471	0
0.566647	-0.483889	0
0.564869	-0.42662	0
0.556281	-2.06107	0
0.551506	-1.14609	0
0.533801	-4.24914	0
0.524533	-2.2244	0
0.517838	-1.60678	0
0.510504	-1.76013	0
0.502305	-1.96783	0
0.49411	-1.96659	0
0.485092	-2.16447	0
0.480304	-1.14904	0
0.475492	-1.15499	0
0.465594	-2.37556	0
0.459591	-1.44052	0
0.455546	-0.970801	0
0.449688	-1.40605	0
0.458047	2.00628	0
0.454573	-0.833959	0
0.450234	-1.0413	0
0.445601	-1.11197	0
0.436901	-2.08783	0
0.433704	-0.767456	0
0.423044	-2.55824	0
0.420658	-0.572743	0
0.419354	-0.312824	0
0.419342	-0.0028718	0
0.418804	-0.129218	0
0.417616	-0.285016	0
0.420133	0.604078	0
0.423795	0.878876	0
0.427836	0.969654	0
0.432107	1.02517	0
0.436574	1.07195	0
0.448114	2.76966	0
0.454465	1.5243	0
0.468132	3.28002	0
0.475762	1.83114	0
0.483939	1.96266	0
0.49156	1.82905	0
0.502432	2.60923	0
0.512711	2.46699	0
0.523195	2.51614	0
0.533467	2.46523	0
0.545827	2.96646	0
0.550083	1.02134	0
0.548821	-0.3029	0
0.556979	1.9579	0
0.5543	-0.642824	0
0.553026	-0.305844	0
0.555792	0.663933	0
0.563888	1.94295	0
0.556321	-1.81611	0
0.549851	-1.5527	0
0.541676	-1.9621	0
0.53713	-1.09107	0
0.541277	0.995431	0
0.532714	-2.05525	0
0.539397	1.60402	0
0.529243	-2.43696	0
0.518458	-2.58842	0
0.514794	-0.879358	0
0.503797	-2.6394	0
0.504644	0.203423	0
0.49374	-2.61689	0
0.483292	-2.50755	0
0.472546	-2.57917	0
0.473891	0.3229	0
0.459078	-3.55518	0
0.451647	-1.78343	0
0.456612	1.19157	0
0.449186	-1.78226	0
0.440681	-2.04111	0
0.432539	-1.95407	0
0.440695	1.95735	0
0.448195	1.80005	0
0.451747	0.852491	0
0.442439	-2.23399	0
0.433914	-2.0459	0
0.434873	0.230158	0
0.435166	0.0702704	0
0.434679	-0.116809	0
0.434746	0.0159962	0
0.434791	0.0107484	0
0.44599	2.68794	0
0.446023	0.00775949	0
0.449407	0.812205	0
0.453659	1.02061	0
0.454473	0.195214	0
0.455133	0.158443	0
0.456004	0.209023	0
0.457493	0.357302	0
0.47272	3.65466	0
0.475634	0.699299	0
0.478503	0.688505	0
0.48044	0.464965	0
0.476182	-1.02195	0
0.476853	0.161001	0
0.478446	0.382304	0
0.479829	0.33199	0
0.477139	-0.645653	0
0.476729	-0.0983221	0
0.477767	0.249041	0
0.479258	0.357806	0
0.479355	0.0233606	0
0.481494	0.513236	0
0.487573	1.45902	0
0.494276	1.60874	0
0.502873	2.06337	0
0.513366	2.51827	0
0.520758	1.77406	0
0.528354	1.82309	0
0.535991	1.83273	0
0.544149	1.95808	0
0.552064	1.89944	0
0.557344	1.26726	0
0.562335	1.19778	0
0.569589	1.741	0
0.575098	1.32208	0
0.578829	0.895533	0
0.582803	0.953685	0
0.585613	0.674432	0
0.589425	0.91485	0
0.599226	2.35243	0
0.608673	2.26718	0
0.622501	3.31862	0
0.633899	2.73555	0
0.644051	2.43654	0
0.653011	2.1503	0
0.662288	2.22668	0
0.67293	2.5539	0
0.682093	2.19913	0
0.690573	2.03531	0
0.700606	2.408	0
0.709696	2.18158	0
0.719908	2.45068	0
0.728043	1.95243	0
0.736504	2.03074	0
0.744504	1.91987	0
0.752163	1.83819	0
0.7595	1.76097	0
0.768608	2.18592	0
0.776805	1.96719	0
0.784617	1.87503	0
0.791312	1.60664	0
0.796801	1.31733	0
0.801032	1.01553	0
0.803967	0.704317	0
0.805599	0.391883	0
0.805932	0.0798148	0
0.805008	-0.22171	0
0.807203	0.526647	0
0.809199	0.479167	0
0.809948	0.179708	0
0.811626	0.402732	0
0.813781	0.517276	0
0.814483	0.168491	0
0.814213	-0.064966	0
0.813653	-0.134328	0
0.812386	-0.304061	0
0.81016	-0.534164	0
0.806296	-0.927328	0
0.801441	-1.1653	0
0.795978	-1.31124	0
0.784975	-2.6406	0
0.774385	-2.54152	0
0.764238	-2.43541	0
0.75372	-2.52417	0
0.743246	-2.51397	0
0.732103	-2.67418	0
0.743242	2.67322	0
0.751334	1.94228	0
0.758444	1.7064	0
0.764061	1.34804	0
0.769011	1.18797	0
0.773484	1.07347	0
0.77739	0.937547	0
0.7805	0.746234	0
0.782807	0.553677	0
0.784391	0.380332	0
0.785278	0.212781	0
0.785473	0.0467421	0
0.784983	-0.117535	0
0.78381	-0.281455	0
0.781963	-0.443226	0
0.780062	-0.456328	0
0.777431	-0.63153	0
0.77417	-0.782623	0
0.770277	-0.934199	0
0.765748	-1.08691	0
0.760579	-1.24067	0
0.754764	-1.39552	0
0.748362	-1.53645	0
0.741504	-1.64594	0
0.735057	-1.5474	0
0.727844	-1.73116	0
0.719953	-1.89387	0
0.711482	-2.03287	0
0.702487	-2.15879	0
0.692997	-2.2776	0
0.683223	-2.34581	0
0.673047	-2.44219	0
0.662366	-2.56354	0
0.65063	-2.81668	0
0.638584	-2.89088	0
0.626658	-2.86241	0
0.616502	-2.43734	0
0.606537	-2.39173	0
0.594962	-2.77798	0
0.583416	-2.77086	0
0.572601	-2.59578	0
0.56179	-2.59453	0
0.55137	-2.50078	0
0.541161	-2.45029	0
0.530894	-2.4639	0
0.520761	-2.43193	0
0.51073	-2.40758	0
0.50079	-2.38562	0
0.491214	-2.29822	0
0.481222	-2.39811	0
0.471236	-2.39652	0
0.461297	-2.38529	0
0.451735	-2.29498	0
0.442575	-2.19839	0
0.433957	-2.06835	0
0.428689	-1.26422	0
0.428554	-0.0323771	0
0.427861	-0.16631	0
0.42626	-0.384377	0
0.425098	-0.278845	0
0.422168	-0.703131	0
0.419034	-0.752132	0
0.419364	0.0791943	0
0.415847	-0.844074	0
0.413272	-0.618043	0
0.410874	-0.57568	0
0.413656	0.66774	0
0.416239	0.620011	0
0.420236	0.959202	0
0.42305	0.675463	0
0.424249	0.287686	0
0.428388	0.993369	0
0.432214	0.918301	0
0.436523	1.03413	0
0.440221	0.887538	0
0.443864	0.874278	0
0.449332	1.31239	0
0.455804	1.55324	0
0.454678	-0.270343	0
0.452859	-0.436529	0
0.460852	1.91822	0
0.468026	1.72179	0
0.474897	1.6491	0
0.483942	2.17077	0
0.492634	2.08621	0
0.491547	-0.261032	0
0.489972	-0.377846	0
0.496069	1.46322	0
0.517892	5.23744	0
0.529235	2.72232	0
0.543973	3.53707	0
0.554668	2.56688	0
0.559581	1.17913	0
0.564653	1.2173	0
0.570186	1.32798	0
0.573367	0.763292	0
0.574443	0.258268	0
0.576003	0.374504	0
0.570847	-1.23748	0
0.578567	1.85275	0
0.577813	-0.180919	0
0.574881	-0.703746	0
0.570788	-0.98219	0
0.567606	-0.763842	0
0.572611	1.20132	0
0.568467	-0.994704	0
0.563484	-1.1958	0
0.563048	-0.104535	0
0.567557	1.08195	0
0.575316	1.86218	0
0.575578	0.0629454	0
0.575347	-0.055322	0
0.563915	-2.74368	0
0.551178	-3.05706	0
0.556526	1.28372	0
0.569947	3.22088	0
0.577398	1.78832	0
0.571857	-1.32991	0
0.56515	-1.60963	0
0.563469	-0.403398	0
0.555004	-2.03165	0
0.546117	-2.13281	0
0.548234	0.508042	0
0.537777	-2.50961	0
0.529033	-2.09866	0
0.514686	-3.44332	0
0.503236	-2.74783	0
0.491428	-2.83411	0
0.475817	-3.74653	0
0.46226	-3.2537	0
0.449067	-3.16644	0
0.435667	-3.21592	0
0.422791	-3.09025	0
0.410511	-2.94708	0
0.399819	-2.56623	0
0.389383	-2.50449	0
0.37968	-2.32883	0
0.371173	-2.04157	0
0.36317	-1.92088	0
0.355191	-1.91478	0
0.344915	-2.46626	0
0.328143	-4.02542	0
0.318051	-2.42204	0
0.30863	-2.26101	0
0.298907	-2.33359	0
0.289056	-2.3641	0
0.279448	-2.30594	0
0.270623	-2.11808	0
0.265356	-1.264	0
0.259926	-1.30319	0
0.254198	-1.37482	0
0.250536	-0.87887	0
0.246911	-0.869974	0
0.240615	-1.51102	0
0.236333	-1.02762	0
0.233416	-0.700194	0
0.231277	-0.513333	0
0.230972	-0.0731867	0
0.231941	0.232498	0
0.233802	0.44668	0
0.237115	0.795198	0
0.241649	1.08817	0
0.247033	1.29216	0
0.253807	1.62567	0
0.261769	1.91093	0
0.27044	2.08099	0
0.280431	2.39791	0
0.290666	2.45639	0
0.300405	2.3372	0
0.310535	2.43118	0
0.320697	2.43905	0
0.330271	2.29776	0
0.340173	2.37641	0
0.350121	2.38747	0
0.359534	2.25917	0
0.369063	2.28691	0
0.378766	2.32878	0
0.388018	2.22041	0
0.397343	2.23798	0
0.406214	2.12924	0
0.415524	2.23438	0
0.424201	2.08249	0
0.433278	2.17831	0
0.441899	2.06918	0
0.450857	2.14988	0
0.459442	2.06026	0
0.468279	2.12102	0
0.47683	2.0521	0
0.485142	1.99502	0
0.49302	1.89072	0
0.500327	1.75367	0
0.506946	1.58859	0
0.512774	1.39862	0
0.517718	1.18667	0
0.521701	0.955762	0
0.52468	0.714967	0
0.526619	0.465478	0
0.527515	0.215061	0
0.527373	-0.0341764	0
0.526198	-0.281829	0
0.524192	-0.48159	0
0.521358	-0.680079	0
0.5177	-0.878055	0
0.513225	-1.07387	0
0.507963	-1.263	0
0.501962	-1.44023	0
0.50357	0.386042	0
0.504906	0.320668	0
0.50622	0.315226	0
0.509017	0.671435	0
0.51242	0.816719	0
0.512566	0.0348916	0
0.517184	1.10831	0
0.517615	0.10357	0
0.511354	-1.50278	0
0.505299	-1.4531	0
0.497576	-1.8535	0
0.488545	-2.16751	0
0.479116	-2.26297	0
0.469343	-2.34538	0
0.459884	-2.27027	0
0.449939	-2.3867	0
0.440593	-2.24306	0
0.431259	-2.24013	0
0.422511	-2.0995	0
0.414164	-2.0035	0
0.40784	-1.51754	0
0.402128	-1.37094	0
0.396699	-1.30291	0
0.393837	-0.686998	0
0.391614	-0.533488	0
0.387277	-1.0409	0
0.385324	-0.468605	0
0.384289	-0.248583	0
0.384458	0.0406551	0
0.384409	-0.0118297	0
0.383921	-0.117147	0
0.384587	0.159963	0
0.385594	0.241708	0
0.387335	0.417861	0
0.38944	0.505133	0
0.393076	0.872553	0
0.396975	0.935846	0
0.402545	1.33677	0
0.407966	1.30094	0
0.416464	2.03951	0
0.42446	1.91904	0
0.432932	2.0335	0
0.44137	2.02506	0
0.449773	2.01666	0
0.458141	2.00829	0
0.467636	2.27887	0
0.47593	1.9905	0
0.482026	1.46316	0
0.489295	1.74445	0
0.497751	2.02945	0
0.50638	2.07087	0
0.514012	1.83178	0
0.521819	1.87359	0
0.530103	1.98828	0
0.537473	1.76878	0
0.541563	0.981494	0
0.544711	0.755682	0
0.546927	0.531869	0
0.548221	0.310388	0
0.545248	-0.713561	0
0.537696	-1.81248	0
0.528388	-2.23385	0
0.518397	-2.39783	0
0.508359	-2.40906	0
0.49828	-2.41903	0
0.488159	-2.42902	0
0.479196	-2.15113	0
0.470399	-2.11117	0
0.460914	-2.27649	0
0.451455	-2.2702	0
0.442207	-2.21948	0
0.433299	-2.13783	0
0.427165	-1.47234	0
0.422734	-1.06346	0
0.415995	-1.61732	0
0.410172	-1.39742	0
0.404726	-1.30709	0
0.399837	-1.17342	0
0.394367	-1.31281	0
0.391249	-0.748214	0
0.388612	-0.632847	0
0.386258	-0.564935	0
0.38703	0.185336	0
0.387794	0.183135	0
0.3877	-0.0225033	0
0.387945	0.0589668	0
0.388737	0.189975	0
0.38938	0.154251	0
0.391586	0.529469	0
0.39488	0.790474	0
0.40048	1.34402	0
0.404713	1.01608	0
0.410684	1.43292	0
0.416599	1.41972	0
0.423162	1.57508	0
0.431119	1.90963	0
0.438991	1.88918	0
0.448155	2.19951	0
0.455026	1.64897	0
0.462759	1.85605	0
0.470342	1.81982	0
0.480364	2.40529	0
0.491761	2.73523	0
0.500875	2.18735	0
0.507378	1.56088	0
0.514338	1.67025	0
0.521359	1.6852	0
0.525964	1.10503	0
0.531934	1.43278	0
0.537848	1.41955	0
0.543444	1.34283	0
0.548646	1.24846	0
0.551255	0.626331	0
0.554992	0.896703	0
0.55858	0.861219	0
0.561866	0.788653	0
0.563609	0.418305	0
0.564235	0.15029	0
0.564848	0.147006	0
0.565509	0.158605	0
0.565805	0.0712065	0
0.563589	-0.531867	0
0.563	-0.141321	0
0.561609	-0.333864	0
0.557969	-0.873677	0
0.555483	-0.596563	0
0.550504	-1.19511	0
0.546706	-0.911326	0
0.542755	-0.948432	0
0.538432	-1.03748	0
0.533685	-1.13932	0
0.528496	-1.24517	0
0.522856	-1.35359	0
0.516529	-1.51854	0
0.509094	-1.78454	0
0.500619	-2.03393	0
0.491547	-2.17735	0
0.482119	-2.26266	0
0.472506	-2.30704	0
0.462856	-2.316	0
0.453306	-2.29197	0
0.443989	-2.23622	0
0.435028	-2.15062	0
0.426538	-2.03759	0
0.418604	-1.9042	0
0.411261	-1.76227	0
0.404548	-1.61115	0
0.398502	-1.45107	0
0.393137	-1.28762	0
0.388454	-1.1237	0
0.384463	-0.958006	0
0.381166	-0.791177	0
0.378568	-0.623591	0
0.37667	-0.455461	0
0.375475	-0.286941	0
0.374982	-0.11816	0
0.375194	0.0508769	0
0.376111	0.22001	0
0.377732	0.389067	0
0.380057	0.557915	0
0.383083	0.726433	0
0.389331	1.49933	0
0.39394	1.10613	0
0.398011	0.977223	0
0.402749	1.13711	0
0.411645	2.13503	0
0.423239	2.78244	0
0.433209	2.39289	0
0.441993	2.10807	0
0.451653	2.31851	0
0.458344	1.60587	0
0.464697	1.52471	0
0.473105	2.01784	0
0.481417	1.99503	0
0.489755	2.00108	0
0.499786	2.4073	0
0.509127	2.24181	0
0.518847	2.333	0
0.527631	2.10809	0
0.5383	2.56043	0
0.544777	1.55463	0
0.56021	3.70385	0
0.566284	1.45768	0
0.574732	2.0277	0
0.579824	1.22189	0
0.591769	2.86695	0
0.596929	1.23845	0
0.600387	0.829788	0
0.605602	1.25161	0
0.60981	1.01001	0
0.613597	0.908726	0
0.614557	0.230439	0
0.615468	0.218749	0
0.618381	0.698995	0
0.614835	-0.851016	0
0.613502	-0.319874	0
0.601031	-2.99316	0
0.596035	-1.19884	0
0.592244	-0.910034	0
0.58849	-0.900847	0
0.583363	-1.23038	0
0.578536	-1.15863	0
0.57205	-1.55655	0
0.561726	-2.47782	0
0.552565	-2.19857	0
0.543324	-2.21793	0
0.532709	-2.54768	0
0.521593	-2.66778	0
0.509133	-2.9904	0
0.495415	-3.29226	0
0.481933	-3.23571	0
0.467506	-3.46242	0
0.454582	-3.10173	0
0.442394	-2.9252	0
0.429992	-2.9764	0
0.418515	-2.75447	0
0.40776	-2.58119	0
0.397908	-2.36458	0
0.38907	-2.12104	0
0.381045	-1.92602	0
0.373708	-1.761	0
0.36678	-1.66256	0
0.359515	-1.74357	0
0.343319	-3.88725	0
0.338624	-1.1266	0
0.334445	-1.00298	0
0.330796	-0.875762	0
0.330597	-0.0478706	0
0.329203	-0.334619	0
0.33884	2.31297	0
0.338481	-0.0862006	0
0.341683	0.768614	0
0.352302	2.54852	0
0.353646	0.322558	0
0.355473	0.438476	0
0.357685	0.530795	0
0.359922	0.537017	0
0.362525	0.624585	0
0.364664	0.51337	0
0.372217	1.81285	0
0.3821	2.37174	0
0.392087	2.39704	0
0.401897	2.35439	0
0.411716	2.35651	0
0.421347	2.3113	0
0.431166	2.35672	0
0.439697	2.04741	0
0.447129	1.78376	0
0.456035	2.13735	0
0.463646	1.8266	0
0.473085	2.26532	0
0.479696	1.58673	0
0.489195	2.27987	0
0.498741	2.29088	0
0.507477	2.09671	0
0.516414	2.14492	0
0.524328	1.89939	0
0.533553	2.2138	0
0.539341	1.38926	0
0.548423	2.17953	0
0.55471	1.50891	0
0.557995	0.78841	0
0.5627	1.12934	0
0.567126	1.06209	0
0.570753	0.870617	0
0.573477	0.65377	0
0.57531	0.439852	0
0.571783	-0.846366	0
0.56996	-0.437681	0
0.568212	-0.419467	0
0.565772	-0.585646	0
0.562518	-0.780958	0
0.558465	-0.972637	0
0.553036	-1.30295	0
0.546993	-1.45047	0
0.540711	-1.50748	0
0.533483	-1.73481	0
0.525851	-1.83156	0
0.51706	-2.11002	0
0.507858	-2.20851	0
0.498598	-2.2223	0
0.489017	-2.29946	0
0.478761	-2.4614	0
0.468633	-2.43064	0
0.460364	-1.98463	0
0.45313	-1.7361	0
0.443958	-2.2014	0
0.435104	-2.12492	0
0.428625	-1.55495	0
0.421957	-1.60027	0
0.416041	-1.4199	0
0.411507	-1.08806	0
0.40579	-1.3721	0
0.403009	-0.667412	0
0.399349	-0.878596	0
0.398652	-0.167274	0
0.397702	-0.227955	0
0.395548	-0.516949	0
0.394743	-0.193117	0
0.396027	0.308195	0
0.396225	0.0473256	0
0.396927	0.168643	0
0.403022	1.46271	0
0.405474	0.588518	0
0.408013	0.609279	0
0.41218	1.00009	0
0.417709	1.3271	0
0.42367	1.43045	0
0.430422	1.62062	0
0.437553	1.7115	0
0.445338	1.86829	0
0.453483	1.95481	0
0.461768	1.98848	0
0.469717	1.90766	0
0.4765	1.62787	0
0.48315	1.59598	0
0.489408	1.5021	0
0.495465	1.45347	0
0.501272	1.3938	0
0.50752	1.49951	0
0.513208	1.36514	0
0.518408	1.24807	0
0.522957	1.09157	0
0.526368	0.818847	0
0.52887	0.600429	0
0.530742	0.449179	0
0.532012	0.304804	0
0.532681	0.160591	0
0.533716	0.248369	0
0.53401	0.0706758	0
0.534521	0.122503	0
0.533229	-0.310108	0
0.534013	0.188313	0
0.532665	-0.323688	0
0.530308	-0.565557	0
0.528747	-0.374601	0
0.526212	-0.608525	0
0.52287	-0.801937	0
0.518923	-0.947265	0
0.514404	-1.08452	0
0.512325	-0.498976	0
0.510522	-0.432834	0
0.505356	-1.23993	0
0.499677	-1.36296	0
0.49332	-1.5255	0
0.489102	-1.01249	0
0.482816	-1.50857	0
0.476195	-1.58911	0
0.470986	-1.25015	0
0.464051	-1.66439	0
0.457021	-1.68708	0
0.451336	-1.36438	0
0.444684	-1.59659	0
0.438469	-1.49157	0
0.432117	-1.52451	0
0.425603	-1.56343	0
0.419143	-1.55037	0
0.413192	-1.42816	0
0.407967	-1.25404	0
0.403506	-1.07071	0
0.399773	-0.895696	0
0.396742	-0.727485	0
0.394399	-0.562296	0
0.392739	-0.398443	0
0.391759	-0.235187	0
0.391458	-0.0722194	0
0.391836	0.0905746	0
0.392891	0.253218	0
0.394623	0.41569	0
0.397029	0.577528	0
0.400104	0.737973	0
0.403847	0.898258	0
0.408256	1.05817	0
0.413331	1.218	0
0.41909	1.38219	0
0.425477	1.53277	0
0.432486	1.68232	0
0.44005	1.8153	0
0.448002	1.90839	0
0.456033	1.92745	0
0.464047	1.9235	0
0.472006	1.91023	0
0.482113	2.42558	0
0.492725	2.5469	0
0.499449	1.61361	0
0.509661	2.45111	0
0.518341	2.08316	0
0.527684	2.24227	0
0.536797	2.18714	0
0.54433	1.80781	0
0.551265	1.66459	0
0.561678	2.49897	0
0.568137	1.55023	0
0.577825	2.32504	0
0.58479	1.6717	0
0.591689	1.65566	0
0.596889	1.24813	0
0.602134	1.25862	0
0.605235	0.744376	0
0.616807	2.77713	0
0.62791	2.6648	0
0.629798	0.45316	0
0.637715	1.90005	0
0.638607	0.214201	0
0.637676	-0.223598	0
0.636087	-0.381248	0
0.641181	1.22261	0
0.650491	2.23427	0
0.647613	-0.69081	0
0.643869	-0.898436	0
0.642632	-0.296861	0
0.645514	0.691678	0
0.641677	-0.921019	0
0.642599	0.221475	0
0.646633	0.967978	0
0.652461	1.3987	0
0.66019	1.85498	0
0.651753	-2.02489	0
0.640799	-2.62895	0
0.631168	-2.31125	0
0.614295	-4.04959	0
0.595566	-4.49492	0
0.583006	-3.0144	0
0.571557	-2.74774	0
0.558065	-3.23813	0
0.542562	-3.72087	0
0.527037	-3.72592	0
0.50483	-5.32966	0
0.489841	-3.59728	0
0.489762	-0.0189893	0
0.487934	-0.438698	0
0.488183	0.059744	0
0.493385	1.2485	0
0.496681	0.791006	0
0.497194	0.123154	0
0.500133	0.705236	0
0.503274	0.753992	0
0.507141	0.928067	0
0.510844	0.888631	0
0.514497	0.87674	0
0.518016	0.844563	0
0.520928	0.69891	0
0.523279	0.564138	0
0.525031	0.420471	0
0.52394	-0.261898	0
0.524117	0.0426803	0
0.523607	-0.122574	0
0.520269	-0.801088	0
0.516209	-0.974284	0
0.511142	-1.21608	0
0.505286	-1.40563	0
0.498512	-1.62558	0
0.491088	-1.78187	0
0.482924	-1.95936	0
0.474282	-2.07409	0
0.46466	-2.30913	0
0.458688	-1.43335	0
0.454646	-0.970042	0
0.451811	-0.680584	0
0.451407	-0.0968539	0
0.45184	0.104002	0
0.451785	-0.0132646	0
0.452404	0.148512	0
0.453556	0.276462	0
0.454384	0.198835	0
0.455364	0.235252	0
0.456451	0.260791	0
0.457693	0.298172	0
0.459069	0.330111	0
0.460648	0.378859	0
0.46244	0.430277	0
0.464439	0.479782	0
0.466624	0.524367	0
0.468965	0.561731	0
0.471418	0.588676	0
0.473935	0.604134	0
0.476467	0.607654	0
0.474593	-0.449771	0
0.469709	-1.17218	0
0.465453	-1.02132	0
0.458482	-1.67299	0
0.455787	-0.646828	0
0.455675	-0.0269521	0
0.45991	1.01649	0
0.464534	1.1096	0
0.46945	1.17993	0
0.474557	1.22576	0
0.478926	1.04859	0
0.483586	1.11841	0
0.490592	1.68132	0
0.499974	2.25157	0
0.50596	1.4367	0
0.512149	1.4855	0
0.5176	1.30815	0
0.522173	1.09746	0
0.525799	0.870264	0
0.528435	0.63272	0
0.529484	0.251804	0
0.521857	-1.83051	0
0.511382	-2.51409	0
0.50156	-2.35723	0
0.491498	-2.41479	0
0.481405	-2.42234	0
0.471302	-2.42481	0
0.461166	-2.43273	0
0.451347	-2.35653	0
0.442292	-2.17302	0
0.433841	-2.02835	0
0.424517	-2.23782	0
0.419686	-1.15926	0
0.415593	-0.98252	0
0.414156	-0.344745	0
0.412947	-0.290195	0
0.410869	-0.498734	0
0.407197	-0.881348	0
0.405816	-0.331462	0
0.403121	-0.646595	0
0.401947	-0.281828	0
0.402923	0.234195	0
0.404107	0.284178	0
0.403676	-0.103383	0
0.40514	0.351377	0
0.408126	0.716466	0
0.411533	0.817879	0
0.414135	0.624368	0
0.417602	0.832012	0
0.421418	0.915801	0
0.425787	1.04862	0
0.433455	1.84032	0
0.438832	1.29052	0
0.446151	1.75654	0
0.453023	1.6494	0
0.459876	1.64456	0
0.466174	1.51155	0
0.472116	1.42603	0
0.481012	2.13521	0
0.490976	2.39131	0
0.499839	2.12712	0
0.50723	1.77387	0
0.513638	1.5378	0
0.519229	1.342	0
0.526779	1.81188	0
0.542452	3.76153	0
0.548594	1.47417	0
0.554317	1.37336	0
0.566983	3.03998	0
0.574455	1.79314	0
0.579938	1.3161	0
0.585203	1.26352	0
0.589682	1.07483	0
0.58901	-0.161287	0
0.582965	-1.45067	0
0.579138	-0.918431	0
0.573856	-1.26785	0
0.568024	-1.39954	0
0.559286	-2.09716	0
0.547721	-2.77565	0
0.53243	-3.6698	0
0.512177	-4.86082	0
0.487262	-5.97956	0
0.462859	-5.85669	0
0.452368	-2.51786	0
0.44292	-2.26741	0
0.423548	-4.64939	0
0.406091	-4.18972	0
0.397459	-2.07159	0
0.393833	-0.870239	0
0.391857	-0.474257	0
0.390008	-0.443668	0
0.391983	0.473897	0
0.389957	-0.486251	0
0.390264	0.0736109	0
0.391651	0.333009	0
0.39383	0.52286	0
0.396671	0.682008	0
0.400047	0.810266	0
0.407698	1.83605	0
0.412881	1.24403	0
0.417834	1.18857	0
0.417579	-0.0610476	0
0.423985	1.5373	0
0.431557	1.81743	0
0.439212	1.83717	0
0.439893	0.163304	0
0.445653	1.38256	0
0.444505	-0.275555	0
0.445319	0.195389	0
0.445355	0.00863751	0
0.4438	-0.37329	0
0.442421	-0.33081	0
0.439739	-0.643682	0
0.444102	1.04696	0
0.442642	-0.350257	0
0.440931	-0.410663	0
0.43798	-0.708309	0
0.436086	-0.454497	0
0.43373	-0.565544	0
0.432113	-0.387958	0
0.430669	-0.34667	0
0.429704	-0.231614	0
0.429368	-0.0804564	0
0.428608	-0.182634	0
0.428915	0.0738421	0
0.429233	0.0762598	0
0.432379	0.755068	0
0.43627	0.933842	0
0.438905	0.632276	0
0.438395	-0.122334	0
0.437001	-0.33455	0
0.444886	1.8924	0
0.446113	0.294487	0
0.456948	2.60047	0
0.465118	1.96076	0
0.476383	2.70365	0
0.49043	3.37119	0
0.506099	3.76071	0
0.51639	2.46963	0
0.518986	0.623202	0
0.51858	-0.0974772	0
0.522592	0.962786	0
0.524163	0.377174	0
0.525777	0.387359	0
0.524503	-0.305744	0
0.525124	0.14896	0
0.526198	0.257801	0
0.527586	0.333149	0
0.527405	-0.0435778	0
0.527893	0.117137	0
0.528845	0.228429	0
0.52999	0.274838	0
0.542672	3.04374	0
0.550291	1.82865	0
0.562249	2.86988	0
0.575807	3.25383	0
0.587949	2.91413	0
0.593827	1.41062	0
0.605079	2.7006	0
0.604851	-0.0548432	0
0.604082	-0.1845	0
0.602923	-0.278117	0
0.601295	-0.390687	0
0.593306	-1.91752	0
0.588657	-1.1156	0
0.593772	1.22748	0
0.599077	1.27332	0
0.608269	2.20607	0
0.618638	2.4884	0
0.628638	2.40004	0
0.631603	0.711761	0
0.636993	1.29362	0
0.637459	0.111781	0
0.635845	-0.387389	0
0.626175	-2.32086	0
0.614569	-2.78534	0
0.614865	0.0709215	0
0.605569	-2.23092	0
0.596231	-2.24123	0
0.596524	0.0704221	0
0.588124	-2.01595	0
0.591763	0.873188	0
0.592275	0.123031	0
0.590726	-0.371878	0
0.58905	-0.402279	0
0.587413	-0.392783	0
0.585707	-0.409407	0
0.580613	-1.22255	0
0.575385	-1.25476	0
0.570052	-1.27992	0
0.564132	-1.42072	0
0.56369	-0.106205	0
0.564071	0.0913747	0
0.561839	-0.535646	0
0.558685	-0.757019	0
0.555026	-0.878118	0
0.552811	-0.531595	0
0.548332	-1.07482	0
0.544832	-0.839966	0
0.536938	-1.8946	0
0.542823	1.41237	0
0.556831	3.3618	0
0.566988	2.43783	0
0.571069	0.979276	0
0.571312	0.0583742	0
0.572614	0.312412	0
0.573769	0.2772	0
0.573167	-0.144355	0
0.57659	0.821439	0
0.583167	1.57841	0
0.590822	1.83741	0
0.598215	1.77424	0
0.607796	2.29933	0
0.618282	2.51686	0
0.625632	1.76386	0
0.632267	1.59248	0
0.638305	1.44911	0
0.643935	1.35106	0
0.649234	1.27194	0
0.654523	1.26927	0
0.660881	1.52584	0
0.670575	2.32673	0
0.681066	2.51784	0
0.690622	2.2933	0
0.701036	2.49931	0
0.709838	2.11267	0
0.720058	2.45262	0
0.731194	2.6727	0
0.740307	2.18714	0
0.750585	2.46684	0
0.761401	2.59573	0
0.770437	2.16855	0
0.779578	2.19396	0
0.790411	2.59995	0
0.799295	2.13212	0
0.807254	1.91011	0
0.816624	2.24882	0
0.823895	1.74498	0
0.83097	1.69814	0
0.838719	1.85964	0
0.845994	1.74604	0
0.852968	1.67375	0
0.863707	2.57735	0
0.872307	2.06415	0
0.879311	1.68092	0
0.888159	2.12335	0
0.895208	1.69181	0
0.906497	2.7095	0
0.911957	1.3102	0
0.919554	1.82342	0
0.927691	1.95273	0
0.934843	1.71658	0
0.94003	1.24479	0
0.948417	2.01292	0
0.952303	0.932762	0
0.955388	0.740247	0
0.958392	0.721134	0
0.961221	0.678778	0
0.966172	1.18828	0
0.972599	1.54261	0
0.979924	1.75801	0
0.983505	0.859268	0
0.986947	0.82617	0
0.990224	0.786546	0
0.993419	0.766734	0
0.996595	0.762174	0
0.999773	0.76276	0
1.00299	0.772915	0
1.00626	0.78402	0
1.00957	0.794093	0
1.01311	0.849141	0
1.01564	0.608396	0
1.01713	0.357887	0
1.01757	0.104472	0
1.01695	-0.14846	0
1.02391	1.6705	0
1.03172	1.87336	0
1.04139	2.32283	0
1.05033	2.14573	0
1.05885	2.04383	0
1.06738	2.04693	0
1.07585	2.03395	0
1.08424	2.01342	0
1.09255	1.99362	0
1.09947	1.66113	0
1.10514	1.36129	0
1.11105	1.41823	0
1.11767	1.58777	0
1.12402	1.52426	0
1.12992	1.41652	0
1.13547	1.33151	0
1.14248	1.68297	0
1.14876	1.50724	0
1.15576	1.68033	0
1.16055	1.14977	0
1.16918	2.06989	0
1.17346	1.02794	0
1.17655	0.741356	0
1.18048	0.943357	0
1.1839	0.82006	0
1.18698	0.73941	0
1.19099	0.963274	0
1.194	0.721763	0
1.19722	0.771621	0
1.19954	0.557501	0
1.20095	0.33942	0
1.20146	0.121132	0
1.20106	-0.0948651	0
1.19978	-0.30761	0
1.19763	-0.516901	0
1.19076	-1.64799	0
1.18302	-1.85692	0
1.17421	-2.11589	0
1.16451	-2.3264	0
1.15398	-2.5289	0
1.14259	-2.73219	0
1.13026	-2.95946	0
1.11745	-3.07357	0
1.1047	-3.06109	0
1.09201	-3.04506	0
1.0794	-3.02678	0
1.06687	-3.00722	0
1.05462	-2.94025	0
1.04239	-2.93426	0
1.03021	-2.92333	0
1.01786	-2.96501	0
1.00573	-2.91159	0
0.994077	-2.79602	0
0.982107	-2.87277	0
0.97021	-2.85539	0
0.958297	-2.85916	0
0.946501	-2.8311	0
0.934681	-2.83659	0
0.922974	-2.80988	0
0.911223	-2.82018	0
0.899521	-2.80836	0
0.887926	-2.78298	0
0.876286	-2.79354	0
0.864732	-2.77286	0
0.853207	-2.76619	0
0.841767	-2.7456	0
0.830392	-2.72982	0
0.819071	-2.71702	0
0.807813	-2.70208	0
0.796614	-2.68763	0
0.785496	-2.66835	0
0.774417	-2.65895	0
0.763399	-2.64437	0
0.752472	-2.62259	0
0.741563	-2.61795	0
0.730743	-2.59689	0
0.719981	-2.58284	0
0.709306	-2.56199	0
0.698668	-2.55328	0
0.688122	-2.53083	0
0.677461	-2.55865	0
0.666882	-2.53898	0
0.656259	-2.54958	0
0.64589	-2.48855	0
0.634941	-2.62773	0
0.622889	-2.89249	0
0.611474	-2.73974	0
0.600054	-2.74068	0
0.588678	-2.73019	0
0.577351	-2.71851	0
0.566072	-2.70703	0
0.55484	-2.69564	0
0.543656	-2.68427	0
0.532518	-2.67292	0
0.521428	-2.66177	0
0.510382	-2.65088	0
0.499383	-2.63995	0
0.491386	-1.91921	0
0.48154	-2.36296	0
0.472901	-2.07339	0
0.462821	-2.41928	0
0.453532	-2.22921	0
0.44669	-1.64214	0
0.4368	-2.37369	0
0.429462	-1.76115	0
0.422272	-1.72555	0
0.415335	-1.66484	0
0.408815	-1.56483	0
0.402895	-1.42078	0
0.397371	-1.32565	0
0.392839	-1.08768	0
0.392976	0.0328348	0
0.39322	0.0585499	0
0.392655	-0.135681	0
0.393832	0.282517	0
0.394671	0.201384	0
0.396127	0.349331	0
0.396185	0.0139915	0
0.399319	0.752229	0
0.402744	0.822036	0
0.407273	1.08693	0
0.413489	1.49182	0
0.41677	0.787428	0
0.42138	1.1063	0
0.429624	1.97857	0
0.434808	1.24418	0
0.443931	2.18964	0
0.44869	1.14202	0
0.457893	2.2088	0
0.466163	1.98477	0
0.472601	1.54522	0
0.479759	1.71785	0
0.48681	1.69218	0
0.493933	1.70952	0
0.504387	2.50903	0
0.513757	2.24869	0
0.522651	2.13462	0
0.537695	3.61053	0
0.546335	2.07354	0
0.552183	1.40363	0
0.559915	1.85574	0
0.566122	1.48965	0
0.571883	1.38271	0
0.574966	0.73979	0
0.587191	2.93399	0
0.599059	2.84833	0
0.601249	0.525624	0
0.602994	0.418806	0
0.605061	0.495994	0
0.607034	0.473529	0
0.607096	0.0149294	0
0.602597	-1.07969	0
0.596546	-1.45231	0
0.591958	-1.10113	0
0.589969	-0.477374	0
0.588973	-0.239055	0
0.584113	-1.16636	0
0.581765	-0.563455	0
0.575097	-1.60037	0
0.57246	-0.632846	0
0.572117	-0.0822651	0
0.570417	-0.407977	0
0.573229	0.674772	0
0.565301	-1.90276	0
0.549691	-3.7464	0
0.54254	-1.71627	0
0.536468	-1.4572	0
0.533336	-0.751701	0
0.525028	-1.99377	0
0.523902	-0.270412	0
0.513962	-2.3855	0
0.508968	-1.19868	0
0.507502	-0.351786	0
0.505705	-0.431249	0
0.511442	1.37693	0
0.504835	-1.5858	0
0.497637	-1.72745	0
0.496103	-0.368288	0
0.504241	1.9532	0
0.499376	-1.16757	0
0.494178	-1.24761	0
0.49047	-0.889941	0
0.488551	-0.460415	0
